station_name,station_id,wrcc_id,latitude,longitude,elevation,summary_date,observation_type,temperature_min,temperature_max,relative_humidity_min,relative_humidity_max,wind_speed_min,wind_speed_max,peak_gust_speed_min,peak_gust_speed_max,daily_precipitation_total
10K,55522198,X10K,35.2085,-106.43586,10065,2026-08-23,F,54,76,25,57,3,11,5,16,0.0
AHAKHAV PRESERVE,21503,AAHA,34.13222,-114.32917,363,2026-08-23,F,87,111,17,37,1,11,5,22,0.0
ALBINO CANYON,290102,XALB,36.97661,-107.62892,7173,2026-08-23,F,61,91,18,65,3,15,5,21,0.0
ALPINE,20401,AALP,33.84272,-109.11161,8207,2026-08-23,F,56,79,27,62,2,6,3,9,0.03
BAKERS TANK,55522210,AHBB,32.61528,-114.00836,563,2026-08-23,F,88,108,23,42,3,9,6,18,0.0
BARTLEY,291002,XBAR,35.90875,-105.38769,9192,2026-08-23,F,57,79,25,56,3,13,5,17,0.0
BATDRAW,293101,XBAD,32.17861,-104.44056,4425,2026-08-23,F,74,98,15,40,3,14,7,25,0.0
BEAVERHEAD,292001,XBEA,33.42353,-108.11019,6750,2026-08-23,F,54,89,19,74,2,7,3,9,0.0
BELMONT,21504,ABEL,33.67411,-112.92281,1813,2026-08-23,F,86,106,17,32,3,7,8,17,0.0
BLACK HILLS,21008,ABLA,33.08203,-109.95119,3262,2026-08-23,F,80,104,13,36,3,7,7,17,0.0
BLACK MESA,290305,XBLM,36.03708,-106.04964,5762,2026-08-23,F,60,94,19,62,3,10,5,15,0.03
BLACK ROCK,20114,ABRK,36.79436,-113.75056,7224,2026-08-23,F,68,84,21,34,3,6,11,19,0.0
BLUEWATER RIDGE,293303,XBLR,35.19411,-108.16336,8274,2026-08-23,F,58,82,25,57,2,8,3,11,0.05
BOSQUE,292103,XBOS,33.82064,-106.88169,4523,2026-08-23,F,65,99,14,57,2,9,3,13,0.0
BRIGHT ANGEL,20211,ACAN,36.20472,-112.06222,8134,2026-08-23,F,52,82,23,62,2,13,5,19,0.0
BRUSHY MOUNTAIN,291301,XBRU,34.72,-107.8484,8789,2026-08-23,F,58,83,23,58,3,8,5,11,0.0
BUCKSKIN MTN,20224,ABUC,36.91808,-112.19981,6334,2026-08-23,F,62,88,20,50,2,10,5,19,0.0
BURRO MOUNTAIN,292504,XBUR,32.67203,-108.53969,6995,2026-08-23,F,67,92,18,41,6,15,13,22,0.0
CANELO,21303,ACNL,31.54972,-110.51917,4629,2026-08-23,F,68,93,23,61,3,8,7,17,0.0
CAPROCK,293104,XCAP,32.92728,-103.85689,4167,2026-08-23,F,71,98,15,48,8,15,11,23,0.0
CARR,21411,ACAA,31.44111,-110.28611,5400,2026-08-23,F,70,95,24,53,2,7,7,15,0.0
CASA GRANDE,20906,ACSG,32.99177,-111.53264,1412,2026-08-23,F,84,107,17,38,3,9,6,16,0.0
CAVE CREEK,55522232,ACAV,34.0899,-111.8465,3477,2026-08-23,F,77,102,16,39,2,6,7,11,0.02
CEDAR RIDGE,55523718,ACED,32.59872,-110.76231,4735,2026-08-23,F,76,98,17,38,5,9,9,16,0.04
CHERRY,20511,ACHE,34.59661,-112.04761,5147,2026-08-23,F,70,92,23,48,2,6,3,9,0.0
CHUPADERA,292102,XCHU,33.77294,-106.0985,5580,2026-08-23,F,67,95,16,48,3,11,5,16,0.0
CIBOLA,20121,ACBL,33.28,-114.68489,252,2026-08-23,F,88,113,17,37,3,13,7,22,0.0
CIMARRON,290401,XCIM,36.60611,-105.12028,8806,2026-08-23,F,51,81,24,77,3,11,5,16,0.0
CIPRIANO,55522238,ARIP,32.4235,-114.16211,1042,2026-08-23,F,88,107,25,48,3,13,7,19,0.0
COLUMBINE,21005,ACOL,32.70389,-109.91389,9521,2026-08-23,F,55,75,28,60,1,5,6,13,0.0
COSMIC,293004,XCOS,32.77925,-105.81989,9172,2026-08-23,F,57,78,27,51,2,8,7,18,0.0
COYOTE,290202,XCOY,36.07333,-106.65739,8704,2026-08-23,F,54,83,22,64,6,13,8,17,0.02
CROWN KING,20502,ACRO,34.20336,-112.34561,6173,2026-08-23,F,70,89,23,42,3,8,5,13,0.02
CUBA,290705,XCUB,35.942,-107.07739,6890,2026-08-23,F,59,90,16,55,2,13,3,17,0.0
DATIL,292012,XDAT,34.29256,-107.768,8431,2026-08-23,F,57,81,23,58,3,8,5,11,0.0
DEADMAN PEAK,290203,XDEA,36.4229,-106.772,8389,2026-08-23,F,59,85,16,53,3,16,5,23,0.0
DEVILS HILLS,55522251,ADVH,32.42483,-113.79011,836,2026-08-23,F,88,107,22,42,5,9,8,16,0.0
DRIPPING SPRINGS,292903,XDRI,32.32225,-106.58661,5814,2026-08-23,F,74,93,17,32,2,8,9,19,0.0
DRY LAKE,21009,ADRL,33.35982,-109.83306,7405,2026-08-23,F,65,90,18,49,5,7,11,15,0.0
DRY PARK,20212,ADRY,36.45308,-112.23819,8700,2026-08-23,F,51,78,27,64,3,10,5,17,0.0
DULCE #2,290205,XDUL,36.93519,-107.00011,6805,2026-08-23,F,52,91,19,86,2,16,3,23,0.0
DUNKEN,292302,XDUN,32.82467,-105.18261,5431,2026-08-23,F,66,95,15,44,5,13,7,17,0.0
DUTCH KID,55522257,ADUT,35.12931,-112.28219,6505,2026-08-23,F,61,86,24,57,3,8,5,13,0.0
EIGHT MILE DRAW,292301,XEIG,33.65064,-104.32139,3626,2026-08-23,F,71,103,13,50,5,15,7,21,0.0
EMPIRE,21205,AEMP,31.78347,-110.64325,4650,2026-08-23,F,69,95,21,57,2,6,6,16,0.0
FLAGSTAFF,20209,AFLG,35.14111,-111.6725,6903,2026-08-23,F,54,83,24,67,0,8,1,13,0.02
FORT YUMA,20102,AFYM,32.65222,-114.63417,185,2026-08-23,F,88,110,22,52,3,11,6,19,0.0
FOUR SPRINGS,20227,AFOU,36.79367,-112.04239,6560,2026-08-23,F,62,85,21,48,3,9,5,16,0.0
FRAZIER WELLS,20213,AFRA,35.84551,-113.05501,6796,2026-08-23,F,61,84,24,47,5,13,8,21,0.0
FTHL YDMA,55522271,AFTH,32.48658,-114.4635,331,2026-08-23,F,89,110,25,52,3,13,6,19,0.0
GILA CENTER RAWS,292011,XGIL,33.22375,-108.24031,5767,2026-08-23,F,55,94,17,83,2,7,3,9,0.0
GLOBE,20601,AGLO,33.32694,-110.76694,4137,2026-08-23,F,79,98,18,36,3,7,8,17,0.0
GOLDFIELD,21505,AGOL,33.55531,-111.6145,1367,2026-08-23,F,86,110,15,36,3,6,5,11,0.0
GOODWIN MESA,20507,AGOO,34.77614,-113.3375,4311,2026-08-23,F,75,98,17,35,5,11,6,18,0.0
GRANTS,291302,XGRA,35.24278,-107.66528,8620,2026-08-23,F,54,82,24,69,2,9,3,13,0.0
GREENBASE,20284,AGRB,35.27619,-112.06325,6923,2026-08-23,F,56,82,26,64,2,8,3,13,0.0
GREER,20404,AGRE,34.05853,-109.44097,8240,2026-08-23,F,55,77,31,62,2,7,3,10,0.1
GUNSIGHT,20223,AGUN,36.70464,-112.5835,5284,2026-08-23,F,66,94,18,44,2,10,5,17,0.0
GUTHRIE,21104,AGUT,32.88203,-109.30931,6324,2026-08-23,F,72,92,16,40,5,15,15,25,0.0
HACHITA VALLEY,292702,XHAC,31.702,-108.34169,4290,2026-08-23,F,72,100,14,37,2,9,3,13,0.0
HAPPY JACK,20291,AHJK,34.61797,-111.34239,6812,2026-08-23,F,59,83,29,62,1,7,2,11,0.05
HAVASU,20118,AHAV,34.80758,-114.53456,475,2026-08-23,F,86,115,13,37,1,9,5,19,0.0
HEADQUARTERS,21409,ACHR,32.00611,-109.35694,5400,2026-08-23,F,68,95,18,43,3,6,7,13,0.0
HEBER,20301,AHBR,34.39778,-110.56444,6635,2026-08-23,F,61,84,25,60,3,7,5,10,0.07
HILLTOP,20609,AHIL,33.61119,-110.41461,5732,2026-08-23,F,62,92,21,65,2,5,7,11,0.0
HOPI,20312,AHPI,35.86292,-110.61495,5579,2026-08-23,F,62,93,18,61,3,16,5,25,0.0
HOPKINS,21302,AHPK,31.67528,-110.88,7120,2026-08-23,F,67,85,29,54,5,9,10,14,0.05
HORSE CAMP CANYON,20903,AHOR,32.93656,-110.4935,4014,2026-08-23,F,77,100,16,37,5,9,9,21,0.0
HUMBUG CREEK,20508,AHUM,34.11,-112.3,5250,2026-08-23,F,76,92,22,35,5,11,7,19,0.02
HURRICANE,20117,AHUR,36.69908,-113.20731,5445,2026-08-23,F,67,93,17,42,8,11,14,25,0.0
IRON SPRINGS,20501,AIRO,34.59361,-112.51139,5385,2026-08-23,F,67,89,24,47,3,9,5,14,0.0
JARITA MESA,290204,XJAR,36.55597,-106.10306,8864,2026-08-23,F,56,83,20,64,3,13,5,17,0.05
JEMEZ,290702,XJEM,35.84114,-106.61969,8248,2026-08-23,F,56,86,20,61,6,13,8,17,0.0
LAGUNA,293304,XLAG,35.05197,-107.42028,5805,2026-08-23,F,65,94,16,54,2,13,3,17,0.0
LAKESIDE,20303,ALAK,34.16283,-109.87639,7267,2026-08-23,F,60,83,27,60,2,7,5,10,0.05
LIMESTONE CANYON,20309,ALIM,34.17786,-110.27663,7102,2026-08-23,F,63,87,24,52,2,7,3,10,0.01
LINDBERGH HILL,20220,ALBE,36.28556,-112.07861,8800,2026-08-23,F,50,79,26,66,3,10,5,17,0.0
LUNA,292004,XLUN,33.82289,-108.94311,7088,2026-08-23,F,54,86,21,72,1,9,1,13,0.0
MAGDALENA,292104,XMAG,33.85061,-107.539,8495,2026-08-23,F,58,82,22,50,2,7,3,9,0.0
MALPAIS LAVA FLOW,293301,XMAL,34.85181,-108.17461,7514,2026-08-23,F,56,86,22,72,2,13,3,17,0.01
MAYHILL,293002,XMAY,32.90947,-105.46981,6599,2026-08-23,F,60,90,19,56,3,6,9,16,0.0
MCGREGGOR RANGE,292901,XMCG,32.43133,-105.62181,4832,2026-08-23,F,68,98,15,47,5,10,7,14,0.0
MELROSE RANGE,291901,XMEL,34.28422,-103.71497,4263,2026-08-23,F,71,100,13,52,8,15,11,21,0.0
MESCAL,293003,XMES,33.15803,-105.76881,6227,2026-08-23,F,57,87,22,62,2,7,7,14,0.0
MIDNIGHT,55522315,XMID,36.77819,-105.34131,10815,2026-08-23,F,45,74,26,83,3,11,5,16,0.02
MILLS CANYON,291101,XMIL,36.05453,-104.32511,5881,2026-08-23,F,62,94,17,61,3,14,5,19,0.0
MOGOLLON,292013,XMOG,33.39064,-108.80819,7602,2026-08-23,F,63,88,21,49,1,7,1,9,0.0
MOHAWK DUNES,55522318,AMOD,32.68878,-113.74889,524,2026-08-23,F,88,109,22,44,5,9,8,17,0.0
MORMON LAKE,20215,AMOL,34.90972,-111.43842,7094,2026-08-23,F,57,82,25,65,1,7,2,11,0.04
MOSS BASIN,20115,AMOS,35.03397,-113.89406,5920,2026-08-23,F,68,90,20,40,5,10,9,16,0.0
MOUNTAINAIR,291501,XMOU,34.52081,-106.26269,6593,2026-08-23,F,62,91,16,50,2,10,3,15,0.0
MOUNTAIN LION,20310,AFAP,33.69511,-109.71078,7269,2026-08-23,F,59,84,24,58,2,5,3,9,0.0
MOUNT LOGAN,20107,AMTL,36.35306,-113.19917,7605,2026-08-23,F,65,81,24,37,6,9,13,24,0.0
MULESHOE RANCH,21007,AMUL,32.40383,-110.272,4475,2026-08-23,F,73,98,17,43,2,6,7,17,0.0
MUSIC MOUNTAIN,20119,AMUS,35.61497,-113.79428,5375,2026-08-23,F,71,94,18,36,6,13,10,23,0.0
NAVAJO MONUMENT,20307,ANAV,36.67667,-110.54389,7204,2026-08-23,F,61,85,21,55,3,10,7,17,0.0
NEVERSHINE,55522326,ANEV,36.24753,-113.88851,2165,2026-08-23,F,85,106,13,26,7,13,9,16,0.0
NIXON FLATS,20113,ANIX,36.38833,-113.15806,6500,2026-08-23,F,61,85,21,50,2,7,5,18,0.0
NOON CREEK,21010,ANOO,32.66778,-109.78806,4925,2026-08-23,F,72,99,14,38,3,8,6,14,0.0
OAK CREEK,20219,AOAK,34.94686,-111.75444,4804,2026-08-23,F,72,95,19,44,5,7,7,10,0.0
OAK FLATS,291402,XOAK,35.00614,-106.31583,7675,2026-08-23,F,59,89,19,57,2,11,3,16,0.0
OATMAN,21502,AOAT,33.04994,-113.13867,1715,2026-08-23,F,87,109,19,37,3,8,6,15,0.0
OLAF KNOLLS,20108,AOLA,36.50725,-113.81589,2974,2026-08-23,F,82,104,13,25,7,11,13,24,0.0
PADUCA,293202,XPAD,32.17983,-103.722,3534,2026-08-23,F,73,99,18,48,6,14,9,23,0.0
PARIA POINT,20226,APAR,36.72753,-111.822,7106,2026-08-23,F,60,85,23,52,2,7,5,13,0.0
PAYSON,20602,APAY,34.24614,-111.2935,5064,2026-08-23,F,68,93,23,54,1,7,2,11,0.0
PECOS,291202,XPEC,35.54558,-105.49439,8229,2026-08-23,F,60,85,18,52,3,16,5,23,0.0
PELONA MOUNTAIN,292009,XPEL,33.69375,-108.06161,7955,2026-08-23,F,59,83,22,54,3,9,5,13,0.0
PICACHO PEAK,55522341,APIC,32.66314,-111.42154,1750,2026-08-23,F,81,103,18,42,3,8,6,14,0.0
PINE,20612,APNE,34.37181,-111.4555,5313,2026-08-23,F,68,92,23,49,3,8,5,13,0.0
PINEDALE,55522344,APND,34.30617,-110.23661,6461,2026-08-23,F,62,86,26,56,2,7,3,11,0.03
PINEY HILL,20402,APIN,35.76111,-109.16719,8061,2026-08-23,F,57,79,26,62,2,8,5,14,0.05
PLEASANT VALLEY,20603,APLE,34.08858,-110.94225,5232,2026-08-23,F,67,94,19,53,2,7,3,11,0.0
PROMONTORY,20221,APRO,34.36528,-111.01444,7842,2026-08-23,F,61,79,34,53,2,6,3,9,0.02
QUEEN,293105,XQUN,32.20361,-104.69031,5642,2026-08-23,F,68,93,16,44,3,9,8,21,0.0
RAMAH,293305,XRAM,34.81947,-108.29439,7645,2026-08-23,F,55,85,21,72,2,16,3,23,0.01
RED CANYON,55523735,XRDC,34.62289,-106.40831,8070,2026-08-23,F,60,80,19,48,3,10,5,15,0.0
RED LAKE,20610,ARED,34.18133,-110.78919,6524,2026-08-23,F,62,87,26,61,1,5,2,8,0.0
RESERVE,292005,XRES,33.71489,-108.777,5846,2026-08-23,F,57,92,17,69,1,10,1,15,0.0
RINCON,21207,ARIN,32.20639,-110.54861,8209,2026-08-23,F,62,78,28,51,3,10,9,16,0.0
RUCKER,21414,ARUC,31.76111,-109.34861,5700,2026-08-23,F,64,90,20,48,2,5,6,14,0.0
SAGUARO,21202,ASAG,32.31111,-110.81861,2758,2026-08-23,F,80,106,17,44,2,6,6,15,0.0
SAN ANDRES,292904,XSAA,32.58008,-106.52719,6137,2026-08-23,F,71,92,17,36,2,6,7,15,0.0
SAN CARLOS #1,20608,ASCA,33.37165,-110.45683,2830,2026-08-23,F,79,107,13,39,3,7,7,16,0.0
SANDIA LAB,291408,XSLB,35.00406,-106.41148,6321,2026-08-23,F,64,90,19,54,2,13,3,17,0.0
SANDIA LAKES,290706,XSLK,35.22967,-106.59061,5027,2026-08-23,F,66,98,17,58,2,10,3,15,0.0
SANTA FE WATERSHED,290901,XSFW,35.68686,-105.86031,7749,2026-08-23,F,56,85,20,61,2,13,3,17,0.0
SASABE,21206,ASAS,31.69169,-111.44811,3500,2026-08-23,F,74,100,23,64,3,7,7,17,0.04
SCOUT CAMP,21208,ASOL,32.39806,-110.725,7554,2026-08-23,F,66,83,29,52,3,8,9,15,0.02
SELLS,21209,ASES,31.91014,-111.89743,2262,2026-08-23,F,81,104,22,53,2,7,6,16,0.0
SEVILLETA,292105,XSEV,34.35844,-106.6895,5246,2026-08-23,F,66,97,14,51,2,11,3,16,0.0
SHADOW RIM,20611,ASHA,34.40586,-111.28319,5660,2026-08-23,F,66,93,22,53,0,8,1,13,0.0
SLAUGHTER,292008,XSLA,34.06056,-108.44472,8680,2026-08-23,F,57,79,27,58,1,14,1,19,0.06
SMITH PEAK,21501,ASMI,34.11486,-113.34733,2386,2026-08-23,F,87,106,16,28,3,7,8,17,0.0
SMOKEY BEAR,292203,XSMO,33.35019,-105.686,7194,2026-08-23,F,57,89,22,64,3,10,5,15,0.0
SOWATS,55523737,ASOW,36.48242,-112.42281,7038,2026-08-23,F,56,85,22,58,3,10,6,16,0.0
STANTON,20509,ASTA,34.16403,-112.73486,3600,2026-08-23,F,79,99,18,33,6,9,8,16,0.0
STONE LAKE,290201,XSTO,36.73161,-106.86581,7436,2026-08-23,F,55,89,17,71,3,16,5,23,0.0
STRAY HORSE,21106,ASTH,33.55253,-109.31719,7956,2026-08-23,F,63,80,23,45,5,10,10,17,0.0
SUNSET POINT,20510,ASUN,34.18847,-112.13467,3380,2026-08-23,F,78,101,17,38,1,8,8,14,0.0
TANKS,55522384,ATNK,33.67314,-110.57431,5801,2026-08-23,F,65,90,21,56,5,7,10,16,0.0
TAOS PUEBLO RAWS,55522385,XTAP,36.41461,-105.55689,7135,2026-08-23,F,58,89,21,62,2,17,3,24,0.0
T BAR,55523738,XTBA,33.51789,-108.52419,8047,2026-08-23,F,54,82,23,66,1,8,1,11,0.0
TONTO BASIN,20606,ATON,33.86861,-111.31333,2414,2026-08-23,F,80,106,16,39,2,7,7,18,0.0
TOWER,290801,XTOW,35.77899,-106.26611,6529,2026-08-23,F,62,92,18,56,5,11,7,16,0.0
TRAIL CABIN,21105,ATRA,33.26478,-109.36789,6250,2026-08-23,F,67,92,16,48,6,8,10,16,0.0
TRUCHAS,290210,XTRU,36.059,-105.7695,8353,2026-08-23,F,50,83,20,71,1,10,1,15,0.0
TRUXTON CANYON,20120,ATRU,35.78013,-113.79563,5304,2026-08-23,F,75,92,18,31,3,10,7,24,0.0
TUSAYAN,20207,ATUS,35.98833,-112.12056,6570,2026-08-23,F,50,87,22,72,1,8,2,14,0.0
TWEEDS POINT,20109,ATWE,36.58186,-113.732,5334,2026-08-23,F,77,93,17,27,9,15,16,31,0.0
UNION PASS,20116,AUNI,35.23233,-114.38194,3590,2026-08-23,F,83,99,16,24,1,10,5,23,0.0
VERDE,20503,AVER,34.54917,-111.84417,3101,2026-08-23,F,76,102,18,52,3,6,5,9,0.0
WARM SPRINGS CANYON,20216,AWAR,36.70117,-112.22689,7953,2026-08-23,F,54,81,24,57,3,11,6,18,0.0
WASHINGTON PASS,290101,XWAS,36.0765,-108.8615,9384,2026-08-23,F,58,77,27,55,2,8,3,11,0.05
WILD RIVERS,290307,XWDR,36.69469,-105.66872,7530,2026-08-23,F,53,86,21,72,2,17,3,24,0.1
YELLOW JOHN MOUNTAIN,20217,AYEL,36.155,-113.54944,6160,2026-08-23,F,57,90,20,53,2,6,6,18,0.0
ZUNI BUTTES,290603,XZUB,35.13919,-108.94131,6649,2026-08-23,F,58,91,18,67,3,15,5,21,0.0
10K,55522198,X10K,35.2085,-106.43586,10065,2026-08-23,F,54,76,25,57,3,11,5,16,0.0
AHAKHAV PRESERVE,21503,AAHA,34.13222,-114.32917,363,2026-08-23,F,87,111,17,37,1,11,5,22,0.0
ALBINO CANYON,290102,XALB,36.97661,-107.62892,7173,2026-08-23,F,61,91,18,65,3,15,5,21,0.0
ALPINE,20401,AALP,33.84272,-109.11161,8207,2026-08-23,F,56,79,27,62,2,6,3,9,0.03
BAKERS TANK,55522210,AHBB,32.61528,-114.00836,563,2026-08-23,F,88,108,23,42,3,9,6,18,0.0
BARTLEY,291002,XBAR,35.90875,-105.38769,9192,2026-08-23,F,57,79,25,56,3,13,5,17,0.0
BATDRAW,293101,XBAD,32.17861,-104.44056,4425,2026-08-23,F,74,98,15,40,3,14,7,25,0.0
BEAVERHEAD,292001,XBEA,33.42353,-108.11019,6750,2026-08-23,F,54,89,19,74,2,7,3,9,0.0
BELMONT,21504,ABEL,33.67411,-112.92281,1813,2026-08-23,F,86,106,17,32,3,7,8,17,0.0
BLACK HILLS,21008,ABLA,33.08203,-109.95119,3262,2026-08-23,F,80,104,13,36,3,7,7,17,0.0
BLACK MESA,290305,XBLM,36.03708,-106.04964,5762,2026-08-23,F,60,94,19,62,3,10,5,15,0.03
BLACK ROCK,20114,ABRK,36.79436,-113.75056,7224,2026-08-23,F,68,84,21,34,3,6,11,19,0.0
BLUEWATER RIDGE,293303,XBLR,35.19411,-108.16336,8274,2026-08-23,F,58,82,25,57,2,8,3,11,0.05
BOSQUE,292103,XBOS,33.82064,-106.88169,4523,2026-08-23,F,65,99,14,57,2,9,3,13,0.0
BRIGHT ANGEL,20211,ACAN,36.20472,-112.06222,8134,2026-08-23,F,52,82,23,62,2,13,5,19,0.0
BRUSHY MOUNTAIN,291301,XBRU,34.72,-107.8484,8789,2026-08-23,F,58,83,23,58,3,8,5,11,0.0
BUCKSKIN MTN,20224,ABUC,36.91808,-112.19981,6334,2026-08-23,F,62,88,20,50,2,10,5,19,0.0
BURRO MOUNTAIN,292504,XBUR,32.67203,-108.53969,6995,2026-08-23,F,67,92,18,41,6,15,13,22,0.0
CANELO,21303,ACNL,31.54972,-110.51917,4629,2026-08-23,F,68,93,23,61,3,8,7,17,0.0
CAPROCK,293104,XCAP,32.92728,-103.85689,4167,2026-08-23,F,71,98,15,48,8,15,11,23,0.0
CARR,21411,ACAA,31.44111,-110.28611,5400,2026-08-23,F,70,95,24,53,2,7,7,15,0.0
CASA GRANDE,20906,ACSG,32.99177,-111.53264,1412,2026-08-23,F,84,107,17,38,3,9,6,16,0.0
CAVE CREEK,55522232,ACAV,34.0899,-111.8465,3477,2026-08-23,F,77,102,16,39,2,6,7,11,0.02
CEDAR RIDGE,55523718,ACED,32.59872,-110.76231,4735,2026-08-23,F,76,98,17,38,5,9,9,16,0.04
CHERRY,20511,ACHE,34.59661,-112.04761,5147,2026-08-23,F,70,92,23,48,2,6,3,9,0.0
CHUPADERA,292102,XCHU,33.77294,-106.0985,5580,2026-08-23,F,67,95,16,48,3,11,5,16,0.0
CIBOLA,20121,ACBL,33.28,-114.68489,252,2026-08-23,F,88,113,17,37,3,13,7,22,0.0
CIMARRON,290401,XCIM,36.60611,-105.12028,8806,2026-08-23,F,51,81,24,77,3,11,5,16,0.0
CIPRIANO,55522238,ARIP,32.4235,-114.16211,1042,2026-08-23,F,88,107,25,48,3,13,7,19,0.0
COLUMBINE,21005,ACOL,32.70389,-109.91389,9521,2026-08-23,F,55,75,28,60,1,5,6,13,0.0
COSMIC,293004,XCOS,32.77925,-105.81989,9172,2026-08-23,F,57,78,27,51,2,8,7,18,0.0
COYOTE,290202,XCOY,36.07333,-106.65739,8704,2026-08-23,F,54,83,22,64,6,13,8,17,0.02
CROWN KING,20502,ACRO,34.20336,-112.34561,6173,2026-08-23,F,70,89,23,42,3,8,5,13,0.02
CUBA,290705,XCUB,35.942,-107.07739,6890,2026-08-23,F,59,90,16,55,2,13,3,17,0.0
DATIL,292012,XDAT,34.29256,-107.768,8431,2026-08-23,F,57,81,23,58,3,8,5,11,0.0
DEADMAN PEAK,290203,XDEA,36.4229,-106.772,8389,2026-08-23,F,59,85,16,53,3,16,5,23,0.0
DEVILS HILLS,55522251,ADVH,32.42483,-113.79011,836,2026-08-23,F,88,107,22,42,5,9,8,16,0.0
DRIPPING SPRINGS,292903,XDRI,32.32225,-106.58661,5814,2026-08-23,F,74,93,17,32,2,8,9,19,0.0
DRY LAKE,21009,ADRL,33.35982,-109.83306,7405,2026-08-23,F,65,90,18,49,5,7,11,15,0.0
DRY PARK,20212,ADRY,36.45308,-112.23819,8700,2026-08-23,F,51,78,27,64,3,10,5,17,0.0
DULCE #2,290205,XDUL,36.93519,-107.00011,6805,2026-08-23,F,52,91,19,86,2,16,3,23,0.0
DUNKEN,292302,XDUN,32.82467,-105.18261,5431,2026-08-23,F,66,95,15,44,5,13,7,17,0.0
DUTCH KID,55522257,ADUT,35.12931,-112.28219,6505,2026-08-23,F,61,86,24,57,3,8,5,13,0.0
EIGHT MILE DRAW,292301,XEIG,33.65064,-104.32139,3626,2026-08-23,F,71,103,13,50,5,15,7,21,0.0
EMPIRE,21205,AEMP,31.78347,-110.64325,4650,2026-08-23,F,69,95,21,57,2,6,6,16,0.0
FLAGSTAFF,20209,AFLG,35.14111,-111.6725,6903,2026-08-23,F,54,83,24,67,0,8,1,13,0.02
FORT YUMA,20102,AFYM,32.65222,-114.63417,185,2026-08-23,F,88,110,22,52,3,11,6,19,0.0
FOUR SPRINGS,20227,AFOU,36.79367,-112.04239,6560,2026-08-23,F,62,85,21,48,3,9,5,16,0.0
FRAZIER WELLS,20213,AFRA,35.84551,-113.05501,6796,2026-08-23,F,61,84,24,47,5,13,8,21,0.0
FTHL YDMA,55522271,AFTH,32.48658,-114.4635,331,2026-08-23,F,89,110,25,52,3,13,6,19,0.0
GILA CENTER RAWS,292011,XGIL,33.22375,-108.24031,5767,2026-08-23,F,55,94,17,83,2,7,3,9,0.0
GLOBE,20601,AGLO,33.32694,-110.76694,4137,2026-08-23,F,79,98,18,36,3,7,8,17,0.0
GOLDFIELD,21505,AGOL,33.55531,-111.6145,1367,2026-08-23,F,86,110,15,36,3,6,5,11,0.0
GOODWIN MESA,20507,AGOO,34.77614,-113.3375,4311,2026-08-23,F,75,98,17,35,5,11,6,18,0.0
GRANTS,291302,XGRA,35.24278,-107.66528,8620,2026-08-23,F,54,82,24,69,2,9,3,13,0.0
GREENBASE,20284,AGRB,35.27619,-112.06325,6923,2026-08-23,F,56,82,26,64,2,8,3,13,0.0
GREER,20404,AGRE,34.05853,-109.44097,8240,2026-08-23,F,55,77,31,62,2,7,3,10,0.1
GUNSIGHT,20223,AGUN,36.70464,-112.5835,5284,2026-08-23,F,66,94,18,44,2,10,5,17,0.0
GUTHRIE,21104,AGUT,32.88203,-109.30931,6324,2026-08-23,F,72,92,16,40,5,15,15,25,0.0
HACHITA VALLEY,292702,XHAC,31.702,-108.34169,4290,2026-08-23,F,72,100,14,37,2,9,3,13,0.0
HAPPY JACK,20291,AHJK,34.61797,-111.34239,6812,2026-08-23,F,59,83,29,62,1,7,2,11,0.05
HAVASU,20118,AHAV,34.80758,-114.53456,475,2026-08-23,F,86,115,13,37,1,9,5,19,0.0
HEADQUARTERS,21409,ACHR,32.00611,-109.35694,5400,2026-08-23,F,68,95,18,43,3,6,7,13,0.0
HEBER,20301,AHBR,34.39778,-110.56444,6635,2026-08-23,F,61,84,25,60,3,7,5,10,0.07
HILLTOP,20609,AHIL,33.61119,-110.41461,5732,2026-08-23,F,62,92,21,65,2,5,7,11,0.0
HOPI,20312,AHPI,35.86292,-110.61495,5579,2026-08-23,F,62,93,18,61,3,16,5,25,0.0
HOPKINS,21302,AHPK,31.67528,-110.88,7120,2026-08-23,F,67,85,29,54,5,9,10,14,0.05
HORSE CAMP CANYON,20903,AHOR,32.93656,-110.4935,4014,2026-08-23,F,77,100,16,37,5,9,9,21,0.0
HUMBUG CREEK,20508,AHUM,34.11,-112.3,5250,2026-08-23,F,76,92,22,35,5,11,7,19,0.02
HURRICANE,20117,AHUR,36.69908,-113.20731,5445,2026-08-23,F,67,93,17,42,8,11,14,25,0.0
IRON SPRINGS,20501,AIRO,34.59361,-112.51139,5385,2026-08-23,F,67,89,24,47,3,9,5,14,0.0
JARITA MESA,290204,XJAR,36.55597,-106.10306,8864,2026-08-23,F,56,83,20,64,3,13,5,17,0.05
JEMEZ,290702,XJEM,35.84114,-106.61969,8248,2026-08-23,F,56,86,20,61,6,13,8,17,0.0
LAGUNA,293304,XLAG,35.05197,-107.42028,5805,2026-08-23,F,65,94,16,54,2,13,3,17,0.0
LAKESIDE,20303,ALAK,34.16283,-109.87639,7267,2026-08-23,F,60,83,27,60,2,7,5,10,0.05
LIMESTONE CANYON,20309,ALIM,34.17786,-110.27663,7102,2026-08-23,F,63,87,24,52,2,7,3,10,0.01
LINDBERGH HILL,20220,ALBE,36.28556,-112.07861,8800,2026-08-23,F,50,79,26,66,3,10,5,17,0.0
LUNA,292004,XLUN,33.82289,-108.94311,7088,2026-08-23,F,54,86,21,72,1,9,1,13,0.0
MAGDALENA,292104,XMAG,33.85061,-107.539,8495,2026-08-23,F,58,82,22,50,2,7,3,9,0.0
MALPAIS LAVA FLOW,293301,XMAL,34.85181,-108.17461,7514,2026-08-23,F,56,86,22,72,2,13,3,17,0.01
MAYHILL,293002,XMAY,32.90947,-105.46981,6599,2026-08-23,F,60,90,19,56,3,6,9,16,0.0
MCGREGGOR RANGE,292901,XMCG,32.43133,-105.62181,4832,2026-08-23,F,68,98,15,47,5,10,7,14,0.0
MELROSE RANGE,291901,XMEL,34.28422,-103.71497,4263,2026-08-23,F,71,100,13,52,8,15,11,21,0.0
MESCAL,293003,XMES,33.15803,-105.76881,6227,2026-08-23,F,57,87,22,62,2,7,7,14,0.0
MIDNIGHT,55522315,XMID,36.77819,-105.34131,10815,2026-08-23,F,45,74,26,83,3,11,5,16,0.02
MILLS CANYON,291101,XMIL,36.05453,-104.32511,5881,2026-08-23,F,62,94,17,61,3,14,5,19,0.0
MOGOLLON,292013,XMOG,33.39064,-108.80819,7602,2026-08-23,F,63,88,21,49,1,7,1,9,0.0
MOHAWK DUNES,55522318,AMOD,32.68878,-113.74889,524,2026-08-23,F,88,109,22,44,5,9,8,17,0.0
MORMON LAKE,20215,AMOL,34.90972,-111.43842,7094,2026-08-23,F,57,82,25,65,1,7,2,11,0.04
MOSS BASIN,20115,AMOS,35.03397,-113.89406,5920,2026-08-23,F,68,90,20,40,5,10,9,16,0.0
MOUNTAINAIR,291501,XMOU,34.52081,-106.26269,6593,2026-08-23,F,62,91,16,50,2,10,3,15,0.0
MOUNTAIN LION,20310,AFAP,33.69511,-109.71078,7269,2026-08-23,F,59,84,24,58,2,5,3,9,0.0
MOUNT LOGAN,20107,AMTL,36.35306,-113.19917,7605,2026-08-23,F,65,81,24,37,6,9,13,24,0.0
MULESHOE RANCH,21007,AMUL,32.40383,-110.272,4475,2026-08-23,F,73,98,17,43,2,6,7,17,0.0
MUSIC MOUNTAIN,20119,AMUS,35.61497,-113.79428,5375,2026-08-23,F,71,94,18,36,6,13,10,23,0.0
NAVAJO MONUMENT,20307,ANAV,36.67667,-110.54389,7204,2026-08-23,F,61,85,21,55,3,10,7,17,0.0
NEVERSHINE,55522326,ANEV,36.24753,-113.88851,2165,2026-08-23,F,85,106,13,26,7,13,9,16,0.0
NIXON FLATS,20113,ANIX,36.38833,-113.15806,6500,2026-08-23,F,61,85,21,50,2,7,5,18,0.0
NOON CREEK,21010,ANOO,32.66778,-109.78806,4925,2026-08-23,F,72,99,14,38,3,8,6,14,0.0
OAK CREEK,20219,AOAK,34.94686,-111.75444,4804,2026-08-23,F,72,95,19,44,5,7,7,10,0.0
OAK FLATS,291402,XOAK,35.00614,-106.31583,7675,2026-08-23,F,59,89,19,57,2,11,3,16,0.0
OATMAN,21502,AOAT,33.04994,-113.13867,1715,2026-08-23,F,87,109,19,37,3,8,6,15,0.0
OLAF KNOLLS,20108,AOLA,36.50725,-113.81589,2974,2026-08-23,F,82,104,13,25,7,11,13,24,0.0
PADUCA,293202,XPAD,32.17983,-103.722,3534,2026-08-23,F,73,99,18,48,6,14,9,23,0.0
PARIA POINT,20226,APAR,36.72753,-111.822,7106,2026-08-23,F,60,85,23,52,2,7,5,13,0.0
PAYSON,20602,APAY,34.24614,-111.2935,5064,2026-08-23,F,68,93,23,54,1,7,2,11,0.0
PECOS,291202,XPEC,35.54558,-105.49439,8229,2026-08-23,F,60,85,18,52,3,16,5,23,0.0
PELONA MOUNTAIN,292009,XPEL,33.69375,-108.06161,7955,2026-08-23,F,59,83,22,54,3,9,5,13,0.0
PICACHO PEAK,55522341,APIC,32.66314,-111.42154,1750,2026-08-23,F,81,103,18,42,3,8,6,14,0.0
PINE,20612,APNE,34.37181,-111.4555,5313,2026-08-23,F,68,92,23,49,3,8,5,13,0.0
PINEDALE,55522344,APND,34.30617,-110.23661,6461,2026-08-23,F,62,86,26,56,2,7,3,11,0.03
PINEY HILL,20402,APIN,35.76111,-109.16719,8061,2026-08-23,F,57,79,26,62,2,8,5,14,0.05
PLEASANT VALLEY,20603,APLE,34.08858,-110.94225,5232,2026-08-23,F,67,94,19,53,2,7,3,11,0.0
PROMONTORY,20221,APRO,34.36528,-111.01444,7842,2026-08-23,F,61,79,34,53,2,6,3,9,0.02
QUEEN,293105,XQUN,32.20361,-104.69031,5642,2026-08-23,F,68,93,16,44,3,9,8,21,0.0
RAMAH,293305,XRAM,34.81947,-108.29439,7645,2026-08-23,F,55,85,21,72,2,16,3,23,0.01
RED CANYON,55523735,XRDC,34.62289,-106.40831,8070,2026-08-23,F,60,80,19,48,3,10,5,15,0.0
RED LAKE,20610,ARED,34.18133,-110.78919,6524,2026-08-23,F,62,87,26,61,1,5,2,8,0.0
RESERVE,292005,XRES,33.71489,-108.777,5846,2026-08-23,F,57,92,17,69,1,10,1,15,0.0
RINCON,21207,ARIN,32.20639,-110.54861,8209,2026-08-23,F,62,78,28,51,3,10,9,16,0.0
RUCKER,21414,ARUC,31.76111,-109.34861,5700,2026-08-23,F,64,90,20,48,2,5,6,14,0.0
SAGUARO,21202,ASAG,32.31111,-110.81861,2758,2026-08-23,F,80,106,17,44,2,6,6,15,0.0
SAN ANDRES,292904,XSAA,32.58008,-106.52719,6137,2026-08-23,F,71,92,17,36,2,6,7,15,0.0
SAN CARLOS #1,20608,ASCA,33.37165,-110.45683,2830,2026-08-23,F,79,107,13,39,3,7,7,16,0.0
SANDIA LAB,291408,XSLB,35.00406,-106.41148,6321,2026-08-23,F,64,90,19,54,2,13,3,17,0.0
SANDIA LAKES,290706,XSLK,35.22967,-106.59061,5027,2026-08-23,F,66,98,17,58,2,10,3,15,0.0
SANTA FE WATERSHED,290901,XSFW,35.68686,-105.86031,7749,2026-08-23,F,56,85,20,61,2,13,3,17,0.0
SASABE,21206,ASAS,31.69169,-111.44811,3500,2026-08-23,F,74,100,23,64,3,7,7,17,0.04
SCOUT CAMP,21208,ASOL,32.39806,-110.725,7554,2026-08-23,F,66,83,29,52,3,8,9,15,0.02
SELLS,21209,ASES,31.91014,-111.89743,2262,2026-08-23,F,81,104,22,53,2,7,6,16,0.0
SEVILLETA,292105,XSEV,34.35844,-106.6895,5246,2026-08-23,F,66,97,14,51,2,11,3,16,0.0
SHADOW RIM,20611,ASHA,34.40586,-111.28319,5660,2026-08-23,F,66,93,22,53,0,8,1,13,0.0
SLAUGHTER,292008,XSLA,34.06056,-108.44472,8680,2026-08-23,F,57,79,27,58,1,14,1,19,0.06
SMITH PEAK,21501,ASMI,34.11486,-113.34733,2386,2026-08-23,F,87,106,16,28,3,7,8,17,0.0
SMOKEY BEAR,292203,XSMO,33.35019,-105.686,7194,2026-08-23,F,57,89,22,64,3,10,5,15,0.0
SOWATS,55523737,ASOW,36.48242,-112.42281,7038,2026-08-23,F,56,85,22,58,3,10,6,16,0.0
STANTON,20509,ASTA,34.16403,-112.73486,3600,2026-08-23,F,79,99,18,33,6,9,8,16,0.0
STONE LAKE,290201,XSTO,36.73161,-106.86581,7436,2026-08-23,F,55,89,17,71,3,16,5,23,0.0
STRAY HORSE,21106,ASTH,33.55253,-109.31719,7956,2026-08-23,F,63,80,23,45,5,10,10,17,0.0
SUNSET POINT,20510,ASUN,34.18847,-112.13467,3380,2026-08-23,F,78,101,17,38,1,8,8,14,0.0
TANKS,55522384,ATNK,33.67314,-110.57431,5801,2026-08-23,F,65,90,21,56,5,7,10,16,0.0
TAOS PUEBLO RAWS,55522385,XTAP,36.41461,-105.55689,7135,2026-08-23,F,58,89,21,62,2,17,3,24,0.0
T BAR,55523738,XTBA,33.51789,-108.52419,8047,2026-08-23,F,54,82,23,66,1,8,1,11,0.0
TONTO BASIN,20606,ATON,33.86861,-111.31333,2414,2026-08-23,F,80,106,16,39,2,7,7,18,0.0
TOWER,290801,XTOW,35.77899,-106.26611,6529,2026-08-23,F,62,92,18,56,5,11,7,16,0.0
TRAIL CABIN,21105,ATRA,33.26478,-109.36789,6250,2026-08-23,F,67,92,16,48,6,8,10,16,0.0
TRUCHAS,290210,XTRU,36.059,-105.7695,8353,2026-08-23,F,50,83,20,71,1,10,1,15,0.0
TRUXTON CANYON,20120,ATRU,35.78013,-113.79563,5304,2026-08-23,F,75,92,18,31,3,10,7,24,0.0
TUSAYAN,20207,ATUS,35.98833,-112.12056,6570,2026-08-23,F,50,87,22,72,1,8,2,14,0.0
TWEEDS POINT,20109,ATWE,36.58186,-113.732,5334,2026-08-23,F,77,93,17,27,9,15,16,31,0.0
UNION PASS,20116,AUNI,35.23233,-114.38194,3590,2026-08-23,F,83,99,16,24,1,10,5,23,0.0
VERDE,20503,AVER,34.54917,-111.84417,3101,2026-08-23,F,76,102,18,52,3,6,5,9,0.0
WARM SPRINGS CANYON,20216,AWAR,36.70117,-112.22689,7953,2026-08-23,F,54,81,24,57,3,11,6,18,0.0
WASHINGTON PASS,290101,XWAS,36.0765,-108.8615,9384,2026-08-23,F,58,77,27,55,2,8,3,11,0.05
WILD RIVERS,290307,XWDR,36.69469,-105.66872,7530,2026-08-23,F,53,86,21,72,2,17,3,24,0.1
YELLOW JOHN MOUNTAIN,20217,AYEL,36.155,-113.54944,6160,2026-08-23,F,57,90,20,53,2,6,6,18,0.0
ZUNI BUTTES,290603,XZUB,35.13919,-108.94131,6649,2026-08-23,F,58,91,18,67,3,15,5,21,0.0
10K,55522198,X10K,35.2085,-106.43586,10065,2026-08-23,F,54,76,25,57,3,11,5,16,0.0
AHAKHAV PRESERVE,21503,AAHA,34.13222,-114.32917,363,2026-08-23,F,87,111,17,37,1,11,5,22,0.0
ALBINO CANYON,290102,XALB,36.97661,-107.62892,7173,2026-08-23,F,61,91,18,65,3,15,5,21,0.0
ALPINE,20401,AALP,33.84272,-109.11161,8207,2026-08-23,F,56,79,27,62,2,6,3,9,0.03
BAKERS TANK,55522210,AHBB,32.61528,-114.00836,563,2026-08-23,F,88,108,23,42,3,9,6,18,0.0
BARTLEY,291002,XBAR,35.90875,-105.38769,9192,2026-08-23,F,57,79,25,56,3,13,5,17,0.0
BATDRAW,293101,XBAD,32.17861,-104.44056,4425,2026-08-23,F,74,98,15,40,3,14,7,25,0.0
BEAVERHEAD,292001,XBEA,33.42353,-108.11019,6750,2026-08-23,F,54,89,19,74,2,7,3,9,0.0
BELMONT,21504,ABEL,33.67411,-112.92281,1813,2026-08-23,F,86,106,17,32,3,7,8,17,0.0
BLACK HILLS,21008,ABLA,33.08203,-109.95119,3262,2026-08-23,F,80,104,13,36,3,7,7,17,0.0
BLACK MESA,290305,XBLM,36.03708,-106.04964,5762,2026-08-23,F,60,94,19,62,3,10,5,15,0.03
BLACK ROCK,20114,ABRK,36.79436,-113.75056,7224,2026-08-23,F,68,84,21,34,3,6,11,19,0.0
BLUEWATER RIDGE,293303,XBLR,35.19411,-108.16336,8274,2026-08-23,F,58,82,25,57,2,8,3,11,0.05
BOSQUE,292103,XBOS,33.82064,-106.88169,4523,2026-08-23,F,65,99,14,57,2,9,3,13,0.0
BRIGHT ANGEL,20211,ACAN,36.20472,-112.06222,8134,2026-08-23,F,52,82,23,62,2,13,5,19,0.0
BRUSHY MOUNTAIN,291301,XBRU,34.72,-107.8484,8789,2026-08-23,F,58,83,23,58,3,8,5,11,0.0
BUCKSKIN MTN,20224,ABUC,36.91808,-112.19981,6334,2026-08-23,F,62,88,20,50,2,10,5,19,0.0
BURRO MOUNTAIN,292504,XBUR,32.67203,-108.53969,6995,2026-08-23,F,67,92,18,41,6,15,13,22,0.0
CANELO,21303,ACNL,31.54972,-110.51917,4629,2026-08-23,F,68,93,23,61,3,8,7,17,0.0
CAPROCK,293104,XCAP,32.92728,-103.85689,4167,2026-08-23,F,71,98,15,48,8,15,11,23,0.0
CARR,21411,ACAA,31.44111,-110.28611,5400,2026-08-23,F,70,95,24,53,2,7,7,15,0.0
CASA GRANDE,20906,ACSG,32.99177,-111.53264,1412,2026-08-23,F,84,107,17,38,3,9,6,16,0.0
CAVE CREEK,55522232,ACAV,34.0899,-111.8465,3477,2026-08-23,F,77,102,16,39,2,6,7,11,0.02
CEDAR RIDGE,55523718,ACED,32.59872,-110.76231,4735,2026-08-23,F,76,98,17,38,5,9,9,16,0.04
CHERRY,20511,ACHE,34.59661,-112.04761,5147,2026-08-23,F,70,92,23,48,2,6,3,9,0.0
CHUPADERA,292102,XCHU,33.77294,-106.0985,5580,2026-08-23,F,67,95,16,48,3,11,5,16,0.0
CIBOLA,20121,ACBL,33.28,-114.68489,252,2026-08-23,F,88,113,17,37,3,13,7,22,0.0
CIMARRON,290401,XCIM,36.60611,-105.12028,8806,2026-08-23,F,51,81,24,77,3,11,5,16,0.0
CIPRIANO,55522238,ARIP,32.4235,-114.16211,1042,2026-08-23,F,88,107,25,48,3,13,7,19,0.0
COLUMBINE,21005,ACOL,32.70389,-109.91389,9521,2026-08-23,F,55,75,28,60,1,5,6,13,0.0
COSMIC,293004,XCOS,32.77925,-105.81989,9172,2026-08-23,F,57,78,27,51,2,8,7,18,0.0
COYOTE,290202,XCOY,36.07333,-106.65739,8704,2026-08-23,F,54,83,22,64,6,13,8,17,0.02
CROWN KING,20502,ACRO,34.20336,-112.34561,6173,2026-08-23,F,70,89,23,42,3,8,5,13,0.02
CUBA,290705,XCUB,35.942,-107.07739,6890,2026-08-23,F,59,90,16,55,2,13,3,17,0.0
DATIL,292012,XDAT,34.29256,-107.768,8431,2026-08-23,F,57,81,23,58,3,8,5,11,0.0
DEADMAN PEAK,290203,XDEA,36.4229,-106.772,8389,2026-08-23,F,59,85,16,53,3,16,5,23,0.0
DEVILS HILLS,55522251,ADVH,32.42483,-113.79011,836,2026-08-23,F,88,107,22,42,5,9,8,16,0.0
DRIPPING SPRINGS,292903,XDRI,32.32225,-106.58661,5814,2026-08-23,F,74,93,17,32,2,8,9,19,0.0
DRY LAKE,21009,ADRL,33.35982,-109.83306,7405,2026-08-23,F,65,90,18,49,5,7,11,15,0.0
DRY PARK,20212,ADRY,36.45308,-112.23819,8700,2026-08-23,F,51,78,27,64,3,10,5,17,0.0
DULCE #2,290205,XDUL,36.93519,-107.00011,6805,2026-08-23,F,52,91,19,86,2,16,3,23,0.0
DUNKEN,292302,XDUN,32.82467,-105.18261,5431,2026-08-23,F,66,95,15,44,5,13,7,17,0.0
DUTCH KID,55522257,ADUT,35.12931,-112.28219,6505,2026-08-23,F,61,86,24,57,3,8,5,13,0.0
EIGHT MILE DRAW,292301,XEIG,33.65064,-104.32139,3626,2026-08-23,F,71,103,13,50,5,15,7,21,0.0
EMPIRE,21205,AEMP,31.78347,-110.64325,4650,2026-08-23,F,69,95,21,57,2,6,6,16,0.0
FLAGSTAFF,20209,AFLG,35.14111,-111.6725,6903,2026-08-23,F,54,83,24,67,0,8,1,13,0.02
FORT YUMA,20102,AFYM,32.65222,-114.63417,185,2026-08-23,F,88,110,22,52,3,11,6,19,0.0
FOUR SPRINGS,20227,AFOU,36.79367,-112.04239,6560,2026-08-23,F,62,85,21,48,3,9,5,16,0.0
FRAZIER WELLS,20213,AFRA,35.84551,-113.05501,6796,2026-08-23,F,61,84,24,47,5,13,8,21,0.0
FTHL YDMA,55522271,AFTH,32.48658,-114.4635,331,2026-08-23,F,89,110,25,52,3,13,6,19,0.0
GILA CENTER RAWS,292011,XGIL,33.22375,-108.24031,5767,2026-08-23,F,55,94,17,83,2,7,3,9,0.0
GLOBE,20601,AGLO,33.32694,-110.76694,4137,2026-08-23,F,79,98,18,36,3,7,8,17,0.0
GOLDFIELD,21505,AGOL,33.55531,-111.6145,1367,2026-08-23,F,86,110,15,36,3,6,5,11,0.0
GOODWIN MESA,20507,AGOO,34.77614,-113.3375,4311,2026-08-23,F,75,98,17,35,5,11,6,18,0.0
GRANTS,291302,XGRA,35.24278,-107.66528,8620,2026-08-23,F,54,82,24,69,2,9,3,13,0.0
GREENBASE,20284,AGRB,35.27619,-112.06325,6923,2026-08-23,F,56,82,26,64,2,8,3,13,0.0
GREER,20404,AGRE,34.05853,-109.44097,8240,2026-08-23,F,55,77,31,62,2,7,3,10,0.1
GUNSIGHT,20223,AGUN,36.70464,-112.5835,5284,2026-08-23,F,66,94,18,44,2,10,5,17,0.0
GUTHRIE,21104,AGUT,32.88203,-109.30931,6324,2026-08-23,F,72,92,16,40,5,15,15,25,0.0
HACHITA VALLEY,292702,XHAC,31.702,-108.34169,4290,2026-08-23,F,72,100,14,37,2,9,3,13,0.0
HAPPY JACK,20291,AHJK,34.61797,-111.34239,6812,2026-08-23,F,59,83,29,62,1,7,2,11,0.05
HAVASU,20118,AHAV,34.80758,-114.53456,475,2026-08-23,F,86,115,13,37,1,9,5,19,0.0
HEADQUARTERS,21409,ACHR,32.00611,-109.35694,5400,2026-08-23,F,68,95,18,43,3,6,7,13,0.0
HEBER,20301,AHBR,34.39778,-110.56444,6635,2026-08-23,F,61,84,25,60,3,7,5,10,0.07
HILLTOP,20609,AHIL,33.61119,-110.41461,5732,2026-08-23,F,62,92,21,65,2,5,7,11,0.0
HOPI,20312,AHPI,35.86292,-110.61495,5579,2026-08-23,F,62,93,18,61,3,16,5,25,0.0
HOPKINS,21302,AHPK,31.67528,-110.88,7120,2026-08-23,F,67,85,29,54,5,9,10,14,0.05
HORSE CAMP CANYON,20903,AHOR,32.93656,-110.4935,4014,2026-08-23,F,77,100,16,37,5,9,9,21,0.0
HUMBUG CREEK,20508,AHUM,34.11,-112.3,5250,2026-08-23,F,76,92,22,35,5,11,7,19,0.02
HURRICANE,20117,AHUR,36.69908,-113.20731,5445,2026-08-23,F,67,93,17,42,8,11,14,25,0.0
IRON SPRINGS,20501,AIRO,34.59361,-112.51139,5385,2026-08-23,F,67,89,24,47,3,9,5,14,0.0
JARITA MESA,290204,XJAR,36.55597,-106.10306,8864,2026-08-23,F,56,83,20,64,3,13,5,17,0.05
JEMEZ,290702,XJEM,35.84114,-106.61969,8248,2026-08-23,F,56,86,20,61,6,13,8,17,0.0
LAGUNA,293304,XLAG,35.05197,-107.42028,5805,2026-08-23,F,65,94,16,54,2,13,3,17,0.0
LAKESIDE,20303,ALAK,34.16283,-109.87639,7267,2026-08-23,F,60,83,27,60,2,7,5,10,0.05
LIMESTONE CANYON,20309,ALIM,34.17786,-110.27663,7102,2026-08-23,F,63,87,24,52,2,7,3,10,0.01
LINDBERGH HILL,20220,ALBE,36.28556,-112.07861,8800,2026-08-23,F,50,79,26,66,3,10,5,17,0.0
LUNA,292004,XLUN,33.82289,-108.94311,7088,2026-08-23,F,54,86,21,72,1,9,1,13,0.0
MAGDALENA,292104,XMAG,33.85061,-107.539,8495,2026-08-23,F,58,82,22,50,2,7,3,9,0.0
MALPAIS LAVA FLOW,293301,XMAL,34.85181,-108.17461,7514,2026-08-23,F,56,86,22,72,2,13,3,17,0.01
MAYHILL,293002,XMAY,32.90947,-105.46981,6599,2026-08-23,F,60,90,19,56,3,6,9,16,0.0
MCGREGGOR RANGE,292901,XMCG,32.43133,-105.62181,4832,2026-08-23,F,68,98,15,47,5,10,7,14,0.0
MELROSE RANGE,291901,XMEL,34.28422,-103.71497,4263,2026-08-23,F,71,100,13,52,8,15,11,21,0.0
MESCAL,293003,XMES,33.15803,-105.76881,6227,2026-08-23,F,57,87,22,62,2,7,7,14,0.0
MIDNIGHT,55522315,XMID,36.77819,-105.34131,10815,2026-08-23,F,45,74,26,83,3,11,5,16,0.02
MILLS CANYON,291101,XMIL,36.05453,-104.32511,5881,2026-08-23,F,62,94,17,61,3,14,5,19,0.0
MOGOLLON,292013,XMOG,33.39064,-108.80819,7602,2026-08-23,F,63,88,21,49,1,7,1,9,0.0
MOHAWK DUNES,55522318,AMOD,32.68878,-113.74889,524,2026-08-23,F,88,109,22,44,5,9,8,17,0.0
MORMON LAKE,20215,AMOL,34.90972,-111.43842,7094,2026-08-23,F,57,82,25,65,1,7,2,11,0.04
MOSS BASIN,20115,AMOS,35.03397,-113.89406,5920,2026-08-23,F,68,90,20,40,5,10,9,16,0.0
MOUNTAINAIR,291501,XMOU,34.52081,-106.26269,6593,2026-08-23,F,62,91,16,50,2,10,3,15,0.0
MOUNTAIN LION,20310,AFAP,33.69511,-109.71078,7269,2026-08-23,F,59,84,24,58,2,5,3,9,0.0
MOUNT LOGAN,20107,AMTL,36.35306,-113.19917,7605,2026-08-23,F,65,81,24,37,6,9,13,24,0.0
MULESHOE RANCH,21007,AMUL,32.40383,-110.272,4475,2026-08-23,F,73,98,17,43,2,6,7,17,0.0
MUSIC MOUNTAIN,20119,AMUS,35.61497,-113.79428,5375,2026-08-23,F,71,94,18,36,6,13,10,23,0.0
NAVAJO MONUMENT,20307,ANAV,36.67667,-110.54389,7204,2026-08-23,F,61,85,21,55,3,10,7,17,0.0
NEVERSHINE,55522326,ANEV,36.24753,-113.88851,2165,2026-08-23,F,85,106,13,26,7,13,9,16,0.0
NIXON FLATS,20113,ANIX,36.38833,-113.15806,6500,2026-08-23,F,61,85,21,50,2,7,5,18,0.0
NOON CREEK,21010,ANOO,32.66778,-109.78806,4925,2026-08-23,F,72,99,14,38,3,8,6,14,0.0
OAK CREEK,20219,AOAK,34.94686,-111.75444,4804,2026-08-23,F,72,95,19,44,5,7,7,10,0.0
OAK FLATS,291402,XOAK,35.00614,-106.31583,7675,2026-08-23,F,59,89,19,57,2,11,3,16,0.0
OATMAN,21502,AOAT,33.04994,-113.13867,1715,2026-08-23,F,87,109,19,37,3,8,6,15,0.0
OLAF KNOLLS,20108,AOLA,36.50725,-113.81589,2974,2026-08-23,F,82,104,13,25,7,11,13,24,0.0
PADUCA,293202,XPAD,32.17983,-103.722,3534,2026-08-23,F,73,99,18,48,6,14,9,23,0.0
PARIA POINT,20226,APAR,36.72753,-111.822,7106,2026-08-23,F,60,85,23,52,2,7,5,13,0.0
PAYSON,20602,APAY,34.24614,-111.2935,5064,2026-08-23,F,68,93,23,54,1,7,2,11,0.0
PECOS,291202,XPEC,35.54558,-105.49439,8229,2026-08-23,F,60,85,18,52,3,16,5,23,0.0
PELONA MOUNTAIN,292009,XPEL,33.69375,-108.06161,7955,2026-08-23,F,59,83,22,54,3,9,5,13,0.0
PICACHO PEAK,55522341,APIC,32.66314,-111.42154,1750,2026-08-23,F,81,103,18,42,3,8,6,14,0.0
PINE,20612,APNE,34.37181,-111.4555,5313,2026-08-23,F,68,92,23,49,3,8,5,13,0.0
PINEDALE,55522344,APND,34.30617,-110.23661,6461,2026-08-23,F,62,86,26,56,2,7,3,11,0.03
PINEY HILL,20402,APIN,35.76111,-109.16719,8061,2026-08-23,F,57,79,26,62,2,8,5,14,0.05
PLEASANT VALLEY,20603,APLE,34.08858,-110.94225,5232,2026-08-23,F,67,94,19,53,2,7,3,11,0.0
PROMONTORY,20221,APRO,34.36528,-111.01444,7842,2026-08-23,F,61,79,34,53,2,6,3,9,0.02
QUEEN,293105,XQUN,32.20361,-104.69031,5642,2026-08-23,F,68,93,16,44,3,9,8,21,0.0
RAMAH,293305,XRAM,34.81947,-108.29439,7645,2026-08-23,F,55,85,21,72,2,16,3,23,0.01
RED CANYON,55523735,XRDC,34.62289,-106.40831,8070,2026-08-23,F,60,80,19,48,3,10,5,15,0.0
RED LAKE,20610,ARED,34.18133,-110.78919,6524,2026-08-23,F,62,87,26,61,1,5,2,8,0.0
RESERVE,292005,XRES,33.71489,-108.777,5846,2026-08-23,F,57,92,17,69,1,10,1,15,0.0
RINCON,21207,ARIN,32.20639,-110.54861,8209,2026-08-23,F,62,78,28,51,3,10,9,16,0.0
RUCKER,21414,ARUC,31.76111,-109.34861,5700,2026-08-23,F,64,90,20,48,2,5,6,14,0.0
SAGUARO,21202,ASAG,32.31111,-110.81861,2758,2026-08-23,F,80,106,17,44,2,6,6,15,0.0
SAN ANDRES,292904,XSAA,32.58008,-106.52719,6137,2026-08-23,F,71,92,17,36,2,6,7,15,0.0
SAN CARLOS #1,20608,ASCA,33.37165,-110.45683,2830,2026-08-23,F,79,107,13,39,3,7,7,16,0.0
SANDIA LAB,291408,XSLB,35.00406,-106.41148,6321,2026-08-23,F,64,90,19,54,2,13,3,17,0.0
SANDIA LAKES,290706,XSLK,35.22967,-106.59061,5027,2026-08-23,F,66,98,17,58,2,10,3,15,0.0
SANTA FE WATERSHED,290901,XSFW,35.68686,-105.86031,7749,2026-08-23,F,56,85,20,61,2,13,3,17,0.0
SASABE,21206,ASAS,31.69169,-111.44811,3500,2026-08-23,F,74,100,23,64,3,7,7,17,0.04
SCOUT CAMP,21208,ASOL,32.39806,-110.725,7554,2026-08-23,F,66,83,29,52,3,8,9,15,0.02
SELLS,21209,ASES,31.91014,-111.89743,2262,2026-08-23,F,81,104,22,53,2,7,6,16,0.0
SEVILLETA,292105,XSEV,34.35844,-106.6895,5246,2026-08-23,F,66,97,14,51,2,11,3,16,0.0
SHADOW RIM,20611,ASHA,34.40586,-111.28319,5660,2026-08-23,F,66,93,22,53,0,8,1,13,0.0
SLAUGHTER,292008,XSLA,34.06056,-108.44472,8680,2026-08-23,F,57,79,27,58,1,14,1,19,0.06
SMITH PEAK,21501,ASMI,34.11486,-113.34733,2386,2026-08-23,F,87,106,16,28,3,7,8,17,0.0
SMOKEY BEAR,292203,XSMO,33.35019,-105.686,7194,2026-08-23,F,57,89,22,64,3,10,5,15,0.0
SOWATS,55523737,ASOW,36.48242,-112.42281,7038,2026-08-23,F,56,85,22,58,3,10,6,16,0.0
STANTON,20509,ASTA,34.16403,-112.73486,3600,2026-08-23,F,79,99,18,33,6,9,8,16,0.0
STONE LAKE,290201,XSTO,36.73161,-106.86581,7436,2026-08-23,F,55,89,17,71,3,16,5,23,0.0
STRAY HORSE,21106,ASTH,33.55253,-109.31719,7956,2026-08-23,F,63,80,23,45,5,10,10,17,0.0
SUNSET POINT,20510,ASUN,34.18847,-112.13467,3380,2026-08-23,F,78,101,17,38,1,8,8,14,0.0
TANKS,55522384,ATNK,33.67314,-110.57431,5801,2026-08-23,F,65,90,21,56,5,7,10,16,0.0
TAOS PUEBLO RAWS,55522385,XTAP,36.41461,-105.55689,7135,2026-08-23,F,58,89,21,62,2,17,3,24,0.0
T BAR,55523738,XTBA,33.51789,-108.52419,8047,2026-08-23,F,54,82,23,66,1,8,1,11,0.0
TONTO BASIN,20606,ATON,33.86861,-111.31333,2414,2026-08-23,F,80,106,16,39,2,7,7,18,0.0
TOWER,290801,XTOW,35.77899,-106.26611,6529,2026-08-23,F,62,92,18,56,5,11,7,16,0.0
TRAIL CABIN,21105,ATRA,33.26478,-109.36789,6250,2026-08-23,F,67,92,16,48,6,8,10,16,0.0
TRUCHAS,290210,XTRU,36.059,-105.7695,8353,2026-08-23,F,50,83,20,71,1,10,1,15,0.0
TRUXTON CANYON,20120,ATRU,35.78013,-113.79563,5304,2026-08-23,F,75,92,18,31,3,10,7,24,0.0
TUSAYAN,20207,ATUS,35.98833,-112.12056,6570,2026-08-23,F,50,87,22,72,1,8,2,14,0.0
TWEEDS POINT,20109,ATWE,36.58186,-113.732,5334,2026-08-23,F,77,93,17,27,9,15,16,31,0.0
UNION PASS,20116,AUNI,35.23233,-114.38194,3590,2026-08-23,F,83,99,16,24,1,10,5,23,0.0
VERDE,20503,AVER,34.54917,-111.84417,3101,2026-08-23,F,76,102,18,52,3,6,5,9,0.0
WARM SPRINGS CANYON,20216,AWAR,36.70117,-112.22689,7953,2026-08-23,F,54,81,24,57,3,11,6,18,0.0
WASHINGTON PASS,290101,XWAS,36.0765,-108.8615,9384,2026-08-23,F,58,77,27,55,2,8,3,11,0.05
WILD RIVERS,290307,XWDR,36.69469,-105.66872,7530,2026-08-23,F,53,86,21,72,2,17,3,24,0.1
YELLOW JOHN MOUNTAIN,20217,AYEL,36.155,-113.54944,6160,2026-08-23,F,57,90,20,53,2,6,6,18,0.0
ZUNI BUTTES,290603,XZUB,35.13919,-108.94131,6649,2026-08-23,F,58,91,18,67,3,15,5,21,0.0
10K,55522198,X10K,35.2085,-106.43586,10065,2026-08-23,F,54,76,24,59,3,11,5,16,0.0
AHAKHAV PRESERVE,21503,AAHA,34.13222,-114.32917,363,2026-08-23,F,87,112,16,35,1,11,5,22,0.0
ALBINO CANYON,290102,XALB,36.97661,-107.62892,7173,2026-08-23,F,61,90,20,69,1,15,1,21,0.0
ALPINE,20401,AALP,33.84272,-109.11161,8207,2026-08-23,F,56,80,26,64,1,5,5,11,0.0
BAKERS TANK,55522210,AHBB,32.61528,-114.00836,563,2026-08-23,F,89,109,21,43,3,15,6,25,0.0
BARTLEY,291002,XBAR,35.90875,-105.38769,9192,2026-08-23,F,56,80,26,60,3,11,5,16,0.0
BATDRAW,293101,XBAD,32.17861,-104.44056,4425,2026-08-23,F,75,99,13,33,5,14,6,23,0.0
BEAVERHEAD,292001,XBEA,33.42353,-108.11019,6750,2026-08-23,F,54,89,20,77,1,7,1,9,0.0
BELMONT,21504,ABEL,33.67411,-112.92281,1813,2026-08-23,F,86,108,14,30,3,11,8,17,0.0
BLACK HILLS,21008,ABLA,33.08203,-109.95119,3262,2026-08-23,F,80,105,12,36,2,7,7,16,0.0
BLACK MESA,290305,XBLM,36.03708,-106.04964,5762,2026-08-23,F,59,93,20,67,2,9,3,13,0.02
BLACK ROCK,20114,ABRK,36.79436,-113.75056,7224,2026-08-23,F,68,85,18,33,3,6,10,21,0.0
BLUEWATER RIDGE,293303,XBLR,35.19411,-108.16336,8274,2026-08-23,F,58,82,26,60,1,8,1,11,0.02
BOSQUE,292103,XBOS,33.82064,-106.88169,4523,2026-08-23,F,66,100,13,58,2,9,3,13,0.0
BRIGHT ANGEL,20211,ACAN,36.20472,-112.06222,8134,2026-08-23,F,60,85,19,44,2,11,3,17,0.0
BRUSHY MOUNTAIN,291301,XBRU,34.72,-107.8484,8789,2026-08-23,F,57,82,25,60,3,10,5,15,0.01
BUCKSKIN MTN,20224,ABUC,36.91808,-112.19981,6334,2026-08-23,F,65,90,16,43,2,9,6,22,0.0
BURRO MOUNTAIN,292504,XBUR,32.67203,-108.53969,6995,2026-08-23,F,68,92,16,40,6,15,13,22,0.0
CANELO,21303,ACNL,31.54972,-110.51917,4629,2026-08-23,F,68,94,23,64,3,10,6,17,0.02
CAPROCK,293104,XCAP,32.92728,-103.85689,4167,2026-08-23,F,71,99,14,46,8,15,11,22,0.0
CARR,21411,ACAA,31.44111,-110.28611,5400,2026-08-23,F,71,95,23,52,2,7,7,16,0.0
CASA GRANDE,20906,ACSG,32.99177,-111.53264,1412,2026-08-23,F,84,108,16,39,3,15,3,26,0.0
CAVE CREEK,55522232,ACAV,34.0899,-111.8465,3477,2026-08-23,F,75,104,14,40,2,6,6,13,0.0
CEDAR RIDGE,55523718,ACED,32.59872,-110.76231,4735,2026-08-23,F,77,98,17,39,3,9,7,16,0.03
CHERRY,20511,ACHE,34.59661,-112.04761,5147,2026-08-23,F,65,95,20,56,2,6,7,16,0.0
CHUPADERA,292102,XCHU,33.77294,-106.0985,5580,2026-08-23,F,67,95,14,47,3,13,5,17,0.0
CIBOLA,20121,ACBL,33.28,-114.68489,252,2026-08-23,F,89,114,15,38,3,11,7,21,0.0
CIMARRON,290401,XCIM,36.60611,-105.12028,8806,2026-08-23,F,51,81,26,80,2,8,3,11,0.0
CIPRIANO,55522238,ARIP,32.4235,-114.16211,1042,2026-08-23,F,90,108,24,51,3,15,7,23,0.0
COLUMBINE,21005,ACOL,32.70389,-109.91389,9521,2026-08-23,F,56,76,26,57,1,3,5,13,0.0
COSMIC,293004,XCOS,32.77925,-105.81989,9172,2026-08-23,F,57,79,24,49,2,8,6,18,0.0
COYOTE,290202,XCOY,36.07333,-106.65739,8704,2026-08-23,F,54,82,24,66,5,13,7,17,0.08
CROWN KING,20502,ACRO,34.20336,-112.34561,6173,2026-08-23,F,68,92,20,43,2,3,8,13,0.02
CUBA,290705,XCUB,35.942,-107.07739,6890,2026-08-23,F,59,88,19,58,2,11,3,16,0.03
DATIL,292012,XDAT,34.29256,-107.768,8431,2026-08-23,F,57,81,24,61,3,10,5,15,0.06
DEADMAN PEAK,290203,XDEA,36.4229,-106.772,8389,2026-08-23,F,58,84,17,58,2,14,3,19,0.0
DEVILS HILLS,55522251,ADVH,32.42483,-113.79011,836,2026-08-23,F,89,108,21,43,3,16,7,24,0.0
DRIPPING SPRINGS,292903,XDRI,32.32225,-106.58661,5814,2026-08-23,F,74,94,14,31,2,7,7,21,0.0
DRY LAKE,21009,ADRL,33.35982,-109.83306,7405,2026-08-23,F,65,90,18,49,5,7,11,15,0.0
DRY PARK,20212,ADRY,36.45308,-112.23819,8700,2026-08-23,F,55,80,22,53,2,9,5,16,0.0
DULCE #2,290205,XDUL,36.93519,-107.00011,6805,2026-08-23,F,52,90,20,92,2,13,3,17,0.0
DUNKEN,292302,XDUN,32.82467,-105.18261,5431,2026-08-23,F,67,95,14,39,5,14,7,19,0.0
DUTCH KID,55522257,ADUT,35.12931,-112.28219,6505,2026-08-23,F,61,90,20,54,3,9,7,18,0.0
EIGHT MILE DRAW,292301,XEIG,33.65064,-104.32139,3626,2026-08-23,F,71,105,11,42,3,15,5,21,0.0
EMPIRE,21205,AEMP,31.78347,-110.64325,4650,2026-08-23,F,70,96,20,58,2,6,5,16,0.03
FLAGSTAFF,20209,AFLG,35.14111,-111.6725,6903,2026-08-23,F,56,86,21,63,0,6,3,15,0.0
FORT YUMA,20102,AFYM,32.65222,-114.63417,185,2026-08-23,F,89,111,21,53,3,11,6,22,0.0
FOUR SPRINGS,20227,AFOU,36.79367,-112.04239,6560,2026-08-23,F,68,88,17,39,3,8,7,17,0.0
FRAZIER WELLS,20213,AFRA,35.84551,-113.05501,6796,2026-08-23,F,66,86,19,37,3,11,7,17,0.0
FTHL YDMA,55522271,AFTH,32.48658,-114.4635,331,2026-08-23,F,90,111,23,55,3,17,6,24,0.0
GILA CENTER RAWS,292011,XGIL,33.22375,-108.24031,5767,2026-08-23,F,56,93,17,81,1,7,1,9,0.01
GLOBE,20601,AGLO,33.32694,-110.76694,4137,2026-08-23,F,79,99,18,36,2,10,7,17,0.0
GOLDFIELD,21505,AGOL,33.55531,-111.6145,1367,2026-08-23,F,86,110,14,36,2,15,6,24,0.0
GOODWIN MESA,20507,AGOO,34.77614,-113.3375,4311,2026-08-23,F,75,100,16,34,3,11,5,16,0.0
GRANTS,291302,XGRA,35.24278,-107.66528,8620,2026-08-23,F,54,82,24,71,2,9,3,13,0.0
GREENBASE,20284,AGRB,35.27619,-112.06325,6923,2026-08-23,F,57,85,22,59,1,8,5,17,0.0
GREER,20404,AGRE,34.05853,-109.44097,8240,2026-08-23,F,56,79,29,61,2,6,5,11,0.05
GUNSIGHT,20223,AGUN,36.70464,-112.5835,5284,2026-08-23,F,69,96,14,38,2,9,5,22,0.0
GUTHRIE,21104,AGUT,32.88203,-109.30931,6324,2026-08-23,F,71,92,15,41,5,16,11,24,0.0
HACHITA VALLEY,292702,XHAC,31.702,-108.34169,4290,2026-08-23,F,71,101,12,35,2,9,5,14,0.0
HAPPY JACK,20291,AHJK,34.61797,-111.34239,6812,2026-08-23,F,58,86,25,64,0,6,3,17,0.02
HAVASU,20118,AHAV,34.80758,-114.53456,475,2026-08-23,F,86,116,11,37,1,9,3,21,0.0
HEADQUARTERS,21409,ACHR,32.00611,-109.35694,5400,2026-08-23,F,69,96,16,43,2,6,7,13,0.0
HEBER,20301,AHBR,34.39778,-110.56444,6635,2026-08-23,F,61,87,23,60,1,6,5,15,0.03
HILLTOP,20609,AHIL,33.61119,-110.41461,5732,2026-08-23,F,63,92,21,63,2,11,7,18,0.0
HOPI,20312,AHPI,35.86292,-110.61495,5579,2026-08-23,F,64,96,15,56,3,11,8,24,0.0
HOPKINS,21302,AHPK,31.67528,-110.88,7120,2026-08-23,F,68,86,28,57,5,9,9,14,0.11
HORSE CAMP CANYON,20903,AHOR,32.93656,-110.4935,4014,2026-08-23,F,76,100,16,38,3,9,9,21,0.01
HUMBUG CREEK,20508,AHUM,34.11,-112.3,5250,2026-08-23,F,77,94,20,33,5,11,9,23,0.04
HURRICANE,20117,AHUR,36.69908,-113.20731,5445,2026-08-23,F,68,95,14,37,7,13,13,25,0.0
IRON SPRINGS,20501,AIRO,34.59361,-112.51139,5385,2026-08-23,F,67,92,20,48,1,6,5,16,0.04
JARITA MESA,290204,XJAR,36.55597,-106.10306,8864,2026-08-23,F,55,82,22,66,2,13,3,17,0.03
JEMEZ,290702,XJEM,35.84114,-106.61969,8248,2026-08-23,F,56,85,21,66,5,11,7,16,0.01
LAGUNA,293304,XLAG,35.05197,-107.42028,5805,2026-08-23,F,65,93,17,56,2,11,3,16,0.0
LAKESIDE,20303,ALAK,34.16283,-109.87639,7267,2026-08-23,F,58,85,26,65,2,6,7,11,0.03
LIMESTONE CANYON,20309,ALIM,34.17786,-110.27663,7102,2026-08-23,F,65,89,23,49,1,6,3,13,0.02
LINDBERGH HILL,20220,ALBE,36.28556,-112.07861,8800,2026-08-23,F,57,82,22,49,3,9,7,15,0.0
LUNA,292004,XLUN,33.82289,-108.94311,7088,2026-08-23,F,54,87,21,75,2,11,3,16,0.0
MAGDALENA,292104,XMAG,33.85061,-107.539,8495,2026-08-23,F,58,82,23,53,3,8,5,11,0.0
MALPAIS LAVA FLOW,293301,XMAL,34.85181,-108.17461,7514,2026-08-23,F,56,86,23,72,2,13,3,17,0.0
MAYHILL,293002,XMAY,32.90947,-105.46981,6599,2026-08-23,F,59,91,16,54,2,6,8,16,0.0
MCGREGGOR RANGE,292901,XMCG,32.43133,-105.62181,4832,2026-08-23,F,69,99,13,42,3,10,6,14,0.0
MELROSE RANGE,291901,XMEL,34.28422,-103.71497,4263,2026-08-23,F,72,101,12,41,8,14,11,19,0.0
MESCAL,293003,XMES,33.15803,-105.76881,6227,2026-08-23,F,57,88,20,59,2,7,6,14,0.0
MIDNIGHT,55522315,XMID,36.77819,-105.34131,10815,2026-08-23,F,44,73,28,89,5,9,7,13,0.0
MILLS CANYON,291101,XMIL,36.05453,-104.32511,5881,2026-08-23,F,61,95,18,65,3,14,5,19,0.01
MOGOLLON,292013,XMOG,33.39064,-108.80819,7602,2026-08-23,F,62,88,20,49,2,9,3,13,0.0
MOHAWK DUNES,55522318,AMOD,32.68878,-113.74889,524,2026-08-23,F,88,110,21,46,3,15,6,24,0.0
MORMON LAKE,20215,AMOL,34.90972,-111.43842,7094,2026-08-23,F,58,86,22,59,1,3,3,14,0.03
MOSS BASIN,20115,AMOS,35.03397,-113.89406,5920,2026-08-23,F,68,92,18,37,5,11,8,17,0.01
MOUNTAINAIR,291501,XMOU,34.52081,-106.26269,6593,2026-08-23,F,62,91,16,54,3,11,5,16,0.0
MOUNTAIN LION,20310,AFAP,33.69511,-109.71078,7269,2026-08-23,F,58,85,25,59,1,3,6,10,0.0
MOUNT LOGAN,20107,AMTL,36.35306,-113.19917,7605,2026-08-23,F,64,82,20,37,6,10,11,24,0.0
MULESHOE RANCH,21007,AMUL,32.40383,-110.272,4475,2026-08-23,F,73,99,16,44,2,6,6,17,0.0
MUSIC MOUNTAIN,20119,AMUS,35.61497,-113.79428,5375,2026-08-23,F,71,96,15,33,5,14,9,24,0.0
NAVAJO MONUMENT,20307,ANAV,36.67667,-110.54389,7204,2026-08-23,F,61,87,18,55,5,9,8,15,0.0
NEVERSHINE,55522326,ANEV,36.24753,-113.88851,2165,2026-08-23,F,85,107,11,24,6,13,8,16,0.0
NIXON FLATS,20113,ANIX,36.38833,-113.15806,6500,2026-08-23,F,61,87,17,48,2,7,5,19,0.0
NOON CREEK,21010,ANOO,32.66778,-109.78806,4925,2026-08-23,F,72,100,13,38,3,8,5,15,0.0
OAK CREEK,20219,AOAK,34.94686,-111.75444,4804,2026-08-23,F,69,98,16,44,2,3,7,14,0.0
OAK FLATS,291402,XOAK,35.00614,-106.31583,7675,2026-08-23,F,59,88,19,62,3,10,5,15,0.0
OATMAN,21502,AOAT,33.04994,-113.13867,1715,2026-08-23,F,88,111,17,39,3,14,6,25,0.02
OLAF KNOLLS,20108,AOLA,36.50725,-113.81589,2974,2026-08-23,F,82,105,11,23,6,11,11,24,0.0
PADUCA,293202,XPAD,32.17983,-103.722,3534,2026-08-23,F,73,100,16,46,6,14,7,23,0.0
PARIA POINT,20226,APAR,36.72753,-111.822,7106,2026-08-23,F,67,88,18,39,2,6,7,16,0.0
PAYSON,20602,APAY,34.24614,-111.2935,5064,2026-08-23,F,68,95,22,53,2,6,6,14,0.0
PECOS,291202,XPEC,35.54558,-105.49439,8229,2026-08-23,F,60,84,20,53,3,15,5,21,0.04
PELONA MOUNTAIN,292009,XPEL,33.69375,-108.06161,7955,2026-08-23,F,59,83,22,56,2,9,3,13,0.02
PICACHO PEAK,55522341,APIC,32.66314,-111.42154,1750,2026-08-23,F,81,104,16,41,3,7,5,13,0.0
PINE,20612,APNE,34.37181,-111.4555,5313,2026-08-23,F,68,94,21,48,2,6,7,14,0.0
PINEDALE,55522344,APND,34.30617,-110.23661,6461,2026-08-23,F,65,89,23,50,3,6,6,14,0.04
PINEY HILL,20402,APIN,35.76111,-109.16719,8061,2026-08-23,F,61,81,24,56,2,6,5,13,0.04
PLEASANT VALLEY,20603,APLE,34.08858,-110.94225,5232,2026-08-23,F,66,95,19,52,2,5,5,13,0.0
PROMONTORY,20221,APRO,34.36528,-111.01444,7842,2026-08-23,F,63,82,30,48,1,3,5,11,0.02
QUEEN,293105,XQUN,32.20361,-104.69031,5642,2026-08-23,F,68,93,15,39,6,13,8,18,0.0
RAMAH,293305,XRAM,34.81947,-108.29439,7645,2026-08-23,F,55,85,22,75,2,14,3,19,0.0
RED CANYON,55523735,XRDC,34.62289,-106.40831,8070,2026-08-23,F,60,80,18,53,5,10,7,15,0.0
RED LAKE,20610,ARED,34.18133,-110.78919,6524,2026-08-23,F,59,89,25,67,0,2,3,8,0.0
RESERVE,292005,XRES,33.71489,-108.777,5846,2026-08-23,F,58,93,16,69,1,13,1,17,0.01
RINCON,21207,ARIN,32.20639,-110.54861,8209,2026-08-23,F,62,78,28,52,3,9,8,14,0.0
RUCKER,21414,ARUC,31.76111,-109.34861,5700,2026-08-23,F,65,92,16,45,2,5,6,15,0.0
SAGUARO,21202,ASAG,32.31111,-110.81861,2758,2026-08-23,F,81,106,17,43,2,5,5,15,0.0
SAN ANDRES,292904,XSAA,32.58008,-106.52719,6137,2026-08-23,F,70,93,15,34,2,6,7,16,0.0
SAN CARLOS #1,20608,ASCA,33.37165,-110.45683,2830,2026-08-23,F,78,107,13,40,2,14,6,23,0.0
SANDIA LAB,291408,XSLB,35.00406,-106.41148,6321,2026-08-23,F,64,90,20,58,2,11,3,16,0.0
SANDIA LAKES,290706,XSLK,35.22967,-106.59061,5027,2026-08-23,F,67,98,18,58,2,10,3,15,0.0
SANTA FE WATERSHED,290901,XSFW,35.68686,-105.86031,7749,2026-08-23,F,56,85,21,64,3,13,5,17,0.0
SASABE,21206,ASAS,31.69169,-111.44811,3500,2026-08-23,F,74,101,21,65,3,7,6,17,0.03
SCOUT CAMP,21208,ASOL,32.39806,-110.725,7554,2026-08-23,F,66,85,27,53,2,8,7,15,0.04
SELLS,21209,ASES,31.91014,-111.89743,2262,2026-08-23,F,81,105,20,57,2,8,6,17,0.0
SEVILLETA,292105,XSEV,34.35844,-106.6895,5246,2026-08-23,F,67,97,14,53,2,10,3,15,0.0
SHADOW RIM,20611,ASHA,34.40586,-111.28319,5660,2026-08-23,F,67,96,20,49,1,5,3,14,0.0
SLAUGHTER,292008,XSLA,34.06056,-108.44472,8680,2026-08-23,F,57,80,27,60,2,14,3,19,0.0
SMITH PEAK,21501,ASMI,34.11486,-113.34733,2386,2026-08-23,F,88,107,14,25,3,10,7,18,0.02
SMOKEY BEAR,292203,XSMO,33.35019,-105.686,7194,2026-08-23,F,58,88,22,60,2,10,3,15,0.0
SOWATS,55523737,ASOW,36.48242,-112.42281,7038,2026-08-23,F,61,88,18,46,5,9,8,15,0.0
STANTON,20509,ASTA,34.16403,-112.73486,3600,2026-08-23,F,84,101,16,28,3,9,10,22,0.0
STONE LAKE,290201,XSTO,36.73161,-106.86581,7436,2026-08-23,F,56,88,19,71,2,14,3,19,0.0
STRAY HORSE,21106,ASTH,33.55253,-109.31719,7956,2026-08-23,F,62,80,22,47,5,10,9,16,0.03
SUNSET POINT,20510,ASUN,34.18847,-112.13467,3380,2026-08-23,F,80,103,15,34,2,9,8,19,0.02
TANKS,55522384,ATNK,33.67314,-110.57431,5801,2026-08-23,F,65,90,22,56,5,13,9,19,0.0
TAOS PUEBLO RAWS,55522385,XTAP,36.41461,-105.55689,7135,2026-08-23,F,58,88,23,64,2,14,3,19,0.06
T BAR,55523738,XTBA,33.51789,-108.52419,8047,2026-08-23,F,54,82,23,69,1,10,1,15,0.01
TONTO BASIN,20606,ATON,33.86861,-111.31333,2414,2026-08-23,F,80,106,15,40,2,15,6,23,0.04
TOWER,290801,XTOW,35.77899,-106.26611,6529,2026-08-23,F,62,92,19,58,3,10,5,15,0.14
TRAIL CABIN,21105,ATRA,33.26478,-109.36789,6250,2026-08-23,F,67,92,17,49,6,8,9,15,0.0
TRUCHAS,290210,XTRU,36.059,-105.7695,8353,2026-08-23,F,50,83,23,73,2,11,3,16,0.01
TRUXTON CANYON,20120,ATRU,35.78013,-113.79563,5304,2026-08-23,F,76,92,17,30,3,11,7,24,0.0
TUSAYAN,20207,ATUS,35.98833,-112.12056,6570,2026-08-23,F,53,90,18,61,0,3,3,11,0.0
TWEEDS POINT,20109,ATWE,36.58186,-113.732,5334,2026-08-23,F,77,94,14,25,8,15,15,31,0.0
UNION PASS,20116,AUNI,35.23233,-114.38194,3590,2026-08-23,F,83,100,14,22,1,10,5,23,0.0
VERDE,20503,AVER,34.54917,-111.84417,3101,2026-08-23,F,73,106,16,55,2,5,5,13,0.04
WARM SPRINGS CANYON,20216,AWAR,36.70117,-112.22689,7953,2026-08-23,F,58,84,19,49,5,10,9,17,0.0
WASHINGTON PASS,290101,XWAS,36.0765,-108.8615,9384,2026-08-23,F,57,77,28,60,2,10,3,15,0.05
WILD RIVERS,290307,XWDR,36.69469,-105.66872,7530,2026-08-23,F,54,86,22,71,1,13,1,17,0.07
YELLOW JOHN MOUNTAIN,20217,AYEL,36.155,-113.54944,6160,2026-08-23,F,57,91,16,49,2,6,6,18,0.0
ZUNI BUTTES,290603,XZUB,35.13919,-108.94131,6649,2026-08-23,F,58,91,18,69,2,14,3,19,0.0
10K,55522198,X10K,35.2085,-106.43586,10065,2026-08-23,F,54,76,24,59,3,11,5,16,0.0
AHAKHAV PRESERVE,21503,AAHA,34.13222,-114.32917,363,2026-08-23,F,87,112,16,35,1,11,5,22,0.0
ALBINO CANYON,290102,XALB,36.97661,-107.62892,7173,2026-08-23,F,61,90,20,69,1,15,1,21,0.0
ALPINE,20401,AALP,33.84272,-109.11161,8207,2026-08-23,F,56,80,26,64,1,5,5,11,0.0
BAKERS TANK,55522210,AHBB,32.61528,-114.00836,563,2026-08-23,F,89,109,21,43,3,15,6,25,0.0
BARTLEY,291002,XBAR,35.90875,-105.38769,9192,2026-08-23,F,56,80,26,60,3,11,5,16,0.0
BATDRAW,293101,XBAD,32.17861,-104.44056,4425,2026-08-23,F,75,99,13,33,5,14,6,23,0.0
BEAVERHEAD,292001,XBEA,33.42353,-108.11019,6750,2026-08-23,F,54,89,20,77,1,7,1,9,0.0
BELMONT,21504,ABEL,33.67411,-112.92281,1813,2026-08-23,F,86,108,14,30,3,11,8,17,0.0
BLACK HILLS,21008,ABLA,33.08203,-109.95119,3262,2026-08-23,F,80,105,12,36,2,7,7,16,0.0
BLACK MESA,290305,XBLM,36.03708,-106.04964,5762,2026-08-23,F,59,93,20,67,2,9,3,13,0.02
BLACK ROCK,20114,ABRK,36.79436,-113.75056,7224,2026-08-23,F,68,85,18,33,3,6,10,21,0.0
BLUEWATER RIDGE,293303,XBLR,35.19411,-108.16336,8274,2026-08-23,F,58,82,26,60,1,8,1,11,0.02
BOSQUE,292103,XBOS,33.82064,-106.88169,4523,2026-08-23,F,66,100,13,58,2,9,3,13,0.0
BRIGHT ANGEL,20211,ACAN,36.20472,-112.06222,8134,2026-08-23,F,60,85,19,44,2,11,3,17,0.0
BRUSHY MOUNTAIN,291301,XBRU,34.72,-107.8484,8789,2026-08-23,F,57,82,25,60,3,10,5,15,0.01
BUCKSKIN MTN,20224,ABUC,36.91808,-112.19981,6334,2026-08-23,F,65,90,16,43,2,9,6,22,0.0
BURRO MOUNTAIN,292504,XBUR,32.67203,-108.53969,6995,2026-08-23,F,68,92,16,40,6,15,13,22,0.0
CANELO,21303,ACNL,31.54972,-110.51917,4629,2026-08-23,F,68,94,23,64,3,10,6,17,0.02
CAPROCK,293104,XCAP,32.92728,-103.85689,4167,2026-08-23,F,71,99,14,46,8,15,11,22,0.0
CARR,21411,ACAA,31.44111,-110.28611,5400,2026-08-23,F,71,95,23,52,2,7,7,16,0.0
CASA GRANDE,20906,ACSG,32.99177,-111.53264,1412,2026-08-23,F,84,108,16,39,3,15,3,26,0.0
CAVE CREEK,55522232,ACAV,34.0899,-111.8465,3477,2026-08-23,F,75,104,14,40,2,6,6,13,0.0
CEDAR RIDGE,55523718,ACED,32.59872,-110.76231,4735,2026-08-23,F,77,98,17,39,3,9,7,16,0.03
CHERRY,20511,ACHE,34.59661,-112.04761,5147,2026-08-23,F,65,95,20,56,2,6,7,16,0.0
CHUPADERA,292102,XCHU,33.77294,-106.0985,5580,2026-08-23,F,67,95,14,47,3,13,5,17,0.0
CIBOLA,20121,ACBL,33.28,-114.68489,252,2026-08-23,F,89,114,15,38,3,11,7,21,0.0
CIMARRON,290401,XCIM,36.60611,-105.12028,8806,2026-08-23,F,51,81,26,80,2,8,3,11,0.0
CIPRIANO,55522238,ARIP,32.4235,-114.16211,1042,2026-08-23,F,90,108,24,51,3,15,7,23,0.0
COLUMBINE,21005,ACOL,32.70389,-109.91389,9521,2026-08-23,F,56,76,26,57,1,3,5,13,0.0
COSMIC,293004,XCOS,32.77925,-105.81989,9172,2026-08-23,F,57,79,24,49,2,8,6,18,0.0
COYOTE,290202,XCOY,36.07333,-106.65739,8704,2026-08-23,F,54,82,24,66,5,13,7,17,0.08
CROWN KING,20502,ACRO,34.20336,-112.34561,6173,2026-08-23,F,68,92,20,43,2,3,8,13,0.02
CUBA,290705,XCUB,35.942,-107.07739,6890,2026-08-23,F,59,88,19,58,2,11,3,16,0.03
DATIL,292012,XDAT,34.29256,-107.768,8431,2026-08-23,F,57,81,24,61,3,10,5,15,0.06
DEADMAN PEAK,290203,XDEA,36.4229,-106.772,8389,2026-08-23,F,58,84,17,58,2,14,3,19,0.0
DEVILS HILLS,55522251,ADVH,32.42483,-113.79011,836,2026-08-23,F,89,108,21,43,3,16,7,24,0.0
DRIPPING SPRINGS,292903,XDRI,32.32225,-106.58661,5814,2026-08-23,F,74,94,14,31,2,7,7,21,0.0
DRY LAKE,21009,ADRL,33.35982,-109.83306,7405,2026-08-23,F,65,90,18,49,5,7,11,15,0.0
DRY PARK,20212,ADRY,36.45308,-112.23819,8700,2026-08-23,F,55,80,22,53,2,9,5,16,0.0
DULCE #2,290205,XDUL,36.93519,-107.00011,6805,2026-08-23,F,52,90,20,92,2,13,3,17,0.0
DUNKEN,292302,XDUN,32.82467,-105.18261,5431,2026-08-23,F,67,95,14,39,5,14,7,19,0.0
DUTCH KID,55522257,ADUT,35.12931,-112.28219,6505,2026-08-23,F,61,90,20,54,3,9,7,18,0.0
EIGHT MILE DRAW,292301,XEIG,33.65064,-104.32139,3626,2026-08-23,F,71,105,11,42,3,15,5,21,0.0
EMPIRE,21205,AEMP,31.78347,-110.64325,4650,2026-08-23,F,70,96,20,58,2,6,5,16,0.03
FLAGSTAFF,20209,AFLG,35.14111,-111.6725,6903,2026-08-23,F,56,86,21,63,0,6,3,15,0.0
FORT YUMA,20102,AFYM,32.65222,-114.63417,185,2026-08-23,F,89,111,21,53,3,11,6,22,0.0
FOUR SPRINGS,20227,AFOU,36.79367,-112.04239,6560,2026-08-23,F,68,88,17,39,3,8,7,17,0.0
FRAZIER WELLS,20213,AFRA,35.84551,-113.05501,6796,2026-08-23,F,66,86,19,37,3,11,7,17,0.0
FTHL YDMA,55522271,AFTH,32.48658,-114.4635,331,2026-08-23,F,90,111,23,55,3,17,6,24,0.0
GILA CENTER RAWS,292011,XGIL,33.22375,-108.24031,5767,2026-08-23,F,56,93,17,81,1,7,1,9,0.01
GLOBE,20601,AGLO,33.32694,-110.76694,4137,2026-08-23,F,79,99,18,36,2,10,7,17,0.0
GOLDFIELD,21505,AGOL,33.55531,-111.6145,1367,2026-08-23,F,86,110,14,36,2,15,6,24,0.0
GOODWIN MESA,20507,AGOO,34.77614,-113.3375,4311,2026-08-23,F,75,100,16,34,3,11,5,16,0.0
GRANTS,291302,XGRA,35.24278,-107.66528,8620,2026-08-23,F,54,82,24,71,2,9,3,13,0.0
GREENBASE,20284,AGRB,35.27619,-112.06325,6923,2026-08-23,F,57,85,22,59,1,8,5,17,0.0
GREER,20404,AGRE,34.05853,-109.44097,8240,2026-08-23,F,56,79,29,61,2,6,5,11,0.05
GUNSIGHT,20223,AGUN,36.70464,-112.5835,5284,2026-08-23,F,69,96,14,38,2,9,5,22,0.0
GUTHRIE,21104,AGUT,32.88203,-109.30931,6324,2026-08-23,F,71,92,15,41,5,16,11,24,0.0
HACHITA VALLEY,292702,XHAC,31.702,-108.34169,4290,2026-08-23,F,71,101,12,35,2,9,5,14,0.0
HAPPY JACK,20291,AHJK,34.61797,-111.34239,6812,2026-08-23,F,58,86,25,64,0,6,3,17,0.02
HAVASU,20118,AHAV,34.80758,-114.53456,475,2026-08-23,F,86,116,11,37,1,9,3,21,0.0
HEADQUARTERS,21409,ACHR,32.00611,-109.35694,5400,2026-08-23,F,69,96,16,43,2,6,7,13,0.0
HEBER,20301,AHBR,34.39778,-110.56444,6635,2026-08-23,F,61,87,23,60,1,6,5,15,0.03
HILLTOP,20609,AHIL,33.61119,-110.41461,5732,2026-08-23,F,63,92,21,63,2,11,7,18,0.0
HOPI,20312,AHPI,35.86292,-110.61495,5579,2026-08-23,F,64,96,15,56,3,11,8,24,0.0
HOPKINS,21302,AHPK,31.67528,-110.88,7120,2026-08-23,F,68,86,28,57,5,9,9,14,0.11
HORSE CAMP CANYON,20903,AHOR,32.93656,-110.4935,4014,2026-08-23,F,76,100,16,38,3,9,9,21,0.01
HUMBUG CREEK,20508,AHUM,34.11,-112.3,5250,2026-08-23,F,77,94,20,33,5,11,9,23,0.04
HURRICANE,20117,AHUR,36.69908,-113.20731,5445,2026-08-23,F,68,95,14,37,7,13,13,25,0.0
IRON SPRINGS,20501,AIRO,34.59361,-112.51139,5385,2026-08-23,F,67,92,20,48,1,6,5,16,0.04
JARITA MESA,290204,XJAR,36.55597,-106.10306,8864,2026-08-23,F,55,82,22,66,2,13,3,17,0.03
JEMEZ,290702,XJEM,35.84114,-106.61969,8248,2026-08-23,F,56,85,21,66,5,11,7,16,0.01
LAGUNA,293304,XLAG,35.05197,-107.42028,5805,2026-08-23,F,65,93,17,56,2,11,3,16,0.0
LAKESIDE,20303,ALAK,34.16283,-109.87639,7267,2026-08-23,F,58,85,26,65,2,6,7,11,0.03
LIMESTONE CANYON,20309,ALIM,34.17786,-110.27663,7102,2026-08-23,F,65,89,23,49,1,6,3,13,0.02
LINDBERGH HILL,20220,ALBE,36.28556,-112.07861,8800,2026-08-23,F,57,82,22,49,3,9,7,15,0.0
LUNA,292004,XLUN,33.82289,-108.94311,7088,2026-08-23,F,54,87,21,75,2,11,3,16,0.0
MAGDALENA,292104,XMAG,33.85061,-107.539,8495,2026-08-23,F,58,82,23,53,3,8,5,11,0.0
MALPAIS LAVA FLOW,293301,XMAL,34.85181,-108.17461,7514,2026-08-23,F,56,86,23,72,2,13,3,17,0.0
MAYHILL,293002,XMAY,32.90947,-105.46981,6599,2026-08-23,F,59,91,16,54,2,6,8,16,0.0
MCGREGGOR RANGE,292901,XMCG,32.43133,-105.62181,4832,2026-08-23,F,69,99,13,42,3,10,6,14,0.0
MELROSE RANGE,291901,XMEL,34.28422,-103.71497,4263,2026-08-23,F,72,101,12,41,8,14,11,19,0.0
MESCAL,293003,XMES,33.15803,-105.76881,6227,2026-08-23,F,57,88,20,59,2,7,6,14,0.0
MIDNIGHT,55522315,XMID,36.77819,-105.34131,10815,2026-08-23,F,44,73,28,89,5,9,7,13,0.0
MILLS CANYON,291101,XMIL,36.05453,-104.32511,5881,2026-08-23,F,61,95,18,65,3,14,5,19,0.01
MOGOLLON,292013,XMOG,33.39064,-108.80819,7602,2026-08-23,F,62,88,20,49,2,9,3,13,0.0
MOHAWK DUNES,55522318,AMOD,32.68878,-113.74889,524,2026-08-23,F,88,110,21,46,3,15,6,24,0.0
MORMON LAKE,20215,AMOL,34.90972,-111.43842,7094,2026-08-23,F,58,86,22,59,1,3,3,14,0.03
MOSS BASIN,20115,AMOS,35.03397,-113.89406,5920,2026-08-23,F,68,92,18,37,5,11,8,17,0.01
MOUNTAINAIR,291501,XMOU,34.52081,-106.26269,6593,2026-08-23,F,62,91,16,54,3,11,5,16,0.0
MOUNTAIN LION,20310,AFAP,33.69511,-109.71078,7269,2026-08-23,F,58,85,25,59,1,3,6,10,0.0
MOUNT LOGAN,20107,AMTL,36.35306,-113.19917,7605,2026-08-23,F,64,82,20,37,6,10,11,24,0.0
MULESHOE RANCH,21007,AMUL,32.40383,-110.272,4475,2026-08-23,F,73,99,16,44,2,6,6,17,0.0
MUSIC MOUNTAIN,20119,AMUS,35.61497,-113.79428,5375,2026-08-23,F,71,96,15,33,5,14,9,24,0.0
NAVAJO MONUMENT,20307,ANAV,36.67667,-110.54389,7204,2026-08-23,F,61,87,18,55,5,9,8,15,0.0
NEVERSHINE,55522326,ANEV,36.24753,-113.88851,2165,2026-08-23,F,85,107,11,24,6,13,8,16,0.0
NIXON FLATS,20113,ANIX,36.38833,-113.15806,6500,2026-08-23,F,61,87,17,48,2,7,5,19,0.0
NOON CREEK,21010,ANOO,32.66778,-109.78806,4925,2026-08-23,F,72,100,13,38,3,8,5,15,0.0
OAK CREEK,20219,AOAK,34.94686,-111.75444,4804,2026-08-23,F,69,98,16,44,2,3,7,14,0.0
OAK FLATS,291402,XOAK,35.00614,-106.31583,7675,2026-08-23,F,59,88,19,62,3,10,5,15,0.0
OATMAN,21502,AOAT,33.04994,-113.13867,1715,2026-08-23,F,88,111,17,39,3,14,6,25,0.02
OLAF KNOLLS,20108,AOLA,36.50725,-113.81589,2974,2026-08-23,F,82,105,11,23,6,11,11,24,0.0
PADUCA,293202,XPAD,32.17983,-103.722,3534,2026-08-23,F,73,100,16,46,6,14,7,23,0.0
PARIA POINT,20226,APAR,36.72753,-111.822,7106,2026-08-23,F,67,88,18,39,2,6,7,16,0.0
PAYSON,20602,APAY,34.24614,-111.2935,5064,2026-08-23,F,68,95,22,53,2,6,6,14,0.0
PECOS,291202,XPEC,35.54558,-105.49439,8229,2026-08-23,F,60,84,20,53,3,15,5,21,0.04
PELONA MOUNTAIN,292009,XPEL,33.69375,-108.06161,7955,2026-08-23,F,59,83,22,56,2,9,3,13,0.02
PICACHO PEAK,55522341,APIC,32.66314,-111.42154,1750,2026-08-23,F,81,104,16,41,3,7,5,13,0.0
PINE,20612,APNE,34.37181,-111.4555,5313,2026-08-23,F,68,94,21,48,2,6,7,14,0.0
PINEDALE,55522344,APND,34.30617,-110.23661,6461,2026-08-23,F,65,89,23,50,3,6,6,14,0.04
PINEY HILL,20402,APIN,35.76111,-109.16719,8061,2026-08-23,F,61,81,24,56,2,6,5,13,0.04
PLEASANT VALLEY,20603,APLE,34.08858,-110.94225,5232,2026-08-23,F,66,95,19,52,2,5,5,13,0.0
PROMONTORY,20221,APRO,34.36528,-111.01444,7842,2026-08-23,F,63,82,30,48,1,3,5,11,0.02
QUEEN,293105,XQUN,32.20361,-104.69031,5642,2026-08-23,F,68,93,15,39,6,13,8,18,0.0
RAMAH,293305,XRAM,34.81947,-108.29439,7645,2026-08-23,F,55,85,22,75,2,14,3,19,0.0
RED CANYON,55523735,XRDC,34.62289,-106.40831,8070,2026-08-23,F,60,80,18,53,5,10,7,15,0.0
RED LAKE,20610,ARED,34.18133,-110.78919,6524,2026-08-23,F,59,89,25,67,0,2,3,8,0.0
RESERVE,292005,XRES,33.71489,-108.777,5846,2026-08-23,F,58,93,16,69,1,13,1,17,0.01
RINCON,21207,ARIN,32.20639,-110.54861,8209,2026-08-23,F,62,78,28,52,3,9,8,14,0.0
RUCKER,21414,ARUC,31.76111,-109.34861,5700,2026-08-23,F,65,92,16,45,2,5,6,15,0.0
SAGUARO,21202,ASAG,32.31111,-110.81861,2758,2026-08-23,F,81,106,17,43,2,5,5,15,0.0
SAN ANDRES,292904,XSAA,32.58008,-106.52719,6137,2026-08-23,F,70,93,15,34,2,6,7,16,0.0
SAN CARLOS #1,20608,ASCA,33.37165,-110.45683,2830,2026-08-23,F,78,107,13,40,2,14,6,23,0.0
SANDIA LAB,291408,XSLB,35.00406,-106.41148,6321,2026-08-23,F,64,90,20,58,2,11,3,16,0.0
SANDIA LAKES,290706,XSLK,35.22967,-106.59061,5027,2026-08-23,F,67,98,18,58,2,10,3,15,0.0
SANTA FE WATERSHED,290901,XSFW,35.68686,-105.86031,7749,2026-08-23,F,56,85,21,64,3,13,5,17,0.0
SASABE,21206,ASAS,31.69169,-111.44811,3500,2026-08-23,F,74,101,21,65,3,7,6,17,0.03
SCOUT CAMP,21208,ASOL,32.39806,-110.725,7554,2026-08-23,F,66,85,27,53,2,8,7,15,0.04
SELLS,21209,ASES,31.91014,-111.89743,2262,2026-08-23,F,81,105,20,57,2,8,6,17,0.0
SEVILLETA,292105,XSEV,34.35844,-106.6895,5246,2026-08-23,F,67,97,14,53,2,10,3,15,0.0
SHADOW RIM,20611,ASHA,34.40586,-111.28319,5660,2026-08-23,F,67,96,20,49,1,5,3,14,0.0
SLAUGHTER,292008,XSLA,34.06056,-108.44472,8680,2026-08-23,F,57,80,27,60,2,14,3,19,0.0
SMITH PEAK,21501,ASMI,34.11486,-113.34733,2386,2026-08-23,F,88,107,14,25,3,10,7,18,0.02
SMOKEY BEAR,292203,XSMO,33.35019,-105.686,7194,2026-08-23,F,58,88,22,60,2,10,3,15,0.0
SOWATS,55523737,ASOW,36.48242,-112.42281,7038,2026-08-23,F,61,88,18,46,5,9,8,15,0.0
STANTON,20509,ASTA,34.16403,-112.73486,3600,2026-08-23,F,84,101,16,28,3,9,10,22,0.0
STONE LAKE,290201,XSTO,36.73161,-106.86581,7436,2026-08-23,F,56,88,19,71,2,14,3,19,0.0
STRAY HORSE,21106,ASTH,33.55253,-109.31719,7956,2026-08-23,F,62,80,22,47,5,10,9,16,0.03
SUNSET POINT,20510,ASUN,34.18847,-112.13467,3380,2026-08-23,F,80,103,15,34,2,9,8,19,0.02
TANKS,55522384,ATNK,33.67314,-110.57431,5801,2026-08-23,F,65,90,22,56,5,13,9,19,0.0
TAOS PUEBLO RAWS,55522385,XTAP,36.41461,-105.55689,7135,2026-08-23,F,58,88,23,64,2,14,3,19,0.06
T BAR,55523738,XTBA,33.51789,-108.52419,8047,2026-08-23,F,54,82,23,69,1,10,1,15,0.01
TONTO BASIN,20606,ATON,33.86861,-111.31333,2414,2026-08-23,F,80,106,15,40,2,15,6,23,0.04
TOWER,290801,XTOW,35.77899,-106.26611,6529,2026-08-23,F,62,92,19,58,3,10,5,15,0.14
TRAIL CABIN,21105,ATRA,33.26478,-109.36789,6250,2026-08-23,F,67,92,17,49,6,8,9,15,0.0
TRUCHAS,290210,XTRU,36.059,-105.7695,8353,2026-08-23,F,50,83,23,73,2,11,3,16,0.01
TRUXTON CANYON,20120,ATRU,35.78013,-113.79563,5304,2026-08-23,F,76,92,17,30,3,11,7,24,0.0
TUSAYAN,20207,ATUS,35.98833,-112.12056,6570,2026-08-23,F,53,90,18,61,0,3,3,11,0.0
TWEEDS POINT,20109,ATWE,36.58186,-113.732,5334,2026-08-23,F,77,94,14,25,8,15,15,31,0.0
UNION PASS,20116,AUNI,35.23233,-114.38194,3590,2026-08-23,F,83,100,14,22,1,10,5,23,0.0
VERDE,20503,AVER,34.54917,-111.84417,3101,2026-08-23,F,73,106,16,55,2,5,5,13,0.04
WARM SPRINGS CANYON,20216,AWAR,36.70117,-112.22689,7953,2026-08-23,F,58,84,19,49,5,10,9,17,0.0
WASHINGTON PASS,290101,XWAS,36.0765,-108.8615,9384,2026-08-23,F,57,77,28,60,2,10,3,15,0.05
WILD RIVERS,290307,XWDR,36.69469,-105.66872,7530,2026-08-23,F,54,86,22,71,1,13,1,17,0.07
YELLOW JOHN MOUNTAIN,20217,AYEL,36.155,-113.54944,6160,2026-08-23,F,57,91,16,49,2,6,6,18,0.0
ZUNI BUTTES,290603,XZUB,35.13919,-108.94131,6649,2026-08-23,F,58,91,18,69,2,14,3,19,0.0
10K,55522198,X10K,35.2085,-106.43586,10065,2026-08-23,F,54,76,24,59,3,11,5,16,0.0
AHAKHAV PRESERVE,21503,AAHA,34.13222,-114.32917,363,2026-08-23,F,87,112,16,35,1,11,5,22,0.0
ALBINO CANYON,290102,XALB,36.97661,-107.62892,7173,2026-08-23,F,61,90,20,69,1,15,1,21,0.0
ALPINE,20401,AALP,33.84272,-109.11161,8207,2026-08-23,F,56,80,26,64,1,5,5,11,0.0
BAKERS TANK,55522210,AHBB,32.61528,-114.00836,563,2026-08-23,F,89,109,21,43,3,15,6,25,0.0
BARTLEY,291002,XBAR,35.90875,-105.38769,9192,2026-08-23,F,56,80,26,60,3,11,5,16,0.0
BATDRAW,293101,XBAD,32.17861,-104.44056,4425,2026-08-23,F,75,99,13,33,5,14,6,23,0.0
BEAVERHEAD,292001,XBEA,33.42353,-108.11019,6750,2026-08-23,F,54,89,20,77,1,7,1,9,0.0
BELMONT,21504,ABEL,33.67411,-112.92281,1813,2026-08-23,F,86,108,14,30,3,11,8,17,0.0
BLACK HILLS,21008,ABLA,33.08203,-109.95119,3262,2026-08-23,F,80,105,12,36,2,7,7,16,0.0
BLACK MESA,290305,XBLM,36.03708,-106.04964,5762,2026-08-23,F,59,93,20,67,2,9,3,13,0.02
BLACK ROCK,20114,ABRK,36.79436,-113.75056,7224,2026-08-23,F,68,85,18,33,3,6,10,21,0.0
BLUEWATER RIDGE,293303,XBLR,35.19411,-108.16336,8274,2026-08-23,F,58,82,26,60,1,8,1,11,0.02
BOSQUE,292103,XBOS,33.82064,-106.88169,4523,2026-08-23,F,66,100,13,58,2,9,3,13,0.0
BRIGHT ANGEL,20211,ACAN,36.20472,-112.06222,8134,2026-08-23,F,60,85,19,44,2,11,3,17,0.0
BRUSHY MOUNTAIN,291301,XBRU,34.72,-107.8484,8789,2026-08-23,F,57,82,25,60,3,10,5,15,0.01
BUCKSKIN MTN,20224,ABUC,36.91808,-112.19981,6334,2026-08-23,F,65,90,16,43,2,9,6,22,0.0
BURRO MOUNTAIN,292504,XBUR,32.67203,-108.53969,6995,2026-08-23,F,68,92,16,40,6,15,13,22,0.0
CANELO,21303,ACNL,31.54972,-110.51917,4629,2026-08-23,F,68,94,23,64,3,10,6,17,0.02
CAPROCK,293104,XCAP,32.92728,-103.85689,4167,2026-08-23,F,71,99,14,46,8,15,11,22,0.0
CARR,21411,ACAA,31.44111,-110.28611,5400,2026-08-23,F,71,95,23,52,2,7,7,16,0.0
CASA GRANDE,20906,ACSG,32.99177,-111.53264,1412,2026-08-23,F,84,108,16,39,3,15,3,26,0.0
CAVE CREEK,55522232,ACAV,34.0899,-111.8465,3477,2026-08-23,F,75,104,14,40,2,6,6,13,0.0
CEDAR RIDGE,55523718,ACED,32.59872,-110.76231,4735,2026-08-23,F,77,98,17,39,3,9,7,16,0.03
CHERRY,20511,ACHE,34.59661,-112.04761,5147,2026-08-23,F,65,95,20,56,2,6,7,16,0.0
CHUPADERA,292102,XCHU,33.77294,-106.0985,5580,2026-08-23,F,67,95,14,47,3,13,5,17,0.0
CIBOLA,20121,ACBL,33.28,-114.68489,252,2026-08-23,F,89,114,15,38,3,11,7,21,0.0
CIMARRON,290401,XCIM,36.60611,-105.12028,8806,2026-08-23,F,51,81,26,80,2,8,3,11,0.0
CIPRIANO,55522238,ARIP,32.4235,-114.16211,1042,2026-08-23,F,90,108,24,51,3,15,7,23,0.0
COLUMBINE,21005,ACOL,32.70389,-109.91389,9521,2026-08-23,F,56,76,26,57,1,3,5,13,0.0
COSMIC,293004,XCOS,32.77925,-105.81989,9172,2026-08-23,F,57,79,24,49,2,8,6,18,0.0
COYOTE,290202,XCOY,36.07333,-106.65739,8704,2026-08-23,F,54,82,24,66,5,13,7,17,0.08
CROWN KING,20502,ACRO,34.20336,-112.34561,6173,2026-08-23,F,68,92,20,43,2,3,8,13,0.02
CUBA,290705,XCUB,35.942,-107.07739,6890,2026-08-23,F,59,88,19,58,2,11,3,16,0.03
DATIL,292012,XDAT,34.29256,-107.768,8431,2026-08-23,F,57,81,24,61,3,10,5,15,0.06
DEADMAN PEAK,290203,XDEA,36.4229,-106.772,8389,2026-08-23,F,58,84,17,58,2,14,3,19,0.0
DEVILS HILLS,55522251,ADVH,32.42483,-113.79011,836,2026-08-23,F,89,108,21,43,3,16,7,24,0.0
DRIPPING SPRINGS,292903,XDRI,32.32225,-106.58661,5814,2026-08-23,F,74,94,14,31,2,7,7,21,0.0
DRY LAKE,21009,ADRL,33.35982,-109.83306,7405,2026-08-23,F,65,90,18,49,5,7,11,15,0.0
DRY PARK,20212,ADRY,36.45308,-112.23819,8700,2026-08-23,F,55,80,22,53,2,9,5,16,0.0
DULCE #2,290205,XDUL,36.93519,-107.00011,6805,2026-08-23,F,52,90,20,92,2,13,3,17,0.0
DUNKEN,292302,XDUN,32.82467,-105.18261,5431,2026-08-23,F,67,95,14,39,5,14,7,19,0.0
DUTCH KID,55522257,ADUT,35.12931,-112.28219,6505,2026-08-23,F,61,90,20,54,3,9,7,18,0.0
EIGHT MILE DRAW,292301,XEIG,33.65064,-104.32139,3626,2026-08-23,F,71,105,11,42,3,15,5,21,0.0
EMPIRE,21205,AEMP,31.78347,-110.64325,4650,2026-08-23,F,70,96,20,58,2,6,5,16,0.03
FLAGSTAFF,20209,AFLG,35.14111,-111.6725,6903,2026-08-23,F,56,86,21,63,0,6,3,15,0.0
FORT YUMA,20102,AFYM,32.65222,-114.63417,185,2026-08-23,F,89,111,21,53,3,11,6,22,0.0
FOUR SPRINGS,20227,AFOU,36.79367,-112.04239,6560,2026-08-23,F,68,88,17,39,3,8,7,17,0.0
FRAZIER WELLS,20213,AFRA,35.84551,-113.05501,6796,2026-08-23,F,66,86,19,37,3,11,7,17,0.0
FTHL YDMA,55522271,AFTH,32.48658,-114.4635,331,2026-08-23,F,90,111,23,55,3,17,6,24,0.0
GILA CENTER RAWS,292011,XGIL,33.22375,-108.24031,5767,2026-08-23,F,56,93,17,81,1,7,1,9,0.01
GLOBE,20601,AGLO,33.32694,-110.76694,4137,2026-08-23,F,79,99,18,36,2,10,7,17,0.0
GOLDFIELD,21505,AGOL,33.55531,-111.6145,1367,2026-08-23,F,86,110,14,36,2,15,6,24,0.0
GOODWIN MESA,20507,AGOO,34.77614,-113.3375,4311,2026-08-23,F,75,100,16,34,3,11,5,16,0.0
GRANTS,291302,XGRA,35.24278,-107.66528,8620,2026-08-23,F,54,82,24,71,2,9,3,13,0.0
GREENBASE,20284,AGRB,35.27619,-112.06325,6923,2026-08-23,F,57,85,22,59,1,8,5,17,0.0
GREER,20404,AGRE,34.05853,-109.44097,8240,2026-08-23,F,56,79,29,61,2,6,5,11,0.05
GUNSIGHT,20223,AGUN,36.70464,-112.5835,5284,2026-08-23,F,69,96,14,38,2,9,5,22,0.0
GUTHRIE,21104,AGUT,32.88203,-109.30931,6324,2026-08-23,F,71,92,15,41,5,16,11,24,0.0
HACHITA VALLEY,292702,XHAC,31.702,-108.34169,4290,2026-08-23,F,71,101,12,35,2,9,5,14,0.0
HAPPY JACK,20291,AHJK,34.61797,-111.34239,6812,2026-08-23,F,58,86,25,64,0,6,3,17,0.02
HAVASU,20118,AHAV,34.80758,-114.53456,475,2026-08-23,F,86,116,11,37,1,9,3,21,0.0
HEADQUARTERS,21409,ACHR,32.00611,-109.35694,5400,2026-08-23,F,69,96,16,43,2,6,7,13,0.0
HEBER,20301,AHBR,34.39778,-110.56444,6635,2026-08-23,F,61,87,23,60,1,6,5,15,0.03
HILLTOP,20609,AHIL,33.61119,-110.41461,5732,2026-08-23,F,63,92,21,63,2,11,7,18,0.0
HOPI,20312,AHPI,35.86292,-110.61495,5579,2026-08-23,F,64,96,15,56,3,11,8,24,0.0
HOPKINS,21302,AHPK,31.67528,-110.88,7120,2026-08-23,F,68,86,28,57,5,9,9,14,0.11
HORSE CAMP CANYON,20903,AHOR,32.93656,-110.4935,4014,2026-08-23,F,76,100,16,38,3,9,9,21,0.01
HUMBUG CREEK,20508,AHUM,34.11,-112.3,5250,2026-08-23,F,77,94,20,33,5,11,9,23,0.04
HURRICANE,20117,AHUR,36.69908,-113.20731,5445,2026-08-23,F,68,95,14,37,7,13,13,25,0.0
IRON SPRINGS,20501,AIRO,34.59361,-112.51139,5385,2026-08-23,F,67,92,20,48,1,6,5,16,0.04
JARITA MESA,290204,XJAR,36.55597,-106.10306,8864,2026-08-23,F,55,82,22,66,2,13,3,17,0.03
JEMEZ,290702,XJEM,35.84114,-106.61969,8248,2026-08-23,F,56,85,21,66,5,11,7,16,0.01
LAGUNA,293304,XLAG,35.05197,-107.42028,5805,2026-08-23,F,65,93,17,56,2,11,3,16,0.0
LAKESIDE,20303,ALAK,34.16283,-109.87639,7267,2026-08-23,F,58,85,26,65,2,6,7,11,0.03
LIMESTONE CANYON,20309,ALIM,34.17786,-110.27663,7102,2026-08-23,F,65,89,23,49,1,6,3,13,0.02
LINDBERGH HILL,20220,ALBE,36.28556,-112.07861,8800,2026-08-23,F,57,82,22,49,3,9,7,15,0.0
LUNA,292004,XLUN,33.82289,-108.94311,7088,2026-08-23,F,54,87,21,75,2,11,3,16,0.0
MAGDALENA,292104,XMAG,33.85061,-107.539,8495,2026-08-23,F,58,82,23,53,3,8,5,11,0.0
MALPAIS LAVA FLOW,293301,XMAL,34.85181,-108.17461,7514,2026-08-23,F,56,86,23,72,2,13,3,17,0.0
MAYHILL,293002,XMAY,32.90947,-105.46981,6599,2026-08-23,F,59,91,16,54,2,6,8,16,0.0
MCGREGGOR RANGE,292901,XMCG,32.43133,-105.62181,4832,2026-08-23,F,69,99,13,42,3,10,6,14,0.0
MELROSE RANGE,291901,XMEL,34.28422,-103.71497,4263,2026-08-23,F,72,101,12,41,8,14,11,19,0.0
MESCAL,293003,XMES,33.15803,-105.76881,6227,2026-08-23,F,57,88,20,59,2,7,6,14,0.0
MIDNIGHT,55522315,XMID,36.77819,-105.34131,10815,2026-08-23,F,44,73,28,89,5,9,7,13,0.0
MILLS CANYON,291101,XMIL,36.05453,-104.32511,5881,2026-08-23,F,61,95,18,65,3,14,5,19,0.01
MOGOLLON,292013,XMOG,33.39064,-108.80819,7602,2026-08-23,F,62,88,20,49,2,9,3,13,0.0
MOHAWK DUNES,55522318,AMOD,32.68878,-113.74889,524,2026-08-23,F,88,110,21,46,3,15,6,24,0.0
MORMON LAKE,20215,AMOL,34.90972,-111.43842,7094,2026-08-23,F,58,86,22,59,1,3,3,14,0.03
MOSS BASIN,20115,AMOS,35.03397,-113.89406,5920,2026-08-23,F,68,92,18,37,5,11,8,17,0.01
MOUNTAINAIR,291501,XMOU,34.52081,-106.26269,6593,2026-08-23,F,62,91,16,54,3,11,5,16,0.0
MOUNTAIN LION,20310,AFAP,33.69511,-109.71078,7269,2026-08-23,F,58,85,25,59,1,3,6,10,0.0
MOUNT LOGAN,20107,AMTL,36.35306,-113.19917,7605,2026-08-23,F,64,82,20,37,6,10,11,24,0.0
MULESHOE RANCH,21007,AMUL,32.40383,-110.272,4475,2026-08-23,F,73,99,16,44,2,6,6,17,0.0
MUSIC MOUNTAIN,20119,AMUS,35.61497,-113.79428,5375,2026-08-23,F,71,96,15,33,5,14,9,24,0.0
NAVAJO MONUMENT,20307,ANAV,36.67667,-110.54389,7204,2026-08-23,F,61,87,18,55,5,9,8,15,0.0
NEVERSHINE,55522326,ANEV,36.24753,-113.88851,2165,2026-08-23,F,85,107,11,24,6,13,8,16,0.0
NIXON FLATS,20113,ANIX,36.38833,-113.15806,6500,2026-08-23,F,61,87,17,48,2,7,5,19,0.0
NOON CREEK,21010,ANOO,32.66778,-109.78806,4925,2026-08-23,F,72,100,13,38,3,8,5,15,0.0
OAK CREEK,20219,AOAK,34.94686,-111.75444,4804,2026-08-23,F,69,98,16,44,2,3,7,14,0.0
OAK FLATS,291402,XOAK,35.00614,-106.31583,7675,2026-08-23,F,59,88,19,62,3,10,5,15,0.0
OATMAN,21502,AOAT,33.04994,-113.13867,1715,2026-08-23,F,88,111,17,39,3,14,6,25,0.02
OLAF KNOLLS,20108,AOLA,36.50725,-113.81589,2974,2026-08-23,F,82,105,11,23,6,11,11,24,0.0
PADUCA,293202,XPAD,32.17983,-103.722,3534,2026-08-23,F,73,100,16,46,6,14,7,23,0.0
PARIA POINT,20226,APAR,36.72753,-111.822,7106,2026-08-23,F,67,88,18,39,2,6,7,16,0.0
PAYSON,20602,APAY,34.24614,-111.2935,5064,2026-08-23,F,68,95,22,53,2,6,6,14,0.0
PECOS,291202,XPEC,35.54558,-105.49439,8229,2026-08-23,F,60,84,20,53,3,15,5,21,0.04
PELONA MOUNTAIN,292009,XPEL,33.69375,-108.06161,7955,2026-08-23,F,59,83,22,56,2,9,3,13,0.02
PICACHO PEAK,55522341,APIC,32.66314,-111.42154,1750,2026-08-23,F,81,104,16,41,3,7,5,13,0.0
PINE,20612,APNE,34.37181,-111.4555,5313,2026-08-23,F,68,94,21,48,2,6,7,14,0.0
PINEDALE,55522344,APND,34.30617,-110.23661,6461,2026-08-23,F,65,89,23,50,3,6,6,14,0.04
PINEY HILL,20402,APIN,35.76111,-109.16719,8061,2026-08-23,F,61,81,24,56,2,6,5,13,0.04
PLEASANT VALLEY,20603,APLE,34.08858,-110.94225,5232,2026-08-23,F,66,95,19,52,2,5,5,13,0.0
PROMONTORY,20221,APRO,34.36528,-111.01444,7842,2026-08-23,F,63,82,30,48,1,3,5,11,0.02
QUEEN,293105,XQUN,32.20361,-104.69031,5642,2026-08-23,F,68,93,15,39,6,13,8,18,0.0
RAMAH,293305,XRAM,34.81947,-108.29439,7645,2026-08-23,F,55,85,22,75,2,14,3,19,0.0
RED CANYON,55523735,XRDC,34.62289,-106.40831,8070,2026-08-23,F,60,80,18,53,5,10,7,15,0.0
RED LAKE,20610,ARED,34.18133,-110.78919,6524,2026-08-23,F,59,89,25,67,0,2,3,8,0.0
RESERVE,292005,XRES,33.71489,-108.777,5846,2026-08-23,F,58,93,16,69,1,13,1,17,0.01
RINCON,21207,ARIN,32.20639,-110.54861,8209,2026-08-23,F,62,78,28,52,3,9,8,14,0.0
RUCKER,21414,ARUC,31.76111,-109.34861,5700,2026-08-23,F,65,92,16,45,2,5,6,15,0.0
SAGUARO,21202,ASAG,32.31111,-110.81861,2758,2026-08-23,F,81,106,17,43,2,5,5,15,0.0
SAN ANDRES,292904,XSAA,32.58008,-106.52719,6137,2026-08-23,F,70,93,15,34,2,6,7,16,0.0
SAN CARLOS #1,20608,ASCA,33.37165,-110.45683,2830,2026-08-23,F,78,107,13,40,2,14,6,23,0.0
SANDIA LAB,291408,XSLB,35.00406,-106.41148,6321,2026-08-23,F,64,90,20,58,2,11,3,16,0.0
SANDIA LAKES,290706,XSLK,35.22967,-106.59061,5027,2026-08-23,F,67,98,18,58,2,10,3,15,0.0
SANTA FE WATERSHED,290901,XSFW,35.68686,-105.86031,7749,2026-08-23,F,56,85,21,64,3,13,5,17,0.0
SASABE,21206,ASAS,31.69169,-111.44811,3500,2026-08-23,F,74,101,21,65,3,7,6,17,0.03
SCOUT CAMP,21208,ASOL,32.39806,-110.725,7554,2026-08-23,F,66,85,27,53,2,8,7,15,0.04
SELLS,21209,ASES,31.91014,-111.89743,2262,2026-08-23,F,81,105,20,57,2,8,6,17,0.0
SEVILLETA,292105,XSEV,34.35844,-106.6895,5246,2026-08-23,F,67,97,14,53,2,10,3,15,0.0
SHADOW RIM,20611,ASHA,34.40586,-111.28319,5660,2026-08-23,F,67,96,20,49,1,5,3,14,0.0
SLAUGHTER,292008,XSLA,34.06056,-108.44472,8680,2026-08-23,F,57,80,27,60,2,14,3,19,0.0
SMITH PEAK,21501,ASMI,34.11486,-113.34733,2386,2026-08-23,F,88,107,14,25,3,10,7,18,0.02
SMOKEY BEAR,292203,XSMO,33.35019,-105.686,7194,2026-08-23,F,58,88,22,60,2,10,3,15,0.0
SOWATS,55523737,ASOW,36.48242,-112.42281,7038,2026-08-23,F,61,88,18,46,5,9,8,15,0.0
STANTON,20509,ASTA,34.16403,-112.73486,3600,2026-08-23,F,84,101,16,28,3,9,10,22,0.0
STONE LAKE,290201,XSTO,36.73161,-106.86581,7436,2026-08-23,F,56,88,19,71,2,14,3,19,0.0
STRAY HORSE,21106,ASTH,33.55253,-109.31719,7956,2026-08-23,F,62,80,22,47,5,10,9,16,0.03
SUNSET POINT,20510,ASUN,34.18847,-112.13467,3380,2026-08-23,F,80,103,15,34,2,9,8,19,0.02
TANKS,55522384,ATNK,33.67314,-110.57431,5801,2026-08-23,F,65,90,22,56,5,13,9,19,0.0
TAOS PUEBLO RAWS,55522385,XTAP,36.41461,-105.55689,7135,2026-08-23,F,58,88,23,64,2,14,3,19,0.06
T BAR,55523738,XTBA,33.51789,-108.52419,8047,2026-08-23,F,54,82,23,69,1,10,1,15,0.01
TONTO BASIN,20606,ATON,33.86861,-111.31333,2414,2026-08-23,F,80,106,15,40,2,15,6,23,0.04
TOWER,290801,XTOW,35.77899,-106.26611,6529,2026-08-23,F,62,92,19,58,3,10,5,15,0.14
TRAIL CABIN,21105,ATRA,33.26478,-109.36789,6250,2026-08-23,F,67,92,17,49,6,8,9,15,0.0
TRUCHAS,290210,XTRU,36.059,-105.7695,8353,2026-08-23,F,50,83,23,73,2,11,3,16,0.01
TRUXTON CANYON,20120,ATRU,35.78013,-113.79563,5304,2026-08-23,F,76,92,17,30,3,11,7,24,0.0
TUSAYAN,20207,ATUS,35.98833,-112.12056,6570,2026-08-23,F,53,90,18,61,0,3,3,11,0.0
TWEEDS POINT,20109,ATWE,36.58186,-113.732,5334,2026-08-23,F,77,94,14,25,8,15,15,31,0.0
UNION PASS,20116,AUNI,35.23233,-114.38194,3590,2026-08-23,F,83,100,14,22,1,10,5,23,0.0
VERDE,20503,AVER,34.54917,-111.84417,3101,2026-08-23,F,73,106,16,55,2,5,5,13,0.04
WARM SPRINGS CANYON,20216,AWAR,36.70117,-112.22689,7953,2026-08-23,F,58,84,19,49,5,10,9,17,0.0
WASHINGTON PASS,290101,XWAS,36.0765,-108.8615,9384,2026-08-23,F,57,77,28,60,2,10,3,15,0.05
WILD RIVERS,290307,XWDR,36.69469,-105.66872,7530,2026-08-23,F,54,86,22,71,1,13,1,17,0.07
YELLOW JOHN MOUNTAIN,20217,AYEL,36.155,-113.54944,6160,2026-08-23,F,57,91,16,49,2,6,6,18,0.0
ZUNI BUTTES,290603,XZUB,35.13919,-108.94131,6649,2026-08-23,F,58,91,18,69,2,14,3,19,0.0
10K,55522198,X10K,35.2085,-106.43586,10065,2026-08-23,F,54,76,24,59,3,11,5,16,0.0
AHAKHAV PRESERVE,21503,AAHA,34.13222,-114.32917,363,2026-08-23,F,87,112,16,35,1,11,5,22,0.0
ALBINO CANYON,290102,XALB,36.97661,-107.62892,7173,2026-08-23,F,61,90,20,69,1,15,1,21,0.0
ALPINE,20401,AALP,33.84272,-109.11161,8207,2026-08-23,F,56,80,26,64,1,5,5,11,0.0
BAKERS TANK,55522210,AHBB,32.61528,-114.00836,563,2026-08-23,F,89,109,21,43,3,15,6,25,0.0
BARTLEY,291002,XBAR,35.90875,-105.38769,9192,2026-08-23,F,56,80,26,60,3,11,5,16,0.0
BATDRAW,293101,XBAD,32.17861,-104.44056,4425,2026-08-23,F,75,99,13,33,5,14,6,23,0.0
BEAVERHEAD,292001,XBEA,33.42353,-108.11019,6750,2026-08-23,F,54,89,20,77,1,7,1,9,0.0
BELMONT,21504,ABEL,33.67411,-112.92281,1813,2026-08-23,F,86,108,14,30,3,11,8,17,0.0
BLACK HILLS,21008,ABLA,33.08203,-109.95119,3262,2026-08-23,F,80,105,12,36,2,7,7,16,0.0
BLACK MESA,290305,XBLM,36.03708,-106.04964,5762,2026-08-23,F,59,93,20,67,2,9,3,13,0.02
BLACK ROCK,20114,ABRK,36.79436,-113.75056,7224,2026-08-23,F,68,85,18,33,3,6,10,21,0.0
BLUEWATER RIDGE,293303,XBLR,35.19411,-108.16336,8274,2026-08-23,F,58,82,26,60,1,8,1,11,0.02
BOSQUE,292103,XBOS,33.82064,-106.88169,4523,2026-08-23,F,66,100,13,58,2,9,3,13,0.0
BRIGHT ANGEL,20211,ACAN,36.20472,-112.06222,8134,2026-08-23,F,60,85,19,44,2,11,3,17,0.0
BRUSHY MOUNTAIN,291301,XBRU,34.72,-107.8484,8789,2026-08-23,F,57,82,25,60,3,10,5,15,0.01
BUCKSKIN MTN,20224,ABUC,36.91808,-112.19981,6334,2026-08-23,F,65,90,16,43,2,9,6,22,0.0
BURRO MOUNTAIN,292504,XBUR,32.67203,-108.53969,6995,2026-08-23,F,68,92,16,40,6,15,13,22,0.0
CANELO,21303,ACNL,31.54972,-110.51917,4629,2026-08-23,F,68,94,23,64,3,10,6,17,0.02
CAPROCK,293104,XCAP,32.92728,-103.85689,4167,2026-08-23,F,71,99,14,46,8,15,11,22,0.0
CARR,21411,ACAA,31.44111,-110.28611,5400,2026-08-23,F,71,95,23,52,2,7,7,16,0.0
CASA GRANDE,20906,ACSG,32.99177,-111.53264,1412,2026-08-23,F,84,108,16,39,3,15,3,26,0.0
CAVE CREEK,55522232,ACAV,34.0899,-111.8465,3477,2026-08-23,F,75,104,14,40,2,6,6,13,0.0
CEDAR RIDGE,55523718,ACED,32.59872,-110.76231,4735,2026-08-23,F,77,98,17,39,3,9,7,16,0.03
CHERRY,20511,ACHE,34.59661,-112.04761,5147,2026-08-23,F,65,95,20,56,2,6,7,16,0.0
CHUPADERA,292102,XCHU,33.77294,-106.0985,5580,2026-08-23,F,67,95,14,47,3,13,5,17,0.0
CIBOLA,20121,ACBL,33.28,-114.68489,252,2026-08-23,F,89,114,15,38,3,11,7,21,0.0
CIMARRON,290401,XCIM,36.60611,-105.12028,8806,2026-08-23,F,51,81,26,80,2,8,3,11,0.0
CIPRIANO,55522238,ARIP,32.4235,-114.16211,1042,2026-08-23,F,90,108,24,51,3,15,7,23,0.0
COLUMBINE,21005,ACOL,32.70389,-109.91389,9521,2026-08-23,F,56,76,26,57,1,3,5,13,0.0
COSMIC,293004,XCOS,32.77925,-105.81989,9172,2026-08-23,F,57,79,24,49,2,8,6,18,0.0
COYOTE,290202,XCOY,36.07333,-106.65739,8704,2026-08-23,F,54,82,24,66,5,13,7,17,0.08
CROWN KING,20502,ACRO,34.20336,-112.34561,6173,2026-08-23,F,68,92,20,43,2,3,8,13,0.02
CUBA,290705,XCUB,35.942,-107.07739,6890,2026-08-23,F,59,88,19,58,2,11,3,16,0.03
DATIL,292012,XDAT,34.29256,-107.768,8431,2026-08-23,F,57,81,24,61,3,10,5,15,0.06
DEADMAN PEAK,290203,XDEA,36.4229,-106.772,8389,2026-08-23,F,58,84,17,58,2,14,3,19,0.0
DEVILS HILLS,55522251,ADVH,32.42483,-113.79011,836,2026-08-23,F,89,108,21,43,3,16,7,24,0.0
DRIPPING SPRINGS,292903,XDRI,32.32225,-106.58661,5814,2026-08-23,F,74,94,14,31,2,7,7,21,0.0
DRY LAKE,21009,ADRL,33.35982,-109.83306,7405,2026-08-23,F,65,90,18,49,5,7,11,15,0.0
DRY PARK,20212,ADRY,36.45308,-112.23819,8700,2026-08-23,F,55,80,22,53,2,9,5,16,0.0
DULCE #2,290205,XDUL,36.93519,-107.00011,6805,2026-08-23,F,52,90,20,92,2,13,3,17,0.0
DUNKEN,292302,XDUN,32.82467,-105.18261,5431,2026-08-23,F,67,95,14,39,5,14,7,19,0.0
DUTCH KID,55522257,ADUT,35.12931,-112.28219,6505,2026-08-23,F,61,90,20,54,3,9,7,18,0.0
EIGHT MILE DRAW,292301,XEIG,33.65064,-104.32139,3626,2026-08-23,F,71,105,11,42,3,15,5,21,0.0
EMPIRE,21205,AEMP,31.78347,-110.64325,4650,2026-08-23,F,70,96,20,58,2,6,5,16,0.03
FLAGSTAFF,20209,AFLG,35.14111,-111.6725,6903,2026-08-23,F,56,86,21,63,0,6,3,15,0.0
FORT YUMA,20102,AFYM,32.65222,-114.63417,185,2026-08-23,F,89,111,21,53,3,11,6,22,0.0
FOUR SPRINGS,20227,AFOU,36.79367,-112.04239,6560,2026-08-23,F,68,88,17,39,3,8,7,17,0.0
FRAZIER WELLS,20213,AFRA,35.84551,-113.05501,6796,2026-08-23,F,66,86,19,37,3,11,7,17,0.0
FTHL YDMA,55522271,AFTH,32.48658,-114.4635,331,2026-08-23,F,90,111,23,55,3,17,6,24,0.0
GILA CENTER RAWS,292011,XGIL,33.22375,-108.24031,5767,2026-08-23,F,56,93,17,81,1,7,1,9,0.01
GLOBE,20601,AGLO,33.32694,-110.76694,4137,2026-08-23,F,79,99,18,36,2,10,7,17,0.0
GOLDFIELD,21505,AGOL,33.55531,-111.6145,1367,2026-08-23,F,86,110,14,36,2,15,6,24,0.0
GOODWIN MESA,20507,AGOO,34.77614,-113.3375,4311,2026-08-23,F,75,100,16,34,3,11,5,16,0.0
GRANTS,291302,XGRA,35.24278,-107.66528,8620,2026-08-23,F,54,82,24,71,2,9,3,13,0.0
GREENBASE,20284,AGRB,35.27619,-112.06325,6923,2026-08-23,F,57,85,22,59,1,8,5,17,0.0
GREER,20404,AGRE,34.05853,-109.44097,8240,2026-08-23,F,56,79,29,61,2,6,5,11,0.05
GUNSIGHT,20223,AGUN,36.70464,-112.5835,5284,2026-08-23,F,69,96,14,38,2,9,5,22,0.0
GUTHRIE,21104,AGUT,32.88203,-109.30931,6324,2026-08-23,F,71,92,15,41,5,16,11,24,0.0
HACHITA VALLEY,292702,XHAC,31.702,-108.34169,4290,2026-08-23,F,71,101,12,35,2,9,5,14,0.0
HAPPY JACK,20291,AHJK,34.61797,-111.34239,6812,2026-08-23,F,58,86,25,64,0,6,3,17,0.02
HAVASU,20118,AHAV,34.80758,-114.53456,475,2026-08-23,F,86,116,11,37,1,9,3,21,0.0
HEADQUARTERS,21409,ACHR,32.00611,-109.35694,5400,2026-08-23,F,69,96,16,43,2,6,7,13,0.0
HEBER,20301,AHBR,34.39778,-110.56444,6635,2026-08-23,F,61,87,23,60,1,6,5,15,0.03
HILLTOP,20609,AHIL,33.61119,-110.41461,5732,2026-08-23,F,63,92,21,63,2,11,7,18,0.0
HOPI,20312,AHPI,35.86292,-110.61495,5579,2026-08-23,F,64,96,15,56,3,11,8,24,0.0
HOPKINS,21302,AHPK,31.67528,-110.88,7120,2026-08-23,F,68,86,28,57,5,9,9,14,0.11
HORSE CAMP CANYON,20903,AHOR,32.93656,-110.4935,4014,2026-08-23,F,76,100,16,38,3,9,9,21,0.01
HUMBUG CREEK,20508,AHUM,34.11,-112.3,5250,2026-08-23,F,77,94,20,33,5,11,9,23,0.04
HURRICANE,20117,AHUR,36.69908,-113.20731,5445,2026-08-23,F,68,95,14,37,7,13,13,25,0.0
IRON SPRINGS,20501,AIRO,34.59361,-112.51139,5385,2026-08-23,F,67,92,20,48,1,6,5,16,0.04
JARITA MESA,290204,XJAR,36.55597,-106.10306,8864,2026-08-23,F,55,82,22,66,2,13,3,17,0.03
JEMEZ,290702,XJEM,35.84114,-106.61969,8248,2026-08-23,F,56,85,21,66,5,11,7,16,0.01
LAGUNA,293304,XLAG,35.05197,-107.42028,5805,2026-08-23,F,65,93,17,56,2,11,3,16,0.0
LAKESIDE,20303,ALAK,34.16283,-109.87639,7267,2026-08-23,F,58,85,26,65,2,6,7,11,0.03
LIMESTONE CANYON,20309,ALIM,34.17786,-110.27663,7102,2026-08-23,F,65,89,23,49,1,6,3,13,0.02
LINDBERGH HILL,20220,ALBE,36.28556,-112.07861,8800,2026-08-23,F,57,82,22,49,3,9,7,15,0.0
LUNA,292004,XLUN,33.82289,-108.94311,7088,2026-08-23,F,54,87,21,75,2,11,3,16,0.0
MAGDALENA,292104,XMAG,33.85061,-107.539,8495,2026-08-23,F,58,82,23,53,3,8,5,11,0.0
MALPAIS LAVA FLOW,293301,XMAL,34.85181,-108.17461,7514,2026-08-23,F,56,86,23,72,2,13,3,17,0.0
MAYHILL,293002,XMAY,32.90947,-105.46981,6599,2026-08-23,F,59,91,16,54,2,6,8,16,0.0
MCGREGGOR RANGE,292901,XMCG,32.43133,-105.62181,4832,2026-08-23,F,69,99,13,42,3,10,6,14,0.0
MELROSE RANGE,291901,XMEL,34.28422,-103.71497,4263,2026-08-23,F,72,101,12,41,8,14,11,19,0.0
MESCAL,293003,XMES,33.15803,-105.76881,6227,2026-08-23,F,57,88,20,59,2,7,6,14,0.0
MIDNIGHT,55522315,XMID,36.77819,-105.34131,10815,2026-08-23,F,44,73,28,89,5,9,7,13,0.0
MILLS CANYON,291101,XMIL,36.05453,-104.32511,5881,2026-08-23,F,61,95,18,65,3,14,5,19,0.01
MOGOLLON,292013,XMOG,33.39064,-108.80819,7602,2026-08-23,F,62,88,20,49,2,9,3,13,0.0
MOHAWK DUNES,55522318,AMOD,32.68878,-113.74889,524,2026-08-23,F,88,110,21,46,3,15,6,24,0.0
MORMON LAKE,20215,AMOL,34.90972,-111.43842,7094,2026-08-23,F,58,86,22,59,1,3,3,14,0.03
MOSS BASIN,20115,AMOS,35.03397,-113.89406,5920,2026-08-23,F,68,92,18,37,5,11,8,17,0.01
MOUNTAINAIR,291501,XMOU,34.52081,-106.26269,6593,2026-08-23,F,62,91,16,54,3,11,5,16,0.0
MOUNTAIN LION,20310,AFAP,33.69511,-109.71078,7269,2026-08-23,F,58,85,25,59,1,3,6,10,0.0
MOUNT LOGAN,20107,AMTL,36.35306,-113.19917,7605,2026-08-23,F,64,82,20,37,6,10,11,24,0.0
MULESHOE RANCH,21007,AMUL,32.40383,-110.272,4475,2026-08-23,F,73,99,16,44,2,6,6,17,0.0
MUSIC MOUNTAIN,20119,AMUS,35.61497,-113.79428,5375,2026-08-23,F,71,96,15,33,5,14,9,24,0.0
NAVAJO MONUMENT,20307,ANAV,36.67667,-110.54389,7204,2026-08-23,F,61,87,18,55,5,9,8,15,0.0
NEVERSHINE,55522326,ANEV,36.24753,-113.88851,2165,2026-08-23,F,85,107,11,24,6,13,8,16,0.0
NIXON FLATS,20113,ANIX,36.38833,-113.15806,6500,2026-08-23,F,61,87,17,48,2,7,5,19,0.0
NOON CREEK,21010,ANOO,32.66778,-109.78806,4925,2026-08-23,F,72,100,13,38,3,8,5,15,0.0
OAK CREEK,20219,AOAK,34.94686,-111.75444,4804,2026-08-23,F,69,98,16,44,2,3,7,14,0.0
OAK FLATS,291402,XOAK,35.00614,-106.31583,7675,2026-08-23,F,59,88,19,62,3,10,5,15,0.0
OATMAN,21502,AOAT,33.04994,-113.13867,1715,2026-08-23,F,88,111,17,39,3,14,6,25,0.02
OLAF KNOLLS,20108,AOLA,36.50725,-113.81589,2974,2026-08-23,F,82,105,11,23,6,11,11,24,0.0
PADUCA,293202,XPAD,32.17983,-103.722,3534,2026-08-23,F,73,100,16,46,6,14,7,23,0.0
PARIA POINT,20226,APAR,36.72753,-111.822,7106,2026-08-23,F,67,88,18,39,2,6,7,16,0.0
PAYSON,20602,APAY,34.24614,-111.2935,5064,2026-08-23,F,68,95,22,53,2,6,6,14,0.0
PECOS,291202,XPEC,35.54558,-105.49439,8229,2026-08-23,F,60,84,20,53,3,15,5,21,0.04
PELONA MOUNTAIN,292009,XPEL,33.69375,-108.06161,7955,2026-08-23,F,59,83,22,56,2,9,3,13,0.02
PICACHO PEAK,55522341,APIC,32.66314,-111.42154,1750,2026-08-23,F,81,104,16,41,3,7,5,13,0.0
PINE,20612,APNE,34.37181,-111.4555,5313,2026-08-23,F,68,94,21,48,2,6,7,14,0.0
PINEDALE,55522344,APND,34.30617,-110.23661,6461,2026-08-23,F,65,89,23,50,3,6,6,14,0.04
PINEY HILL,20402,APIN,35.76111,-109.16719,8061,2026-08-23,F,61,81,24,56,2,6,5,13,0.04
PLEASANT VALLEY,20603,APLE,34.08858,-110.94225,5232,2026-08-23,F,66,95,19,52,2,5,5,13,0.0
PROMONTORY,20221,APRO,34.36528,-111.01444,7842,2026-08-23,F,63,82,30,48,1,3,5,11,0.02
QUEEN,293105,XQUN,32.20361,-104.69031,5642,2026-08-23,F,68,93,15,39,6,13,8,18,0.0
RAMAH,293305,XRAM,34.81947,-108.29439,7645,2026-08-23,F,55,85,22,75,2,14,3,19,0.0
RED CANYON,55523735,XRDC,34.62289,-106.40831,8070,2026-08-23,F,60,80,18,53,5,10,7,15,0.0
RED LAKE,20610,ARED,34.18133,-110.78919,6524,2026-08-23,F,59,89,25,67,0,2,3,8,0.0
RESERVE,292005,XRES,33.71489,-108.777,5846,2026-08-23,F,58,93,16,69,1,13,1,17,0.01
RINCON,21207,ARIN,32.20639,-110.54861,8209,2026-08-23,F,62,78,28,52,3,9,8,14,0.0
RUCKER,21414,ARUC,31.76111,-109.34861,5700,2026-08-23,F,65,92,16,45,2,5,6,15,0.0
SAGUARO,21202,ASAG,32.31111,-110.81861,2758,2026-08-23,F,81,106,17,43,2,5,5,15,0.0
SAN ANDRES,292904,XSAA,32.58008,-106.52719,6137,2026-08-23,F,70,93,15,34,2,6,7,16,0.0
SAN CARLOS #1,20608,ASCA,33.37165,-110.45683,2830,2026-08-23,F,78,107,13,40,2,14,6,23,0.0
SANDIA LAB,291408,XSLB,35.00406,-106.41148,6321,2026-08-23,F,64,90,20,58,2,11,3,16,0.0
SANDIA LAKES,290706,XSLK,35.22967,-106.59061,5027,2026-08-23,F,67,98,18,58,2,10,3,15,0.0
SANTA FE WATERSHED,290901,XSFW,35.68686,-105.86031,7749,2026-08-23,F,56,85,21,64,3,13,5,17,0.0
SASABE,21206,ASAS,31.69169,-111.44811,3500,2026-08-23,F,74,101,21,65,3,7,6,17,0.03
SCOUT CAMP,21208,ASOL,32.39806,-110.725,7554,2026-08-23,F,66,85,27,53,2,8,7,15,0.04
SELLS,21209,ASES,31.91014,-111.89743,2262,2026-08-23,F,81,105,20,57,2,8,6,17,0.0
SEVILLETA,292105,XSEV,34.35844,-106.6895,5246,2026-08-23,F,67,97,14,53,2,10,3,15,0.0
SHADOW RIM,20611,ASHA,34.40586,-111.28319,5660,2026-08-23,F,67,96,20,49,1,5,3,14,0.0
SLAUGHTER,292008,XSLA,34.06056,-108.44472,8680,2026-08-23,F,57,80,27,60,2,14,3,19,0.0
SMITH PEAK,21501,ASMI,34.11486,-113.34733,2386,2026-08-23,F,88,107,14,25,3,10,7,18,0.02
SMOKEY BEAR,292203,XSMO,33.35019,-105.686,7194,2026-08-23,F,58,88,22,60,2,10,3,15,0.0
SOWATS,55523737,ASOW,36.48242,-112.42281,7038,2026-08-23,F,61,88,18,46,5,9,8,15,0.0
STANTON,20509,ASTA,34.16403,-112.73486,3600,2026-08-23,F,84,101,16,28,3,9,10,22,0.0
STONE LAKE,290201,XSTO,36.73161,-106.86581,7436,2026-08-23,F,56,88,19,71,2,14,3,19,0.0
STRAY HORSE,21106,ASTH,33.55253,-109.31719,7956,2026-08-23,F,62,80,22,47,5,10,9,16,0.03
SUNSET POINT,20510,ASUN,34.18847,-112.13467,3380,2026-08-23,F,80,103,15,34,2,9,8,19,0.02
TANKS,55522384,ATNK,33.67314,-110.57431,5801,2026-08-23,F,65,90,22,56,5,13,9,19,0.0
TAOS PUEBLO RAWS,55522385,XTAP,36.41461,-105.55689,7135,2026-08-23,F,58,88,23,64,2,14,3,19,0.06
T BAR,55523738,XTBA,33.51789,-108.52419,8047,2026-08-23,F,54,82,23,69,1,10,1,15,0.01
TONTO BASIN,20606,ATON,33.86861,-111.31333,2414,2026-08-23,F,80,106,15,40,2,15,6,23,0.04
TOWER,290801,XTOW,35.77899,-106.26611,6529,2026-08-23,F,62,92,19,58,3,10,5,15,0.14
TRAIL CABIN,21105,ATRA,33.26478,-109.36789,6250,2026-08-23,F,67,92,17,49,6,8,9,15,0.0
TRUCHAS,290210,XTRU,36.059,-105.7695,8353,2026-08-23,F,50,83,23,73,2,11,3,16,0.01
TRUXTON CANYON,20120,ATRU,35.78013,-113.79563,5304,2026-08-23,F,76,92,17,30,3,11,7,24,0.0
TUSAYAN,20207,ATUS,35.98833,-112.12056,6570,2026-08-23,F,53,90,18,61,0,3,3,11,0.0
TWEEDS POINT,20109,ATWE,36.58186,-113.732,5334,2026-08-23,F,77,94,14,25,8,15,15,31,0.0
UNION PASS,20116,AUNI,35.23233,-114.38194,3590,2026-08-23,F,83,100,14,22,1,10,5,23,0.0
VERDE,20503,AVER,34.54917,-111.84417,3101,2026-08-23,F,73,106,16,55,2,5,5,13,0.04
WARM SPRINGS CANYON,20216,AWAR,36.70117,-112.22689,7953,2026-08-23,F,58,84,19,49,5,10,9,17,0.0
WASHINGTON PASS,290101,XWAS,36.0765,-108.8615,9384,2026-08-23,F,57,77,28,60,2,10,3,15,0.05
WILD RIVERS,290307,XWDR,36.69469,-105.66872,7530,2026-08-23,F,54,86,22,71,1,13,1,17,0.07
YELLOW JOHN MOUNTAIN,20217,AYEL,36.155,-113.54944,6160,2026-08-23,F,57,91,16,49,2,6,6,18,0.0
ZUNI BUTTES,290603,XZUB,35.13919,-108.94131,6649,2026-08-23,F,58,91,18,69,2,14,3,19,0.0
10K,55522198,X10K,35.2085,-106.43586,10065,2026-08-23,F,54,76,24,59,3,11,5,16,0.0
AHAKHAV PRESERVE,21503,AAHA,34.13222,-114.32917,363,2026-08-23,F,87,112,16,35,1,11,5,22,0.0
ALBINO CANYON,290102,XALB,36.97661,-107.62892,7173,2026-08-23,F,61,90,20,69,1,15,1,21,0.0
ALPINE,20401,AALP,33.84272,-109.11161,8207,2026-08-23,F,56,80,26,64,1,5,5,11,0.0
BAKERS TANK,55522210,AHBB,32.61528,-114.00836,563,2026-08-23,F,89,109,21,43,3,15,6,25,0.0
BARTLEY,291002,XBAR,35.90875,-105.38769,9192,2026-08-23,F,56,80,26,60,3,11,5,16,0.0
BATDRAW,293101,XBAD,32.17861,-104.44056,4425,2026-08-23,F,75,99,13,33,5,14,6,23,0.0
BEAVERHEAD,292001,XBEA,33.42353,-108.11019,6750,2026-08-23,F,54,89,20,77,1,7,1,9,0.0
BELMONT,21504,ABEL,33.67411,-112.92281,1813,2026-08-23,F,86,108,14,30,3,11,8,17,0.0
BLACK HILLS,21008,ABLA,33.08203,-109.95119,3262,2026-08-23,F,80,105,12,36,2,7,7,16,0.0
BLACK MESA,290305,XBLM,36.03708,-106.04964,5762,2026-08-23,F,59,93,20,67,2,9,3,13,0.02
BLACK ROCK,20114,ABRK,36.79436,-113.75056,7224,2026-08-23,F,68,85,18,33,3,6,10,21,0.0
BLUEWATER RIDGE,293303,XBLR,35.19411,-108.16336,8274,2026-08-23,F,58,82,26,60,1,8,1,11,0.02
BOSQUE,292103,XBOS,33.82064,-106.88169,4523,2026-08-23,F,66,100,13,58,2,9,3,13,0.0
BRIGHT ANGEL,20211,ACAN,36.20472,-112.06222,8134,2026-08-23,F,60,85,19,44,2,11,3,17,0.0
BRUSHY MOUNTAIN,291301,XBRU,34.72,-107.8484,8789,2026-08-23,F,57,82,25,60,3,10,5,15,0.01
BUCKSKIN MTN,20224,ABUC,36.91808,-112.19981,6334,2026-08-23,F,65,90,16,43,2,9,6,22,0.0
BURRO MOUNTAIN,292504,XBUR,32.67203,-108.53969,6995,2026-08-23,F,68,92,16,40,6,15,13,22,0.0
CANELO,21303,ACNL,31.54972,-110.51917,4629,2026-08-23,F,68,94,23,64,3,10,6,17,0.02
CAPROCK,293104,XCAP,32.92728,-103.85689,4167,2026-08-23,F,71,99,14,46,8,15,11,22,0.0
CARR,21411,ACAA,31.44111,-110.28611,5400,2026-08-23,F,71,95,23,52,2,7,7,16,0.0
CASA GRANDE,20906,ACSG,32.99177,-111.53264,1412,2026-08-23,F,84,108,16,39,3,15,3,26,0.0
CAVE CREEK,55522232,ACAV,34.0899,-111.8465,3477,2026-08-23,F,75,104,14,40,2,6,6,13,0.0
CEDAR RIDGE,55523718,ACED,32.59872,-110.76231,4735,2026-08-23,F,77,98,17,39,3,9,7,16,0.03
CHERRY,20511,ACHE,34.59661,-112.04761,5147,2026-08-23,F,65,95,20,56,2,6,7,16,0.0
CHUPADERA,292102,XCHU,33.77294,-106.0985,5580,2026-08-23,F,67,95,14,47,3,13,5,17,0.0
CIBOLA,20121,ACBL,33.28,-114.68489,252,2026-08-23,F,89,114,15,38,3,11,7,21,0.0
CIMARRON,290401,XCIM,36.60611,-105.12028,8806,2026-08-23,F,51,81,26,80,2,8,3,11,0.0
CIPRIANO,55522238,ARIP,32.4235,-114.16211,1042,2026-08-23,F,90,108,24,51,3,15,7,23,0.0
COLUMBINE,21005,ACOL,32.70389,-109.91389,9521,2026-08-23,F,56,76,26,57,1,3,5,13,0.0
COSMIC,293004,XCOS,32.77925,-105.81989,9172,2026-08-23,F,57,79,24,49,2,8,6,18,0.0
COYOTE,290202,XCOY,36.07333,-106.65739,8704,2026-08-23,F,54,82,24,66,5,13,7,17,0.08
CROWN KING,20502,ACRO,34.20336,-112.34561,6173,2026-08-23,F,68,92,20,43,2,3,8,13,0.02
CUBA,290705,XCUB,35.942,-107.07739,6890,2026-08-23,F,59,88,19,58,2,11,3,16,0.03
DATIL,292012,XDAT,34.29256,-107.768,8431,2026-08-23,F,57,81,24,61,3,10,5,15,0.06
DEADMAN PEAK,290203,XDEA,36.4229,-106.772,8389,2026-08-23,F,58,84,17,58,2,14,3,19,0.0
DEVILS HILLS,55522251,ADVH,32.42483,-113.79011,836,2026-08-23,F,89,108,21,43,3,16,7,24,0.0
DRIPPING SPRINGS,292903,XDRI,32.32225,-106.58661,5814,2026-08-23,F,74,94,14,31,2,7,7,21,0.0
DRY LAKE,21009,ADRL,33.35982,-109.83306,7405,2026-08-23,F,65,90,18,49,5,7,11,15,0.0
DRY PARK,20212,ADRY,36.45308,-112.23819,8700,2026-08-23,F,55,80,22,53,2,9,5,16,0.0
DULCE #2,290205,XDUL,36.93519,-107.00011,6805,2026-08-23,F,52,90,20,92,2,13,3,17,0.0
DUNKEN,292302,XDUN,32.82467,-105.18261,5431,2026-08-23,F,67,95,14,39,5,14,7,19,0.0
DUTCH KID,55522257,ADUT,35.12931,-112.28219,6505,2026-08-23,F,61,90,20,54,3,9,7,18,0.0
EIGHT MILE DRAW,292301,XEIG,33.65064,-104.32139,3626,2026-08-23,F,71,105,11,42,3,15,5,21,0.0
EMPIRE,21205,AEMP,31.78347,-110.64325,4650,2026-08-23,F,70,96,20,58,2,6,5,16,0.03
FLAGSTAFF,20209,AFLG,35.14111,-111.6725,6903,2026-08-23,F,56,86,21,63,0,6,3,15,0.0
FORT YUMA,20102,AFYM,32.65222,-114.63417,185,2026-08-23,F,89,111,21,53,3,11,6,22,0.0
FOUR SPRINGS,20227,AFOU,36.79367,-112.04239,6560,2026-08-23,F,68,88,17,39,3,8,7,17,0.0
FRAZIER WELLS,20213,AFRA,35.84551,-113.05501,6796,2026-08-23,F,66,86,19,37,3,11,7,17,0.0
FTHL YDMA,55522271,AFTH,32.48658,-114.4635,331,2026-08-23,F,90,111,23,55,3,17,6,24,0.0
GILA CENTER RAWS,292011,XGIL,33.22375,-108.24031,5767,2026-08-23,F,56,93,17,81,1,7,1,9,0.01
GLOBE,20601,AGLO,33.32694,-110.76694,4137,2026-08-23,F,79,99,18,36,2,10,7,17,0.0
GOLDFIELD,21505,AGOL,33.55531,-111.6145,1367,2026-08-23,F,86,110,14,36,2,15,6,24,0.0
GOODWIN MESA,20507,AGOO,34.77614,-113.3375,4311,2026-08-23,F,75,100,16,34,3,11,5,16,0.0
GRANTS,291302,XGRA,35.24278,-107.66528,8620,2026-08-23,F,54,82,24,71,2,9,3,13,0.0
GREENBASE,20284,AGRB,35.27619,-112.06325,6923,2026-08-23,F,57,85,22,59,1,8,5,17,0.0
GREER,20404,AGRE,34.05853,-109.44097,8240,2026-08-23,F,56,79,29,61,2,6,5,11,0.05
GUNSIGHT,20223,AGUN,36.70464,-112.5835,5284,2026-08-23,F,69,96,14,38,2,9,5,22,0.0
GUTHRIE,21104,AGUT,32.88203,-109.30931,6324,2026-08-23,F,71,92,15,41,5,16,11,24,0.0
HACHITA VALLEY,292702,XHAC,31.702,-108.34169,4290,2026-08-23,F,71,101,12,35,2,9,5,14,0.0
HAPPY JACK,20291,AHJK,34.61797,-111.34239,6812,2026-08-23,F,58,86,25,64,0,6,3,17,0.02
HAVASU,20118,AHAV,34.80758,-114.53456,475,2026-08-23,F,86,116,11,37,1,9,3,21,0.0
HEADQUARTERS,21409,ACHR,32.00611,-109.35694,5400,2026-08-23,F,69,96,16,43,2,6,7,13,0.0
HEBER,20301,AHBR,34.39778,-110.56444,6635,2026-08-23,F,61,87,23,60,1,6,5,15,0.03
HILLTOP,20609,AHIL,33.61119,-110.41461,5732,2026-08-23,F,63,92,21,63,2,11,7,18,0.0
HOPI,20312,AHPI,35.86292,-110.61495,5579,2026-08-23,F,64,96,15,56,3,11,8,24,0.0
HOPKINS,21302,AHPK,31.67528,-110.88,7120,2026-08-23,F,68,86,28,57,5,9,9,14,0.11
HORSE CAMP CANYON,20903,AHOR,32.93656,-110.4935,4014,2026-08-23,F,76,100,16,38,3,9,9,21,0.01
HUMBUG CREEK,20508,AHUM,34.11,-112.3,5250,2026-08-23,F,77,94,20,33,5,11,9,23,0.04
HURRICANE,20117,AHUR,36.69908,-113.20731,5445,2026-08-23,F,68,95,14,37,7,13,13,25,0.0
IRON SPRINGS,20501,AIRO,34.59361,-112.51139,5385,2026-08-23,F,67,92,20,48,1,6,5,16,0.04
JARITA MESA,290204,XJAR,36.55597,-106.10306,8864,2026-08-23,F,55,82,22,66,2,13,3,17,0.03
JEMEZ,290702,XJEM,35.84114,-106.61969,8248,2026-08-23,F,56,85,21,66,5,11,7,16,0.01
LAGUNA,293304,XLAG,35.05197,-107.42028,5805,2026-08-23,F,65,93,17,56,2,11,3,16,0.0
LAKESIDE,20303,ALAK,34.16283,-109.87639,7267,2026-08-23,F,58,85,26,65,2,6,7,11,0.03
LIMESTONE CANYON,20309,ALIM,34.17786,-110.27663,7102,2026-08-23,F,65,89,23,49,1,6,3,13,0.02
LINDBERGH HILL,20220,ALBE,36.28556,-112.07861,8800,2026-08-23,F,57,82,22,49,3,9,7,15,0.0
LUNA,292004,XLUN,33.82289,-108.94311,7088,2026-08-23,F,54,87,21,75,2,11,3,16,0.0
MAGDALENA,292104,XMAG,33.85061,-107.539,8495,2026-08-23,F,58,82,23,53,3,8,5,11,0.0
MALPAIS LAVA FLOW,293301,XMAL,34.85181,-108.17461,7514,2026-08-23,F,56,86,23,72,2,13,3,17,0.0
MAYHILL,293002,XMAY,32.90947,-105.46981,6599,2026-08-23,F,59,91,16,54,2,6,8,16,0.0
MCGREGGOR RANGE,292901,XMCG,32.43133,-105.62181,4832,2026-08-23,F,69,99,13,42,3,10,6,14,0.0
MELROSE RANGE,291901,XMEL,34.28422,-103.71497,4263,2026-08-23,F,72,101,12,41,8,14,11,19,0.0
MESCAL,293003,XMES,33.15803,-105.76881,6227,2026-08-23,F,57,88,20,59,2,7,6,14,0.0
MIDNIGHT,55522315,XMID,36.77819,-105.34131,10815,2026-08-23,F,44,73,28,89,5,9,7,13,0.0
MILLS CANYON,291101,XMIL,36.05453,-104.32511,5881,2026-08-23,F,61,95,18,65,3,14,5,19,0.01
MOGOLLON,292013,XMOG,33.39064,-108.80819,7602,2026-08-23,F,62,88,20,49,2,9,3,13,0.0
MOHAWK DUNES,55522318,AMOD,32.68878,-113.74889,524,2026-08-23,F,88,110,21,46,3,15,6,24,0.0
MORMON LAKE,20215,AMOL,34.90972,-111.43842,7094,2026-08-23,F,58,86,22,59,1,3,3,14,0.03
MOSS BASIN,20115,AMOS,35.03397,-113.89406,5920,2026-08-23,F,68,92,18,37,5,11,8,17,0.01
MOUNTAINAIR,291501,XMOU,34.52081,-106.26269,6593,2026-08-23,F,62,91,16,54,3,11,5,16,0.0
MOUNTAIN LION,20310,AFAP,33.69511,-109.71078,7269,2026-08-23,F,58,85,25,59,1,3,6,10,0.0
MOUNT LOGAN,20107,AMTL,36.35306,-113.19917,7605,2026-08-23,F,64,82,20,37,6,10,11,24,0.0
MULESHOE RANCH,21007,AMUL,32.40383,-110.272,4475,2026-08-23,F,73,99,16,44,2,6,6,17,0.0
MUSIC MOUNTAIN,20119,AMUS,35.61497,-113.79428,5375,2026-08-23,F,71,96,15,33,5,14,9,24,0.0
NAVAJO MONUMENT,20307,ANAV,36.67667,-110.54389,7204,2026-08-23,F,61,87,18,55,5,9,8,15,0.0
NEVERSHINE,55522326,ANEV,36.24753,-113.88851,2165,2026-08-23,F,85,107,11,24,6,13,8,16,0.0
NIXON FLATS,20113,ANIX,36.38833,-113.15806,6500,2026-08-23,F,61,87,17,48,2,7,5,19,0.0
NOON CREEK,21010,ANOO,32.66778,-109.78806,4925,2026-08-23,F,72,100,13,38,3,8,5,15,0.0
OAK CREEK,20219,AOAK,34.94686,-111.75444,4804,2026-08-23,F,69,98,16,44,2,3,7,14,0.0
OAK FLATS,291402,XOAK,35.00614,-106.31583,7675,2026-08-23,F,59,88,19,62,3,10,5,15,0.0
OATMAN,21502,AOAT,33.04994,-113.13867,1715,2026-08-23,F,88,111,17,39,3,14,6,25,0.02
OLAF KNOLLS,20108,AOLA,36.50725,-113.81589,2974,2026-08-23,F,82,105,11,23,6,11,11,24,0.0
PADUCA,293202,XPAD,32.17983,-103.722,3534,2026-08-23,F,73,100,16,46,6,14,7,23,0.0
PARIA POINT,20226,APAR,36.72753,-111.822,7106,2026-08-23,F,67,88,18,39,2,6,7,16,0.0
PAYSON,20602,APAY,34.24614,-111.2935,5064,2026-08-23,F,68,95,22,53,2,6,6,14,0.0
PECOS,291202,XPEC,35.54558,-105.49439,8229,2026-08-23,F,60,84,20,53,3,15,5,21,0.04
PELONA MOUNTAIN,292009,XPEL,33.69375,-108.06161,7955,2026-08-23,F,59,83,22,56,2,9,3,13,0.02
PICACHO PEAK,55522341,APIC,32.66314,-111.42154,1750,2026-08-23,F,81,104,16,41,3,7,5,13,0.0
PINE,20612,APNE,34.37181,-111.4555,5313,2026-08-23,F,68,94,21,48,2,6,7,14,0.0
PINEDALE,55522344,APND,34.30617,-110.23661,6461,2026-08-23,F,65,89,23,50,3,6,6,14,0.04
PINEY HILL,20402,APIN,35.76111,-109.16719,8061,2026-08-23,F,61,81,24,56,2,6,5,13,0.04
PLEASANT VALLEY,20603,APLE,34.08858,-110.94225,5232,2026-08-23,F,66,95,19,52,2,5,5,13,0.0
PROMONTORY,20221,APRO,34.36528,-111.01444,7842,2026-08-23,F,63,82,30,48,1,3,5,11,0.02
QUEEN,293105,XQUN,32.20361,-104.69031,5642,2026-08-23,F,68,93,15,39,6,13,8,18,0.0
RAMAH,293305,XRAM,34.81947,-108.29439,7645,2026-08-23,F,55,85,22,75,2,14,3,19,0.0
RED CANYON,55523735,XRDC,34.62289,-106.40831,8070,2026-08-23,F,60,80,18,53,5,10,7,15,0.0
RED LAKE,20610,ARED,34.18133,-110.78919,6524,2026-08-23,F,59,89,25,67,0,2,3,8,0.0
RESERVE,292005,XRES,33.71489,-108.777,5846,2026-08-23,F,58,93,16,69,1,13,1,17,0.01
RINCON,21207,ARIN,32.20639,-110.54861,8209,2026-08-23,F,62,78,28,52,3,9,8,14,0.0
RUCKER,21414,ARUC,31.76111,-109.34861,5700,2026-08-23,F,65,92,16,45,2,5,6,15,0.0
SAGUARO,21202,ASAG,32.31111,-110.81861,2758,2026-08-23,F,81,106,17,43,2,5,5,15,0.0
SAN ANDRES,292904,XSAA,32.58008,-106.52719,6137,2026-08-23,F,70,93,15,34,2,6,7,16,0.0
SAN CARLOS #1,20608,ASCA,33.37165,-110.45683,2830,2026-08-23,F,78,107,13,40,2,14,6,23,0.0
SANDIA LAB,291408,XSLB,35.00406,-106.41148,6321,2026-08-23,F,64,90,20,58,2,11,3,16,0.0
SANDIA LAKES,290706,XSLK,35.22967,-106.59061,5027,2026-08-23,F,67,98,18,58,2,10,3,15,0.0
SANTA FE WATERSHED,290901,XSFW,35.68686,-105.86031,7749,2026-08-23,F,56,85,21,64,3,13,5,17,0.0
SASABE,21206,ASAS,31.69169,-111.44811,3500,2026-08-23,F,74,101,21,65,3,7,6,17,0.03
SCOUT CAMP,21208,ASOL,32.39806,-110.725,7554,2026-08-23,F,66,85,27,53,2,8,7,15,0.04
SELLS,21209,ASES,31.91014,-111.89743,2262,2026-08-23,F,81,105,20,57,2,8,6,17,0.0
SEVILLETA,292105,XSEV,34.35844,-106.6895,5246,2026-08-23,F,67,97,14,53,2,10,3,15,0.0
SHADOW RIM,20611,ASHA,34.40586,-111.28319,5660,2026-08-23,F,67,96,20,49,1,5,3,14,0.0
SLAUGHTER,292008,XSLA,34.06056,-108.44472,8680,2026-08-23,F,57,80,27,60,2,14,3,19,0.0
SMITH PEAK,21501,ASMI,34.11486,-113.34733,2386,2026-08-23,F,88,107,14,25,3,10,7,18,0.02
SMOKEY BEAR,292203,XSMO,33.35019,-105.686,7194,2026-08-23,F,58,88,22,60,2,10,3,15,0.0
SOWATS,55523737,ASOW,36.48242,-112.42281,7038,2026-08-23,F,61,88,18,46,5,9,8,15,0.0
STANTON,20509,ASTA,34.16403,-112.73486,3600,2026-08-23,F,84,101,16,28,3,9,10,22,0.0
STONE LAKE,290201,XSTO,36.73161,-106.86581,7436,2026-08-23,F,56,88,19,71,2,14,3,19,0.0
STRAY HORSE,21106,ASTH,33.55253,-109.31719,7956,2026-08-23,F,62,80,22,47,5,10,9,16,0.03
SUNSET POINT,20510,ASUN,34.18847,-112.13467,3380,2026-08-23,F,80,103,15,34,2,9,8,19,0.02
TANKS,55522384,ATNK,33.67314,-110.57431,5801,2026-08-23,F,65,90,22,56,5,13,9,19,0.0
TAOS PUEBLO RAWS,55522385,XTAP,36.41461,-105.55689,7135,2026-08-23,F,58,88,23,64,2,14,3,19,0.06
T BAR,55523738,XTBA,33.51789,-108.52419,8047,2026-08-23,F,54,82,23,69,1,10,1,15,0.01
TONTO BASIN,20606,ATON,33.86861,-111.31333,2414,2026-08-23,F,80,106,15,40,2,15,6,23,0.04
TOWER,290801,XTOW,35.77899,-106.26611,6529,2026-08-23,F,62,92,19,58,3,10,5,15,0.14
TRAIL CABIN,21105,ATRA,33.26478,-109.36789,6250,2026-08-23,F,67,92,17,49,6,8,9,15,0.0
TRUCHAS,290210,XTRU,36.059,-105.7695,8353,2026-08-23,F,50,83,23,73,2,11,3,16,0.01
TRUXTON CANYON,20120,ATRU,35.78013,-113.79563,5304,2026-08-23,F,76,92,17,30,3,11,7,24,0.0
TUSAYAN,20207,ATUS,35.98833,-112.12056,6570,2026-08-23,F,53,90,18,61,0,3,3,11,0.0
TWEEDS POINT,20109,ATWE,36.58186,-113.732,5334,2026-08-23,F,77,94,14,25,8,15,15,31,0.0
UNION PASS,20116,AUNI,35.23233,-114.38194,3590,2026-08-23,F,83,100,14,22,1,10,5,23,0.0
VERDE,20503,AVER,34.54917,-111.84417,3101,2026-08-23,F,73,106,16,55,2,5,5,13,0.04
WARM SPRINGS CANYON,20216,AWAR,36.70117,-112.22689,7953,2026-08-23,F,58,84,19,49,5,10,9,17,0.0
WASHINGTON PASS,290101,XWAS,36.0765,-108.8615,9384,2026-08-23,F,57,77,28,60,2,10,3,15,0.05
WILD RIVERS,290307,XWDR,36.69469,-105.66872,7530,2026-08-23,F,54,86,22,71,1,13,1,17,0.07
YELLOW JOHN MOUNTAIN,20217,AYEL,36.155,-113.54944,6160,2026-08-23,F,57,91,16,49,2,6,6,18,0.0
ZUNI BUTTES,290603,XZUB,35.13919,-108.94131,6649,2026-08-23,F,58,91,18,69,2,14,3,19,0.0
10K,55522198,X10K,35.2085,-106.43586,10065,2026-08-23,F,54,76,24,59,3,11,5,16,0.0
AHAKHAV PRESERVE,21503,AAHA,34.13222,-114.32917,363,2026-08-23,F,87,112,16,35,1,11,5,22,0.0
ALBINO CANYON,290102,XALB,36.97661,-107.62892,7173,2026-08-23,F,61,90,20,69,1,15,1,21,0.0
ALPINE,20401,AALP,33.84272,-109.11161,8207,2026-08-23,F,56,80,26,64,1,5,5,11,0.0
BAKERS TANK,55522210,AHBB,32.61528,-114.00836,563,2026-08-23,F,89,109,21,43,3,15,6,25,0.0
BARTLEY,291002,XBAR,35.90875,-105.38769,9192,2026-08-23,F,56,80,26,60,3,11,5,16,0.0
BATDRAW,293101,XBAD,32.17861,-104.44056,4425,2026-08-23,F,75,99,13,33,5,14,6,23,0.0
BEAVERHEAD,292001,XBEA,33.42353,-108.11019,6750,2026-08-23,F,54,89,20,77,1,7,1,9,0.0
BELMONT,21504,ABEL,33.67411,-112.92281,1813,2026-08-23,F,86,108,14,30,3,11,8,17,0.0
BLACK HILLS,21008,ABLA,33.08203,-109.95119,3262,2026-08-23,F,80,105,12,36,2,7,7,16,0.0
BLACK MESA,290305,XBLM,36.03708,-106.04964,5762,2026-08-23,F,59,93,20,67,2,9,3,13,0.02
BLACK ROCK,20114,ABRK,36.79436,-113.75056,7224,2026-08-23,F,68,85,18,33,3,6,10,21,0.0
BLUEWATER RIDGE,293303,XBLR,35.19411,-108.16336,8274,2026-08-23,F,58,82,26,60,1,8,1,11,0.02
BOSQUE,292103,XBOS,33.82064,-106.88169,4523,2026-08-23,F,66,100,13,58,2,9,3,13,0.0
BRIGHT ANGEL,20211,ACAN,36.20472,-112.06222,8134,2026-08-23,F,60,85,19,44,2,11,3,17,0.0
BRUSHY MOUNTAIN,291301,XBRU,34.72,-107.8484,8789,2026-08-23,F,57,82,25,60,3,10,5,15,0.01
BUCKSKIN MTN,20224,ABUC,36.91808,-112.19981,6334,2026-08-23,F,65,90,16,43,2,9,6,22,0.0
BURRO MOUNTAIN,292504,XBUR,32.67203,-108.53969,6995,2026-08-23,F,68,92,16,40,6,15,13,22,0.0
CANELO,21303,ACNL,31.54972,-110.51917,4629,2026-08-23,F,68,94,23,64,3,10,6,17,0.02
CAPROCK,293104,XCAP,32.92728,-103.85689,4167,2026-08-23,F,71,99,14,46,8,15,11,22,0.0
CARR,21411,ACAA,31.44111,-110.28611,5400,2026-08-23,F,71,95,23,52,2,7,7,16,0.0
CASA GRANDE,20906,ACSG,32.99177,-111.53264,1412,2026-08-23,F,84,108,16,39,3,15,3,26,0.0
CAVE CREEK,55522232,ACAV,34.0899,-111.8465,3477,2026-08-23,F,75,104,14,40,2,6,6,13,0.0
CEDAR RIDGE,55523718,ACED,32.59872,-110.76231,4735,2026-08-23,F,77,98,17,39,3,9,7,16,0.03
CHERRY,20511,ACHE,34.59661,-112.04761,5147,2026-08-23,F,65,95,20,56,2,6,7,16,0.0
CHUPADERA,292102,XCHU,33.77294,-106.0985,5580,2026-08-23,F,67,95,14,47,3,13,5,17,0.0
CIBOLA,20121,ACBL,33.28,-114.68489,252,2026-08-23,F,89,114,15,38,3,11,7,21,0.0
CIMARRON,290401,XCIM,36.60611,-105.12028,8806,2026-08-23,F,51,81,26,80,2,8,3,11,0.0
CIPRIANO,55522238,ARIP,32.4235,-114.16211,1042,2026-08-23,F,90,108,24,51,3,15,7,23,0.0
COLUMBINE,21005,ACOL,32.70389,-109.91389,9521,2026-08-23,F,56,76,26,57,1,3,5,13,0.0
COSMIC,293004,XCOS,32.77925,-105.81989,9172,2026-08-23,F,57,79,24,49,2,8,6,18,0.0
COYOTE,290202,XCOY,36.07333,-106.65739,8704,2026-08-23,F,54,82,24,66,5,13,7,17,0.08
CROWN KING,20502,ACRO,34.20336,-112.34561,6173,2026-08-23,F,68,92,20,43,2,3,8,13,0.02
CUBA,290705,XCUB,35.942,-107.07739,6890,2026-08-23,F,59,88,19,58,2,11,3,16,0.03
DATIL,292012,XDAT,34.29256,-107.768,8431,2026-08-23,F,57,81,24,61,3,10,5,15,0.06
DEADMAN PEAK,290203,XDEA,36.4229,-106.772,8389,2026-08-23,F,58,84,17,58,2,14,3,19,0.0
DEVILS HILLS,55522251,ADVH,32.42483,-113.79011,836,2026-08-23,F,89,108,21,43,3,16,7,24,0.0
DRIPPING SPRINGS,292903,XDRI,32.32225,-106.58661,5814,2026-08-23,F,74,94,14,31,2,7,7,21,0.0
DRY LAKE,21009,ADRL,33.35982,-109.83306,7405,2026-08-23,F,65,90,18,49,5,7,11,15,0.0
DRY PARK,20212,ADRY,36.45308,-112.23819,8700,2026-08-23,F,55,80,22,53,2,9,5,16,0.0
DULCE #2,290205,XDUL,36.93519,-107.00011,6805,2026-08-23,F,52,90,20,92,2,13,3,17,0.0
DUNKEN,292302,XDUN,32.82467,-105.18261,5431,2026-08-23,F,67,95,14,39,5,14,7,19,0.0
DUTCH KID,55522257,ADUT,35.12931,-112.28219,6505,2026-08-23,F,61,90,20,54,3,9,7,18,0.0
EIGHT MILE DRAW,292301,XEIG,33.65064,-104.32139,3626,2026-08-23,F,71,105,11,42,3,15,5,21,0.0
EMPIRE,21205,AEMP,31.78347,-110.64325,4650,2026-08-23,F,70,96,20,58,2,6,5,16,0.03
FLAGSTAFF,20209,AFLG,35.14111,-111.6725,6903,2026-08-23,F,56,86,21,63,0,6,3,15,0.0
FORT YUMA,20102,AFYM,32.65222,-114.63417,185,2026-08-23,F,89,111,21,53,3,11,6,22,0.0
FOUR SPRINGS,20227,AFOU,36.79367,-112.04239,6560,2026-08-23,F,68,88,17,39,3,8,7,17,0.0
FRAZIER WELLS,20213,AFRA,35.84551,-113.05501,6796,2026-08-23,F,66,86,19,37,3,11,7,17,0.0
FTHL YDMA,55522271,AFTH,32.48658,-114.4635,331,2026-08-23,F,90,111,23,55,3,17,6,24,0.0
GILA CENTER RAWS,292011,XGIL,33.22375,-108.24031,5767,2026-08-23,F,56,93,17,81,1,7,1,9,0.01
GLOBE,20601,AGLO,33.32694,-110.76694,4137,2026-08-23,F,79,99,18,36,2,10,7,17,0.0
GOLDFIELD,21505,AGOL,33.55531,-111.6145,1367,2026-08-23,F,86,110,14,36,2,15,6,24,0.0
GOODWIN MESA,20507,AGOO,34.77614,-113.3375,4311,2026-08-23,F,75,100,16,34,3,11,5,16,0.0
GRANTS,291302,XGRA,35.24278,-107.66528,8620,2026-08-23,F,54,82,24,71,2,9,3,13,0.0
GREENBASE,20284,AGRB,35.27619,-112.06325,6923,2026-08-23,F,57,85,22,59,1,8,5,17,0.0
GREER,20404,AGRE,34.05853,-109.44097,8240,2026-08-23,F,56,79,29,61,2,6,5,11,0.05
GUNSIGHT,20223,AGUN,36.70464,-112.5835,5284,2026-08-23,F,69,96,14,38,2,9,5,22,0.0
GUTHRIE,21104,AGUT,32.88203,-109.30931,6324,2026-08-23,F,71,92,15,41,5,16,11,24,0.0
HACHITA VALLEY,292702,XHAC,31.702,-108.34169,4290,2026-08-23,F,71,101,12,35,2,9,5,14,0.0
HAPPY JACK,20291,AHJK,34.61797,-111.34239,6812,2026-08-23,F,58,86,25,64,0,6,3,17,0.02
HAVASU,20118,AHAV,34.80758,-114.53456,475,2026-08-23,F,86,116,11,37,1,9,3,21,0.0
HEADQUARTERS,21409,ACHR,32.00611,-109.35694,5400,2026-08-23,F,69,96,16,43,2,6,7,13,0.0
HEBER,20301,AHBR,34.39778,-110.56444,6635,2026-08-23,F,61,87,23,60,1,6,5,15,0.03
HILLTOP,20609,AHIL,33.61119,-110.41461,5732,2026-08-23,F,63,92,21,63,2,11,7,18,0.0
HOPI,20312,AHPI,35.86292,-110.61495,5579,2026-08-23,F,64,96,15,56,3,11,8,24,0.0
HOPKINS,21302,AHPK,31.67528,-110.88,7120,2026-08-23,F,68,86,28,57,5,9,9,14,0.11
HORSE CAMP CANYON,20903,AHOR,32.93656,-110.4935,4014,2026-08-23,F,76,100,16,38,3,9,9,21,0.01
HUMBUG CREEK,20508,AHUM,34.11,-112.3,5250,2026-08-23,F,77,94,20,33,5,11,9,23,0.04
HURRICANE,20117,AHUR,36.69908,-113.20731,5445,2026-08-23,F,68,95,14,37,7,13,13,25,0.0
IRON SPRINGS,20501,AIRO,34.59361,-112.51139,5385,2026-08-23,F,67,92,20,48,1,6,5,16,0.04
JARITA MESA,290204,XJAR,36.55597,-106.10306,8864,2026-08-23,F,55,82,22,66,2,13,3,17,0.03
JEMEZ,290702,XJEM,35.84114,-106.61969,8248,2026-08-23,F,56,85,21,66,5,11,7,16,0.01
LAGUNA,293304,XLAG,35.05197,-107.42028,5805,2026-08-23,F,65,93,17,56,2,11,3,16,0.0
LAKESIDE,20303,ALAK,34.16283,-109.87639,7267,2026-08-23,F,58,85,26,65,2,6,7,11,0.03
LIMESTONE CANYON,20309,ALIM,34.17786,-110.27663,7102,2026-08-23,F,65,89,23,49,1,6,3,13,0.02
LINDBERGH HILL,20220,ALBE,36.28556,-112.07861,8800,2026-08-23,F,57,82,22,49,3,9,7,15,0.0
LUNA,292004,XLUN,33.82289,-108.94311,7088,2026-08-23,F,54,87,21,75,2,11,3,16,0.0
MAGDALENA,292104,XMAG,33.85061,-107.539,8495,2026-08-23,F,58,82,23,53,3,8,5,11,0.0
MALPAIS LAVA FLOW,293301,XMAL,34.85181,-108.17461,7514,2026-08-23,F,56,86,23,72,2,13,3,17,0.0
MAYHILL,293002,XMAY,32.90947,-105.46981,6599,2026-08-23,F,59,91,16,54,2,6,8,16,0.0
MCGREGGOR RANGE,292901,XMCG,32.43133,-105.62181,4832,2026-08-23,F,69,99,13,42,3,10,6,14,0.0
MELROSE RANGE,291901,XMEL,34.28422,-103.71497,4263,2026-08-23,F,72,101,12,41,8,14,11,19,0.0
MESCAL,293003,XMES,33.15803,-105.76881,6227,2026-08-23,F,57,88,20,59,2,7,6,14,0.0
MIDNIGHT,55522315,XMID,36.77819,-105.34131,10815,2026-08-23,F,44,73,28,89,5,9,7,13,0.0
MILLS CANYON,291101,XMIL,36.05453,-104.32511,5881,2026-08-23,F,61,95,18,65,3,14,5,19,0.01
MOGOLLON,292013,XMOG,33.39064,-108.80819,7602,2026-08-23,F,62,88,20,49,2,9,3,13,0.0
MOHAWK DUNES,55522318,AMOD,32.68878,-113.74889,524,2026-08-23,F,88,110,21,46,3,15,6,24,0.0
MORMON LAKE,20215,AMOL,34.90972,-111.43842,7094,2026-08-23,F,58,86,22,59,1,3,3,14,0.03
MOSS BASIN,20115,AMOS,35.03397,-113.89406,5920,2026-08-23,F,68,92,18,37,5,11,8,17,0.01
MOUNTAINAIR,291501,XMOU,34.52081,-106.26269,6593,2026-08-23,F,62,91,16,54,3,11,5,16,0.0
MOUNTAIN LION,20310,AFAP,33.69511,-109.71078,7269,2026-08-23,F,58,85,25,59,1,3,6,10,0.0
MOUNT LOGAN,20107,AMTL,36.35306,-113.19917,7605,2026-08-23,F,64,82,20,37,6,10,11,24,0.0
MULESHOE RANCH,21007,AMUL,32.40383,-110.272,4475,2026-08-23,F,73,99,16,44,2,6,6,17,0.0
MUSIC MOUNTAIN,20119,AMUS,35.61497,-113.79428,5375,2026-08-23,F,71,96,15,33,5,14,9,24,0.0
NAVAJO MONUMENT,20307,ANAV,36.67667,-110.54389,7204,2026-08-23,F,61,87,18,55,5,9,8,15,0.0
NEVERSHINE,55522326,ANEV,36.24753,-113.88851,2165,2026-08-23,F,85,107,11,24,6,13,8,16,0.0
NIXON FLATS,20113,ANIX,36.38833,-113.15806,6500,2026-08-23,F,61,87,17,48,2,7,5,19,0.0
NOON CREEK,21010,ANOO,32.66778,-109.78806,4925,2026-08-23,F,72,100,13,38,3,8,5,15,0.0
OAK CREEK,20219,AOAK,34.94686,-111.75444,4804,2026-08-23,F,69,98,16,44,2,3,7,14,0.0
OAK FLATS,291402,XOAK,35.00614,-106.31583,7675,2026-08-23,F,59,88,19,62,3,10,5,15,0.0
OATMAN,21502,AOAT,33.04994,-113.13867,1715,2026-08-23,F,88,111,17,39,3,14,6,25,0.02
OLAF KNOLLS,20108,AOLA,36.50725,-113.81589,2974,2026-08-23,F,82,105,11,23,6,11,11,24,0.0
PADUCA,293202,XPAD,32.17983,-103.722,3534,2026-08-23,F,73,100,16,46,6,14,7,23,0.0
PARIA POINT,20226,APAR,36.72753,-111.822,7106,2026-08-23,F,67,88,18,39,2,6,7,16,0.0
PAYSON,20602,APAY,34.24614,-111.2935,5064,2026-08-23,F,68,95,22,53,2,6,6,14,0.0
PECOS,291202,XPEC,35.54558,-105.49439,8229,2026-08-23,F,60,84,20,53,3,15,5,21,0.04
PELONA MOUNTAIN,292009,XPEL,33.69375,-108.06161,7955,2026-08-23,F,59,83,22,56,2,9,3,13,0.02
PICACHO PEAK,55522341,APIC,32.66314,-111.42154,1750,2026-08-23,F,81,104,16,41,3,7,5,13,0.0
PINE,20612,APNE,34.37181,-111.4555,5313,2026-08-23,F,68,94,21,48,2,6,7,14,0.0
PINEDALE,55522344,APND,34.30617,-110.23661,6461,2026-08-23,F,65,89,23,50,3,6,6,14,0.04
PINEY HILL,20402,APIN,35.76111,-109.16719,8061,2026-08-23,F,61,81,24,56,2,6,5,13,0.04
PLEASANT VALLEY,20603,APLE,34.08858,-110.94225,5232,2026-08-23,F,66,95,19,52,2,5,5,13,0.0
PROMONTORY,20221,APRO,34.36528,-111.01444,7842,2026-08-23,F,63,82,30,48,1,3,5,11,0.02
QUEEN,293105,XQUN,32.20361,-104.69031,5642,2026-08-23,F,68,93,15,39,6,13,8,18,0.0
RAMAH,293305,XRAM,34.81947,-108.29439,7645,2026-08-23,F,55,85,22,75,2,14,3,19,0.0
RED CANYON,55523735,XRDC,34.62289,-106.40831,8070,2026-08-23,F,60,80,18,53,5,10,7,15,0.0
RED LAKE,20610,ARED,34.18133,-110.78919,6524,2026-08-23,F,59,89,25,67,0,2,3,8,0.0
RESERVE,292005,XRES,33.71489,-108.777,5846,2026-08-23,F,58,93,16,69,1,13,1,17,0.01
RINCON,21207,ARIN,32.20639,-110.54861,8209,2026-08-23,F,62,78,28,52,3,9,8,14,0.0
RUCKER,21414,ARUC,31.76111,-109.34861,5700,2026-08-23,F,65,92,16,45,2,5,6,15,0.0
SAGUARO,21202,ASAG,32.31111,-110.81861,2758,2026-08-23,F,81,106,17,43,2,5,5,15,0.0
SAN ANDRES,292904,XSAA,32.58008,-106.52719,6137,2026-08-23,F,70,93,15,34,2,6,7,16,0.0
SAN CARLOS #1,20608,ASCA,33.37165,-110.45683,2830,2026-08-23,F,78,107,13,40,2,14,6,23,0.0
SANDIA LAB,291408,XSLB,35.00406,-106.41148,6321,2026-08-23,F,64,90,20,58,2,11,3,16,0.0
SANDIA LAKES,290706,XSLK,35.22967,-106.59061,5027,2026-08-23,F,67,98,18,58,2,10,3,15,0.0
SANTA FE WATERSHED,290901,XSFW,35.68686,-105.86031,7749,2026-08-23,F,56,85,21,64,3,13,5,17,0.0
SASABE,21206,ASAS,31.69169,-111.44811,3500,2026-08-23,F,74,101,21,65,3,7,6,17,0.03
SCOUT CAMP,21208,ASOL,32.39806,-110.725,7554,2026-08-23,F,66,85,27,53,2,8,7,15,0.04
SELLS,21209,ASES,31.91014,-111.89743,2262,2026-08-23,F,81,105,20,57,2,8,6,17,0.0
SEVILLETA,292105,XSEV,34.35844,-106.6895,5246,2026-08-23,F,67,97,14,53,2,10,3,15,0.0
SHADOW RIM,20611,ASHA,34.40586,-111.28319,5660,2026-08-23,F,67,96,20,49,1,5,3,14,0.0
SLAUGHTER,292008,XSLA,34.06056,-108.44472,8680,2026-08-23,F,57,80,27,60,2,14,3,19,0.0
SMITH PEAK,21501,ASMI,34.11486,-113.34733,2386,2026-08-23,F,88,107,14,25,3,10,7,18,0.02
SMOKEY BEAR,292203,XSMO,33.35019,-105.686,7194,2026-08-23,F,58,88,22,60,2,10,3,15,0.0
SOWATS,55523737,ASOW,36.48242,-112.42281,7038,2026-08-23,F,61,88,18,46,5,9,8,15,0.0
STANTON,20509,ASTA,34.16403,-112.73486,3600,2026-08-23,F,84,101,16,28,3,9,10,22,0.0
STONE LAKE,290201,XSTO,36.73161,-106.86581,7436,2026-08-23,F,56,88,19,71,2,14,3,19,0.0
STRAY HORSE,21106,ASTH,33.55253,-109.31719,7956,2026-08-23,F,62,80,22,47,5,10,9,16,0.03
SUNSET POINT,20510,ASUN,34.18847,-112.13467,3380,2026-08-23,F,80,103,15,34,2,9,8,19,0.02
TANKS,55522384,ATNK,33.67314,-110.57431,5801,2026-08-23,F,65,90,22,56,5,13,9,19,0.0
TAOS PUEBLO RAWS,55522385,XTAP,36.41461,-105.55689,7135,2026-08-23,F,58,88,23,64,2,14,3,19,0.06
T BAR,55523738,XTBA,33.51789,-108.52419,8047,2026-08-23,F,54,82,23,69,1,10,1,15,0.01
TONTO BASIN,20606,ATON,33.86861,-111.31333,2414,2026-08-23,F,80,106,15,40,2,15,6,23,0.04
TOWER,290801,XTOW,35.77899,-106.26611,6529,2026-08-23,F,62,92,19,58,3,10,5,15,0.14
TRAIL CABIN,21105,ATRA,33.26478,-109.36789,6250,2026-08-23,F,67,92,17,49,6,8,9,15,0.0
TRUCHAS,290210,XTRU,36.059,-105.7695,8353,2026-08-23,F,50,83,23,73,2,11,3,16,0.01
TRUXTON CANYON,20120,ATRU,35.78013,-113.79563,5304,2026-08-23,F,76,92,17,30,3,11,7,24,0.0
TUSAYAN,20207,ATUS,35.98833,-112.12056,6570,2026-08-23,F,53,90,18,61,0,3,3,11,0.0
TWEEDS POINT,20109,ATWE,36.58186,-113.732,5334,2026-08-23,F,77,94,14,25,8,15,15,31,0.0
UNION PASS,20116,AUNI,35.23233,-114.38194,3590,2026-08-23,F,83,100,14,22,1,10,5,23,0.0
VERDE,20503,AVER,34.54917,-111.84417,3101,2026-08-23,F,73,106,16,55,2,5,5,13,0.04
WARM SPRINGS CANYON,20216,AWAR,36.70117,-112.22689,7953,2026-08-23,F,58,84,19,49,5,10,9,17,0.0
WASHINGTON PASS,290101,XWAS,36.0765,-108.8615,9384,2026-08-23,F,57,77,28,60,2,10,3,15,0.05
WILD RIVERS,290307,XWDR,36.69469,-105.66872,7530,2026-08-23,F,54,86,22,71,1,13,1,17,0.07
YELLOW JOHN MOUNTAIN,20217,AYEL,36.155,-113.54944,6160,2026-08-23,F,57,91,16,49,2,6,6,18,0.0
ZUNI BUTTES,290603,XZUB,35.13919,-108.94131,6649,2026-08-23,F,58,91,18,69,2,14,3,19,0.0
10K,55522198,X10K,35.2085,-106.43586,10065,2026-08-23,F,54,76,24,59,3,11,5,16,0.0
AHAKHAV PRESERVE,21503,AAHA,34.13222,-114.32917,363,2026-08-23,F,87,112,16,35,1,11,5,22,0.0
ALBINO CANYON,290102,XALB,36.97661,-107.62892,7173,2026-08-23,F,61,90,20,69,1,15,1,21,0.0
ALPINE,20401,AALP,33.84272,-109.11161,8207,2026-08-23,F,56,80,26,64,1,5,5,11,0.0
BAKERS TANK,55522210,AHBB,32.61528,-114.00836,563,2026-08-23,F,89,109,21,43,3,15,6,25,0.0
BARTLEY,291002,XBAR,35.90875,-105.38769,9192,2026-08-23,F,56,80,26,60,3,11,5,16,0.0
BATDRAW,293101,XBAD,32.17861,-104.44056,4425,2026-08-23,F,75,99,13,33,5,14,6,23,0.0
BEAVERHEAD,292001,XBEA,33.42353,-108.11019,6750,2026-08-23,F,54,89,20,77,1,7,1,9,0.0
BELMONT,21504,ABEL,33.67411,-112.92281,1813,2026-08-23,F,86,108,14,30,3,11,8,17,0.0
BLACK HILLS,21008,ABLA,33.08203,-109.95119,3262,2026-08-23,F,80,105,12,36,2,7,7,16,0.0
BLACK MESA,290305,XBLM,36.03708,-106.04964,5762,2026-08-23,F,59,93,20,67,2,9,3,13,0.02
BLACK ROCK,20114,ABRK,36.79436,-113.75056,7224,2026-08-23,F,68,85,18,33,3,6,10,21,0.0
BLUEWATER RIDGE,293303,XBLR,35.19411,-108.16336,8274,2026-08-23,F,58,82,26,60,1,8,1,11,0.02
BOSQUE,292103,XBOS,33.82064,-106.88169,4523,2026-08-23,F,66,100,13,58,2,9,3,13,0.0
BRIGHT ANGEL,20211,ACAN,36.20472,-112.06222,8134,2026-08-23,F,60,85,19,44,2,11,3,17,0.0
BRUSHY MOUNTAIN,291301,XBRU,34.72,-107.8484,8789,2026-08-23,F,57,82,25,60,3,10,5,15,0.01
BUCKSKIN MTN,20224,ABUC,36.91808,-112.19981,6334,2026-08-23,F,65,90,16,43,2,9,6,22,0.0
BURRO MOUNTAIN,292504,XBUR,32.67203,-108.53969,6995,2026-08-23,F,68,92,16,40,6,15,13,22,0.0
CANELO,21303,ACNL,31.54972,-110.51917,4629,2026-08-23,F,68,94,23,64,3,10,6,17,0.02
CAPROCK,293104,XCAP,32.92728,-103.85689,4167,2026-08-23,F,71,99,14,46,8,15,11,22,0.0
CARR,21411,ACAA,31.44111,-110.28611,5400,2026-08-23,F,71,95,23,52,2,7,7,16,0.0
CASA GRANDE,20906,ACSG,32.99177,-111.53264,1412,2026-08-23,F,84,108,16,39,3,15,3,26,0.0
CAVE CREEK,55522232,ACAV,34.0899,-111.8465,3477,2026-08-23,F,75,104,14,40,2,6,6,13,0.0
CEDAR RIDGE,55523718,ACED,32.59872,-110.76231,4735,2026-08-23,F,77,98,17,39,3,9,7,16,0.03
CHERRY,20511,ACHE,34.59661,-112.04761,5147,2026-08-23,F,65,95,20,56,2,6,7,16,0.0
CHUPADERA,292102,XCHU,33.77294,-106.0985,5580,2026-08-23,F,67,95,14,47,3,13,5,17,0.0
CIBOLA,20121,ACBL,33.28,-114.68489,252,2026-08-23,F,89,114,15,38,3,11,7,21,0.0
CIMARRON,290401,XCIM,36.60611,-105.12028,8806,2026-08-23,F,51,81,26,80,2,8,3,11,0.0
CIPRIANO,55522238,ARIP,32.4235,-114.16211,1042,2026-08-23,F,90,108,24,51,3,15,7,23,0.0
COLUMBINE,21005,ACOL,32.70389,-109.91389,9521,2026-08-23,F,56,76,26,57,1,3,5,13,0.0
COSMIC,293004,XCOS,32.77925,-105.81989,9172,2026-08-23,F,57,79,24,49,2,8,6,18,0.0
COYOTE,290202,XCOY,36.07333,-106.65739,8704,2026-08-23,F,54,82,24,66,5,13,7,17,0.08
CROWN KING,20502,ACRO,34.20336,-112.34561,6173,2026-08-23,F,68,92,20,43,2,3,8,13,0.02
CUBA,290705,XCUB,35.942,-107.07739,6890,2026-08-23,F,59,88,19,58,2,11,3,16,0.03
DATIL,292012,XDAT,34.29256,-107.768,8431,2026-08-23,F,57,81,24,61,3,10,5,15,0.06
DEADMAN PEAK,290203,XDEA,36.4229,-106.772,8389,2026-08-23,F,58,84,17,58,2,14,3,19,0.0
DEVILS HILLS,55522251,ADVH,32.42483,-113.79011,836,2026-08-23,F,89,108,21,43,3,16,7,24,0.0
DRIPPING SPRINGS,292903,XDRI,32.32225,-106.58661,5814,2026-08-23,F,74,94,14,31,2,7,7,21,0.0
DRY LAKE,21009,ADRL,33.35982,-109.83306,7405,2026-08-23,F,65,90,18,49,5,7,11,15,0.0
DRY PARK,20212,ADRY,36.45308,-112.23819,8700,2026-08-23,F,55,80,22,53,2,9,5,16,0.0
DULCE #2,290205,XDUL,36.93519,-107.00011,6805,2026-08-23,F,52,90,20,92,2,13,3,17,0.0
DUNKEN,292302,XDUN,32.82467,-105.18261,5431,2026-08-23,F,67,95,14,39,5,14,7,19,0.0
DUTCH KID,55522257,ADUT,35.12931,-112.28219,6505,2026-08-23,F,61,90,20,54,3,9,7,18,0.0
EIGHT MILE DRAW,292301,XEIG,33.65064,-104.32139,3626,2026-08-23,F,71,105,11,42,3,15,5,21,0.0
EMPIRE,21205,AEMP,31.78347,-110.64325,4650,2026-08-23,F,70,96,20,58,2,6,5,16,0.03
FLAGSTAFF,20209,AFLG,35.14111,-111.6725,6903,2026-08-23,F,56,86,21,63,0,6,3,15,0.0
FORT YUMA,20102,AFYM,32.65222,-114.63417,185,2026-08-23,F,89,111,21,53,3,11,6,22,0.0
FOUR SPRINGS,20227,AFOU,36.79367,-112.04239,6560,2026-08-23,F,68,88,17,39,3,8,7,17,0.0
FRAZIER WELLS,20213,AFRA,35.84551,-113.05501,6796,2026-08-23,F,66,86,19,37,3,11,7,17,0.0
FTHL YDMA,55522271,AFTH,32.48658,-114.4635,331,2026-08-23,F,90,111,23,55,3,17,6,24,0.0
GILA CENTER RAWS,292011,XGIL,33.22375,-108.24031,5767,2026-08-23,F,56,93,17,81,1,7,1,9,0.01
GLOBE,20601,AGLO,33.32694,-110.76694,4137,2026-08-23,F,79,99,18,36,2,10,7,17,0.0
GOLDFIELD,21505,AGOL,33.55531,-111.6145,1367,2026-08-23,F,86,110,14,36,2,15,6,24,0.0
GOODWIN MESA,20507,AGOO,34.77614,-113.3375,4311,2026-08-23,F,75,100,16,34,3,11,5,16,0.0
GRANTS,291302,XGRA,35.24278,-107.66528,8620,2026-08-23,F,54,82,24,71,2,9,3,13,0.0
GREENBASE,20284,AGRB,35.27619,-112.06325,6923,2026-08-23,F,57,85,22,59,1,8,5,17,0.0
GREER,20404,AGRE,34.05853,-109.44097,8240,2026-08-23,F,56,79,29,61,2,6,5,11,0.05
GUNSIGHT,20223,AGUN,36.70464,-112.5835,5284,2026-08-23,F,69,96,14,38,2,9,5,22,0.0
GUTHRIE,21104,AGUT,32.88203,-109.30931,6324,2026-08-23,F,71,92,15,41,5,16,11,24,0.0
HACHITA VALLEY,292702,XHAC,31.702,-108.34169,4290,2026-08-23,F,71,101,12,35,2,9,5,14,0.0
HAPPY JACK,20291,AHJK,34.61797,-111.34239,6812,2026-08-23,F,58,86,25,64,0,6,3,17,0.02
HAVASU,20118,AHAV,34.80758,-114.53456,475,2026-08-23,F,86,116,11,37,1,9,3,21,0.0
HEADQUARTERS,21409,ACHR,32.00611,-109.35694,5400,2026-08-23,F,69,96,16,43,2,6,7,13,0.0
HEBER,20301,AHBR,34.39778,-110.56444,6635,2026-08-23,F,61,87,23,60,1,6,5,15,0.03
HILLTOP,20609,AHIL,33.61119,-110.41461,5732,2026-08-23,F,63,92,21,63,2,11,7,18,0.0
HOPI,20312,AHPI,35.86292,-110.61495,5579,2026-08-23,F,64,96,15,56,3,11,8,24,0.0
HOPKINS,21302,AHPK,31.67528,-110.88,7120,2026-08-23,F,68,86,28,57,5,9,9,14,0.11
HORSE CAMP CANYON,20903,AHOR,32.93656,-110.4935,4014,2026-08-23,F,76,100,16,38,3,9,9,21,0.01
HUMBUG CREEK,20508,AHUM,34.11,-112.3,5250,2026-08-23,F,77,94,20,33,5,11,9,23,0.04
HURRICANE,20117,AHUR,36.69908,-113.20731,5445,2026-08-23,F,68,95,14,37,7,13,13,25,0.0
IRON SPRINGS,20501,AIRO,34.59361,-112.51139,5385,2026-08-23,F,67,92,20,48,1,6,5,16,0.04
JARITA MESA,290204,XJAR,36.55597,-106.10306,8864,2026-08-23,F,55,82,22,66,2,13,3,17,0.03
JEMEZ,290702,XJEM,35.84114,-106.61969,8248,2026-08-23,F,56,85,21,66,5,11,7,16,0.01
LAGUNA,293304,XLAG,35.05197,-107.42028,5805,2026-08-23,F,65,93,17,56,2,11,3,16,0.0
LAKESIDE,20303,ALAK,34.16283,-109.87639,7267,2026-08-23,F,58,85,26,65,2,6,7,11,0.03
LIMESTONE CANYON,20309,ALIM,34.17786,-110.27663,7102,2026-08-23,F,65,89,23,49,1,6,3,13,0.02
LINDBERGH HILL,20220,ALBE,36.28556,-112.07861,8800,2026-08-23,F,57,82,22,49,3,9,7,15,0.0
LUNA,292004,XLUN,33.82289,-108.94311,7088,2026-08-23,F,54,87,21,75,2,11,3,16,0.0
MAGDALENA,292104,XMAG,33.85061,-107.539,8495,2026-08-23,F,58,82,23,53,3,8,5,11,0.0
MALPAIS LAVA FLOW,293301,XMAL,34.85181,-108.17461,7514,2026-08-23,F,56,86,23,72,2,13,3,17,0.0
MAYHILL,293002,XMAY,32.90947,-105.46981,6599,2026-08-23,F,59,91,16,54,2,6,8,16,0.0
MCGREGGOR RANGE,292901,XMCG,32.43133,-105.62181,4832,2026-08-23,F,69,99,13,42,3,10,6,14,0.0
MELROSE RANGE,291901,XMEL,34.28422,-103.71497,4263,2026-08-23,F,72,101,12,41,8,14,11,19,0.0
MESCAL,293003,XMES,33.15803,-105.76881,6227,2026-08-23,F,57,88,20,59,2,7,6,14,0.0
MIDNIGHT,55522315,XMID,36.77819,-105.34131,10815,2026-08-23,F,44,73,28,89,5,9,7,13,0.0
MILLS CANYON,291101,XMIL,36.05453,-104.32511,5881,2026-08-23,F,61,95,18,65,3,14,5,19,0.01
MOGOLLON,292013,XMOG,33.39064,-108.80819,7602,2026-08-23,F,62,88,20,49,2,9,3,13,0.0
MOHAWK DUNES,55522318,AMOD,32.68878,-113.74889,524,2026-08-23,F,88,110,21,46,3,15,6,24,0.0
MORMON LAKE,20215,AMOL,34.90972,-111.43842,7094,2026-08-23,F,58,86,22,59,1,3,3,14,0.03
MOSS BASIN,20115,AMOS,35.03397,-113.89406,5920,2026-08-23,F,68,92,18,37,5,11,8,17,0.01
MOUNTAINAIR,291501,XMOU,34.52081,-106.26269,6593,2026-08-23,F,62,91,16,54,3,11,5,16,0.0
MOUNTAIN LION,20310,AFAP,33.69511,-109.71078,7269,2026-08-23,F,58,85,25,59,1,3,6,10,0.0
MOUNT LOGAN,20107,AMTL,36.35306,-113.19917,7605,2026-08-23,F,64,82,20,37,6,10,11,24,0.0
MULESHOE RANCH,21007,AMUL,32.40383,-110.272,4475,2026-08-23,F,73,99,16,44,2,6,6,17,0.0
MUSIC MOUNTAIN,20119,AMUS,35.61497,-113.79428,5375,2026-08-23,F,71,96,15,33,5,14,9,24,0.0
NAVAJO MONUMENT,20307,ANAV,36.67667,-110.54389,7204,2026-08-23,F,61,87,18,55,5,9,8,15,0.0
NEVERSHINE,55522326,ANEV,36.24753,-113.88851,2165,2026-08-23,F,85,107,11,24,6,13,8,16,0.0
NIXON FLATS,20113,ANIX,36.38833,-113.15806,6500,2026-08-23,F,61,87,17,48,2,7,5,19,0.0
NOON CREEK,21010,ANOO,32.66778,-109.78806,4925,2026-08-23,F,72,100,13,38,3,8,5,15,0.0
OAK CREEK,20219,AOAK,34.94686,-111.75444,4804,2026-08-23,F,69,98,16,44,2,3,7,14,0.0
OAK FLATS,291402,XOAK,35.00614,-106.31583,7675,2026-08-23,F,59,88,19,62,3,10,5,15,0.0
OATMAN,21502,AOAT,33.04994,-113.13867,1715,2026-08-23,F,88,111,17,39,3,14,6,25,0.02
OLAF KNOLLS,20108,AOLA,36.50725,-113.81589,2974,2026-08-23,F,82,105,11,23,6,11,11,24,0.0
PADUCA,293202,XPAD,32.17983,-103.722,3534,2026-08-23,F,73,100,16,46,6,14,7,23,0.0
PARIA POINT,20226,APAR,36.72753,-111.822,7106,2026-08-23,F,67,88,18,39,2,6,7,16,0.0
PAYSON,20602,APAY,34.24614,-111.2935,5064,2026-08-23,F,68,95,22,53,2,6,6,14,0.0
PECOS,291202,XPEC,35.54558,-105.49439,8229,2026-08-23,F,60,84,20,53,3,15,5,21,0.04
PELONA MOUNTAIN,292009,XPEL,33.69375,-108.06161,7955,2026-08-23,F,59,83,22,56,2,9,3,13,0.02
PICACHO PEAK,55522341,APIC,32.66314,-111.42154,1750,2026-08-23,F,81,104,16,41,3,7,5,13,0.0
PINE,20612,APNE,34.37181,-111.4555,5313,2026-08-23,F,68,94,21,48,2,6,7,14,0.0
PINEDALE,55522344,APND,34.30617,-110.23661,6461,2026-08-23,F,65,89,23,50,3,6,6,14,0.04
PINEY HILL,20402,APIN,35.76111,-109.16719,8061,2026-08-23,F,61,81,24,56,2,6,5,13,0.04
PLEASANT VALLEY,20603,APLE,34.08858,-110.94225,5232,2026-08-23,F,66,95,19,52,2,5,5,13,0.0
PROMONTORY,20221,APRO,34.36528,-111.01444,7842,2026-08-23,F,63,82,30,48,1,3,5,11,0.02
QUEEN,293105,XQUN,32.20361,-104.69031,5642,2026-08-23,F,68,93,15,39,6,13,8,18,0.0
RAMAH,293305,XRAM,34.81947,-108.29439,7645,2026-08-23,F,55,85,22,75,2,14,3,19,0.0
RED CANYON,55523735,XRDC,34.62289,-106.40831,8070,2026-08-23,F,60,80,18,53,5,10,7,15,0.0
RED LAKE,20610,ARED,34.18133,-110.78919,6524,2026-08-23,F,59,89,25,67,0,2,3,8,0.0
RESERVE,292005,XRES,33.71489,-108.777,5846,2026-08-23,F,58,93,16,69,1,13,1,17,0.01
RINCON,21207,ARIN,32.20639,-110.54861,8209,2026-08-23,F,62,78,28,52,3,9,8,14,0.0
RUCKER,21414,ARUC,31.76111,-109.34861,5700,2026-08-23,F,65,92,16,45,2,5,6,15,0.0
SAGUARO,21202,ASAG,32.31111,-110.81861,2758,2026-08-23,F,81,106,17,43,2,5,5,15,0.0
SAN ANDRES,292904,XSAA,32.58008,-106.52719,6137,2026-08-23,F,70,93,15,34,2,6,7,16,0.0
SAN CARLOS #1,20608,ASCA,33.37165,-110.45683,2830,2026-08-23,F,78,107,13,40,2,14,6,23,0.0
SANDIA LAB,291408,XSLB,35.00406,-106.41148,6321,2026-08-23,F,64,90,20,58,2,11,3,16,0.0
SANDIA LAKES,290706,XSLK,35.22967,-106.59061,5027,2026-08-23,F,67,98,18,58,2,10,3,15,0.0
SANTA FE WATERSHED,290901,XSFW,35.68686,-105.86031,7749,2026-08-23,F,56,85,21,64,3,13,5,17,0.0
SASABE,21206,ASAS,31.69169,-111.44811,3500,2026-08-23,F,74,101,21,65,3,7,6,17,0.03
SCOUT CAMP,21208,ASOL,32.39806,-110.725,7554,2026-08-23,F,66,85,27,53,2,8,7,15,0.04
SELLS,21209,ASES,31.91014,-111.89743,2262,2026-08-23,F,81,105,20,57,2,8,6,17,0.0
SEVILLETA,292105,XSEV,34.35844,-106.6895,5246,2026-08-23,F,67,97,14,53,2,10,3,15,0.0
SHADOW RIM,20611,ASHA,34.40586,-111.28319,5660,2026-08-23,F,67,96,20,49,1,5,3,14,0.0
SLAUGHTER,292008,XSLA,34.06056,-108.44472,8680,2026-08-23,F,57,80,27,60,2,14,3,19,0.0
SMITH PEAK,21501,ASMI,34.11486,-113.34733,2386,2026-08-23,F,88,107,14,25,3,10,7,18,0.02
SMOKEY BEAR,292203,XSMO,33.35019,-105.686,7194,2026-08-23,F,58,88,22,60,2,10,3,15,0.0
SOWATS,55523737,ASOW,36.48242,-112.42281,7038,2026-08-23,F,61,88,18,46,5,9,8,15,0.0
STANTON,20509,ASTA,34.16403,-112.73486,3600,2026-08-23,F,84,101,16,28,3,9,10,22,0.0
STONE LAKE,290201,XSTO,36.73161,-106.86581,7436,2026-08-23,F,56,88,19,71,2,14,3,19,0.0
STRAY HORSE,21106,ASTH,33.55253,-109.31719,7956,2026-08-23,F,62,80,22,47,5,10,9,16,0.03
SUNSET POINT,20510,ASUN,34.18847,-112.13467,3380,2026-08-23,F,80,103,15,34,2,9,8,19,0.02
TANKS,55522384,ATNK,33.67314,-110.57431,5801,2026-08-23,F,65,90,22,56,5,13,9,19,0.0
TAOS PUEBLO RAWS,55522385,XTAP,36.41461,-105.55689,7135,2026-08-23,F,58,88,23,64,2,14,3,19,0.06
T BAR,55523738,XTBA,33.51789,-108.52419,8047,2026-08-23,F,54,82,23,69,1,10,1,15,0.01
TONTO BASIN,20606,ATON,33.86861,-111.31333,2414,2026-08-23,F,80,106,15,40,2,15,6,23,0.04
TOWER,290801,XTOW,35.77899,-106.26611,6529,2026-08-23,F,62,92,19,58,3,10,5,15,0.14
TRAIL CABIN,21105,ATRA,33.26478,-109.36789,6250,2026-08-23,F,67,92,17,49,6,8,9,15,0.0
TRUCHAS,290210,XTRU,36.059,-105.7695,8353,2026-08-23,F,50,83,23,73,2,11,3,16,0.01
TRUXTON CANYON,20120,ATRU,35.78013,-113.79563,5304,2026-08-23,F,76,92,17,30,3,11,7,24,0.0
TUSAYAN,20207,ATUS,35.98833,-112.12056,6570,2026-08-23,F,53,90,18,61,0,3,3,11,0.0
TWEEDS POINT,20109,ATWE,36.58186,-113.732,5334,2026-08-23,F,77,94,14,25,8,15,15,31,0.0
UNION PASS,20116,AUNI,35.23233,-114.38194,3590,2026-08-23,F,83,100,14,22,1,10,5,23,0.0
VERDE,20503,AVER,34.54917,-111.84417,3101,2026-08-23,F,73,106,16,55,2,5,5,13,0.04
WARM SPRINGS CANYON,20216,AWAR,36.70117,-112.22689,7953,2026-08-23,F,58,84,19,49,5,10,9,17,0.0
WASHINGTON PASS,290101,XWAS,36.0765,-108.8615,9384,2026-08-23,F,57,77,28,60,2,10,3,15,0.05
WILD RIVERS,290307,XWDR,36.69469,-105.66872,7530,2026-08-23,F,54,86,22,71,1,13,1,17,0.07
YELLOW JOHN MOUNTAIN,20217,AYEL,36.155,-113.54944,6160,2026-08-23,F,57,91,16,49,2,6,6,18,0.0
ZUNI BUTTES,290603,XZUB,35.13919,-108.94131,6649,2026-08-23,F,58,91,18,69,2,14,3,19,0.0
10K,55522198,X10K,35.2085,-106.43586,10065,2026-08-23,F,54,76,24,59,3,11,5,16,0.0
AHAKHAV PRESERVE,21503,AAHA,34.13222,-114.32917,363,2026-08-23,F,87,112,16,35,1,11,5,22,0.0
ALBINO CANYON,290102,XALB,36.97661,-107.62892,7173,2026-08-23,F,61,90,20,69,1,15,1,21,0.0
ALPINE,20401,AALP,33.84272,-109.11161,8207,2026-08-23,F,56,80,26,64,1,5,5,11,0.0
BAKERS TANK,55522210,AHBB,32.61528,-114.00836,563,2026-08-23,F,89,109,21,43,3,15,6,25,0.0
BARTLEY,291002,XBAR,35.90875,-105.38769,9192,2026-08-23,F,56,80,26,60,3,11,5,16,0.0
BATDRAW,293101,XBAD,32.17861,-104.44056,4425,2026-08-23,F,75,99,13,33,5,14,6,23,0.0
BEAVERHEAD,292001,XBEA,33.42353,-108.11019,6750,2026-08-23,F,54,89,20,77,1,7,1,9,0.0
BELMONT,21504,ABEL,33.67411,-112.92281,1813,2026-08-23,F,86,108,14,30,3,11,8,17,0.0
BLACK HILLS,21008,ABLA,33.08203,-109.95119,3262,2026-08-23,F,80,105,12,36,2,7,7,16,0.0
BLACK MESA,290305,XBLM,36.03708,-106.04964,5762,2026-08-23,F,59,93,20,67,2,9,3,13,0.02
BLACK ROCK,20114,ABRK,36.79436,-113.75056,7224,2026-08-23,F,68,85,18,33,3,6,10,21,0.0
BLUEWATER RIDGE,293303,XBLR,35.19411,-108.16336,8274,2026-08-23,F,58,82,26,60,1,8,1,11,0.02
BOSQUE,292103,XBOS,33.82064,-106.88169,4523,2026-08-23,F,66,100,13,58,2,9,3,13,0.0
BRIGHT ANGEL,20211,ACAN,36.20472,-112.06222,8134,2026-08-23,F,60,85,19,44,2,11,3,17,0.0
BRUSHY MOUNTAIN,291301,XBRU,34.72,-107.8484,8789,2026-08-23,F,57,82,25,60,3,10,5,15,0.01
BUCKSKIN MTN,20224,ABUC,36.91808,-112.19981,6334,2026-08-23,F,65,90,16,43,2,9,6,22,0.0
BURRO MOUNTAIN,292504,XBUR,32.67203,-108.53969,6995,2026-08-23,F,68,92,16,40,6,15,13,22,0.0
CANELO,21303,ACNL,31.54972,-110.51917,4629,2026-08-23,F,68,94,23,64,3,10,6,17,0.02
CAPROCK,293104,XCAP,32.92728,-103.85689,4167,2026-08-23,F,71,99,14,46,8,15,11,22,0.0
CARR,21411,ACAA,31.44111,-110.28611,5400,2026-08-23,F,71,95,23,52,2,7,7,16,0.0
CASA GRANDE,20906,ACSG,32.99177,-111.53264,1412,2026-08-23,F,84,108,16,39,3,15,3,26,0.0
CAVE CREEK,55522232,ACAV,34.0899,-111.8465,3477,2026-08-23,F,75,104,14,40,2,6,6,13,0.0
CEDAR RIDGE,55523718,ACED,32.59872,-110.76231,4735,2026-08-23,F,77,98,17,39,3,9,7,16,0.03
CHERRY,20511,ACHE,34.59661,-112.04761,5147,2026-08-23,F,65,95,20,56,2,6,7,16,0.0
CHUPADERA,292102,XCHU,33.77294,-106.0985,5580,2026-08-23,F,67,95,14,47,3,13,5,17,0.0
CIBOLA,20121,ACBL,33.28,-114.68489,252,2026-08-23,F,89,114,15,38,3,11,7,21,0.0
CIMARRON,290401,XCIM,36.60611,-105.12028,8806,2026-08-23,F,51,81,26,80,2,8,3,11,0.0
CIPRIANO,55522238,ARIP,32.4235,-114.16211,1042,2026-08-23,F,90,108,24,51,3,15,7,23,0.0
COLUMBINE,21005,ACOL,32.70389,-109.91389,9521,2026-08-23,F,56,76,26,57,1,3,5,13,0.0
COSMIC,293004,XCOS,32.77925,-105.81989,9172,2026-08-23,F,57,79,24,49,2,8,6,18,0.0
COYOTE,290202,XCOY,36.07333,-106.65739,8704,2026-08-23,F,54,82,24,66,5,13,7,17,0.08
CROWN KING,20502,ACRO,34.20336,-112.34561,6173,2026-08-23,F,68,92,20,43,2,3,8,13,0.02
CUBA,290705,XCUB,35.942,-107.07739,6890,2026-08-23,F,59,88,19,58,2,11,3,16,0.03
DATIL,292012,XDAT,34.29256,-107.768,8431,2026-08-23,F,57,81,24,61,3,10,5,15,0.06
DEADMAN PEAK,290203,XDEA,36.4229,-106.772,8389,2026-08-23,F,58,84,17,58,2,14,3,19,0.0
DEVILS HILLS,55522251,ADVH,32.42483,-113.79011,836,2026-08-23,F,89,108,21,43,3,16,7,24,0.0
DRIPPING SPRINGS,292903,XDRI,32.32225,-106.58661,5814,2026-08-23,F,74,94,14,31,2,7,7,21,0.0
DRY LAKE,21009,ADRL,33.35982,-109.83306,7405,2026-08-23,F,65,90,18,49,5,7,11,15,0.0
DRY PARK,20212,ADRY,36.45308,-112.23819,8700,2026-08-23,F,55,80,22,53,2,9,5,16,0.0
DULCE #2,290205,XDUL,36.93519,-107.00011,6805,2026-08-23,F,52,90,20,92,2,13,3,17,0.0
DUNKEN,292302,XDUN,32.82467,-105.18261,5431,2026-08-23,F,67,95,14,39,5,14,7,19,0.0
DUTCH KID,55522257,ADUT,35.12931,-112.28219,6505,2026-08-23,F,61,90,20,54,3,9,7,18,0.0
EIGHT MILE DRAW,292301,XEIG,33.65064,-104.32139,3626,2026-08-23,F,71,105,11,42,3,15,5,21,0.0
EMPIRE,21205,AEMP,31.78347,-110.64325,4650,2026-08-23,F,70,96,20,58,2,6,5,16,0.03
FLAGSTAFF,20209,AFLG,35.14111,-111.6725,6903,2026-08-23,F,56,86,21,63,0,6,3,15,0.0
FORT YUMA,20102,AFYM,32.65222,-114.63417,185,2026-08-23,F,89,111,21,53,3,11,6,22,0.0
FOUR SPRINGS,20227,AFOU,36.79367,-112.04239,6560,2026-08-23,F,68,88,17,39,3,8,7,17,0.0
FRAZIER WELLS,20213,AFRA,35.84551,-113.05501,6796,2026-08-23,F,66,86,19,37,3,11,7,17,0.0
FTHL YDMA,55522271,AFTH,32.48658,-114.4635,331,2026-08-23,F,90,111,23,55,3,17,6,24,0.0
GILA CENTER RAWS,292011,XGIL,33.22375,-108.24031,5767,2026-08-23,F,56,93,17,81,1,7,1,9,0.01
GLOBE,20601,AGLO,33.32694,-110.76694,4137,2026-08-23,F,79,99,18,36,2,10,7,17,0.0
GOLDFIELD,21505,AGOL,33.55531,-111.6145,1367,2026-08-23,F,86,110,14,36,2,15,6,24,0.0
GOODWIN MESA,20507,AGOO,34.77614,-113.3375,4311,2026-08-23,F,75,100,16,34,3,11,5,16,0.0
GRANTS,291302,XGRA,35.24278,-107.66528,8620,2026-08-23,F,54,82,24,71,2,9,3,13,0.0
GREENBASE,20284,AGRB,35.27619,-112.06325,6923,2026-08-23,F,57,85,22,59,1,8,5,17,0.0
GREER,20404,AGRE,34.05853,-109.44097,8240,2026-08-23,F,56,79,29,61,2,6,5,11,0.05
GUNSIGHT,20223,AGUN,36.70464,-112.5835,5284,2026-08-23,F,69,96,14,38,2,9,5,22,0.0
GUTHRIE,21104,AGUT,32.88203,-109.30931,6324,2026-08-23,F,71,92,15,41,5,16,11,24,0.0
HACHITA VALLEY,292702,XHAC,31.702,-108.34169,4290,2026-08-23,F,71,101,12,35,2,9,5,14,0.0
HAPPY JACK,20291,AHJK,34.61797,-111.34239,6812,2026-08-23,F,58,86,25,64,0,6,3,17,0.02
HAVASU,20118,AHAV,34.80758,-114.53456,475,2026-08-23,F,86,116,11,37,1,9,3,21,0.0
HEADQUARTERS,21409,ACHR,32.00611,-109.35694,5400,2026-08-23,F,69,96,16,43,2,6,7,13,0.0
HEBER,20301,AHBR,34.39778,-110.56444,6635,2026-08-23,F,61,87,23,60,1,6,5,15,0.03
HILLTOP,20609,AHIL,33.61119,-110.41461,5732,2026-08-23,F,63,92,21,63,2,11,7,18,0.0
HOPI,20312,AHPI,35.86292,-110.61495,5579,2026-08-23,F,64,96,15,56,3,11,8,24,0.0
HOPKINS,21302,AHPK,31.67528,-110.88,7120,2026-08-23,F,68,86,28,57,5,9,9,14,0.11
HORSE CAMP CANYON,20903,AHOR,32.93656,-110.4935,4014,2026-08-23,F,76,100,16,38,3,9,9,21,0.01
HUMBUG CREEK,20508,AHUM,34.11,-112.3,5250,2026-08-23,F,77,94,20,33,5,11,9,23,0.04
HURRICANE,20117,AHUR,36.69908,-113.20731,5445,2026-08-23,F,68,95,14,37,7,13,13,25,0.0
IRON SPRINGS,20501,AIRO,34.59361,-112.51139,5385,2026-08-23,F,67,92,20,48,1,6,5,16,0.04
JARITA MESA,290204,XJAR,36.55597,-106.10306,8864,2026-08-23,F,55,82,22,66,2,13,3,17,0.03
JEMEZ,290702,XJEM,35.84114,-106.61969,8248,2026-08-23,F,56,85,21,66,5,11,7,16,0.01
LAGUNA,293304,XLAG,35.05197,-107.42028,5805,2026-08-23,F,65,93,17,56,2,11,3,16,0.0
LAKESIDE,20303,ALAK,34.16283,-109.87639,7267,2026-08-23,F,58,85,26,65,2,6,7,11,0.03
LIMESTONE CANYON,20309,ALIM,34.17786,-110.27663,7102,2026-08-23,F,65,89,23,49,1,6,3,13,0.02
LINDBERGH HILL,20220,ALBE,36.28556,-112.07861,8800,2026-08-23,F,57,82,22,49,3,9,7,15,0.0
LUNA,292004,XLUN,33.82289,-108.94311,7088,2026-08-23,F,54,87,21,75,2,11,3,16,0.0
MAGDALENA,292104,XMAG,33.85061,-107.539,8495,2026-08-23,F,58,82,23,53,3,8,5,11,0.0
MALPAIS LAVA FLOW,293301,XMAL,34.85181,-108.17461,7514,2026-08-23,F,56,86,23,72,2,13,3,17,0.0
MAYHILL,293002,XMAY,32.90947,-105.46981,6599,2026-08-23,F,59,91,16,54,2,6,8,16,0.0
MCGREGGOR RANGE,292901,XMCG,32.43133,-105.62181,4832,2026-08-23,F,69,99,13,42,3,10,6,14,0.0
MELROSE RANGE,291901,XMEL,34.28422,-103.71497,4263,2026-08-23,F,72,101,12,41,8,14,11,19,0.0
MESCAL,293003,XMES,33.15803,-105.76881,6227,2026-08-23,F,57,88,20,59,2,7,6,14,0.0
MIDNIGHT,55522315,XMID,36.77819,-105.34131,10815,2026-08-23,F,44,73,28,89,5,9,7,13,0.0
MILLS CANYON,291101,XMIL,36.05453,-104.32511,5881,2026-08-23,F,61,95,18,65,3,14,5,19,0.01
MOGOLLON,292013,XMOG,33.39064,-108.80819,7602,2026-08-23,F,62,88,20,49,2,9,3,13,0.0
MOHAWK DUNES,55522318,AMOD,32.68878,-113.74889,524,2026-08-23,F,88,110,21,46,3,15,6,24,0.0
MORMON LAKE,20215,AMOL,34.90972,-111.43842,7094,2026-08-23,F,58,86,22,59,1,3,3,14,0.03
MOSS BASIN,20115,AMOS,35.03397,-113.89406,5920,2026-08-23,F,68,92,18,37,5,11,8,17,0.01
MOUNTAINAIR,291501,XMOU,34.52081,-106.26269,6593,2026-08-23,F,62,91,16,54,3,11,5,16,0.0
MOUNTAIN LION,20310,AFAP,33.69511,-109.71078,7269,2026-08-23,F,58,85,25,59,1,3,6,10,0.0
MOUNT LOGAN,20107,AMTL,36.35306,-113.19917,7605,2026-08-23,F,64,82,20,37,6,10,11,24,0.0
MULESHOE RANCH,21007,AMUL,32.40383,-110.272,4475,2026-08-23,F,73,99,16,44,2,6,6,17,0.0
MUSIC MOUNTAIN,20119,AMUS,35.61497,-113.79428,5375,2026-08-23,F,71,96,15,33,5,14,9,24,0.0
NAVAJO MONUMENT,20307,ANAV,36.67667,-110.54389,7204,2026-08-23,F,61,87,18,55,5,9,8,15,0.0
NEVERSHINE,55522326,ANEV,36.24753,-113.88851,2165,2026-08-23,F,85,107,11,24,6,13,8,16,0.0
NIXON FLATS,20113,ANIX,36.38833,-113.15806,6500,2026-08-23,F,61,87,17,48,2,7,5,19,0.0
NOON CREEK,21010,ANOO,32.66778,-109.78806,4925,2026-08-23,F,72,100,13,38,3,8,5,15,0.0
OAK CREEK,20219,AOAK,34.94686,-111.75444,4804,2026-08-23,F,69,98,16,44,2,3,7,14,0.0
OAK FLATS,291402,XOAK,35.00614,-106.31583,7675,2026-08-23,F,59,88,19,62,3,10,5,15,0.0
OATMAN,21502,AOAT,33.04994,-113.13867,1715,2026-08-23,F,88,111,17,39,3,14,6,25,0.02
OLAF KNOLLS,20108,AOLA,36.50725,-113.81589,2974,2026-08-23,F,82,105,11,23,6,11,11,24,0.0
PADUCA,293202,XPAD,32.17983,-103.722,3534,2026-08-23,F,73,100,16,46,6,14,7,23,0.0
PARIA POINT,20226,APAR,36.72753,-111.822,7106,2026-08-23,F,67,88,18,39,2,6,7,16,0.0
PAYSON,20602,APAY,34.24614,-111.2935,5064,2026-08-23,F,68,95,22,53,2,6,6,14,0.0
PECOS,291202,XPEC,35.54558,-105.49439,8229,2026-08-23,F,60,84,20,53,3,15,5,21,0.04
PELONA MOUNTAIN,292009,XPEL,33.69375,-108.06161,7955,2026-08-23,F,59,83,22,56,2,9,3,13,0.02
PICACHO PEAK,55522341,APIC,32.66314,-111.42154,1750,2026-08-23,F,81,104,16,41,3,7,5,13,0.0
PINE,20612,APNE,34.37181,-111.4555,5313,2026-08-23,F,68,94,21,48,2,6,7,14,0.0
PINEDALE,55522344,APND,34.30617,-110.23661,6461,2026-08-23,F,65,89,23,50,3,6,6,14,0.04
PINEY HILL,20402,APIN,35.76111,-109.16719,8061,2026-08-23,F,61,81,24,56,2,6,5,13,0.04
PLEASANT VALLEY,20603,APLE,34.08858,-110.94225,5232,2026-08-23,F,66,95,19,52,2,5,5,13,0.0
PROMONTORY,20221,APRO,34.36528,-111.01444,7842,2026-08-23,F,63,82,30,48,1,3,5,11,0.02
QUEEN,293105,XQUN,32.20361,-104.69031,5642,2026-08-23,F,68,93,15,39,6,13,8,18,0.0
RAMAH,293305,XRAM,34.81947,-108.29439,7645,2026-08-23,F,55,85,22,75,2,14,3,19,0.0
RED CANYON,55523735,XRDC,34.62289,-106.40831,8070,2026-08-23,F,60,80,18,53,5,10,7,15,0.0
RED LAKE,20610,ARED,34.18133,-110.78919,6524,2026-08-23,F,59,89,25,67,0,2,3,8,0.0
RESERVE,292005,XRES,33.71489,-108.777,5846,2026-08-23,F,58,93,16,69,1,13,1,17,0.01
RINCON,21207,ARIN,32.20639,-110.54861,8209,2026-08-23,F,62,78,28,52,3,9,8,14,0.0
RUCKER,21414,ARUC,31.76111,-109.34861,5700,2026-08-23,F,65,92,16,45,2,5,6,15,0.0
SAGUARO,21202,ASAG,32.31111,-110.81861,2758,2026-08-23,F,81,106,17,43,2,5,5,15,0.0
SAN ANDRES,292904,XSAA,32.58008,-106.52719,6137,2026-08-23,F,70,93,15,34,2,6,7,16,0.0
SAN CARLOS #1,20608,ASCA,33.37165,-110.45683,2830,2026-08-23,F,78,107,13,40,2,14,6,23,0.0
SANDIA LAB,291408,XSLB,35.00406,-106.41148,6321,2026-08-23,F,64,90,20,58,2,11,3,16,0.0
SANDIA LAKES,290706,XSLK,35.22967,-106.59061,5027,2026-08-23,F,67,98,18,58,2,10,3,15,0.0
SANTA FE WATERSHED,290901,XSFW,35.68686,-105.86031,7749,2026-08-23,F,56,85,21,64,3,13,5,17,0.0
SASABE,21206,ASAS,31.69169,-111.44811,3500,2026-08-23,F,74,101,21,65,3,7,6,17,0.03
SCOUT CAMP,21208,ASOL,32.39806,-110.725,7554,2026-08-23,F,66,85,27,53,2,8,7,15,0.04
SELLS,21209,ASES,31.91014,-111.89743,2262,2026-08-23,F,81,105,20,57,2,8,6,17,0.0
SEVILLETA,292105,XSEV,34.35844,-106.6895,5246,2026-08-23,F,67,97,14,53,2,10,3,15,0.0
SHADOW RIM,20611,ASHA,34.40586,-111.28319,5660,2026-08-23,F,67,96,20,49,1,5,3,14,0.0
SLAUGHTER,292008,XSLA,34.06056,-108.44472,8680,2026-08-23,F,57,80,27,60,2,14,3,19,0.0
SMITH PEAK,21501,ASMI,34.11486,-113.34733,2386,2026-08-23,F,88,107,14,25,3,10,7,18,0.02
SMOKEY BEAR,292203,XSMO,33.35019,-105.686,7194,2026-08-23,F,58,88,22,60,2,10,3,15,0.0
SOWATS,55523737,ASOW,36.48242,-112.42281,7038,2026-08-23,F,61,88,18,46,5,9,8,15,0.0
STANTON,20509,ASTA,34.16403,-112.73486,3600,2026-08-23,F,84,101,16,28,3,9,10,22,0.0
STONE LAKE,290201,XSTO,36.73161,-106.86581,7436,2026-08-23,F,56,88,19,71,2,14,3,19,0.0
STRAY HORSE,21106,ASTH,33.55253,-109.31719,7956,2026-08-23,F,62,80,22,47,5,10,9,16,0.03
SUNSET POINT,20510,ASUN,34.18847,-112.13467,3380,2026-08-23,F,80,103,15,34,2,9,8,19,0.02
TANKS,55522384,ATNK,33.67314,-110.57431,5801,2026-08-23,F,65,90,22,56,5,13,9,19,0.0
TAOS PUEBLO RAWS,55522385,XTAP,36.41461,-105.55689,7135,2026-08-23,F,58,88,23,64,2,14,3,19,0.06
T BAR,55523738,XTBA,33.51789,-108.52419,8047,2026-08-23,F,54,82,23,69,1,10,1,15,0.01
TONTO BASIN,20606,ATON,33.86861,-111.31333,2414,2026-08-23,F,80,106,15,40,2,15,6,23,0.04
TOWER,290801,XTOW,35.77899,-106.26611,6529,2026-08-23,F,62,92,19,58,3,10,5,15,0.14
TRAIL CABIN,21105,ATRA,33.26478,-109.36789,6250,2026-08-23,F,67,92,17,49,6,8,9,15,0.0
TRUCHAS,290210,XTRU,36.059,-105.7695,8353,2026-08-23,F,50,83,23,73,2,11,3,16,0.01
TRUXTON CANYON,20120,ATRU,35.78013,-113.79563,5304,2026-08-23,F,76,92,17,30,3,11,7,24,0.0
TUSAYAN,20207,ATUS,35.98833,-112.12056,6570,2026-08-23,F,53,90,18,61,0,3,3,11,0.0
TWEEDS POINT,20109,ATWE,36.58186,-113.732,5334,2026-08-23,F,77,94,14,25,8,15,15,31,0.0
UNION PASS,20116,AUNI,35.23233,-114.38194,3590,2026-08-23,F,83,100,14,22,1,10,5,23,0.0
VERDE,20503,AVER,34.54917,-111.84417,3101,2026-08-23,F,73,106,16,55,2,5,5,13,0.04
WARM SPRINGS CANYON,20216,AWAR,36.70117,-112.22689,7953,2026-08-23,F,58,84,19,49,5,10,9,17,0.0
WASHINGTON PASS,290101,XWAS,36.0765,-108.8615,9384,2026-08-23,F,57,77,28,60,2,10,3,15,0.05
WILD RIVERS,290307,XWDR,36.69469,-105.66872,7530,2026-08-23,F,54,86,22,71,1,13,1,17,0.07
YELLOW JOHN MOUNTAIN,20217,AYEL,36.155,-113.54944,6160,2026-08-23,F,57,91,16,49,2,6,6,18,0.0
ZUNI BUTTES,290603,XZUB,35.13919,-108.94131,6649,2026-08-23,F,58,91,18,69,2,14,3,19,0.0
10K,55522198,X10K,35.2085,-106.43586,10065,2026-08-23,F,54,76,24,59,3,11,5,16,0.0
AHAKHAV PRESERVE,21503,AAHA,34.13222,-114.32917,363,2026-08-23,F,87,112,16,35,1,11,5,22,0.0
ALBINO CANYON,290102,XALB,36.97661,-107.62892,7173,2026-08-23,F,61,90,20,69,1,15,1,21,0.0
ALPINE,20401,AALP,33.84272,-109.11161,8207,2026-08-23,F,56,80,26,64,1,5,5,11,0.0
BAKERS TANK,55522210,AHBB,32.61528,-114.00836,563,2026-08-23,F,89,109,21,43,3,15,6,25,0.0
BARTLEY,291002,XBAR,35.90875,-105.38769,9192,2026-08-23,F,56,80,26,60,3,11,5,16,0.0
BATDRAW,293101,XBAD,32.17861,-104.44056,4425,2026-08-23,F,75,99,13,33,5,14,6,23,0.0
BEAVERHEAD,292001,XBEA,33.42353,-108.11019,6750,2026-08-23,F,54,89,20,77,1,7,1,9,0.0
BELMONT,21504,ABEL,33.67411,-112.92281,1813,2026-08-23,F,86,108,14,30,3,11,8,17,0.0
BLACK HILLS,21008,ABLA,33.08203,-109.95119,3262,2026-08-23,F,80,105,12,36,2,7,7,16,0.0
BLACK MESA,290305,XBLM,36.03708,-106.04964,5762,2026-08-23,F,59,93,20,67,2,9,3,13,0.02
BLACK ROCK,20114,ABRK,36.79436,-113.75056,7224,2026-08-23,F,68,85,18,33,3,6,10,21,0.0
BLUEWATER RIDGE,293303,XBLR,35.19411,-108.16336,8274,2026-08-23,F,58,82,26,60,1,8,1,11,0.02
BOSQUE,292103,XBOS,33.82064,-106.88169,4523,2026-08-23,F,66,100,13,58,2,9,3,13,0.0
BRIGHT ANGEL,20211,ACAN,36.20472,-112.06222,8134,2026-08-23,F,60,85,19,44,2,11,3,17,0.0
BRUSHY MOUNTAIN,291301,XBRU,34.72,-107.8484,8789,2026-08-23,F,57,82,25,60,3,10,5,15,0.01
BUCKSKIN MTN,20224,ABUC,36.91808,-112.19981,6334,2026-08-23,F,65,90,16,43,2,9,6,22,0.0
BURRO MOUNTAIN,292504,XBUR,32.67203,-108.53969,6995,2026-08-23,F,68,92,16,40,6,15,13,22,0.0
CANELO,21303,ACNL,31.54972,-110.51917,4629,2026-08-23,F,68,94,23,64,3,10,6,17,0.02
CAPROCK,293104,XCAP,32.92728,-103.85689,4167,2026-08-23,F,71,99,14,46,8,15,11,22,0.0
CARR,21411,ACAA,31.44111,-110.28611,5400,2026-08-23,F,71,95,23,52,2,7,7,16,0.0
CASA GRANDE,20906,ACSG,32.99177,-111.53264,1412,2026-08-23,F,84,108,16,39,3,15,3,26,0.0
CAVE CREEK,55522232,ACAV,34.0899,-111.8465,3477,2026-08-23,F,75,104,14,40,2,6,6,13,0.0
CEDAR RIDGE,55523718,ACED,32.59872,-110.76231,4735,2026-08-23,F,77,98,17,39,3,9,7,16,0.03
CHERRY,20511,ACHE,34.59661,-112.04761,5147,2026-08-23,F,65,95,20,56,2,6,7,16,0.0
CHUPADERA,292102,XCHU,33.77294,-106.0985,5580,2026-08-23,F,67,95,14,47,3,13,5,17,0.0
CIBOLA,20121,ACBL,33.28,-114.68489,252,2026-08-23,F,89,114,15,38,3,11,7,21,0.0
CIMARRON,290401,XCIM,36.60611,-105.12028,8806,2026-08-23,F,51,81,26,80,2,8,3,11,0.0
CIPRIANO,55522238,ARIP,32.4235,-114.16211,1042,2026-08-23,F,90,108,24,51,3,15,7,23,0.0
COLUMBINE,21005,ACOL,32.70389,-109.91389,9521,2026-08-23,F,56,76,26,57,1,3,5,13,0.0
COSMIC,293004,XCOS,32.77925,-105.81989,9172,2026-08-23,F,57,79,24,49,2,8,6,18,0.0
COYOTE,290202,XCOY,36.07333,-106.65739,8704,2026-08-23,F,54,82,24,66,5,13,7,17,0.08
CROWN KING,20502,ACRO,34.20336,-112.34561,6173,2026-08-23,F,68,92,20,43,2,3,8,13,0.02
CUBA,290705,XCUB,35.942,-107.07739,6890,2026-08-23,F,59,88,19,58,2,11,3,16,0.03
DATIL,292012,XDAT,34.29256,-107.768,8431,2026-08-23,F,57,81,24,61,3,10,5,15,0.06
DEADMAN PEAK,290203,XDEA,36.4229,-106.772,8389,2026-08-23,F,58,84,17,58,2,14,3,19,0.0
DEVILS HILLS,55522251,ADVH,32.42483,-113.79011,836,2026-08-23,F,89,108,21,43,3,16,7,24,0.0
DRIPPING SPRINGS,292903,XDRI,32.32225,-106.58661,5814,2026-08-23,F,74,94,14,31,2,7,7,21,0.0
DRY LAKE,21009,ADRL,33.35982,-109.83306,7405,2026-08-23,F,65,90,18,49,5,7,11,15,0.0
DRY PARK,20212,ADRY,36.45308,-112.23819,8700,2026-08-23,F,55,80,22,53,2,9,5,16,0.0
DULCE #2,290205,XDUL,36.93519,-107.00011,6805,2026-08-23,F,52,90,20,92,2,13,3,17,0.0
DUNKEN,292302,XDUN,32.82467,-105.18261,5431,2026-08-23,F,67,95,14,39,5,14,7,19,0.0
DUTCH KID,55522257,ADUT,35.12931,-112.28219,6505,2026-08-23,F,61,90,20,54,3,9,7,18,0.0
EIGHT MILE DRAW,292301,XEIG,33.65064,-104.32139,3626,2026-08-23,F,71,105,11,42,3,15,5,21,0.0
EMPIRE,21205,AEMP,31.78347,-110.64325,4650,2026-08-23,F,70,96,20,58,2,6,5,16,0.03
FLAGSTAFF,20209,AFLG,35.14111,-111.6725,6903,2026-08-23,F,56,86,21,63,0,6,3,15,0.0
FORT YUMA,20102,AFYM,32.65222,-114.63417,185,2026-08-23,F,89,111,21,53,3,11,6,22,0.0
FOUR SPRINGS,20227,AFOU,36.79367,-112.04239,6560,2026-08-23,F,68,88,17,39,3,8,7,17,0.0
FRAZIER WELLS,20213,AFRA,35.84551,-113.05501,6796,2026-08-23,F,66,86,19,37,3,11,7,17,0.0
FTHL YDMA,55522271,AFTH,32.48658,-114.4635,331,2026-08-23,F,90,111,23,55,3,17,6,24,0.0
GILA CENTER RAWS,292011,XGIL,33.22375,-108.24031,5767,2026-08-23,F,56,93,17,81,1,7,1,9,0.01
GLOBE,20601,AGLO,33.32694,-110.76694,4137,2026-08-23,F,79,99,18,36,2,10,7,17,0.0
GOLDFIELD,21505,AGOL,33.55531,-111.6145,1367,2026-08-23,F,86,110,14,36,2,15,6,24,0.0
GOODWIN MESA,20507,AGOO,34.77614,-113.3375,4311,2026-08-23,F,75,100,16,34,3,11,5,16,0.0
GRANTS,291302,XGRA,35.24278,-107.66528,8620,2026-08-23,F,54,82,24,71,2,9,3,13,0.0
GREENBASE,20284,AGRB,35.27619,-112.06325,6923,2026-08-23,F,57,85,22,59,1,8,5,17,0.0
GREER,20404,AGRE,34.05853,-109.44097,8240,2026-08-23,F,56,79,29,61,2,6,5,11,0.05
GUNSIGHT,20223,AGUN,36.70464,-112.5835,5284,2026-08-23,F,69,96,14,38,2,9,5,22,0.0
GUTHRIE,21104,AGUT,32.88203,-109.30931,6324,2026-08-23,F,71,92,15,41,5,16,11,24,0.0
HACHITA VALLEY,292702,XHAC,31.702,-108.34169,4290,2026-08-23,F,71,101,12,35,2,9,5,14,0.0
HAPPY JACK,20291,AHJK,34.61797,-111.34239,6812,2026-08-23,F,58,86,25,64,0,6,3,17,0.02
HAVASU,20118,AHAV,34.80758,-114.53456,475,2026-08-23,F,86,116,11,37,1,9,3,21,0.0
HEADQUARTERS,21409,ACHR,32.00611,-109.35694,5400,2026-08-23,F,69,96,16,43,2,6,7,13,0.0
HEBER,20301,AHBR,34.39778,-110.56444,6635,2026-08-23,F,61,87,23,60,1,6,5,15,0.03
HILLTOP,20609,AHIL,33.61119,-110.41461,5732,2026-08-23,F,63,92,21,63,2,11,7,18,0.0
HOPI,20312,AHPI,35.86292,-110.61495,5579,2026-08-23,F,64,96,15,56,3,11,8,24,0.0
HOPKINS,21302,AHPK,31.67528,-110.88,7120,2026-08-23,F,68,86,28,57,5,9,9,14,0.11
HORSE CAMP CANYON,20903,AHOR,32.93656,-110.4935,4014,2026-08-23,F,76,100,16,38,3,9,9,21,0.01
HUMBUG CREEK,20508,AHUM,34.11,-112.3,5250,2026-08-23,F,77,94,20,33,5,11,9,23,0.04
HURRICANE,20117,AHUR,36.69908,-113.20731,5445,2026-08-23,F,68,95,14,37,7,13,13,25,0.0
IRON SPRINGS,20501,AIRO,34.59361,-112.51139,5385,2026-08-23,F,67,92,20,48,1,6,5,16,0.04
JARITA MESA,290204,XJAR,36.55597,-106.10306,8864,2026-08-23,F,55,82,22,66,2,13,3,17,0.03
JEMEZ,290702,XJEM,35.84114,-106.61969,8248,2026-08-23,F,56,85,21,66,5,11,7,16,0.01
LAGUNA,293304,XLAG,35.05197,-107.42028,5805,2026-08-23,F,65,93,17,56,2,11,3,16,0.0
LAKESIDE,20303,ALAK,34.16283,-109.87639,7267,2026-08-23,F,58,85,26,65,2,6,7,11,0.03
LIMESTONE CANYON,20309,ALIM,34.17786,-110.27663,7102,2026-08-23,F,65,89,23,49,1,6,3,13,0.02
LINDBERGH HILL,20220,ALBE,36.28556,-112.07861,8800,2026-08-23,F,57,82,22,49,3,9,7,15,0.0
LUNA,292004,XLUN,33.82289,-108.94311,7088,2026-08-23,F,54,87,21,75,2,11,3,16,0.0
MAGDALENA,292104,XMAG,33.85061,-107.539,8495,2026-08-23,F,58,82,23,53,3,8,5,11,0.0
MALPAIS LAVA FLOW,293301,XMAL,34.85181,-108.17461,7514,2026-08-23,F,56,86,23,72,2,13,3,17,0.0
MAYHILL,293002,XMAY,32.90947,-105.46981,6599,2026-08-23,F,59,91,16,54,2,6,8,16,0.0
MCGREGGOR RANGE,292901,XMCG,32.43133,-105.62181,4832,2026-08-23,F,69,99,13,42,3,10,6,14,0.0
MELROSE RANGE,291901,XMEL,34.28422,-103.71497,4263,2026-08-23,F,72,101,12,41,8,14,11,19,0.0
MESCAL,293003,XMES,33.15803,-105.76881,6227,2026-08-23,F,57,88,20,59,2,7,6,14,0.0
MIDNIGHT,55522315,XMID,36.77819,-105.34131,10815,2026-08-23,F,44,73,28,89,5,9,7,13,0.0
MILLS CANYON,291101,XMIL,36.05453,-104.32511,5881,2026-08-23,F,61,95,18,65,3,14,5,19,0.01
MOGOLLON,292013,XMOG,33.39064,-108.80819,7602,2026-08-23,F,62,88,20,49,2,9,3,13,0.0
MOHAWK DUNES,55522318,AMOD,32.68878,-113.74889,524,2026-08-23,F,88,110,21,46,3,15,6,24,0.0
MORMON LAKE,20215,AMOL,34.90972,-111.43842,7094,2026-08-23,F,58,86,22,59,1,3,3,14,0.03
MOSS BASIN,20115,AMOS,35.03397,-113.89406,5920,2026-08-23,F,68,92,18,37,5,11,8,17,0.01
MOUNTAINAIR,291501,XMOU,34.52081,-106.26269,6593,2026-08-23,F,62,91,16,54,3,11,5,16,0.0
MOUNTAIN LION,20310,AFAP,33.69511,-109.71078,7269,2026-08-23,F,58,85,25,59,1,3,6,10,0.0
MOUNT LOGAN,20107,AMTL,36.35306,-113.19917,7605,2026-08-23,F,64,82,20,37,6,10,11,24,0.0
MULESHOE RANCH,21007,AMUL,32.40383,-110.272,4475,2026-08-23,F,73,99,16,44,2,6,6,17,0.0
MUSIC MOUNTAIN,20119,AMUS,35.61497,-113.79428,5375,2026-08-23,F,71,96,15,33,5,14,9,24,0.0
NAVAJO MONUMENT,20307,ANAV,36.67667,-110.54389,7204,2026-08-23,F,61,87,18,55,5,9,8,15,0.0
NEVERSHINE,55522326,ANEV,36.24753,-113.88851,2165,2026-08-23,F,85,107,11,24,6,13,8,16,0.0
NIXON FLATS,20113,ANIX,36.38833,-113.15806,6500,2026-08-23,F,61,87,17,48,2,7,5,19,0.0
NOON CREEK,21010,ANOO,32.66778,-109.78806,4925,2026-08-23,F,72,100,13,38,3,8,5,15,0.0
OAK CREEK,20219,AOAK,34.94686,-111.75444,4804,2026-08-23,F,69,98,16,44,2,3,7,14,0.0
OAK FLATS,291402,XOAK,35.00614,-106.31583,7675,2026-08-23,F,59,88,19,62,3,10,5,15,0.0
OATMAN,21502,AOAT,33.04994,-113.13867,1715,2026-08-23,F,88,111,17,39,3,14,6,25,0.02
OLAF KNOLLS,20108,AOLA,36.50725,-113.81589,2974,2026-08-23,F,82,105,11,23,6,11,11,24,0.0
PADUCA,293202,XPAD,32.17983,-103.722,3534,2026-08-23,F,73,100,16,46,6,14,7,23,0.0
PARIA POINT,20226,APAR,36.72753,-111.822,7106,2026-08-23,F,67,88,18,39,2,6,7,16,0.0
PAYSON,20602,APAY,34.24614,-111.2935,5064,2026-08-23,F,68,95,22,53,2,6,6,14,0.0
PECOS,291202,XPEC,35.54558,-105.49439,8229,2026-08-23,F,60,84,20,53,3,15,5,21,0.04
PELONA MOUNTAIN,292009,XPEL,33.69375,-108.06161,7955,2026-08-23,F,59,83,22,56,2,9,3,13,0.02
PICACHO PEAK,55522341,APIC,32.66314,-111.42154,1750,2026-08-23,F,81,104,16,41,3,7,5,13,0.0
PINE,20612,APNE,34.37181,-111.4555,5313,2026-08-23,F,68,94,21,48,2,6,7,14,0.0
PINEDALE,55522344,APND,34.30617,-110.23661,6461,2026-08-23,F,65,89,23,50,3,6,6,14,0.04
PINEY HILL,20402,APIN,35.76111,-109.16719,8061,2026-08-23,F,61,81,24,56,2,6,5,13,0.04
PLEASANT VALLEY,20603,APLE,34.08858,-110.94225,5232,2026-08-23,F,66,95,19,52,2,5,5,13,0.0
PROMONTORY,20221,APRO,34.36528,-111.01444,7842,2026-08-23,F,63,82,30,48,1,3,5,11,0.02
QUEEN,293105,XQUN,32.20361,-104.69031,5642,2026-08-23,F,68,93,15,39,6,13,8,18,0.0
RAMAH,293305,XRAM,34.81947,-108.29439,7645,2026-08-23,F,55,85,22,75,2,14,3,19,0.0
RED CANYON,55523735,XRDC,34.62289,-106.40831,8070,2026-08-23,F,60,80,18,53,5,10,7,15,0.0
RED LAKE,20610,ARED,34.18133,-110.78919,6524,2026-08-23,F,59,89,25,67,0,2,3,8,0.0
RESERVE,292005,XRES,33.71489,-108.777,5846,2026-08-23,F,58,93,16,69,1,13,1,17,0.01
RINCON,21207,ARIN,32.20639,-110.54861,8209,2026-08-23,F,62,78,28,52,3,9,8,14,0.0
RUCKER,21414,ARUC,31.76111,-109.34861,5700,2026-08-23,F,65,92,16,45,2,5,6,15,0.0
SAGUARO,21202,ASAG,32.31111,-110.81861,2758,2026-08-23,F,81,106,17,43,2,5,5,15,0.0
SAN ANDRES,292904,XSAA,32.58008,-106.52719,6137,2026-08-23,F,70,93,15,34,2,6,7,16,0.0
SAN CARLOS #1,20608,ASCA,33.37165,-110.45683,2830,2026-08-23,F,78,107,13,40,2,14,6,23,0.0
SANDIA LAB,291408,XSLB,35.00406,-106.41148,6321,2026-08-23,F,64,90,20,58,2,11,3,16,0.0
SANDIA LAKES,290706,XSLK,35.22967,-106.59061,5027,2026-08-23,F,67,98,18,58,2,10,3,15,0.0
SANTA FE WATERSHED,290901,XSFW,35.68686,-105.86031,7749,2026-08-23,F,56,85,21,64,3,13,5,17,0.0
SASABE,21206,ASAS,31.69169,-111.44811,3500,2026-08-23,F,74,101,21,65,3,7,6,17,0.03
SCOUT CAMP,21208,ASOL,32.39806,-110.725,7554,2026-08-23,F,66,85,27,53,2,8,7,15,0.04
SELLS,21209,ASES,31.91014,-111.89743,2262,2026-08-23,F,81,105,20,57,2,8,6,17,0.0
SEVILLETA,292105,XSEV,34.35844,-106.6895,5246,2026-08-23,F,67,97,14,53,2,10,3,15,0.0
SHADOW RIM,20611,ASHA,34.40586,-111.28319,5660,2026-08-23,F,67,96,20,49,1,5,3,14,0.0
SLAUGHTER,292008,XSLA,34.06056,-108.44472,8680,2026-08-23,F,57,80,27,60,2,14,3,19,0.0
SMITH PEAK,21501,ASMI,34.11486,-113.34733,2386,2026-08-23,F,88,107,14,25,3,10,7,18,0.02
SMOKEY BEAR,292203,XSMO,33.35019,-105.686,7194,2026-08-23,F,58,88,22,60,2,10,3,15,0.0
SOWATS,55523737,ASOW,36.48242,-112.42281,7038,2026-08-23,F,61,88,18,46,5,9,8,15,0.0
STANTON,20509,ASTA,34.16403,-112.73486,3600,2026-08-23,F,84,101,16,28,3,9,10,22,0.0
STONE LAKE,290201,XSTO,36.73161,-106.86581,7436,2026-08-23,F,56,88,19,71,2,14,3,19,0.0
STRAY HORSE,21106,ASTH,33.55253,-109.31719,7956,2026-08-23,F,62,80,22,47,5,10,9,16,0.03
SUNSET POINT,20510,ASUN,34.18847,-112.13467,3380,2026-08-23,F,80,103,15,34,2,9,8,19,0.02
TANKS,55522384,ATNK,33.67314,-110.57431,5801,2026-08-23,F,65,90,22,56,5,13,9,19,0.0
TAOS PUEBLO RAWS,55522385,XTAP,36.41461,-105.55689,7135,2026-08-23,F,58,88,23,64,2,14,3,19,0.06
T BAR,55523738,XTBA,33.51789,-108.52419,8047,2026-08-23,F,54,82,23,69,1,10,1,15,0.01
TONTO BASIN,20606,ATON,33.86861,-111.31333,2414,2026-08-23,F,80,106,15,40,2,15,6,23,0.04
TOWER,290801,XTOW,35.77899,-106.26611,6529,2026-08-23,F,62,92,19,58,3,10,5,15,0.14
TRAIL CABIN,21105,ATRA,33.26478,-109.36789,6250,2026-08-23,F,67,92,17,49,6,8,9,15,0.0
TRUCHAS,290210,XTRU,36.059,-105.7695,8353,2026-08-23,F,50,83,23,73,2,11,3,16,0.01
TRUXTON CANYON,20120,ATRU,35.78013,-113.79563,5304,2026-08-23,F,76,92,17,30,3,11,7,24,0.0
TUSAYAN,20207,ATUS,35.98833,-112.12056,6570,2026-08-23,F,53,90,18,61,0,3,3,11,0.0
TWEEDS POINT,20109,ATWE,36.58186,-113.732,5334,2026-08-23,F,77,94,14,25,8,15,15,31,0.0
UNION PASS,20116,AUNI,35.23233,-114.38194,3590,2026-08-23,F,83,100,14,22,1,10,5,23,0.0
VERDE,20503,AVER,34.54917,-111.84417,3101,2026-08-23,F,73,106,16,55,2,5,5,13,0.04
WARM SPRINGS CANYON,20216,AWAR,36.70117,-112.22689,7953,2026-08-23,F,58,84,19,49,5,10,9,17,0.0
WASHINGTON PASS,290101,XWAS,36.0765,-108.8615,9384,2026-08-23,F,57,77,28,60,2,10,3,15,0.05
WILD RIVERS,290307,XWDR,36.69469,-105.66872,7530,2026-08-23,F,54,86,22,71,1,13,1,17,0.07
YELLOW JOHN MOUNTAIN,20217,AYEL,36.155,-113.54944,6160,2026-08-23,F,57,91,16,49,2,6,6,18,0.0
ZUNI BUTTES,290603,XZUB,35.13919,-108.94131,6649,2026-08-23,F,58,91,18,69,2,14,3,19,0.0
10K,55522198,X10K,35.2085,-106.43586,10065,2026-08-23,F,54,76,24,59,3,11,5,16,0.0
AHAKHAV PRESERVE,21503,AAHA,34.13222,-114.32917,363,2026-08-23,F,87,112,16,35,1,11,5,22,0.0
ALBINO CANYON,290102,XALB,36.97661,-107.62892,7173,2026-08-23,F,61,90,20,69,1,15,1,21,0.0
ALPINE,20401,AALP,33.84272,-109.11161,8207,2026-08-23,F,56,80,26,64,1,5,5,11,0.0
BAKERS TANK,55522210,AHBB,32.61528,-114.00836,563,2026-08-23,F,89,109,21,43,3,15,6,25,0.0
BARTLEY,291002,XBAR,35.90875,-105.38769,9192,2026-08-23,F,56,80,26,60,3,11,5,16,0.0
BATDRAW,293101,XBAD,32.17861,-104.44056,4425,2026-08-23,F,75,99,13,33,5,14,6,23,0.0
BEAVERHEAD,292001,XBEA,33.42353,-108.11019,6750,2026-08-23,F,54,89,20,77,1,7,1,9,0.0
BELMONT,21504,ABEL,33.67411,-112.92281,1813,2026-08-23,F,86,108,14,30,3,11,8,17,0.0
BLACK HILLS,21008,ABLA,33.08203,-109.95119,3262,2026-08-23,F,80,105,12,36,2,7,7,16,0.0
BLACK MESA,290305,XBLM,36.03708,-106.04964,5762,2026-08-23,F,59,93,20,67,2,9,3,13,0.02
BLACK ROCK,20114,ABRK,36.79436,-113.75056,7224,2026-08-23,F,68,85,18,33,3,6,10,21,0.0
BLUEWATER RIDGE,293303,XBLR,35.19411,-108.16336,8274,2026-08-23,F,58,82,26,60,1,8,1,11,0.02
BOSQUE,292103,XBOS,33.82064,-106.88169,4523,2026-08-23,F,66,100,13,58,2,9,3,13,0.0
BRIGHT ANGEL,20211,ACAN,36.20472,-112.06222,8134,2026-08-23,F,60,85,19,44,2,11,3,17,0.0
BRUSHY MOUNTAIN,291301,XBRU,34.72,-107.8484,8789,2026-08-23,F,57,82,25,60,3,10,5,15,0.01
BUCKSKIN MTN,20224,ABUC,36.91808,-112.19981,6334,2026-08-23,F,65,90,16,43,2,9,6,22,0.0
BURRO MOUNTAIN,292504,XBUR,32.67203,-108.53969,6995,2026-08-23,F,68,92,16,40,6,15,13,22,0.0
CANELO,21303,ACNL,31.54972,-110.51917,4629,2026-08-23,F,68,94,23,64,3,10,6,17,0.02
CAPROCK,293104,XCAP,32.92728,-103.85689,4167,2026-08-23,F,71,99,14,46,8,15,11,22,0.0
CARR,21411,ACAA,31.44111,-110.28611,5400,2026-08-23,F,71,95,23,52,2,7,7,16,0.0
CASA GRANDE,20906,ACSG,32.99177,-111.53264,1412,2026-08-23,F,84,108,16,39,3,15,3,26,0.0
CAVE CREEK,55522232,ACAV,34.0899,-111.8465,3477,2026-08-23,F,75,104,14,40,2,6,6,13,0.0
CEDAR RIDGE,55523718,ACED,32.59872,-110.76231,4735,2026-08-23,F,77,98,17,39,3,9,7,16,0.03
CHERRY,20511,ACHE,34.59661,-112.04761,5147,2026-08-23,F,65,95,20,56,2,6,7,16,0.0
CHUPADERA,292102,XCHU,33.77294,-106.0985,5580,2026-08-23,F,67,95,14,47,3,13,5,17,0.0
CIBOLA,20121,ACBL,33.28,-114.68489,252,2026-08-23,F,89,114,15,38,3,11,7,21,0.0
CIMARRON,290401,XCIM,36.60611,-105.12028,8806,2026-08-23,F,51,81,26,80,2,8,3,11,0.0
CIPRIANO,55522238,ARIP,32.4235,-114.16211,1042,2026-08-23,F,90,108,24,51,3,15,7,23,0.0
COLUMBINE,21005,ACOL,32.70389,-109.91389,9521,2026-08-23,F,56,76,26,57,1,3,5,13,0.0
COSMIC,293004,XCOS,32.77925,-105.81989,9172,2026-08-23,F,57,79,24,49,2,8,6,18,0.0
COYOTE,290202,XCOY,36.07333,-106.65739,8704,2026-08-23,F,54,82,24,66,5,13,7,17,0.08
CROWN KING,20502,ACRO,34.20336,-112.34561,6173,2026-08-23,F,68,92,20,43,2,3,8,13,0.02
CUBA,290705,XCUB,35.942,-107.07739,6890,2026-08-23,F,59,88,19,58,2,11,3,16,0.03
DATIL,292012,XDAT,34.29256,-107.768,8431,2026-08-23,F,57,81,24,61,3,10,5,15,0.06
DEADMAN PEAK,290203,XDEA,36.4229,-106.772,8389,2026-08-23,F,58,84,17,58,2,14,3,19,0.0
DEVILS HILLS,55522251,ADVH,32.42483,-113.79011,836,2026-08-23,F,89,108,21,43,3,16,7,24,0.0
DRIPPING SPRINGS,292903,XDRI,32.32225,-106.58661,5814,2026-08-23,F,74,94,14,31,2,7,7,21,0.0
DRY LAKE,21009,ADRL,33.35982,-109.83306,7405,2026-08-23,F,65,90,18,49,5,7,11,15,0.0
DRY PARK,20212,ADRY,36.45308,-112.23819,8700,2026-08-23,F,55,80,22,53,2,9,5,16,0.0
DULCE #2,290205,XDUL,36.93519,-107.00011,6805,2026-08-23,F,52,90,20,92,2,13,3,17,0.0
DUNKEN,292302,XDUN,32.82467,-105.18261,5431,2026-08-23,F,67,95,14,39,5,14,7,19,0.0
DUTCH KID,55522257,ADUT,35.12931,-112.28219,6505,2026-08-23,F,61,90,20,54,3,9,7,18,0.0
EIGHT MILE DRAW,292301,XEIG,33.65064,-104.32139,3626,2026-08-23,F,71,105,11,42,3,15,5,21,0.0
EMPIRE,21205,AEMP,31.78347,-110.64325,4650,2026-08-23,F,70,96,20,58,2,6,5,16,0.03
FLAGSTAFF,20209,AFLG,35.14111,-111.6725,6903,2026-08-23,F,56,86,21,63,0,6,3,15,0.0
FORT YUMA,20102,AFYM,32.65222,-114.63417,185,2026-08-23,F,89,111,21,53,3,11,6,22,0.0
FOUR SPRINGS,20227,AFOU,36.79367,-112.04239,6560,2026-08-23,F,68,88,17,39,3,8,7,17,0.0
FRAZIER WELLS,20213,AFRA,35.84551,-113.05501,6796,2026-08-23,F,66,86,19,37,3,11,7,17,0.0
FTHL YDMA,55522271,AFTH,32.48658,-114.4635,331,2026-08-23,F,90,111,23,55,3,17,6,24,0.0
GILA CENTER RAWS,292011,XGIL,33.22375,-108.24031,5767,2026-08-23,F,56,93,17,81,1,7,1,9,0.01
GLOBE,20601,AGLO,33.32694,-110.76694,4137,2026-08-23,F,79,99,18,36,2,10,7,17,0.0
GOLDFIELD,21505,AGOL,33.55531,-111.6145,1367,2026-08-23,F,86,110,14,36,2,15,6,24,0.0
GOODWIN MESA,20507,AGOO,34.77614,-113.3375,4311,2026-08-23,F,75,100,16,34,3,11,5,16,0.0
GRANTS,291302,XGRA,35.24278,-107.66528,8620,2026-08-23,F,54,82,24,71,2,9,3,13,0.0
GREENBASE,20284,AGRB,35.27619,-112.06325,6923,2026-08-23,F,57,85,22,59,1,8,5,17,0.0
GREER,20404,AGRE,34.05853,-109.44097,8240,2026-08-23,F,56,79,29,61,2,6,5,11,0.05
GUNSIGHT,20223,AGUN,36.70464,-112.5835,5284,2026-08-23,F,69,96,14,38,2,9,5,22,0.0
GUTHRIE,21104,AGUT,32.88203,-109.30931,6324,2026-08-23,F,71,92,15,41,5,16,11,24,0.0
HACHITA VALLEY,292702,XHAC,31.702,-108.34169,4290,2026-08-23,F,71,101,12,35,2,9,5,14,0.0
HAPPY JACK,20291,AHJK,34.61797,-111.34239,6812,2026-08-23,F,58,86,25,64,0,6,3,17,0.02
HAVASU,20118,AHAV,34.80758,-114.53456,475,2026-08-23,F,86,116,11,37,1,9,3,21,0.0
HEADQUARTERS,21409,ACHR,32.00611,-109.35694,5400,2026-08-23,F,69,96,16,43,2,6,7,13,0.0
HEBER,20301,AHBR,34.39778,-110.56444,6635,2026-08-23,F,61,87,23,60,1,6,5,15,0.03
HILLTOP,20609,AHIL,33.61119,-110.41461,5732,2026-08-23,F,63,92,21,63,2,11,7,18,0.0
HOPI,20312,AHPI,35.86292,-110.61495,5579,2026-08-23,F,64,96,15,56,3,11,8,24,0.0
HOPKINS,21302,AHPK,31.67528,-110.88,7120,2026-08-23,F,68,86,28,57,5,9,9,14,0.11
HORSE CAMP CANYON,20903,AHOR,32.93656,-110.4935,4014,2026-08-23,F,76,100,16,38,3,9,9,21,0.01
HUMBUG CREEK,20508,AHUM,34.11,-112.3,5250,2026-08-23,F,77,94,20,33,5,11,9,23,0.04
HURRICANE,20117,AHUR,36.69908,-113.20731,5445,2026-08-23,F,68,95,14,37,7,13,13,25,0.0
IRON SPRINGS,20501,AIRO,34.59361,-112.51139,5385,2026-08-23,F,67,92,20,48,1,6,5,16,0.04
JARITA MESA,290204,XJAR,36.55597,-106.10306,8864,2026-08-23,F,55,82,22,66,2,13,3,17,0.03
JEMEZ,290702,XJEM,35.84114,-106.61969,8248,2026-08-23,F,56,85,21,66,5,11,7,16,0.01
LAGUNA,293304,XLAG,35.05197,-107.42028,5805,2026-08-23,F,65,93,17,56,2,11,3,16,0.0
LAKESIDE,20303,ALAK,34.16283,-109.87639,7267,2026-08-23,F,58,85,26,65,2,6,7,11,0.03
LIMESTONE CANYON,20309,ALIM,34.17786,-110.27663,7102,2026-08-23,F,65,89,23,49,1,6,3,13,0.02
LINDBERGH HILL,20220,ALBE,36.28556,-112.07861,8800,2026-08-23,F,57,82,22,49,3,9,7,15,0.0
LUNA,292004,XLUN,33.82289,-108.94311,7088,2026-08-23,F,54,87,21,75,2,11,3,16,0.0
MAGDALENA,292104,XMAG,33.85061,-107.539,8495,2026-08-23,F,58,82,23,53,3,8,5,11,0.0
MALPAIS LAVA FLOW,293301,XMAL,34.85181,-108.17461,7514,2026-08-23,F,56,86,23,72,2,13,3,17,0.0
MAYHILL,293002,XMAY,32.90947,-105.46981,6599,2026-08-23,F,59,91,16,54,2,6,8,16,0.0
MCGREGGOR RANGE,292901,XMCG,32.43133,-105.62181,4832,2026-08-23,F,69,99,13,42,3,10,6,14,0.0
MELROSE RANGE,291901,XMEL,34.28422,-103.71497,4263,2026-08-23,F,72,101,12,41,8,14,11,19,0.0
MESCAL,293003,XMES,33.15803,-105.76881,6227,2026-08-23,F,57,88,20,59,2,7,6,14,0.0
MIDNIGHT,55522315,XMID,36.77819,-105.34131,10815,2026-08-23,F,44,73,28,89,5,9,7,13,0.0
MILLS CANYON,291101,XMIL,36.05453,-104.32511,5881,2026-08-23,F,61,95,18,65,3,14,5,19,0.01
MOGOLLON,292013,XMOG,33.39064,-108.80819,7602,2026-08-23,F,62,88,20,49,2,9,3,13,0.0
MOHAWK DUNES,55522318,AMOD,32.68878,-113.74889,524,2026-08-23,F,88,110,21,46,3,15,6,24,0.0
MORMON LAKE,20215,AMOL,34.90972,-111.43842,7094,2026-08-23,F,58,86,22,59,1,3,3,14,0.03
MOSS BASIN,20115,AMOS,35.03397,-113.89406,5920,2026-08-23,F,68,92,18,37,5,11,8,17,0.01
MOUNTAINAIR,291501,XMOU,34.52081,-106.26269,6593,2026-08-23,F,62,91,16,54,3,11,5,16,0.0
MOUNTAIN LION,20310,AFAP,33.69511,-109.71078,7269,2026-08-23,F,58,85,25,59,1,3,6,10,0.0
MOUNT LOGAN,20107,AMTL,36.35306,-113.19917,7605,2026-08-23,F,64,82,20,37,6,10,11,24,0.0
MULESHOE RANCH,21007,AMUL,32.40383,-110.272,4475,2026-08-23,F,73,99,16,44,2,6,6,17,0.0
MUSIC MOUNTAIN,20119,AMUS,35.61497,-113.79428,5375,2026-08-23,F,71,96,15,33,5,14,9,24,0.0
NAVAJO MONUMENT,20307,ANAV,36.67667,-110.54389,7204,2026-08-23,F,61,87,18,55,5,9,8,15,0.0
NEVERSHINE,55522326,ANEV,36.24753,-113.88851,2165,2026-08-23,F,85,107,11,24,6,13,8,16,0.0
NIXON FLATS,20113,ANIX,36.38833,-113.15806,6500,2026-08-23,F,61,87,17,48,2,7,5,19,0.0
NOON CREEK,21010,ANOO,32.66778,-109.78806,4925,2026-08-23,F,72,100,13,38,3,8,5,15,0.0
OAK CREEK,20219,AOAK,34.94686,-111.75444,4804,2026-08-23,F,69,98,16,44,2,3,7,14,0.0
OAK FLATS,291402,XOAK,35.00614,-106.31583,7675,2026-08-23,F,59,88,19,62,3,10,5,15,0.0
OATMAN,21502,AOAT,33.04994,-113.13867,1715,2026-08-23,F,88,111,17,39,3,14,6,25,0.02
OLAF KNOLLS,20108,AOLA,36.50725,-113.81589,2974,2026-08-23,F,82,105,11,23,6,11,11,24,0.0
PADUCA,293202,XPAD,32.17983,-103.722,3534,2026-08-23,F,73,100,16,46,6,14,7,23,0.0
PARIA POINT,20226,APAR,36.72753,-111.822,7106,2026-08-23,F,67,88,18,39,2,6,7,16,0.0
PAYSON,20602,APAY,34.24614,-111.2935,5064,2026-08-23,F,68,95,22,53,2,6,6,14,0.0
PECOS,291202,XPEC,35.54558,-105.49439,8229,2026-08-23,F,60,84,20,53,3,15,5,21,0.04
PELONA MOUNTAIN,292009,XPEL,33.69375,-108.06161,7955,2026-08-23,F,59,83,22,56,2,9,3,13,0.02
PICACHO PEAK,55522341,APIC,32.66314,-111.42154,1750,2026-08-23,F,81,104,16,41,3,7,5,13,0.0
PINE,20612,APNE,34.37181,-111.4555,5313,2026-08-23,F,68,94,21,48,2,6,7,14,0.0
PINEDALE,55522344,APND,34.30617,-110.23661,6461,2026-08-23,F,65,89,23,50,3,6,6,14,0.04
PINEY HILL,20402,APIN,35.76111,-109.16719,8061,2026-08-23,F,61,81,24,56,2,6,5,13,0.04
PLEASANT VALLEY,20603,APLE,34.08858,-110.94225,5232,2026-08-23,F,66,95,19,52,2,5,5,13,0.0
PROMONTORY,20221,APRO,34.36528,-111.01444,7842,2026-08-23,F,63,82,30,48,1,3,5,11,0.02
QUEEN,293105,XQUN,32.20361,-104.69031,5642,2026-08-23,F,68,93,15,39,6,13,8,18,0.0
RAMAH,293305,XRAM,34.81947,-108.29439,7645,2026-08-23,F,55,85,22,75,2,14,3,19,0.0
RED CANYON,55523735,XRDC,34.62289,-106.40831,8070,2026-08-23,F,60,80,18,53,5,10,7,15,0.0
RED LAKE,20610,ARED,34.18133,-110.78919,6524,2026-08-23,F,59,89,25,67,0,2,3,8,0.0
RESERVE,292005,XRES,33.71489,-108.777,5846,2026-08-23,F,58,93,16,69,1,13,1,17,0.01
RINCON,21207,ARIN,32.20639,-110.54861,8209,2026-08-23,F,62,78,28,52,3,9,8,14,0.0
RUCKER,21414,ARUC,31.76111,-109.34861,5700,2026-08-23,F,65,92,16,45,2,5,6,15,0.0
SAGUARO,21202,ASAG,32.31111,-110.81861,2758,2026-08-23,F,81,106,17,43,2,5,5,15,0.0
SAN ANDRES,292904,XSAA,32.58008,-106.52719,6137,2026-08-23,F,70,93,15,34,2,6,7,16,0.0
SAN CARLOS #1,20608,ASCA,33.37165,-110.45683,2830,2026-08-23,F,78,107,13,40,2,14,6,23,0.0
SANDIA LAB,291408,XSLB,35.00406,-106.41148,6321,2026-08-23,F,64,90,20,58,2,11,3,16,0.0
SANDIA LAKES,290706,XSLK,35.22967,-106.59061,5027,2026-08-23,F,67,98,18,58,2,10,3,15,0.0
SANTA FE WATERSHED,290901,XSFW,35.68686,-105.86031,7749,2026-08-23,F,56,85,21,64,3,13,5,17,0.0
SASABE,21206,ASAS,31.69169,-111.44811,3500,2026-08-23,F,74,101,21,65,3,7,6,17,0.03
SCOUT CAMP,21208,ASOL,32.39806,-110.725,7554,2026-08-23,F,66,85,27,53,2,8,7,15,0.04
SELLS,21209,ASES,31.91014,-111.89743,2262,2026-08-23,F,81,105,20,57,2,8,6,17,0.0
SEVILLETA,292105,XSEV,34.35844,-106.6895,5246,2026-08-23,F,67,97,14,53,2,10,3,15,0.0
SHADOW RIM,20611,ASHA,34.40586,-111.28319,5660,2026-08-23,F,67,96,20,49,1,5,3,14,0.0
SLAUGHTER,292008,XSLA,34.06056,-108.44472,8680,2026-08-23,F,57,80,27,60,2,14,3,19,0.0
SMITH PEAK,21501,ASMI,34.11486,-113.34733,2386,2026-08-23,F,88,107,14,25,3,10,7,18,0.02
SMOKEY BEAR,292203,XSMO,33.35019,-105.686,7194,2026-08-23,F,58,88,22,60,2,10,3,15,0.0
SOWATS,55523737,ASOW,36.48242,-112.42281,7038,2026-08-23,F,61,88,18,46,5,9,8,15,0.0
STANTON,20509,ASTA,34.16403,-112.73486,3600,2026-08-23,F,84,101,16,28,3,9,10,22,0.0
STONE LAKE,290201,XSTO,36.73161,-106.86581,7436,2026-08-23,F,56,88,19,71,2,14,3,19,0.0
STRAY HORSE,21106,ASTH,33.55253,-109.31719,7956,2026-08-23,F,62,80,22,47,5,10,9,16,0.03
SUNSET POINT,20510,ASUN,34.18847,-112.13467,3380,2026-08-23,F,80,103,15,34,2,9,8,19,0.02
TANKS,55522384,ATNK,33.67314,-110.57431,5801,2026-08-23,F,65,90,22,56,5,13,9,19,0.0
TAOS PUEBLO RAWS,55522385,XTAP,36.41461,-105.55689,7135,2026-08-23,F,58,88,23,64,2,14,3,19,0.06
T BAR,55523738,XTBA,33.51789,-108.52419,8047,2026-08-23,F,54,82,23,69,1,10,1,15,0.01
TONTO BASIN,20606,ATON,33.86861,-111.31333,2414,2026-08-23,F,80,106,15,40,2,15,6,23,0.04
TOWER,290801,XTOW,35.77899,-106.26611,6529,2026-08-23,F,62,92,19,58,3,10,5,15,0.14
TRAIL CABIN,21105,ATRA,33.26478,-109.36789,6250,2026-08-23,F,67,92,17,49,6,8,9,15,0.0
TRUCHAS,290210,XTRU,36.059,-105.7695,8353,2026-08-23,F,50,83,23,73,2,11,3,16,0.01
TRUXTON CANYON,20120,ATRU,35.78013,-113.79563,5304,2026-08-23,F,76,92,17,30,3,11,7,24,0.0
TUSAYAN,20207,ATUS,35.98833,-112.12056,6570,2026-08-23,F,53,90,18,61,0,3,3,11,0.0
TWEEDS POINT,20109,ATWE,36.58186,-113.732,5334,2026-08-23,F,77,94,14,25,8,15,15,31,0.0
UNION PASS,20116,AUNI,35.23233,-114.38194,3590,2026-08-23,F,83,100,14,22,1,10,5,23,0.0
VERDE,20503,AVER,34.54917,-111.84417,3101,2026-08-23,F,73,106,16,55,2,5,5,13,0.04
WARM SPRINGS CANYON,20216,AWAR,36.70117,-112.22689,7953,2026-08-23,F,58,84,19,49,5,10,9,17,0.0
WASHINGTON PASS,290101,XWAS,36.0765,-108.8615,9384,2026-08-23,F,57,77,28,60,2,10,3,15,0.05
WILD RIVERS,290307,XWDR,36.69469,-105.66872,7530,2026-08-23,F,54,86,22,71,1,13,1,17,0.07
YELLOW JOHN MOUNTAIN,20217,AYEL,36.155,-113.54944,6160,2026-08-23,F,57,91,16,49,2,6,6,18,0.0
ZUNI BUTTES,290603,XZUB,35.13919,-108.94131,6649,2026-08-23,F,58,91,18,69,2,14,3,19,0.0
10K,55522198,X10K,35.2085,-106.43586,10065,2026-08-23,F,54,76,24,59,3,11,5,16,0.0
AHAKHAV PRESERVE,21503,AAHA,34.13222,-114.32917,363,2026-08-23,F,87,112,16,35,1,11,5,22,0.0
ALBINO CANYON,290102,XALB,36.97661,-107.62892,7173,2026-08-23,F,61,90,20,69,1,15,1,21,0.0
ALPINE,20401,AALP,33.84272,-109.11161,8207,2026-08-23,F,56,80,26,64,1,5,5,11,0.0
BAKERS TANK,55522210,AHBB,32.61528,-114.00836,563,2026-08-23,F,89,109,21,43,3,15,6,25,0.0
BARTLEY,291002,XBAR,35.90875,-105.38769,9192,2026-08-23,F,56,80,26,60,3,11,5,16,0.0
BATDRAW,293101,XBAD,32.17861,-104.44056,4425,2026-08-23,F,75,99,13,33,5,14,6,23,0.0
BEAVERHEAD,292001,XBEA,33.42353,-108.11019,6750,2026-08-23,F,54,89,20,77,1,7,1,9,0.0
BELMONT,21504,ABEL,33.67411,-112.92281,1813,2026-08-23,F,86,108,14,30,3,11,8,17,0.0
BLACK HILLS,21008,ABLA,33.08203,-109.95119,3262,2026-08-23,F,80,105,12,36,2,7,7,16,0.0
BLACK MESA,290305,XBLM,36.03708,-106.04964,5762,2026-08-23,F,59,93,20,67,2,9,3,13,0.02
BLACK ROCK,20114,ABRK,36.79436,-113.75056,7224,2026-08-23,F,68,85,18,33,3,6,10,21,0.0
BLUEWATER RIDGE,293303,XBLR,35.19411,-108.16336,8274,2026-08-23,F,58,82,26,60,1,8,1,11,0.02
BOSQUE,292103,XBOS,33.82064,-106.88169,4523,2026-08-23,F,66,100,13,58,2,9,3,13,0.0
BRIGHT ANGEL,20211,ACAN,36.20472,-112.06222,8134,2026-08-23,F,60,85,19,44,2,11,3,17,0.0
BRUSHY MOUNTAIN,291301,XBRU,34.72,-107.8484,8789,2026-08-23,F,57,82,25,60,3,10,5,15,0.01
BUCKSKIN MTN,20224,ABUC,36.91808,-112.19981,6334,2026-08-23,F,65,90,16,43,2,9,6,22,0.0
BURRO MOUNTAIN,292504,XBUR,32.67203,-108.53969,6995,2026-08-23,F,68,92,16,40,6,15,13,22,0.0
CANELO,21303,ACNL,31.54972,-110.51917,4629,2026-08-23,F,68,94,23,64,3,10,6,17,0.02
CAPROCK,293104,XCAP,32.92728,-103.85689,4167,2026-08-23,F,71,99,14,46,8,15,11,22,0.0
CARR,21411,ACAA,31.44111,-110.28611,5400,2026-08-23,F,71,95,23,52,2,7,7,16,0.0
CASA GRANDE,20906,ACSG,32.99177,-111.53264,1412,2026-08-23,F,84,108,16,39,3,15,3,26,0.0
CAVE CREEK,55522232,ACAV,34.0899,-111.8465,3477,2026-08-23,F,75,104,14,40,2,6,6,13,0.0
CEDAR RIDGE,55523718,ACED,32.59872,-110.76231,4735,2026-08-23,F,77,98,17,39,3,9,7,16,0.03
CHERRY,20511,ACHE,34.59661,-112.04761,5147,2026-08-23,F,65,95,20,56,2,6,7,16,0.0
CHUPADERA,292102,XCHU,33.77294,-106.0985,5580,2026-08-23,F,67,95,14,47,3,13,5,17,0.0
CIBOLA,20121,ACBL,33.28,-114.68489,252,2026-08-23,F,89,114,15,38,3,11,7,21,0.0
CIMARRON,290401,XCIM,36.60611,-105.12028,8806,2026-08-23,F,51,81,26,80,2,8,3,11,0.0
CIPRIANO,55522238,ARIP,32.4235,-114.16211,1042,2026-08-23,F,90,108,24,51,3,15,7,23,0.0
COLUMBINE,21005,ACOL,32.70389,-109.91389,9521,2026-08-23,F,56,76,26,57,1,3,5,13,0.0
COSMIC,293004,XCOS,32.77925,-105.81989,9172,2026-08-23,F,57,79,24,49,2,8,6,18,0.0
COYOTE,290202,XCOY,36.07333,-106.65739,8704,2026-08-23,F,54,82,24,66,5,13,7,17,0.08
CROWN KING,20502,ACRO,34.20336,-112.34561,6173,2026-08-23,F,68,92,20,43,2,3,8,13,0.02
CUBA,290705,XCUB,35.942,-107.07739,6890,2026-08-23,F,59,88,19,58,2,11,3,16,0.03
DATIL,292012,XDAT,34.29256,-107.768,8431,2026-08-23,F,57,81,24,61,3,10,5,15,0.06
DEADMAN PEAK,290203,XDEA,36.4229,-106.772,8389,2026-08-23,F,58,84,17,58,2,14,3,19,0.0
DEVILS HILLS,55522251,ADVH,32.42483,-113.79011,836,2026-08-23,F,89,108,21,43,3,16,7,24,0.0
DRIPPING SPRINGS,292903,XDRI,32.32225,-106.58661,5814,2026-08-23,F,74,94,14,31,2,7,7,21,0.0
DRY LAKE,21009,ADRL,33.35982,-109.83306,7405,2026-08-23,F,65,90,18,49,5,7,11,15,0.0
DRY PARK,20212,ADRY,36.45308,-112.23819,8700,2026-08-23,F,55,80,22,53,2,9,5,16,0.0
DULCE #2,290205,XDUL,36.93519,-107.00011,6805,2026-08-23,F,52,90,20,92,2,13,3,17,0.0
DUNKEN,292302,XDUN,32.82467,-105.18261,5431,2026-08-23,F,67,95,14,39,5,14,7,19,0.0
DUTCH KID,55522257,ADUT,35.12931,-112.28219,6505,2026-08-23,F,61,90,20,54,3,9,7,18,0.0
EIGHT MILE DRAW,292301,XEIG,33.65064,-104.32139,3626,2026-08-23,F,71,105,11,42,3,15,5,21,0.0
EMPIRE,21205,AEMP,31.78347,-110.64325,4650,2026-08-23,F,70,96,20,58,2,6,5,16,0.03
FLAGSTAFF,20209,AFLG,35.14111,-111.6725,6903,2026-08-23,F,56,86,21,63,0,6,3,15,0.0
FORT YUMA,20102,AFYM,32.65222,-114.63417,185,2026-08-23,F,89,111,21,53,3,11,6,22,0.0
FOUR SPRINGS,20227,AFOU,36.79367,-112.04239,6560,2026-08-23,F,68,88,17,39,3,8,7,17,0.0
FRAZIER WELLS,20213,AFRA,35.84551,-113.05501,6796,2026-08-23,F,66,86,19,37,3,11,7,17,0.0
FTHL YDMA,55522271,AFTH,32.48658,-114.4635,331,2026-08-23,F,90,111,23,55,3,17,6,24,0.0
GILA CENTER RAWS,292011,XGIL,33.22375,-108.24031,5767,2026-08-23,F,56,93,17,81,1,7,1,9,0.01
GLOBE,20601,AGLO,33.32694,-110.76694,4137,2026-08-23,F,79,99,18,36,2,10,7,17,0.0
GOLDFIELD,21505,AGOL,33.55531,-111.6145,1367,2026-08-23,F,86,110,14,36,2,15,6,24,0.0
GOODWIN MESA,20507,AGOO,34.77614,-113.3375,4311,2026-08-23,F,75,100,16,34,3,11,5,16,0.0
GRANTS,291302,XGRA,35.24278,-107.66528,8620,2026-08-23,F,54,82,24,71,2,9,3,13,0.0
GREENBASE,20284,AGRB,35.27619,-112.06325,6923,2026-08-23,F,57,85,22,59,1,8,5,17,0.0
GREER,20404,AGRE,34.05853,-109.44097,8240,2026-08-23,F,56,79,29,61,2,6,5,11,0.05
GUNSIGHT,20223,AGUN,36.70464,-112.5835,5284,2026-08-23,F,69,96,14,38,2,9,5,22,0.0
GUTHRIE,21104,AGUT,32.88203,-109.30931,6324,2026-08-23,F,71,92,15,41,5,16,11,24,0.0
HACHITA VALLEY,292702,XHAC,31.702,-108.34169,4290,2026-08-23,F,71,101,12,35,2,9,5,14,0.0
HAPPY JACK,20291,AHJK,34.61797,-111.34239,6812,2026-08-23,F,58,86,25,64,0,6,3,17,0.02
HAVASU,20118,AHAV,34.80758,-114.53456,475,2026-08-23,F,86,116,11,37,1,9,3,21,0.0
HEADQUARTERS,21409,ACHR,32.00611,-109.35694,5400,2026-08-23,F,69,96,16,43,2,6,7,13,0.0
HEBER,20301,AHBR,34.39778,-110.56444,6635,2026-08-23,F,61,87,23,60,1,6,5,15,0.03
HILLTOP,20609,AHIL,33.61119,-110.41461,5732,2026-08-23,F,63,92,21,63,2,11,7,18,0.0
HOPI,20312,AHPI,35.86292,-110.61495,5579,2026-08-23,F,64,96,15,56,3,11,8,24,0.0
HOPKINS,21302,AHPK,31.67528,-110.88,7120,2026-08-23,F,68,86,28,57,5,9,9,14,0.11
HORSE CAMP CANYON,20903,AHOR,32.93656,-110.4935,4014,2026-08-23,F,76,100,16,38,3,9,9,21,0.01
HUMBUG CREEK,20508,AHUM,34.11,-112.3,5250,2026-08-23,F,77,94,20,33,5,11,9,23,0.04
HURRICANE,20117,AHUR,36.69908,-113.20731,5445,2026-08-23,F,68,95,14,37,7,13,13,25,0.0
IRON SPRINGS,20501,AIRO,34.59361,-112.51139,5385,2026-08-23,F,67,92,20,48,1,6,5,16,0.04
JARITA MESA,290204,XJAR,36.55597,-106.10306,8864,2026-08-23,F,55,82,22,66,2,13,3,17,0.03
JEMEZ,290702,XJEM,35.84114,-106.61969,8248,2026-08-23,F,56,85,21,66,5,11,7,16,0.01
LAGUNA,293304,XLAG,35.05197,-107.42028,5805,2026-08-23,F,65,93,17,56,2,11,3,16,0.0
LAKESIDE,20303,ALAK,34.16283,-109.87639,7267,2026-08-23,F,58,85,26,65,2,6,7,11,0.03
LIMESTONE CANYON,20309,ALIM,34.17786,-110.27663,7102,2026-08-23,F,65,89,23,49,1,6,3,13,0.02
LINDBERGH HILL,20220,ALBE,36.28556,-112.07861,8800,2026-08-23,F,57,82,22,49,3,9,7,15,0.0
LUNA,292004,XLUN,33.82289,-108.94311,7088,2026-08-23,F,54,87,21,75,2,11,3,16,0.0
MAGDALENA,292104,XMAG,33.85061,-107.539,8495,2026-08-23,F,58,82,23,53,3,8,5,11,0.0
MALPAIS LAVA FLOW,293301,XMAL,34.85181,-108.17461,7514,2026-08-23,F,56,86,23,72,2,13,3,17,0.0
MAYHILL,293002,XMAY,32.90947,-105.46981,6599,2026-08-23,F,59,91,16,54,2,6,8,16,0.0
MCGREGGOR RANGE,292901,XMCG,32.43133,-105.62181,4832,2026-08-23,F,69,99,13,42,3,10,6,14,0.0
MELROSE RANGE,291901,XMEL,34.28422,-103.71497,4263,2026-08-23,F,72,101,12,41,8,14,11,19,0.0
MESCAL,293003,XMES,33.15803,-105.76881,6227,2026-08-23,F,57,88,20,59,2,7,6,14,0.0
MIDNIGHT,55522315,XMID,36.77819,-105.34131,10815,2026-08-23,F,44,73,28,89,5,9,7,13,0.0
MILLS CANYON,291101,XMIL,36.05453,-104.32511,5881,2026-08-23,F,61,95,18,65,3,14,5,19,0.01
MOGOLLON,292013,XMOG,33.39064,-108.80819,7602,2026-08-23,F,62,88,20,49,2,9,3,13,0.0
MOHAWK DUNES,55522318,AMOD,32.68878,-113.74889,524,2026-08-23,F,88,110,21,46,3,15,6,24,0.0
MORMON LAKE,20215,AMOL,34.90972,-111.43842,7094,2026-08-23,F,58,86,22,59,1,3,3,14,0.03
MOSS BASIN,20115,AMOS,35.03397,-113.89406,5920,2026-08-23,F,68,92,18,37,5,11,8,17,0.01
MOUNTAINAIR,291501,XMOU,34.52081,-106.26269,6593,2026-08-23,F,62,91,16,54,3,11,5,16,0.0
MOUNTAIN LION,20310,AFAP,33.69511,-109.71078,7269,2026-08-23,F,58,85,25,59,1,3,6,10,0.0
MOUNT LOGAN,20107,AMTL,36.35306,-113.19917,7605,2026-08-23,F,64,82,20,37,6,10,11,24,0.0
MULESHOE RANCH,21007,AMUL,32.40383,-110.272,4475,2026-08-23,F,73,99,16,44,2,6,6,17,0.0
MUSIC MOUNTAIN,20119,AMUS,35.61497,-113.79428,5375,2026-08-23,F,71,96,15,33,5,14,9,24,0.0
NAVAJO MONUMENT,20307,ANAV,36.67667,-110.54389,7204,2026-08-23,F,61,87,18,55,5,9,8,15,0.0
NEVERSHINE,55522326,ANEV,36.24753,-113.88851,2165,2026-08-23,F,85,107,11,24,6,13,8,16,0.0
NIXON FLATS,20113,ANIX,36.38833,-113.15806,6500,2026-08-23,F,61,87,17,48,2,7,5,19,0.0
NOON CREEK,21010,ANOO,32.66778,-109.78806,4925,2026-08-23,F,72,100,13,38,3,8,5,15,0.0
OAK CREEK,20219,AOAK,34.94686,-111.75444,4804,2026-08-23,F,69,98,16,44,2,3,7,14,0.0
OAK FLATS,291402,XOAK,35.00614,-106.31583,7675,2026-08-23,F,59,88,19,62,3,10,5,15,0.0
OATMAN,21502,AOAT,33.04994,-113.13867,1715,2026-08-23,F,88,111,17,39,3,14,6,25,0.02
OLAF KNOLLS,20108,AOLA,36.50725,-113.81589,2974,2026-08-23,F,82,105,11,23,6,11,11,24,0.0
PADUCA,293202,XPAD,32.17983,-103.722,3534,2026-08-23,F,73,100,16,46,6,14,7,23,0.0
PARIA POINT,20226,APAR,36.72753,-111.822,7106,2026-08-23,F,67,88,18,39,2,6,7,16,0.0
PAYSON,20602,APAY,34.24614,-111.2935,5064,2026-08-23,F,68,95,22,53,2,6,6,14,0.0
PECOS,291202,XPEC,35.54558,-105.49439,8229,2026-08-23,F,60,84,20,53,3,15,5,21,0.04
PELONA MOUNTAIN,292009,XPEL,33.69375,-108.06161,7955,2026-08-23,F,59,83,22,56,2,9,3,13,0.02
PICACHO PEAK,55522341,APIC,32.66314,-111.42154,1750,2026-08-23,F,81,104,16,41,3,7,5,13,0.0
PINE,20612,APNE,34.37181,-111.4555,5313,2026-08-23,F,68,94,21,48,2,6,7,14,0.0
PINEDALE,55522344,APND,34.30617,-110.23661,6461,2026-08-23,F,65,89,23,50,3,6,6,14,0.04
PINEY HILL,20402,APIN,35.76111,-109.16719,8061,2026-08-23,F,61,81,24,56,2,6,5,13,0.04
PLEASANT VALLEY,20603,APLE,34.08858,-110.94225,5232,2026-08-23,F,66,95,19,52,2,5,5,13,0.0
PROMONTORY,20221,APRO,34.36528,-111.01444,7842,2026-08-23,F,63,82,30,48,1,3,5,11,0.02
QUEEN,293105,XQUN,32.20361,-104.69031,5642,2026-08-23,F,68,93,15,39,6,13,8,18,0.0
RAMAH,293305,XRAM,34.81947,-108.29439,7645,2026-08-23,F,55,85,22,75,2,14,3,19,0.0
RED CANYON,55523735,XRDC,34.62289,-106.40831,8070,2026-08-23,F,60,80,18,53,5,10,7,15,0.0
RED LAKE,20610,ARED,34.18133,-110.78919,6524,2026-08-23,F,59,89,25,67,0,2,3,8,0.0
RESERVE,292005,XRES,33.71489,-108.777,5846,2026-08-23,F,58,93,16,69,1,13,1,17,0.01
RINCON,21207,ARIN,32.20639,-110.54861,8209,2026-08-23,F,62,78,28,52,3,9,8,14,0.0
RUCKER,21414,ARUC,31.76111,-109.34861,5700,2026-08-23,F,65,92,16,45,2,5,6,15,0.0
SAGUARO,21202,ASAG,32.31111,-110.81861,2758,2026-08-23,F,81,106,17,43,2,5,5,15,0.0
SAN ANDRES,292904,XSAA,32.58008,-106.52719,6137,2026-08-23,F,70,93,15,34,2,6,7,16,0.0
SAN CARLOS #1,20608,ASCA,33.37165,-110.45683,2830,2026-08-23,F,78,107,13,40,2,14,6,23,0.0
SANDIA LAB,291408,XSLB,35.00406,-106.41148,6321,2026-08-23,F,64,90,20,58,2,11,3,16,0.0
SANDIA LAKES,290706,XSLK,35.22967,-106.59061,5027,2026-08-23,F,67,98,18,58,2,10,3,15,0.0
SANTA FE WATERSHED,290901,XSFW,35.68686,-105.86031,7749,2026-08-23,F,56,85,21,64,3,13,5,17,0.0
SASABE,21206,ASAS,31.69169,-111.44811,3500,2026-08-23,F,74,101,21,65,3,7,6,17,0.03
SCOUT CAMP,21208,ASOL,32.39806,-110.725,7554,2026-08-23,F,66,85,27,53,2,8,7,15,0.04
SELLS,21209,ASES,31.91014,-111.89743,2262,2026-08-23,F,81,105,20,57,2,8,6,17,0.0
SEVILLETA,292105,XSEV,34.35844,-106.6895,5246,2026-08-23,F,67,97,14,53,2,10,3,15,0.0
SHADOW RIM,20611,ASHA,34.40586,-111.28319,5660,2026-08-23,F,67,96,20,49,1,5,3,14,0.0
SLAUGHTER,292008,XSLA,34.06056,-108.44472,8680,2026-08-23,F,57,80,27,60,2,14,3,19,0.0
SMITH PEAK,21501,ASMI,34.11486,-113.34733,2386,2026-08-23,F,88,107,14,25,3,10,7,18,0.02
SMOKEY BEAR,292203,XSMO,33.35019,-105.686,7194,2026-08-23,F,58,88,22,60,2,10,3,15,0.0
SOWATS,55523737,ASOW,36.48242,-112.42281,7038,2026-08-23,F,61,88,18,46,5,9,8,15,0.0
STANTON,20509,ASTA,34.16403,-112.73486,3600,2026-08-23,F,84,101,16,28,3,9,10,22,0.0
STONE LAKE,290201,XSTO,36.73161,-106.86581,7436,2026-08-23,F,56,88,19,71,2,14,3,19,0.0
STRAY HORSE,21106,ASTH,33.55253,-109.31719,7956,2026-08-23,F,62,80,22,47,5,10,9,16,0.03
SUNSET POINT,20510,ASUN,34.18847,-112.13467,3380,2026-08-23,F,80,103,15,34,2,9,8,19,0.02
TANKS,55522384,ATNK,33.67314,-110.57431,5801,2026-08-23,F,65,90,22,56,5,13,9,19,0.0
TAOS PUEBLO RAWS,55522385,XTAP,36.41461,-105.55689,7135,2026-08-23,F,58,88,23,64,2,14,3,19,0.06
T BAR,55523738,XTBA,33.51789,-108.52419,8047,2026-08-23,F,54,82,23,69,1,10,1,15,0.01
TONTO BASIN,20606,ATON,33.86861,-111.31333,2414,2026-08-23,F,80,106,15,40,2,15,6,23,0.04
TOWER,290801,XTOW,35.77899,-106.26611,6529,2026-08-23,F,62,92,19,58,3,10,5,15,0.14
TRAIL CABIN,21105,ATRA,33.26478,-109.36789,6250,2026-08-23,F,67,92,17,49,6,8,9,15,0.0
TRUCHAS,290210,XTRU,36.059,-105.7695,8353,2026-08-23,F,50,83,23,73,2,11,3,16,0.01
TRUXTON CANYON,20120,ATRU,35.78013,-113.79563,5304,2026-08-23,F,76,92,17,30,3,11,7,24,0.0
TUSAYAN,20207,ATUS,35.98833,-112.12056,6570,2026-08-23,F,53,90,18,61,0,3,3,11,0.0
TWEEDS POINT,20109,ATWE,36.58186,-113.732,5334,2026-08-23,F,77,94,14,25,8,15,15,31,0.0
UNION PASS,20116,AUNI,35.23233,-114.38194,3590,2026-08-23,F,83,100,14,22,1,10,5,23,0.0
VERDE,20503,AVER,34.54917,-111.84417,3101,2026-08-23,F,73,106,16,55,2,5,5,13,0.04
WARM SPRINGS CANYON,20216,AWAR,36.70117,-112.22689,7953,2026-08-23,F,58,84,19,49,5,10,9,17,0.0
WASHINGTON PASS,290101,XWAS,36.0765,-108.8615,9384,2026-08-23,F,57,77,28,60,2,10,3,15,0.05
WILD RIVERS,290307,XWDR,36.69469,-105.66872,7530,2026-08-23,F,54,86,22,71,1,13,1,17,0.07
YELLOW JOHN MOUNTAIN,20217,AYEL,36.155,-113.54944,6160,2026-08-23,F,57,91,16,49,2,6,6,18,0.0
ZUNI BUTTES,290603,XZUB,35.13919,-108.94131,6649,2026-08-23,F,58,91,18,69,2,14,3,19,0.0
10K,55522198,X10K,35.2085,-106.43586,10065,2026-08-23,F,54,76,24,59,3,11,5,16,0.0
AHAKHAV PRESERVE,21503,AAHA,34.13222,-114.32917,363,2026-08-23,F,87,112,16,35,1,11,5,22,0.0
ALBINO CANYON,290102,XALB,36.97661,-107.62892,7173,2026-08-23,F,61,90,20,69,1,15,1,21,0.0
ALPINE,20401,AALP,33.84272,-109.11161,8207,2026-08-23,F,56,80,26,64,1,5,5,11,0.0
BAKERS TANK,55522210,AHBB,32.61528,-114.00836,563,2026-08-23,F,89,109,21,43,3,15,6,25,0.0
BARTLEY,291002,XBAR,35.90875,-105.38769,9192,2026-08-23,F,56,80,26,60,3,11,5,16,0.0
BATDRAW,293101,XBAD,32.17861,-104.44056,4425,2026-08-23,F,75,99,13,33,5,14,6,23,0.0
BEAVERHEAD,292001,XBEA,33.42353,-108.11019,6750,2026-08-23,F,54,89,20,77,1,7,1,9,0.0
BELMONT,21504,ABEL,33.67411,-112.92281,1813,2026-08-23,F,86,108,14,30,3,11,8,17,0.0
BLACK HILLS,21008,ABLA,33.08203,-109.95119,3262,2026-08-23,F,80,105,12,36,2,7,7,16,0.0
BLACK MESA,290305,XBLM,36.03708,-106.04964,5762,2026-08-23,F,59,93,20,67,2,9,3,13,0.02
BLACK ROCK,20114,ABRK,36.79436,-113.75056,7224,2026-08-23,F,68,85,18,33,3,6,10,21,0.0
BLUEWATER RIDGE,293303,XBLR,35.19411,-108.16336,8274,2026-08-23,F,58,82,26,60,1,8,1,11,0.02
BOSQUE,292103,XBOS,33.82064,-106.88169,4523,2026-08-23,F,66,100,13,58,2,9,3,13,0.0
BRIGHT ANGEL,20211,ACAN,36.20472,-112.06222,8134,2026-08-23,F,60,85,19,44,2,11,3,17,0.0
BRUSHY MOUNTAIN,291301,XBRU,34.72,-107.8484,8789,2026-08-23,F,57,82,25,60,3,10,5,15,0.01
BUCKSKIN MTN,20224,ABUC,36.91808,-112.19981,6334,2026-08-23,F,65,90,16,43,2,9,6,22,0.0
BURRO MOUNTAIN,292504,XBUR,32.67203,-108.53969,6995,2026-08-23,F,68,92,16,40,6,15,13,22,0.0
CANELO,21303,ACNL,31.54972,-110.51917,4629,2026-08-23,F,68,94,23,64,3,10,6,17,0.02
CAPROCK,293104,XCAP,32.92728,-103.85689,4167,2026-08-23,F,71,99,14,46,8,15,11,22,0.0
CARR,21411,ACAA,31.44111,-110.28611,5400,2026-08-23,F,71,95,23,52,2,7,7,16,0.0
CASA GRANDE,20906,ACSG,32.99177,-111.53264,1412,2026-08-23,F,84,108,16,39,3,15,3,26,0.0
CAVE CREEK,55522232,ACAV,34.0899,-111.8465,3477,2026-08-23,F,75,104,14,40,2,6,6,13,0.0
CEDAR RIDGE,55523718,ACED,32.59872,-110.76231,4735,2026-08-23,F,77,98,17,39,3,9,7,16,0.03
CHERRY,20511,ACHE,34.59661,-112.04761,5147,2026-08-23,F,65,95,20,56,2,6,7,16,0.0
CHUPADERA,292102,XCHU,33.77294,-106.0985,5580,2026-08-23,F,67,95,14,47,3,13,5,17,0.0
CIBOLA,20121,ACBL,33.28,-114.68489,252,2026-08-23,F,89,114,15,38,3,11,7,21,0.0
CIMARRON,290401,XCIM,36.60611,-105.12028,8806,2026-08-23,F,51,81,26,80,2,8,3,11,0.0
CIPRIANO,55522238,ARIP,32.4235,-114.16211,1042,2026-08-23,F,90,108,24,51,3,15,7,23,0.0
COLUMBINE,21005,ACOL,32.70389,-109.91389,9521,2026-08-23,F,56,76,26,57,1,3,5,13,0.0
COSMIC,293004,XCOS,32.77925,-105.81989,9172,2026-08-23,F,57,79,24,49,2,8,6,18,0.0
COYOTE,290202,XCOY,36.07333,-106.65739,8704,2026-08-23,F,54,82,24,66,5,13,7,17,0.08
CROWN KING,20502,ACRO,34.20336,-112.34561,6173,2026-08-23,F,68,92,20,43,2,3,8,13,0.02
CUBA,290705,XCUB,35.942,-107.07739,6890,2026-08-23,F,59,88,19,58,2,11,3,16,0.03
DATIL,292012,XDAT,34.29256,-107.768,8431,2026-08-23,F,57,81,24,61,3,10,5,15,0.06
DEADMAN PEAK,290203,XDEA,36.4229,-106.772,8389,2026-08-23,F,58,84,17,58,2,14,3,19,0.0
DEVILS HILLS,55522251,ADVH,32.42483,-113.79011,836,2026-08-23,F,89,108,21,43,3,16,7,24,0.0
DRIPPING SPRINGS,292903,XDRI,32.32225,-106.58661,5814,2026-08-23,F,74,94,14,31,2,7,7,21,0.0
DRY LAKE,21009,ADRL,33.35982,-109.83306,7405,2026-08-23,F,65,90,18,49,5,7,11,15,0.0
DRY PARK,20212,ADRY,36.45308,-112.23819,8700,2026-08-23,F,55,80,22,53,2,9,5,16,0.0
DULCE #2,290205,XDUL,36.93519,-107.00011,6805,2026-08-23,F,52,90,20,92,2,13,3,17,0.0
DUNKEN,292302,XDUN,32.82467,-105.18261,5431,2026-08-23,F,67,95,14,39,5,14,7,19,0.0
DUTCH KID,55522257,ADUT,35.12931,-112.28219,6505,2026-08-23,F,61,90,20,54,3,9,7,18,0.0
EIGHT MILE DRAW,292301,XEIG,33.65064,-104.32139,3626,2026-08-23,F,71,105,11,42,3,15,5,21,0.0
EMPIRE,21205,AEMP,31.78347,-110.64325,4650,2026-08-23,F,70,96,20,58,2,6,5,16,0.03
FLAGSTAFF,20209,AFLG,35.14111,-111.6725,6903,2026-08-23,F,56,86,21,63,0,6,3,15,0.0
FORT YUMA,20102,AFYM,32.65222,-114.63417,185,2026-08-23,F,89,111,21,53,3,11,6,22,0.0
FOUR SPRINGS,20227,AFOU,36.79367,-112.04239,6560,2026-08-23,F,68,88,17,39,3,8,7,17,0.0
FRAZIER WELLS,20213,AFRA,35.84551,-113.05501,6796,2026-08-23,F,66,86,19,37,3,11,7,17,0.0
FTHL YDMA,55522271,AFTH,32.48658,-114.4635,331,2026-08-23,F,90,111,23,55,3,17,6,24,0.0
GILA CENTER RAWS,292011,XGIL,33.22375,-108.24031,5767,2026-08-23,F,56,93,17,81,1,7,1,9,0.01
GLOBE,20601,AGLO,33.32694,-110.76694,4137,2026-08-23,F,79,99,18,36,2,10,7,17,0.0
GOLDFIELD,21505,AGOL,33.55531,-111.6145,1367,2026-08-23,F,86,110,14,36,2,15,6,24,0.0
GOODWIN MESA,20507,AGOO,34.77614,-113.3375,4311,2026-08-23,F,75,100,16,34,3,11,5,16,0.0
GRANTS,291302,XGRA,35.24278,-107.66528,8620,2026-08-23,F,54,82,24,71,2,9,3,13,0.0
GREENBASE,20284,AGRB,35.27619,-112.06325,6923,2026-08-23,F,57,85,22,59,1,8,5,17,0.0
GREER,20404,AGRE,34.05853,-109.44097,8240,2026-08-23,F,56,79,29,61,2,6,5,11,0.05
GUNSIGHT,20223,AGUN,36.70464,-112.5835,5284,2026-08-23,F,69,96,14,38,2,9,5,22,0.0
GUTHRIE,21104,AGUT,32.88203,-109.30931,6324,2026-08-23,F,71,92,15,41,5,16,11,24,0.0
HACHITA VALLEY,292702,XHAC,31.702,-108.34169,4290,2026-08-23,F,71,101,12,35,2,9,5,14,0.0
HAPPY JACK,20291,AHJK,34.61797,-111.34239,6812,2026-08-23,F,58,86,25,64,0,6,3,17,0.02
HAVASU,20118,AHAV,34.80758,-114.53456,475,2026-08-23,F,86,116,11,37,1,9,3,21,0.0
HEADQUARTERS,21409,ACHR,32.00611,-109.35694,5400,2026-08-23,F,69,96,16,43,2,6,7,13,0.0
HEBER,20301,AHBR,34.39778,-110.56444,6635,2026-08-23,F,61,87,23,60,1,6,5,15,0.03
HILLTOP,20609,AHIL,33.61119,-110.41461,5732,2026-08-23,F,63,92,21,63,2,11,7,18,0.0
HOPI,20312,AHPI,35.86292,-110.61495,5579,2026-08-23,F,64,96,15,56,3,11,8,24,0.0
HOPKINS,21302,AHPK,31.67528,-110.88,7120,2026-08-23,F,68,86,28,57,5,9,9,14,0.11
HORSE CAMP CANYON,20903,AHOR,32.93656,-110.4935,4014,2026-08-23,F,76,100,16,38,3,9,9,21,0.01
HUMBUG CREEK,20508,AHUM,34.11,-112.3,5250,2026-08-23,F,77,94,20,33,5,11,9,23,0.04
HURRICANE,20117,AHUR,36.69908,-113.20731,5445,2026-08-23,F,68,95,14,37,7,13,13,25,0.0
IRON SPRINGS,20501,AIRO,34.59361,-112.51139,5385,2026-08-23,F,67,92,20,48,1,6,5,16,0.04
JARITA MESA,290204,XJAR,36.55597,-106.10306,8864,2026-08-23,F,55,82,22,66,2,13,3,17,0.03
JEMEZ,290702,XJEM,35.84114,-106.61969,8248,2026-08-23,F,56,85,21,66,5,11,7,16,0.01
LAGUNA,293304,XLAG,35.05197,-107.42028,5805,2026-08-23,F,65,93,17,56,2,11,3,16,0.0
LAKESIDE,20303,ALAK,34.16283,-109.87639,7267,2026-08-23,F,58,85,26,65,2,6,7,11,0.03
LIMESTONE CANYON,20309,ALIM,34.17786,-110.27663,7102,2026-08-23,F,65,89,23,49,1,6,3,13,0.02
LINDBERGH HILL,20220,ALBE,36.28556,-112.07861,8800,2026-08-23,F,57,82,22,49,3,9,7,15,0.0
LUNA,292004,XLUN,33.82289,-108.94311,7088,2026-08-23,F,54,87,21,75,2,11,3,16,0.0
MAGDALENA,292104,XMAG,33.85061,-107.539,8495,2026-08-23,F,58,82,23,53,3,8,5,11,0.0
MALPAIS LAVA FLOW,293301,XMAL,34.85181,-108.17461,7514,2026-08-23,F,56,86,23,72,2,13,3,17,0.0
MAYHILL,293002,XMAY,32.90947,-105.46981,6599,2026-08-23,F,59,91,16,54,2,6,8,16,0.0
MCGREGGOR RANGE,292901,XMCG,32.43133,-105.62181,4832,2026-08-23,F,69,99,13,42,3,10,6,14,0.0
MELROSE RANGE,291901,XMEL,34.28422,-103.71497,4263,2026-08-23,F,72,101,12,41,8,14,11,19,0.0
MESCAL,293003,XMES,33.15803,-105.76881,6227,2026-08-23,F,57,88,20,59,2,7,6,14,0.0
MIDNIGHT,55522315,XMID,36.77819,-105.34131,10815,2026-08-23,F,44,73,28,89,5,9,7,13,0.0
MILLS CANYON,291101,XMIL,36.05453,-104.32511,5881,2026-08-23,F,61,95,18,65,3,14,5,19,0.01
MOGOLLON,292013,XMOG,33.39064,-108.80819,7602,2026-08-23,F,62,88,20,49,2,9,3,13,0.0
MOHAWK DUNES,55522318,AMOD,32.68878,-113.74889,524,2026-08-23,F,88,110,21,46,3,15,6,24,0.0
MORMON LAKE,20215,AMOL,34.90972,-111.43842,7094,2026-08-23,F,58,86,22,59,1,3,3,14,0.03
MOSS BASIN,20115,AMOS,35.03397,-113.89406,5920,2026-08-23,F,68,92,18,37,5,11,8,17,0.01
MOUNTAINAIR,291501,XMOU,34.52081,-106.26269,6593,2026-08-23,F,62,91,16,54,3,11,5,16,0.0
MOUNTAIN LION,20310,AFAP,33.69511,-109.71078,7269,2026-08-23,F,58,85,25,59,1,3,6,10,0.0
MOUNT LOGAN,20107,AMTL,36.35306,-113.19917,7605,2026-08-23,F,64,82,20,37,6,10,11,24,0.0
MULESHOE RANCH,21007,AMUL,32.40383,-110.272,4475,2026-08-23,F,73,99,16,44,2,6,6,17,0.0
MUSIC MOUNTAIN,20119,AMUS,35.61497,-113.79428,5375,2026-08-23,F,71,96,15,33,5,14,9,24,0.0
NAVAJO MONUMENT,20307,ANAV,36.67667,-110.54389,7204,2026-08-23,F,61,87,18,55,5,9,8,15,0.0
NEVERSHINE,55522326,ANEV,36.24753,-113.88851,2165,2026-08-23,F,85,107,11,24,6,13,8,16,0.0
NIXON FLATS,20113,ANIX,36.38833,-113.15806,6500,2026-08-23,F,61,87,17,48,2,7,5,19,0.0
NOON CREEK,21010,ANOO,32.66778,-109.78806,4925,2026-08-23,F,72,100,13,38,3,8,5,15,0.0
OAK CREEK,20219,AOAK,34.94686,-111.75444,4804,2026-08-23,F,69,98,16,44,2,3,7,14,0.0
OAK FLATS,291402,XOAK,35.00614,-106.31583,7675,2026-08-23,F,59,88,19,62,3,10,5,15,0.0
OATMAN,21502,AOAT,33.04994,-113.13867,1715,2026-08-23,F,88,111,17,39,3,14,6,25,0.02
OLAF KNOLLS,20108,AOLA,36.50725,-113.81589,2974,2026-08-23,F,82,105,11,23,6,11,11,24,0.0
PADUCA,293202,XPAD,32.17983,-103.722,3534,2026-08-23,F,73,100,16,46,6,14,7,23,0.0
PARIA POINT,20226,APAR,36.72753,-111.822,7106,2026-08-23,F,67,88,18,39,2,6,7,16,0.0
PAYSON,20602,APAY,34.24614,-111.2935,5064,2026-08-23,F,68,95,22,53,2,6,6,14,0.0
PECOS,291202,XPEC,35.54558,-105.49439,8229,2026-08-23,F,60,84,20,53,3,15,5,21,0.04
PELONA MOUNTAIN,292009,XPEL,33.69375,-108.06161,7955,2026-08-23,F,59,83,22,56,2,9,3,13,0.02
PICACHO PEAK,55522341,APIC,32.66314,-111.42154,1750,2026-08-23,F,81,104,16,41,3,7,5,13,0.0
PINE,20612,APNE,34.37181,-111.4555,5313,2026-08-23,F,68,94,21,48,2,6,7,14,0.0
PINEDALE,55522344,APND,34.30617,-110.23661,6461,2026-08-23,F,65,89,23,50,3,6,6,14,0.04
PINEY HILL,20402,APIN,35.76111,-109.16719,8061,2026-08-23,F,61,81,24,56,2,6,5,13,0.04
PLEASANT VALLEY,20603,APLE,34.08858,-110.94225,5232,2026-08-23,F,66,95,19,52,2,5,5,13,0.0
PROMONTORY,20221,APRO,34.36528,-111.01444,7842,2026-08-23,F,63,82,30,48,1,3,5,11,0.02
QUEEN,293105,XQUN,32.20361,-104.69031,5642,2026-08-23,F,68,93,15,39,6,13,8,18,0.0
RAMAH,293305,XRAM,34.81947,-108.29439,7645,2026-08-23,F,55,85,22,75,2,14,3,19,0.0
RED CANYON,55523735,XRDC,34.62289,-106.40831,8070,2026-08-23,F,60,80,18,53,5,10,7,15,0.0
RED LAKE,20610,ARED,34.18133,-110.78919,6524,2026-08-23,F,59,89,25,67,0,2,3,8,0.0
RESERVE,292005,XRES,33.71489,-108.777,5846,2026-08-23,F,58,93,16,69,1,13,1,17,0.01
RINCON,21207,ARIN,32.20639,-110.54861,8209,2026-08-23,F,62,78,28,52,3,9,8,14,0.0
RUCKER,21414,ARUC,31.76111,-109.34861,5700,2026-08-23,F,65,92,16,45,2,5,6,15,0.0
SAGUARO,21202,ASAG,32.31111,-110.81861,2758,2026-08-23,F,81,106,17,43,2,5,5,15,0.0
SAN ANDRES,292904,XSAA,32.58008,-106.52719,6137,2026-08-23,F,70,93,15,34,2,6,7,16,0.0
SAN CARLOS #1,20608,ASCA,33.37165,-110.45683,2830,2026-08-23,F,78,107,13,40,2,14,6,23,0.0
SANDIA LAB,291408,XSLB,35.00406,-106.41148,6321,2026-08-23,F,64,90,20,58,2,11,3,16,0.0
SANDIA LAKES,290706,XSLK,35.22967,-106.59061,5027,2026-08-23,F,67,98,18,58,2,10,3,15,0.0
SANTA FE WATERSHED,290901,XSFW,35.68686,-105.86031,7749,2026-08-23,F,56,85,21,64,3,13,5,17,0.0
SASABE,21206,ASAS,31.69169,-111.44811,3500,2026-08-23,F,74,101,21,65,3,7,6,17,0.03
SCOUT CAMP,21208,ASOL,32.39806,-110.725,7554,2026-08-23,F,66,85,27,53,2,8,7,15,0.04
SELLS,21209,ASES,31.91014,-111.89743,2262,2026-08-23,F,81,105,20,57,2,8,6,17,0.0
SEVILLETA,292105,XSEV,34.35844,-106.6895,5246,2026-08-23,F,67,97,14,53,2,10,3,15,0.0
SHADOW RIM,20611,ASHA,34.40586,-111.28319,5660,2026-08-23,F,67,96,20,49,1,5,3,14,0.0
SLAUGHTER,292008,XSLA,34.06056,-108.44472,8680,2026-08-23,F,57,80,27,60,2,14,3,19,0.0
SMITH PEAK,21501,ASMI,34.11486,-113.34733,2386,2026-08-23,F,88,107,14,25,3,10,7,18,0.02
SMOKEY BEAR,292203,XSMO,33.35019,-105.686,7194,2026-08-23,F,58,88,22,60,2,10,3,15,0.0
SOWATS,55523737,ASOW,36.48242,-112.42281,7038,2026-08-23,F,61,88,18,46,5,9,8,15,0.0
STANTON,20509,ASTA,34.16403,-112.73486,3600,2026-08-23,F,84,101,16,28,3,9,10,22,0.0
STONE LAKE,290201,XSTO,36.73161,-106.86581,7436,2026-08-23,F,56,88,19,71,2,14,3,19,0.0
STRAY HORSE,21106,ASTH,33.55253,-109.31719,7956,2026-08-23,F,62,80,22,47,5,10,9,16,0.03
SUNSET POINT,20510,ASUN,34.18847,-112.13467,3380,2026-08-23,F,80,103,15,34,2,9,8,19,0.02
TANKS,55522384,ATNK,33.67314,-110.57431,5801,2026-08-23,F,65,90,22,56,5,13,9,19,0.0
TAOS PUEBLO RAWS,55522385,XTAP,36.41461,-105.55689,7135,2026-08-23,F,58,88,23,64,2,14,3,19,0.06
T BAR,55523738,XTBA,33.51789,-108.52419,8047,2026-08-23,F,54,82,23,69,1,10,1,15,0.01
TONTO BASIN,20606,ATON,33.86861,-111.31333,2414,2026-08-23,F,80,106,15,40,2,15,6,23,0.04
TOWER,290801,XTOW,35.77899,-106.26611,6529,2026-08-23,F,62,92,19,58,3,10,5,15,0.14
TRAIL CABIN,21105,ATRA,33.26478,-109.36789,6250,2026-08-23,F,67,92,17,49,6,8,9,15,0.0
TRUCHAS,290210,XTRU,36.059,-105.7695,8353,2026-08-23,F,50,83,23,73,2,11,3,16,0.01
TRUXTON CANYON,20120,ATRU,35.78013,-113.79563,5304,2026-08-23,F,76,92,17,30,3,11,7,24,0.0
TUSAYAN,20207,ATUS,35.98833,-112.12056,6570,2026-08-23,F,53,90,18,61,0,3,3,11,0.0
TWEEDS POINT,20109,ATWE,36.58186,-113.732,5334,2026-08-23,F,77,94,14,25,8,15,15,31,0.0
UNION PASS,20116,AUNI,35.23233,-114.38194,3590,2026-08-23,F,83,100,14,22,1,10,5,23,0.0
VERDE,20503,AVER,34.54917,-111.84417,3101,2026-08-23,F,73,106,16,55,2,5,5,13,0.04
WARM SPRINGS CANYON,20216,AWAR,36.70117,-112.22689,7953,2026-08-23,F,58,84,19,49,5,10,9,17,0.0
WASHINGTON PASS,290101,XWAS,36.0765,-108.8615,9384,2026-08-23,F,57,77,28,60,2,10,3,15,0.05
WILD RIVERS,290307,XWDR,36.69469,-105.66872,7530,2026-08-23,F,54,86,22,71,1,13,1,17,0.07
YELLOW JOHN MOUNTAIN,20217,AYEL,36.155,-113.54944,6160,2026-08-23,F,57,91,16,49,2,6,6,18,0.0
ZUNI BUTTES,290603,XZUB,35.13919,-108.94131,6649,2026-08-23,F,58,91,18,69,2,14,3,19,0.0
10K,55522198,X10K,35.2085,-106.43586,10065,8/22/2026,F,54,76,24,59,3,11,5,16,,962,0.0,N
AHAKHAV PRESERVE,21503,AAHA,34.13222,-114.32917,363,8/22/2026,F,87,112,16,35,1,11,5,22,,929,0.0,N
ALBINO CANYON,290102,XALB,36.97661,-107.62892,7173,8/22/2026,F,61,90,20,69,1,15,1,21,,814,0.0,N
ALPINE,20401,AALP,33.84272,-109.11161,8207,8/22/2026,F,56,80,26,64,1,5,5,11,,759,0.0,N
BAKERS TANK,55522210,AHBB,32.61528,-114.00836,563,8/22/2026,F,89,109,21,43,3,15,6,25,,891,0.0,N
BARTLEY,291002,XBAR,35.90875,-105.38769,9192,8/22/2026,F,56,80,26,60,3,11,5,16,,810,0.0,N
BATDRAW,293101,XBAD,32.17861,-104.44056,4425,8/22/2026,F,75,99,13,33,5,14,6,23,,979,0.0,N
BEAVERHEAD,292001,XBEA,33.42353,-108.11019,6750,8/22/2026,F,54,89,20,77,1,7,1,9,,982,0.0,N
BELMONT,21504,ABEL,33.67411,-112.92281,1813,8/22/2026,F,86,108,14,30,3,11,8,17,,909,0.0,N
BLACK HILLS,21008,ABLA,33.08203,-109.95119,3262,8/22/2026,F,80,105,12,36,2,7,7,16,,967,0.0,N
BLACK MESA,290305,XBLM,36.03708,-106.04964,5762,8/22/2026,F,59,93,20,67,2,9,3,13,,871,0.02,N
BLACK ROCK,20114,ABRK,36.79436,-113.75056,7224,8/22/2026,F,68,85,18,33,3,6,10,21,,945,0.0,N
BLUEWATER RIDGE,293303,XBLR,35.19411,-108.16336,8274,8/22/2026,F,58,82,26,60,1,8,1,11,,898,0.02,N
BOSQUE,292103,XBOS,33.82064,-106.88169,4523,8/22/2026,F,66,100,13,58,2,9,3,13,,966,0.0,N
BRIGHT ANGEL,20211,ACAN,36.20472,-112.06222,8134,8/22/2026,F,60,85,19,44,2,11,3,17,,819,0.0,N
BRUSHY MOUNTAIN,291301,XBRU,34.72,-107.8484,8789,8/22/2026,F,57,82,25,60,3,10,5,15,,784,0.01,N
BUCKSKIN MTN,20224,ABUC,36.91808,-112.19981,6334,8/22/2026,F,65,90,16,43,2,9,6,22,,856,0.0,N
BURRO MOUNTAIN,292504,XBUR,32.67203,-108.53969,6995,8/22/2026,F,68,92,16,40,6,15,13,22,1/4/1 17:00 LMT,991,0.0,N
CANELO,21303,ACNL,31.54972,-110.51917,4629,8/22/2026,F,68,94,23,64,3,10,6,17,,952,0.02,N
CAPROCK,293104,XCAP,32.92728,-103.85689,4167,8/22/2026,F,71,99,14,46,8,15,11,22,,973,0.0,N
CARR,21411,ACAA,31.44111,-110.28611,5400,8/22/2026,F,71,95,23,52,2,7,7,16,,966,0.0,N
CASA GRANDE,20906,ACSG,32.99177,-111.53264,1412,8/22/2026,F,84,108,16,39,3,15,3,26,,892,0.0,N
CAVE CREEK,55522232,ACAV,34.0899,-111.8465,3477,8/22/2026,F,75,104,14,40,2,6,6,13,,771,0.0,N
CEDAR RIDGE,55523718,ACED,32.59872,-110.76231,4735,8/22/2026,F,77,98,17,39,3,9,7,16,,968,0.03,N
CHERRY,20511,ACHE,34.59661,-112.04761,5147,8/22/2026,F,65,95,20,56,2,6,7,16,,825,0.0,N
CHUPADERA,292102,XCHU,33.77294,-106.0985,5580,8/22/2026,F,67,95,14,47,3,13,5,17,,982,0.0,N
CIBOLA,20121,ACBL,33.28,-114.68489,252,8/22/2026,F,89,114,15,38,3,11,7,21,,939,0.0,N
CIMARRON,290401,XCIM,36.60611,-105.12028,8806,8/22/2026,F,51,81,26,80,2,8,3,11,,708,0.0,N
CIPRIANO,55522238,ARIP,32.4235,-114.16211,1042,8/22/2026,F,90,108,24,51,3,15,7,23,,886,0.0,N
COLUMBINE,21005,ACOL,32.70389,-109.91389,9521,8/22/2026,F,56,76,26,57,1,3,5,13,,953,0.0,N
COSMIC,293004,XCOS,32.77925,-105.81989,9172,8/22/2026,F,57,79,24,49,2,8,6,18,,904,0.0,N
COYOTE,290202,XCOY,36.07333,-106.65739,8704,8/22/2026,F,54,82,24,66,5,13,7,17,,717,0.08,N
CROWN KING,20502,ACRO,34.20336,-112.34561,6173,8/22/2026,F,68,92,20,43,2,3,8,13,,763,0.02,N
CUBA,290705,XCUB,35.942,-107.07739,6890,8/22/2026,F,59,88,19,58,2,11,3,16,,851,0.03,N
DATIL,292012,XDAT,34.29256,-107.768,8431,8/22/2026,F,57,81,24,61,3,10,5,15,,728,0.06,N
DEADMAN PEAK,290203,XDEA,36.4229,-106.772,8389,8/22/2026,F,58,84,17,58,2,14,3,19,,814,0.0,N
DEVILS HILLS,55522251,ADVH,32.42483,-113.79011,836,8/22/2026,F,89,108,21,43,3,16,7,24,,904,0.0,N
DRIPPING SPRINGS,292903,XDRI,32.32225,-106.58661,5814,8/22/2026,F,74,94,14,31,2,7,7,21,,992,0.0,N
DRY LAKE,21009,ADRL,33.35982,-109.83306,7405,8/22/2026,F,65,90,18,49,5,7,11,15,,892,0.0,N
DRY PARK,20212,ADRY,36.45308,-112.23819,8700,8/22/2026,F,55,80,22,53,2,9,5,16,,822,0.0,N
DULCE #2,290205,XDUL,36.93519,-107.00011,6805,8/22/2026,F,52,90,20,92,2,13,3,17,,846,0.0,N
DUNKEN,292302,XDUN,32.82467,-105.18261,5431,8/22/2026,F,67,95,14,39,5,14,7,19,,955,0.0,N
DUTCH KID,55522257,ADUT,35.12931,-112.28219,6505,8/22/2026,F,61,90,20,54,3,9,7,18,,800,0.0,N
EIGHT MILE DRAW,292301,XEIG,33.65064,-104.32139,3626,8/22/2026,F,71,105,11,42,3,15,5,21,,952,0.0,N
EMPIRE,21205,AEMP,31.78347,-110.64325,4650,8/22/2026,F,70,96,20,58,2,6,5,16,,963,0.03,N
FLAGSTAFF,20209,AFLG,35.14111,-111.6725,6903,8/22/2026,F,56,86,21,63,0,6,3,15,,658,0.0,N
FORT YUMA,20102,AFYM,32.65222,-114.63417,185,8/22/2026,F,89,111,21,53,3,11,6,22,,939,0.0,N
FOUR SPRINGS,20227,AFOU,36.79367,-112.04239,6560,8/22/2026,F,68,88,17,39,3,8,7,17,,688,0.0,N
FRAZIER WELLS,20213,AFRA,35.84551,-113.05501,6796,8/22/2026,F,66,86,19,37,3,11,7,17,,789,0.0,N
FTHL YDMA,55522271,AFTH,32.48658,-114.4635,331,8/22/2026,F,90,111,23,55,3,17,6,24,,929,0.0,N
GILA CENTER RAWS,292011,XGIL,33.22375,-108.24031,5767,8/22/2026,F,56,93,17,81,1,7,1,9,,987,0.01,N
GLOBE,20601,AGLO,33.32694,-110.76694,4137,8/22/2026,F,79,99,18,36,2,10,7,17,,940,0.0,N
GOLDFIELD,21505,AGOL,33.55531,-111.6145,1367,8/22/2026,F,86,110,14,36,2,15,6,24,,743,0.0,N
GOODWIN MESA,20507,AGOO,34.77614,-113.3375,4311,8/22/2026,F,75,100,16,34,3,11,5,16,,899,0.0,N
GRANTS,291302,XGRA,35.24278,-107.66528,8620,8/22/2026,F,54,82,24,71,2,9,3,13,,865,0.0,N
GREENBASE,20284,AGRB,35.27619,-112.06325,6923,8/22/2026,F,57,85,22,59,1,8,5,17,,686,0.0,N
GREER,20404,AGRE,34.05853,-109.44097,8240,8/22/2026,F,56,79,29,61,2,6,5,11,,656,0.05,N
GUNSIGHT,20223,AGUN,36.70464,-112.5835,5284,8/22/2026,F,69,96,14,38,2,9,5,22,,910,0.0,N
GUTHRIE,21104,AGUT,32.88203,-109.30931,6324,8/22/2026,F,71,92,15,41,5,16,11,24,,978,0.0,N
HACHITA VALLEY,292702,XHAC,31.702,-108.34169,4290,8/22/2026,F,71,101,12,35,2,9,5,14,,996,0.0,N
HAPPY JACK,20291,AHJK,34.61797,-111.34239,6812,8/22/2026,F,58,86,25,64,0,6,3,17,,693,0.02,N
HAVASU,20118,AHAV,34.80758,-114.53456,475,8/22/2026,F,86,116,11,37,1,9,3,21,,892,0.0,N
HEADQUARTERS,21409,ACHR,32.00611,-109.35694,5400,8/22/2026,F,69,96,16,43,2,6,7,13,,996,0.0,N
HEBER,20301,AHBR,34.39778,-110.56444,6635,8/22/2026,F,61,87,23,60,1,6,5,15,,716,0.03,N
HILLTOP,20609,AHIL,33.61119,-110.41461,5732,8/22/2026,F,63,92,21,63,2,11,7,18,,955,0.0,N
HOPI,20312,AHPI,35.86292,-110.61495,5579,8/22/2026,F,64,96,15,56,3,11,8,24,,839,0.0,N
HOPKINS,21302,AHPK,31.67528,-110.88,7120,8/22/2026,F,68,86,28,57,5,9,9,14,,930,0.11,N
HORSE CAMP CANYON,20903,AHOR,32.93656,-110.4935,4014,8/22/2026,F,76,100,16,38,3,9,9,21,,965,0.01,N
HUMBUG CREEK,20508,AHUM,34.11,-112.3,5250,8/22/2026,F,77,94,20,33,5,11,9,23,,858,0.04,N
HURRICANE,20117,AHUR,36.69908,-113.20731,5445,8/22/2026,F,68,95,14,37,7,13,13,25,,930,0.0,N
IRON SPRINGS,20501,AIRO,34.59361,-112.51139,5385,8/22/2026,F,67,92,20,48,1,6,5,16,,764,0.04,N
JARITA MESA,290204,XJAR,36.55597,-106.10306,8864,8/22/2026,F,55,82,22,66,2,13,3,17,,675,0.03,N
JEMEZ,290702,XJEM,35.84114,-106.61969,8248,8/22/2026,F,56,85,21,66,5,11,7,16,,808,0.01,N
LAGUNA,293304,XLAG,35.05197,-107.42028,5805,8/22/2026,F,65,93,17,56,2,11,3,16,,898,0.0,N
LAKESIDE,20303,ALAK,34.16283,-109.87639,7267,8/22/2026,F,58,85,26,65,2,6,7,11,,710,0.03,N
LIMESTONE CANYON,20309,ALIM,34.17786,-110.27663,7102,8/22/2026,F,65,89,23,49,1,6,3,13,,906,0.02,N
LINDBERGH HILL,20220,ALBE,36.28556,-112.07861,8800,8/22/2026,F,57,82,22,49,3,9,7,15,,871,0.0,N
LUNA,292004,XLUN,33.82289,-108.94311,7088,8/22/2026,F,54,87,21,75,2,11,3,16,,818,0.0,N
MAGDALENA,292104,XMAG,33.85061,-107.539,8495,8/22/2026,F,58,82,23,53,3,8,5,11,,916,0.0,N
MALPAIS LAVA FLOW,293301,XMAL,34.85181,-108.17461,7514,8/22/2026,F,56,86,23,72,2,13,3,17,,910,0.0,N
MAYHILL,293002,XMAY,32.90947,-105.46981,6599,8/22/2026,F,59,91,16,54,2,6,8,16,,922,0.0,N
MCGREGGOR RANGE,292901,XMCG,32.43133,-105.62181,4832,8/22/2026,F,69,99,13,42,3,10,6,14,,978,0.0,N
MELROSE RANGE,291901,XMEL,34.28422,-103.71497,4263,8/22/2026,F,72,101,12,41,8,14,11,19,,901,0.0,N
MESCAL,293003,XMES,33.15803,-105.76881,6227,8/22/2026,F,57,88,20,59,2,7,6,14,,929,0.0,N
MIDNIGHT,55522315,XMID,36.77819,-105.34131,10815,8/22/2026,F,44,73,28,89,5,9,7,13,,740,0.0,N
MILLS CANYON,291101,XMIL,36.05453,-104.32511,5881,8/22/2026,F,61,95,18,65,3,14,5,19,,853,0.01,N
MOGOLLON,292013,XMOG,33.39064,-108.80819,7602,8/22/2026,F,62,88,20,49,2,9,3,13,,815,0.0,N
MOHAWK DUNES,55522318,AMOD,32.68878,-113.74889,524,8/22/2026,F,88,110,21,46,3,15,6,24,,906,0.0,N
MORMON LAKE,20215,AMOL,34.90972,-111.43842,7094,8/22/2026,F,58,86,22,59,1,3,3,14,,624,0.03,N
MOSS BASIN,20115,AMOS,35.03397,-113.89406,5920,8/22/2026,F,68,92,18,37,5,11,8,17,,809,0.01,N
MOUNTAINAIR,291501,XMOU,34.52081,-106.26269,6593,8/22/2026,F,62,91,16,54,3,11,5,16,,976,0.0,N
MOUNTAIN LION,20310,AFAP,33.69511,-109.71078,7269,8/22/2026,F,58,85,25,59,1,3,6,10,,715,0.0,N
MOUNT LOGAN,20107,AMTL,36.35306,-113.19917,7605,8/22/2026,F,64,82,20,37,6,10,11,24,,915,0.0,N
MULESHOE RANCH,21007,AMUL,32.40383,-110.272,4475,8/22/2026,F,73,99,16,44,2,6,6,17,,978,0.0,N
MUSIC MOUNTAIN,20119,AMUS,35.61497,-113.79428,5375,8/22/2026,F,71,96,15,33,5,14,9,24,,733,0.0,N
NAVAJO MONUMENT,20307,ANAV,36.67667,-110.54389,7204,8/22/2026,F,61,87,18,55,5,9,8,15,,724,0.0,N
NEVERSHINE,55522326,ANEV,36.24753,-113.88851,2165,8/22/2026,F,85,107,11,24,6,13,8,16,,916,0.0,N
NIXON FLATS,20113,ANIX,36.38833,-113.15806,6500,8/22/2026,F,61,87,17,48,2,7,5,19,,903,0.0,N
NOON CREEK,21010,ANOO,32.66778,-109.78806,4925,8/22/2026,F,72,100,13,38,3,8,5,15,,982,0.0,N
OAK CREEK,20219,AOAK,34.94686,-111.75444,4804,8/22/2026,F,69,98,16,44,2,3,7,14,,791,0.0,N
OAK FLATS,291402,XOAK,35.00614,-106.31583,7675,8/22/2026,F,59,88,19,62,3,10,5,15,,969,0.0,N
OATMAN,21502,AOAT,33.04994,-113.13867,1715,8/22/2026,F,88,111,17,39,3,14,6,25,,902,0.02,N
OLAF KNOLLS,20108,AOLA,36.50725,-113.81589,2974,8/22/2026,F,82,105,11,23,6,11,11,24,,934,0.0,N
PADUCA,293202,XPAD,32.17983,-103.722,3534,8/22/2026,F,73,100,16,46,6,14,7,23,,962,0.0,N
PARIA POINT,20226,APAR,36.72753,-111.822,7106,8/22/2026,F,67,88,18,39,2,6,7,16,,805,0.0,N
PAYSON,20602,APAY,34.24614,-111.2935,5064,8/22/2026,F,68,95,22,53,2,6,6,14,,870,0.0,N
PECOS,291202,XPEC,35.54558,-105.49439,8229,8/22/2026,F,60,84,20,53,3,15,5,21,,948,0.04,N
PELONA MOUNTAIN,292009,XPEL,33.69375,-108.06161,7955,8/22/2026,F,59,83,22,56,2,9,3,13,,916,0.02,N
PICACHO PEAK,55522341,APIC,32.66314,-111.42154,1750,8/22/2026,F,81,104,16,41,3,7,5,13,,918,0.0,N
PINE,20612,APNE,34.37181,-111.4555,5313,8/22/2026,F,68,94,21,48,2,6,7,14,,800,0.0,N
PINEDALE,55522344,APND,34.30617,-110.23661,6461,8/22/2026,F,65,89,23,50,3,6,6,14,,866,0.04,N
PINEY HILL,20402,APIN,35.76111,-109.16719,8061,8/22/2026,F,61,81,24,56,2,6,5,13,,756,0.04,N
PLEASANT VALLEY,20603,APLE,34.08858,-110.94225,5232,8/22/2026,F,66,95,19,52,2,5,5,13,,890,0.0,N
PROMONTORY,20221,APRO,34.36528,-111.01444,7842,8/22/2026,F,63,82,30,48,1,3,5,11,,813,0.02,N
QUEEN,293105,XQUN,32.20361,-104.69031,5642,8/22/2026,F,68,93,15,39,6,13,8,18,,968,0.0,N
RAMAH,293305,XRAM,34.81947,-108.29439,7645,8/22/2026,F,55,85,22,75,2,14,3,19,,906,0.0,N
RED CANYON,55523735,XRDC,34.62289,-106.40831,8070,8/22/2026,F,60,80,18,53,5,10,7,15,,979,0.0,N
RED LAKE,20610,ARED,34.18133,-110.78919,6524,8/22/2026,F,59,89,25,67,0,2,3,8,,827,0.0,N
RESERVE,292005,XRES,33.71489,-108.777,5846,8/22/2026,F,58,93,16,69,1,13,1,17,,836,0.01,N
RINCON,21207,ARIN,32.20639,-110.54861,8209,8/22/2026,F,62,78,28,52,3,9,8,14,,924,0.0,N
RUCKER,21414,ARUC,31.76111,-109.34861,5700,8/22/2026,F,65,92,16,45,2,5,6,15,,997,0.0,N
SAGUARO,21202,ASAG,32.31111,-110.81861,2758,8/22/2026,F,81,106,17,43,2,5,5,15,,942,0.0,N
SAN ANDRES,292904,XSAA,32.58008,-106.52719,6137,8/22/2026,F,70,93,15,34,2,6,7,16,,990,0.0,N
SAN CARLOS #1,20608,ASCA,33.37165,-110.45683,2830,8/22/2026,F,78,107,13,40,2,14,6,23,,958,0.0,N
SANDIA LAB,291408,XSLB,35.00406,-106.41148,6321,8/22/2026,F,64,90,20,58,2,11,3,16,,966,0.0,N
SANDIA LAKES,290706,XSLK,35.22967,-106.59061,5027,8/22/2026,F,67,98,18,58,2,10,3,15,,955,0.0,N
SANTA FE WATERSHED,290901,XSFW,35.68686,-105.86031,7749,8/22/2026,F,56,85,21,64,3,13,5,17,,894,0.0,N
SASABE,21206,ASAS,31.69169,-111.44811,3500,8/22/2026,F,74,101,21,65,3,7,6,17,,918,0.03,N
SCOUT CAMP,21208,ASOL,32.39806,-110.725,7554,8/22/2026,F,66,85,27,53,2,8,7,15,,960,0.04,N
SELLS,21209,ASES,31.91014,-111.89743,2262,8/22/2026,F,81,105,20,57,2,8,6,17,,908,0.0,N
SEVILLETA,292105,XSEV,34.35844,-106.6895,5246,8/22/2026,F,67,97,14,53,2,10,3,15,,969,0.0,N
SHADOW RIM,20611,ASHA,34.40586,-111.28319,5660,8/22/2026,F,67,96,20,49,1,5,3,14,,812,0.0,N
SLAUGHTER,292008,XSLA,34.06056,-108.44472,8680,8/22/2026,F,57,80,27,60,2,14,3,19,,705,0.0,N
SMITH PEAK,21501,ASMI,34.11486,-113.34733,2386,8/22/2026,F,88,107,14,25,3,10,7,18,,931,0.02,N
SMOKEY BEAR,292203,XSMO,33.35019,-105.686,7194,8/22/2026,F,58,88,22,60,2,10,3,15,,744,0.0,N
SOWATS,55523737,ASOW,36.48242,-112.42281,7038,8/22/2026,F,61,88,18,46,5,9,8,15,,881,0.0,N
STANTON,20509,ASTA,34.16403,-112.73486,3600,8/22/2026,F,84,101,16,28,3,9,10,22,,934,0.0,N
STONE LAKE,290201,XSTO,36.73161,-106.86581,7436,8/22/2026,F,56,88,19,71,2,14,3,19,,871,0.0,N
STRAY HORSE,21106,ASTH,33.55253,-109.31719,7956,8/22/2026,F,62,80,22,47,5,10,9,16,,917,0.03,N
SUNSET POINT,20510,ASUN,34.18847,-112.13467,3380,8/22/2026,F,80,103,15,34,2,9,8,19,,872,0.02,N
TANKS,55522384,ATNK,33.67314,-110.57431,5801,8/22/2026,F,65,90,22,56,5,13,9,19,,916,0.0,N
TAOS PUEBLO RAWS,55522385,XTAP,36.41461,-105.55689,7135,8/22/2026,F,58,88,23,64,2,14,3,19,,819,0.06,N
T BAR,55523738,XTBA,33.51789,-108.52419,8047,8/22/2026,F,54,82,23,69,1,10,1,15,,872,0.01,N
TONTO BASIN,20606,ATON,33.86861,-111.31333,2414,8/22/2026,F,80,106,15,40,2,15,6,23,,883,0.04,N
TOWER,290801,XTOW,35.77899,-106.26611,6529,8/22/2026,F,62,92,19,58,3,10,5,15,,886,0.14,N
TRAIL CABIN,21105,ATRA,33.26478,-109.36789,6250,8/22/2026,F,67,92,17,49,6,8,9,15,1/6/1 17:00 LMT,975,0.0,N
TRUCHAS,290210,XTRU,36.059,-105.7695,8353,8/22/2026,F,50,83,23,73,2,11,3,16,,887,0.01,N
TRUXTON CANYON,20120,ATRU,35.78013,-113.79563,5304,8/22/2026,F,76,92,17,30,3,11,7,24,,804,0.0,N
TUSAYAN,20207,ATUS,35.98833,-112.12056,6570,8/22/2026,F,53,90,18,61,0,3,3,11,,829,0.0,N
TWEEDS POINT,20109,ATWE,36.58186,-113.732,5334,8/22/2026,F,77,94,14,25,8,15,15,31,,939,0.0,N
UNION PASS,20116,AUNI,35.23233,-114.38194,3590,8/22/2026,F,83,100,14,22,1,10,5,23,,884,0.0,N
VERDE,20503,AVER,34.54917,-111.84417,3101,8/22/2026,F,73,106,16,55,2,5,5,13,,744,0.04,N
WARM SPRINGS CANYON,20216,AWAR,36.70117,-112.22689,7953,8/22/2026,F,58,84,19,49,5,10,9,17,,735,0.0,N
WASHINGTON PASS,290101,XWAS,36.0765,-108.8615,9384,8/22/2026,F,57,77,28,60,2,10,3,15,,775,0.05,N
WILD RIVERS,290307,XWDR,36.69469,-105.66872,7530,8/22/2026,F,54,86,22,71,1,13,1,17,,716,0.07,N
YELLOW JOHN MOUNTAIN,20217,AYEL,36.155,-113.54944,6160,8/22/2026,F,57,91,16,49,2,6,6,18,,880,0.0,N
ZUNI BUTTES,290603,XZUB,35.13919,-108.94131,6649,8/22/2026,F,58,91,18,69,2,14,3,19,,882,0.0,N
10K,55522198,X10K,35.2085,-106.43586,10065,8/22/2026,F,54,76,24,59,3,11,5,16,,962,0.0,N
AHAKHAV PRESERVE,21503,AAHA,34.13222,-114.32917,363,8/22/2026,F,87,112,16,35,1,11,5,22,,929,0.0,N
ALBINO CANYON,290102,XALB,36.97661,-107.62892,7173,8/22/2026,F,61,90,20,69,1,15,1,21,,814,0.0,N
ALPINE,20401,AALP,33.84272,-109.11161,8207,8/22/2026,F,56,80,26,64,1,5,5,11,,759,0.0,N
BAKERS TANK,55522210,AHBB,32.61528,-114.00836,563,8/22/2026,F,89,109,21,43,3,15,6,25,,891,0.0,N
BARTLEY,291002,XBAR,35.90875,-105.38769,9192,8/22/2026,F,56,80,26,60,3,11,5,16,,810,0.0,N
BATDRAW,293101,XBAD,32.17861,-104.44056,4425,8/22/2026,F,75,99,13,33,5,14,6,23,,979,0.0,N
BEAVERHEAD,292001,XBEA,33.42353,-108.11019,6750,8/22/2026,F,54,89,20,77,1,7,1,9,,982,0.0,N
BELMONT,21504,ABEL,33.67411,-112.92281,1813,8/22/2026,F,86,108,14,30,3,11,8,17,,909,0.0,N
BLACK HILLS,21008,ABLA,33.08203,-109.95119,3262,8/22/2026,F,80,105,12,36,2,7,7,16,,967,0.0,N
BLACK MESA,290305,XBLM,36.03708,-106.04964,5762,8/22/2026,F,59,93,20,67,2,9,3,13,,871,0.02,N
BLACK ROCK,20114,ABRK,36.79436,-113.75056,7224,8/22/2026,F,68,85,18,33,3,6,10,21,,945,0.0,N
BLUEWATER RIDGE,293303,XBLR,35.19411,-108.16336,8274,8/22/2026,F,58,82,26,60,1,8,1,11,,898,0.02,N
BOSQUE,292103,XBOS,33.82064,-106.88169,4523,8/22/2026,F,66,100,13,58,2,9,3,13,,966,0.0,N
BRIGHT ANGEL,20211,ACAN,36.20472,-112.06222,8134,8/22/2026,F,60,85,19,44,2,11,3,17,,819,0.0,N
BRUSHY MOUNTAIN,291301,XBRU,34.72,-107.8484,8789,8/22/2026,F,57,82,25,60,3,10,5,15,,784,0.01,N
BUCKSKIN MTN,20224,ABUC,36.91808,-112.19981,6334,8/22/2026,F,65,90,16,43,2,9,6,22,,856,0.0,N
BURRO MOUNTAIN,292504,XBUR,32.67203,-108.53969,6995,8/22/2026,F,68,92,16,40,6,15,13,22,1/4/1 17:00 LMT,991,0.0,N
CANELO,21303,ACNL,31.54972,-110.51917,4629,8/22/2026,F,68,94,23,64,3,10,6,17,,952,0.02,N
CAPROCK,293104,XCAP,32.92728,-103.85689,4167,8/22/2026,F,71,99,14,46,8,15,11,22,,973,0.0,N
CARR,21411,ACAA,31.44111,-110.28611,5400,8/22/2026,F,71,95,23,52,2,7,7,16,,966,0.0,N
CASA GRANDE,20906,ACSG,32.99177,-111.53264,1412,8/22/2026,F,84,108,16,39,3,15,3,26,,892,0.0,N
CAVE CREEK,55522232,ACAV,34.0899,-111.8465,3477,8/22/2026,F,75,104,14,40,2,6,6,13,,771,0.0,N
CEDAR RIDGE,55523718,ACED,32.59872,-110.76231,4735,8/22/2026,F,77,98,17,39,3,9,7,16,,968,0.03,N
CHERRY,20511,ACHE,34.59661,-112.04761,5147,8/22/2026,F,65,95,20,56,2,6,7,16,,825,0.0,N
CHUPADERA,292102,XCHU,33.77294,-106.0985,5580,8/22/2026,F,67,95,14,47,3,13,5,17,,982,0.0,N
CIBOLA,20121,ACBL,33.28,-114.68489,252,8/22/2026,F,89,114,15,38,3,11,7,21,,939,0.0,N
CIMARRON,290401,XCIM,36.60611,-105.12028,8806,8/22/2026,F,51,81,26,80,2,8,3,11,,708,0.0,N
CIPRIANO,55522238,ARIP,32.4235,-114.16211,1042,8/22/2026,F,90,108,24,51,3,15,7,23,,886,0.0,N
COLUMBINE,21005,ACOL,32.70389,-109.91389,9521,8/22/2026,F,56,76,26,57,1,3,5,13,,953,0.0,N
COSMIC,293004,XCOS,32.77925,-105.81989,9172,8/22/2026,F,57,79,24,49,2,8,6,18,,904,0.0,N
COYOTE,290202,XCOY,36.07333,-106.65739,8704,8/22/2026,F,54,82,24,66,5,13,7,17,,717,0.08,N
CROWN KING,20502,ACRO,34.20336,-112.34561,6173,8/22/2026,F,68,92,20,43,2,3,8,13,,763,0.02,N
CUBA,290705,XCUB,35.942,-107.07739,6890,8/22/2026,F,59,88,19,58,2,11,3,16,,851,0.03,N
DATIL,292012,XDAT,34.29256,-107.768,8431,8/22/2026,F,57,81,24,61,3,10,5,15,,728,0.06,N
DEADMAN PEAK,290203,XDEA,36.4229,-106.772,8389,8/22/2026,F,58,84,17,58,2,14,3,19,,814,0.0,N
DEVILS HILLS,55522251,ADVH,32.42483,-113.79011,836,8/22/2026,F,89,108,21,43,3,16,7,24,,904,0.0,N
DRIPPING SPRINGS,292903,XDRI,32.32225,-106.58661,5814,8/22/2026,F,74,94,14,31,2,7,7,21,,992,0.0,N
DRY LAKE,21009,ADRL,33.35982,-109.83306,7405,8/22/2026,F,65,90,18,49,5,7,11,15,,892,0.0,N
DRY PARK,20212,ADRY,36.45308,-112.23819,8700,8/22/2026,F,55,80,22,53,2,9,5,16,,822,0.0,N
DULCE #2,290205,XDUL,36.93519,-107.00011,6805,8/22/2026,F,52,90,20,92,2,13,3,17,,846,0.0,N
DUNKEN,292302,XDUN,32.82467,-105.18261,5431,8/22/2026,F,67,95,14,39,5,14,7,19,,955,0.0,N
DUTCH KID,55522257,ADUT,35.12931,-112.28219,6505,8/22/2026,F,61,90,20,54,3,9,7,18,,800,0.0,N
EIGHT MILE DRAW,292301,XEIG,33.65064,-104.32139,3626,8/22/2026,F,71,105,11,42,3,15,5,21,,952,0.0,N
EMPIRE,21205,AEMP,31.78347,-110.64325,4650,8/22/2026,F,70,96,20,58,2,6,5,16,,963,0.03,N
FLAGSTAFF,20209,AFLG,35.14111,-111.6725,6903,8/22/2026,F,56,86,21,63,0,6,3,15,,658,0.0,N
FORT YUMA,20102,AFYM,32.65222,-114.63417,185,8/22/2026,F,89,111,21,53,3,11,6,22,,939,0.0,N
FOUR SPRINGS,20227,AFOU,36.79367,-112.04239,6560,8/22/2026,F,68,88,17,39,3,8,7,17,,688,0.0,N
FRAZIER WELLS,20213,AFRA,35.84551,-113.05501,6796,8/22/2026,F,66,86,19,37,3,11,7,17,,789,0.0,N
FTHL YDMA,55522271,AFTH,32.48658,-114.4635,331,8/22/2026,F,90,111,23,55,3,17,6,24,,929,0.0,N
GILA CENTER RAWS,292011,XGIL,33.22375,-108.24031,5767,8/22/2026,F,56,93,17,81,1,7,1,9,,987,0.01,N
GLOBE,20601,AGLO,33.32694,-110.76694,4137,8/22/2026,F,79,99,18,36,2,10,7,17,,940,0.0,N
GOLDFIELD,21505,AGOL,33.55531,-111.6145,1367,8/22/2026,F,86,110,14,36,2,15,6,24,,743,0.0,N
GOODWIN MESA,20507,AGOO,34.77614,-113.3375,4311,8/22/2026,F,75,100,16,34,3,11,5,16,,899,0.0,N
GRANTS,291302,XGRA,35.24278,-107.66528,8620,8/22/2026,F,54,82,24,71,2,9,3,13,,865,0.0,N
GREENBASE,20284,AGRB,35.27619,-112.06325,6923,8/22/2026,F,57,85,22,59,1,8,5,17,,686,0.0,N
GREER,20404,AGRE,34.05853,-109.44097,8240,8/22/2026,F,56,79,29,61,2,6,5,11,,656,0.05,N
GUNSIGHT,20223,AGUN,36.70464,-112.5835,5284,8/22/2026,F,69,96,14,38,2,9,5,22,,910,0.0,N
GUTHRIE,21104,AGUT,32.88203,-109.30931,6324,8/22/2026,F,71,92,15,41,5,16,11,24,,978,0.0,N
HACHITA VALLEY,292702,XHAC,31.702,-108.34169,4290,8/22/2026,F,71,101,12,35,2,9,5,14,,996,0.0,N
HAPPY JACK,20291,AHJK,34.61797,-111.34239,6812,8/22/2026,F,58,86,25,64,0,6,3,17,,693,0.02,N
HAVASU,20118,AHAV,34.80758,-114.53456,475,8/22/2026,F,86,116,11,37,1,9,3,21,,892,0.0,N
HEADQUARTERS,21409,ACHR,32.00611,-109.35694,5400,8/22/2026,F,69,96,16,43,2,6,7,13,,996,0.0,N
HEBER,20301,AHBR,34.39778,-110.56444,6635,8/22/2026,F,61,87,23,60,1,6,5,15,,716,0.03,N
HILLTOP,20609,AHIL,33.61119,-110.41461,5732,8/22/2026,F,63,92,21,63,2,11,7,18,,955,0.0,N
HOPI,20312,AHPI,35.86292,-110.61495,5579,8/22/2026,F,64,96,15,56,3,11,8,24,,839,0.0,N
HOPKINS,21302,AHPK,31.67528,-110.88,7120,8/22/2026,F,68,86,28,57,5,9,9,14,,930,0.11,N
HORSE CAMP CANYON,20903,AHOR,32.93656,-110.4935,4014,8/22/2026,F,76,100,16,38,3,9,9,21,,965,0.01,N
HUMBUG CREEK,20508,AHUM,34.11,-112.3,5250,8/22/2026,F,77,94,20,33,5,11,9,23,,858,0.04,N
HURRICANE,20117,AHUR,36.69908,-113.20731,5445,8/22/2026,F,68,95,14,37,7,13,13,25,,930,0.0,N
IRON SPRINGS,20501,AIRO,34.59361,-112.51139,5385,8/22/2026,F,67,92,20,48,1,6,5,16,,764,0.04,N
JARITA MESA,290204,XJAR,36.55597,-106.10306,8864,8/22/2026,F,55,82,22,66,2,13,3,17,,675,0.03,N
JEMEZ,290702,XJEM,35.84114,-106.61969,8248,8/22/2026,F,56,85,21,66,5,11,7,16,,808,0.01,N
LAGUNA,293304,XLAG,35.05197,-107.42028,5805,8/22/2026,F,65,93,17,56,2,11,3,16,,898,0.0,N
LAKESIDE,20303,ALAK,34.16283,-109.87639,7267,8/22/2026,F,58,85,26,65,2,6,7,11,,710,0.03,N
LIMESTONE CANYON,20309,ALIM,34.17786,-110.27663,7102,8/22/2026,F,65,89,23,49,1,6,3,13,,906,0.02,N
LINDBERGH HILL,20220,ALBE,36.28556,-112.07861,8800,8/22/2026,F,57,82,22,49,3,9,7,15,,871,0.0,N
LUNA,292004,XLUN,33.82289,-108.94311,7088,8/22/2026,F,54,87,21,75,2,11,3,16,,818,0.0,N
MAGDALENA,292104,XMAG,33.85061,-107.539,8495,8/22/2026,F,58,82,23,53,3,8,5,11,,916,0.0,N
MALPAIS LAVA FLOW,293301,XMAL,34.85181,-108.17461,7514,8/22/2026,F,56,86,23,72,2,13,3,17,,910,0.0,N
MAYHILL,293002,XMAY,32.90947,-105.46981,6599,8/22/2026,F,59,91,16,54,2,6,8,16,,922,0.0,N
MCGREGGOR RANGE,292901,XMCG,32.43133,-105.62181,4832,8/22/2026,F,69,99,13,42,3,10,6,14,,978,0.0,N
MELROSE RANGE,291901,XMEL,34.28422,-103.71497,4263,8/22/2026,F,72,101,12,41,8,14,11,19,,901,0.0,N
MESCAL,293003,XMES,33.15803,-105.76881,6227,8/22/2026,F,57,88,20,59,2,7,6,14,,929,0.0,N
MIDNIGHT,55522315,XMID,36.77819,-105.34131,10815,8/22/2026,F,44,73,28,89,5,9,7,13,,740,0.0,N
MILLS CANYON,291101,XMIL,36.05453,-104.32511,5881,8/22/2026,F,61,95,18,65,3,14,5,19,,853,0.01,N
MOGOLLON,292013,XMOG,33.39064,-108.80819,7602,8/22/2026,F,62,88,20,49,2,9,3,13,,815,0.0,N
MOHAWK DUNES,55522318,AMOD,32.68878,-113.74889,524,8/22/2026,F,88,110,21,46,3,15,6,24,,906,0.0,N
MORMON LAKE,20215,AMOL,34.90972,-111.43842,7094,8/22/2026,F,58,86,22,59,1,3,3,14,,624,0.03,N
MOSS BASIN,20115,AMOS,35.03397,-113.89406,5920,8/22/2026,F,68,92,18,37,5,11,8,17,,809,0.01,N
MOUNTAINAIR,291501,XMOU,34.52081,-106.26269,6593,8/22/2026,F,62,91,16,54,3,11,5,16,,976,0.0,N
MOUNTAIN LION,20310,AFAP,33.69511,-109.71078,7269,8/22/2026,F,58,85,25,59,1,3,6,10,,715,0.0,N
MOUNT LOGAN,20107,AMTL,36.35306,-113.19917,7605,8/22/2026,F,64,82,20,37,6,10,11,24,,915,0.0,N
MULESHOE RANCH,21007,AMUL,32.40383,-110.272,4475,8/22/2026,F,73,99,16,44,2,6,6,17,,978,0.0,N
MUSIC MOUNTAIN,20119,AMUS,35.61497,-113.79428,5375,8/22/2026,F,71,96,15,33,5,14,9,24,,733,0.0,N
NAVAJO MONUMENT,20307,ANAV,36.67667,-110.54389,7204,8/22/2026,F,61,87,18,55,5,9,8,15,,724,0.0,N
NEVERSHINE,55522326,ANEV,36.24753,-113.88851,2165,8/22/2026,F,85,107,11,24,6,13,8,16,,916,0.0,N
NIXON FLATS,20113,ANIX,36.38833,-113.15806,6500,8/22/2026,F,61,87,17,48,2,7,5,19,,903,0.0,N
NOON CREEK,21010,ANOO,32.66778,-109.78806,4925,8/22/2026,F,72,100,13,38,3,8,5,15,,982,0.0,N
OAK CREEK,20219,AOAK,34.94686,-111.75444,4804,8/22/2026,F,69,98,16,44,2,3,7,14,,791,0.0,N
OAK FLATS,291402,XOAK,35.00614,-106.31583,7675,8/22/2026,F,59,88,19,62,3,10,5,15,,969,0.0,N
OATMAN,21502,AOAT,33.04994,-113.13867,1715,8/22/2026,F,88,111,17,39,3,14,6,25,,902,0.02,N
OLAF KNOLLS,20108,AOLA,36.50725,-113.81589,2974,8/22/2026,F,82,105,11,23,6,11,11,24,,934,0.0,N
PADUCA,293202,XPAD,32.17983,-103.722,3534,8/22/2026,F,73,100,16,46,6,14,7,23,,962,0.0,N
PARIA POINT,20226,APAR,36.72753,-111.822,7106,8/22/2026,F,67,88,18,39,2,6,7,16,,805,0.0,N
PAYSON,20602,APAY,34.24614,-111.2935,5064,8/22/2026,F,68,95,22,53,2,6,6,14,,870,0.0,N
PECOS,291202,XPEC,35.54558,-105.49439,8229,8/22/2026,F,60,84,20,53,3,15,5,21,,948,0.04,N
PELONA MOUNTAIN,292009,XPEL,33.69375,-108.06161,7955,8/22/2026,F,59,83,22,56,2,9,3,13,,916,0.02,N
PICACHO PEAK,55522341,APIC,32.66314,-111.42154,1750,8/22/2026,F,81,104,16,41,3,7,5,13,,918,0.0,N
PINE,20612,APNE,34.37181,-111.4555,5313,8/22/2026,F,68,94,21,48,2,6,7,14,,800,0.0,N
PINEDALE,55522344,APND,34.30617,-110.23661,6461,8/22/2026,F,65,89,23,50,3,6,6,14,,866,0.04,N
PINEY HILL,20402,APIN,35.76111,-109.16719,8061,8/22/2026,F,61,81,24,56,2,6,5,13,,756,0.04,N
PLEASANT VALLEY,20603,APLE,34.08858,-110.94225,5232,8/22/2026,F,66,95,19,52,2,5,5,13,,890,0.0,N
PROMONTORY,20221,APRO,34.36528,-111.01444,7842,8/22/2026,F,63,82,30,48,1,3,5,11,,813,0.02,N
QUEEN,293105,XQUN,32.20361,-104.69031,5642,8/22/2026,F,68,93,15,39,6,13,8,18,,968,0.0,N
RAMAH,293305,XRAM,34.81947,-108.29439,7645,8/22/2026,F,55,85,22,75,2,14,3,19,,906,0.0,N
RED CANYON,55523735,XRDC,34.62289,-106.40831,8070,8/22/2026,F,60,80,18,53,5,10,7,15,,979,0.0,N
RED LAKE,20610,ARED,34.18133,-110.78919,6524,8/22/2026,F,59,89,25,67,0,2,3,8,,827,0.0,N
RESERVE,292005,XRES,33.71489,-108.777,5846,8/22/2026,F,58,93,16,69,1,13,1,17,,836,0.01,N
RINCON,21207,ARIN,32.20639,-110.54861,8209,8/22/2026,F,62,78,28,52,3,9,8,14,,924,0.0,N
RUCKER,21414,ARUC,31.76111,-109.34861,5700,8/22/2026,F,65,92,16,45,2,5,6,15,,997,0.0,N
SAGUARO,21202,ASAG,32.31111,-110.81861,2758,8/22/2026,F,81,106,17,43,2,5,5,15,,942,0.0,N
SAN ANDRES,292904,XSAA,32.58008,-106.52719,6137,8/22/2026,F,70,93,15,34,2,6,7,16,,990,0.0,N
SAN CARLOS #1,20608,ASCA,33.37165,-110.45683,2830,8/22/2026,F,78,107,13,40,2,14,6,23,,958,0.0,N
SANDIA LAB,291408,XSLB,35.00406,-106.41148,6321,8/22/2026,F,64,90,20,58,2,11,3,16,,966,0.0,N
SANDIA LAKES,290706,XSLK,35.22967,-106.59061,5027,8/22/2026,F,67,98,18,58,2,10,3,15,,955,0.0,N
SANTA FE WATERSHED,290901,XSFW,35.68686,-105.86031,7749,8/22/2026,F,56,85,21,64,3,13,5,17,,894,0.0,N
SASABE,21206,ASAS,31.69169,-111.44811,3500,8/22/2026,F,74,101,21,65,3,7,6,17,,918,0.03,N
SCOUT CAMP,21208,ASOL,32.39806,-110.725,7554,8/22/2026,F,66,85,27,53,2,8,7,15,,960,0.04,N
SELLS,21209,ASES,31.91014,-111.89743,2262,8/22/2026,F,81,105,20,57,2,8,6,17,,908,0.0,N
SEVILLETA,292105,XSEV,34.35844,-106.6895,5246,8/22/2026,F,67,97,14,53,2,10,3,15,,969,0.0,N
SHADOW RIM,20611,ASHA,34.40586,-111.28319,5660,8/22/2026,F,67,96,20,49,1,5,3,14,,812,0.0,N
SLAUGHTER,292008,XSLA,34.06056,-108.44472,8680,8/22/2026,F,57,80,27,60,2,14,3,19,,705,0.0,N
SMITH PEAK,21501,ASMI,34.11486,-113.34733,2386,8/22/2026,F,88,107,14,25,3,10,7,18,,931,0.02,N
SMOKEY BEAR,292203,XSMO,33.35019,-105.686,7194,8/22/2026,F,58,88,22,60,2,10,3,15,,744,0.0,N
SOWATS,55523737,ASOW,36.48242,-112.42281,7038,8/22/2026,F,61,88,18,46,5,9,8,15,,881,0.0,N
STANTON,20509,ASTA,34.16403,-112.73486,3600,8/22/2026,F,84,101,16,28,3,9,10,22,,934,0.0,N
STONE LAKE,290201,XSTO,36.73161,-106.86581,7436,8/22/2026,F,56,88,19,71,2,14,3,19,,871,0.0,N
STRAY HORSE,21106,ASTH,33.55253,-109.31719,7956,8/22/2026,F,62,80,22,47,5,10,9,16,,917,0.03,N
SUNSET POINT,20510,ASUN,34.18847,-112.13467,3380,8/22/2026,F,80,103,15,34,2,9,8,19,,872,0.02,N
TANKS,55522384,ATNK,33.67314,-110.57431,5801,8/22/2026,F,65,90,22,56,5,13,9,19,,916,0.0,N
TAOS PUEBLO RAWS,55522385,XTAP,36.41461,-105.55689,7135,8/22/2026,F,58,88,23,64,2,14,3,19,,819,0.06,N
T BAR,55523738,XTBA,33.51789,-108.52419,8047,8/22/2026,F,54,82,23,69,1,10,1,15,,872,0.01,N
TONTO BASIN,20606,ATON,33.86861,-111.31333,2414,8/22/2026,F,80,106,15,40,2,15,6,23,,883,0.04,N
TOWER,290801,XTOW,35.77899,-106.26611,6529,8/22/2026,F,62,92,19,58,3,10,5,15,,886,0.14,N
TRAIL CABIN,21105,ATRA,33.26478,-109.36789,6250,8/22/2026,F,67,92,17,49,6,8,9,15,1/6/1 17:00 LMT,975,0.0,N
TRUCHAS,290210,XTRU,36.059,-105.7695,8353,8/22/2026,F,50,83,23,73,2,11,3,16,,887,0.01,N
TRUXTON CANYON,20120,ATRU,35.78013,-113.79563,5304,8/22/2026,F,76,92,17,30,3,11,7,24,,804,0.0,N
TUSAYAN,20207,ATUS,35.98833,-112.12056,6570,8/22/2026,F,53,90,18,61,0,3,3,11,,829,0.0,N
TWEEDS POINT,20109,ATWE,36.58186,-113.732,5334,8/22/2026,F,77,94,14,25,8,15,15,31,,939,0.0,N
UNION PASS,20116,AUNI,35.23233,-114.38194,3590,8/22/2026,F,83,100,14,22,1,10,5,23,,884,0.0,N
VERDE,20503,AVER,34.54917,-111.84417,3101,8/22/2026,F,73,106,16,55,2,5,5,13,,744,0.04,N
WARM SPRINGS CANYON,20216,AWAR,36.70117,-112.22689,7953,8/22/2026,F,58,84,19,49,5,10,9,17,,735,0.0,N
WASHINGTON PASS,290101,XWAS,36.0765,-108.8615,9384,8/22/2026,F,57,77,28,60,2,10,3,15,,775,0.05,N
WILD RIVERS,290307,XWDR,36.69469,-105.66872,7530,8/22/2026,F,54,86,22,71,1,13,1,17,,716,0.07,N
YELLOW JOHN MOUNTAIN,20217,AYEL,36.155,-113.54944,6160,8/22/2026,F,57,91,16,49,2,6,6,18,,880,0.0,N
ZUNI BUTTES,290603,XZUB,35.13919,-108.94131,6649,8/22/2026,F,58,91,18,69,2,14,3,19,,882,0.0,N
10K,55522198,X10K,35.2085,-106.43586,10065,8/23/2026,F,55,77,23,49,5,13,7,17,,822,0.0,N
AHAKHAV PRESERVE,21503,AAHA,34.13222,-114.32917,363,8/23/2026,F,86,108,22,52,2,8,7,16,,837,0.0,N
ALBINO CANYON,290102,XALB,36.97661,-107.62892,7173,8/23/2026,F,60,90,16,60,2,13,3,17,,782,0.0,N
ALPINE,20401,AALP,33.84272,-109.11161,8207,8/23/2026,F,56,80,25,62,2,5,7,11,,762,0.0,N
BAKERS TANK,55522210,AHBB,32.61528,-114.00836,563,8/23/2026,F,85,107,25,61,3,11,7,19,,849,0.0,N
BARTLEY,291002,XBAR,35.90875,-105.38769,9192,8/23/2026,F,56,79,23,55,2,8,3,11,1/3/1 17:00 LMT,797,0.01,N
BATDRAW,293101,XBAD,32.17861,-104.44056,4425,8/23/2026,F,75,100,13,32,5,13,9,24,,849,0.0,N
BEAVERHEAD,292001,XBEA,33.42353,-108.11019,6750,8/23/2026,F,54,90,18,72,5,7,7,9,,803,0.0,N
BELMONT,21504,ABEL,33.67411,-112.92281,1813,8/23/2026,F,84,104,21,48,3,7,8,16,,853,0.0,N
BLACK HILLS,21008,ABLA,33.08203,-109.95119,3262,8/23/2026,F,79,104,14,38,3,7,8,19,,868,0.0,N
BLACK MESA,290305,XBLM,36.03708,-106.04964,5762,8/23/2026,F,59,94,17,60,3,5,5,7,1/3/1 17:00 LMT,802,0.0,N
BLACK ROCK,20114,ABRK,36.79436,-113.75056,7224,8/23/2026,F,68,82,25,36,2,5,10,17,,832,0.0,N
BLUEWATER RIDGE,293303,XBLR,35.19411,-108.16336,8274,8/23/2026,F,58,82,23,56,3,9,5,13,,668,0.0,N
BOSQUE,292103,XBOS,33.82064,-106.88169,4523,8/23/2026,F,66,100,13,49,1,8,1,11,,883,0.0,N
BRIGHT ANGEL,20211,ACAN,36.20472,-112.06222,8134,8/23/2026,F,59,83,24,49,3,9,5,14,,702,0.0,N
BRUSHY MOUNTAIN,291301,XBRU,34.72,-107.8484,8789,8/23/2026,F,57,83,21,55,3,11,5,16,,774,0.0,N
BUCKSKIN MTN,20224,ABUC,36.91808,-112.19981,6334,8/23/2026,F,65,88,20,43,3,7,7,18,,695,0.0,N
BURRO MOUNTAIN,292504,XBUR,32.67203,-108.53969,6995,8/23/2026,F,68,93,16,36,5,10,8,19,,782,0.0,N
CANELO,21303,ACNL,31.54972,-110.51917,4629,8/23/2026,F,66,92,28,76,3,9,8,17,,799,0.0,N
CAPROCK,293104,XCAP,32.92728,-103.85689,4167,8/23/2026,F,71,100,13,44,8,16,13,24,,870,0.0,N
CARR,21411,ACAA,31.44111,-110.28611,5400,8/23/2026,F,68,94,26,68,2,9,7,22,,875,0.0,N
CASA GRANDE,20906,ACSG,32.99177,-111.53264,1412,8/23/2026,F,84,105,21,52,3,9,5,16,,859,0.0,N
CAVE CREEK,55522232,ACAV,34.0899,-111.8465,3477,8/23/2026,F,73,101,19,53,2,7,6,16,,811,0.01,N
CEDAR RIDGE,55523718,ACED,32.59872,-110.76231,4735,8/23/2026,F,74,96,24,54,6,11,9,19,,846,0.0,N
CHERRY,20511,ACHE,34.59661,-112.04761,5147,8/23/2026,F,63,94,23,68,3,5,8,14,,688,0.0,N
CHUPADERA,292102,XCHU,33.77294,-106.0985,5580,8/23/2026,F,67,96,14,44,1,9,1,13,,868,0.0,N
CIBOLA,20121,ACBL,33.28,-114.68489,252,8/23/2026,F,87,110,22,61,5,9,8,21,1/2/1 17:00 LMT,870,0.0,N
CIMARRON,290401,XCIM,36.60611,-105.12028,8806,8/23/2026,F,50,81,22,77,3,8,5,11,1/3/1 17:00 LMT,814,0.04,N
CIPRIANO,55522238,ARIP,32.4235,-114.16211,1042,8/23/2026,F,86,105,28,61,3,13,7,22,,776,0.0,N
COLUMBINE,21005,ACOL,32.70389,-109.91389,9521,8/23/2026,F,55,75,32,64,2,5,9,13,,823,0.0,N
COSMIC,293004,XCOS,32.77925,-105.81989,9172,8/23/2026,F,57,81,23,44,2,6,8,16,,814,0.0,N
COYOTE,290202,XCOY,36.07333,-106.65739,8704,8/23/2026,F,54,84,22,59,6,9,8,13,,725,0.0,N
CROWN KING,20502,ACRO,34.20336,-112.34561,6173,8/23/2026,F,66,89,26,56,2,5,7,13,,724,0.03,N
CUBA,290705,XCUB,35.942,-107.07739,6890,8/23/2026,F,60,90,15,48,2,11,3,16,,839,0.0,N
DATIL,292012,XDAT,34.29256,-107.768,8431,8/23/2026,F,57,82,22,55,5,9,7,13,,779,0.0,N
DEADMAN PEAK,290203,XDEA,36.4229,-106.772,8389,8/23/2026,F,57,84,15,50,2,9,3,13,,751,0.0,N
DEVILS HILLS,55522251,ADVH,32.42483,-113.79011,836,8/23/2026,F,85,106,26,63,3,13,6,21,,869,0.0,N
DRIPPING SPRINGS,292903,XDRI,32.32225,-106.58661,5814,8/23/2026,F,74,96,14,26,2,6,7,18,,895,0.0,N
DRY LAKE,21009,ADRL,33.35982,-109.83306,7405,8/23/2026,F,64,89,20,48,3,6,9,15,,824,0.0,N
DRY PARK,20212,ADRY,36.45308,-112.23819,8700,8/23/2026,F,54,79,27,57,2,7,5,11,,602,0.0,N
DULCE #2,290205,XDUL,36.93519,-107.00011,6805,8/23/2026,F,51,91,17,77,1,10,1,15,,775,0.0,N
DUNKEN,292302,XDUN,32.82467,-105.18261,5431,8/23/2026,F,68,96,14,36,6,11,8,16,,827,0.0,N
DUTCH KID,55522257,ADUT,35.12931,-112.28219,6505,8/23/2026,F,59,88,23,65,2,7,7,15,,735,0.0,N
EIGHT MILE DRAW,292301,XEIG,33.65064,-104.32139,3626,8/23/2026,F,71,104,12,44,5,10,7,15,,863,0.0,N
EMPIRE,21205,AEMP,31.78347,-110.64325,4650,8/23/2026,F,68,94,26,73,2,7,6,17,,824,0.0,N
FLAGSTAFF,20209,AFLG,35.14111,-111.6725,6903,8/23/2026,F,56,85,23,67,0,3,5,13,,694,0.04,N
FORT YUMA,20102,AFYM,32.65222,-114.63417,185,8/23/2026,F,87,108,25,68,5,10,9,18,,880,0.0,N
FOUR SPRINGS,20227,AFOU,36.79367,-112.04239,6560,8/23/2026,F,67,85,21,39,3,6,8,14,,604,0.06,N
FRAZIER WELLS,20213,AFRA,35.84551,-113.05501,6796,8/23/2026,F,66,84,25,47,2,8,6,13,,744,0.08,N
FTHL YDMA,55522271,AFTH,32.48658,-114.4635,331,8/23/2026,F,87,108,26,68,6,16,9,22,,880,0.0,N
GILA CENTER RAWS,292011,XGIL,33.22375,-108.24031,5767,8/23/2026,F,56,94,16,72,3,7,5,9,,801,0.0,N
GLOBE,20601,AGLO,33.32694,-110.76694,4137,8/23/2026,F,78,96,22,42,5,8,10,19,,843,0.0,N
GOLDFIELD,21505,AGOL,33.55531,-111.6145,1367,8/23/2026,F,85,107,19,46,1,9,2,11,,822,0.0,N
GOODWIN MESA,20507,AGOO,34.77614,-113.3375,4311,8/23/2026,F,74,97,21,46,3,9,5,13,,784,0.0,N
GRANTS,291302,XGRA,35.24278,-107.66528,8620,8/23/2026,F,54,82,21,66,3,8,5,11,,716,0.0,N
GREENBASE,20284,AGRB,35.27619,-112.06325,6923,8/23/2026,F,56,84,25,67,1,6,3,13,,711,0.05,N
GREER,20404,AGRE,34.05853,-109.44097,8240,8/23/2026,F,56,79,28,59,2,6,5,13,,699,0.0,N
GUNSIGHT,20223,AGUN,36.70464,-112.5835,5284,8/23/2026,F,68,94,18,40,2,7,6,18,,657,0.0,N
GUTHRIE,21104,AGUT,32.88203,-109.30931,6324,8/23/2026,F,71,92,16,37,3,15,13,25,,894,0.0,N
HACHITA VALLEY,292702,XHAC,31.702,-108.34169,4290,8/23/2026,F,70,103,13,46,3,8,6,11,,910,0.0,N
HAPPY JACK,20291,AHJK,34.61797,-111.34239,6812,8/23/2026,F,57,85,26,72,0,5,3,14,,625,0.03,N
HAVASU,20118,AHAV,34.80758,-114.53456,475,8/23/2026,F,86,112,17,46,2,6,5,16,,805,0.0,N
HEADQUARTERS,21409,ACHR,32.00611,-109.35694,5400,8/23/2026,F,68,95,18,49,2,6,6,13,,826,0.0,N
HEBER,20301,AHBR,34.39778,-110.56444,6635,8/23/2026,F,60,86,25,62,1,5,5,13,,743,0.02,N
HILLTOP,20609,AHIL,33.61119,-110.41461,5732,8/23/2026,F,62,91,23,68,2,7,6,13,,758,0.0,N
HOPI,20312,AHPI,35.86292,-110.61495,5579,8/23/2026,F,62,95,17,56,3,9,6,19,,868,0.0,N
HOPKINS,21302,AHPK,31.67528,-110.88,7120,8/23/2026,F,65,84,35,61,5,9,7,14,,816,0.0,N
HORSE CAMP CANYON,20903,AHOR,32.93656,-110.4935,4014,8/23/2026,F,75,98,21,50,3,13,7,25,,861,0.0,N
HUMBUG CREEK,20508,AHUM,34.11,-112.3,5250,8/23/2026,F,74,91,27,43,3,13,8,23,,747,0.0,N
HURRICANE,20117,AHUR,36.69908,-113.20731,5445,8/23/2026,F,68,91,20,40,7,10,13,23,,828,0.02,N
IRON SPRINGS,20501,AIRO,34.59361,-112.51139,5385,8/23/2026,F,65,89,25,61,1,5,5,15,,822,0.04,N
JARITA MESA,290204,XJAR,36.55597,-106.10306,8864,8/23/2026,F,55,82,22,60,2,7,3,9,1/3/1 17:00 LMT,523,0.05,N
JEMEZ,290702,XJEM,35.84114,-106.61969,8248,8/23/2026,F,57,86,19,55,5,11,7,16,,645,0.0,N
LAGUNA,293304,XLAG,35.05197,-107.42028,5805,8/23/2026,F,65,93,15,50,2,9,3,13,,826,0.0,N
LAKESIDE,20303,ALAK,34.16283,-109.87639,7267,8/23/2026,F,58,83,27,67,2,5,6,13,,752,0.03,N
LIMESTONE CANYON,20309,ALIM,34.17786,-110.27663,7102,8/23/2026,F,64,89,22,52,3,6,5,11,,785,0.0,N
LINDBERGH HILL,20220,ALBE,36.28556,-112.07861,8800,8/23/2026,F,56,80,25,53,3,7,8,11,,625,0.01,N
LUNA,292004,XLUN,33.82289,-108.94311,7088,8/23/2026,F,54,87,20,72,2,11,3,16,,790,0.0,N
MAGDALENA,292104,XMAG,33.85061,-107.539,8495,8/23/2026,F,59,83,21,48,3,6,5,8,,782,0.0,N
MALPAIS LAVA FLOW,293301,XMAL,34.85181,-108.17461,7514,8/23/2026,F,55,86,20,69,1,15,1,21,,745,0.0,N
MAYHILL,293002,XMAY,32.90947,-105.46981,6599,8/23/2026,F,60,93,16,48,3,6,10,16,,767,0.0,N
MCGREGGOR RANGE,292901,XMCG,32.43133,-105.62181,4832,8/23/2026,F,69,101,13,38,5,8,7,13,,877,0.0,N
MELROSE RANGE,291901,XMEL,34.28422,-103.71497,4263,8/23/2026,F,72,101,12,43,5,11,7,16,1/7/1 17:00 LMT,858,0.0,N
MESCAL,293003,XMES,33.15803,-105.76881,6227,8/23/2026,F,57,90,19,55,3,7,6,15,,824,0.0,N
MIDNIGHT,55522315,XMID,36.77819,-105.34131,10815,8/23/2026,F,45,74,23,79,2,8,3,11,1/3/1 17:00 LMT,827,0.01,N
MILLS CANYON,291101,XMIL,36.05453,-104.32511,5881,8/23/2026,F,59,95,17,72,6,18,8,25,,859,0.02,N
MOGOLLON,292013,XMOG,33.39064,-108.80819,7602,8/23/2026,F,64,89,20,42,3,11,5,16,,779,0.0,N
MOHAWK DUNES,55522318,AMOD,32.68878,-113.74889,524,8/23/2026,F,85,108,24,63,3,9,7,16,,783,0.0,N
MORMON LAKE,20215,AMOL,34.90972,-111.43842,7094,8/23/2026,F,57,84,25,67,1,2,3,10,,552,0.04,N
MOSS BASIN,20115,AMOS,35.03397,-113.89406,5920,8/23/2026,F,67,88,26,49,3,8,7,13,,776,0.0,N
MOUNTAINAIR,291501,XMOU,34.52081,-106.26269,6593,8/23/2026,F,62,92,16,48,2,7,3,9,,801,0.0,N
MOUNTAIN LION,20310,AFAP,33.69511,-109.71078,7269,8/23/2026,F,57,85,23,60,1,2,5,9,,749,0.0,N
MOUNT LOGAN,20107,AMTL,36.35306,-113.19917,7605,8/23/2026,F,64,79,28,40,5,8,11,21,,861,0.02,N
MULESHOE RANCH,21007,AMUL,32.40383,-110.272,4475,8/23/2026,F,71,96,22,57,2,8,7,21,,879,0.0,N
MUSIC MOUNTAIN,20119,AMUS,35.61497,-113.79428,5375,8/23/2026,F,70,92,21,44,6,10,10,18,,843,0.0,N
NAVAJO MONUMENT,20307,ANAV,36.67667,-110.54389,7204,8/23/2026,F,61,86,19,50,3,7,7,10,,690,0.0,N
NEVERSHINE,55522326,ANEV,36.24753,-113.88851,2165,8/23/2026,F,85,104,15,27,6,9,9,11,1/1/1 17:00 LMT,792,0.0,N
NIXON FLATS,20113,ANIX,36.38833,-113.15806,6500,8/23/2026,F,60,84,24,54,2,6,3,16,,857,0.02,N
NOON CREEK,21010,ANOO,32.66778,-109.78806,4925,8/23/2026,F,71,99,15,41,5,10,9,18,,898,0.0,N
OAK CREEK,20219,AOAK,34.94686,-111.75444,4804,8/23/2026,F,68,96,19,50,2,5,7,13,,728,0.0,N
OAK FLATS,291402,XOAK,35.00614,-106.31583,7675,8/23/2026,F,60,89,19,52,2,10,3,15,,800,0.0,N
OATMAN,21502,AOAT,33.04994,-113.13867,1715,8/23/2026,F,86,107,22,57,5,11,8,18,,769,0.0,N
OLAF KNOLLS,20108,AOLA,36.50725,-113.81589,2974,8/23/2026,F,81,102,15,27,6,10,11,22,,767,0.0,N
PADUCA,293202,XPAD,32.17983,-103.722,3534,8/23/2026,F,73,101,15,45,8,15,11,24,,870,0.0,N
PARIA POINT,20226,APAR,36.72753,-111.822,7106,8/23/2026,F,66,85,23,40,3,5,8,15,,688,0.02,N
PAYSON,20602,APAY,34.24614,-111.2935,5064,8/23/2026,F,67,95,22,59,1,6,3,14,,702,0.0,N
PECOS,291202,XPEC,35.54558,-105.49439,8229,8/23/2026,F,61,85,20,48,3,11,5,16,,803,0.0,N
PELONA MOUNTAIN,292009,XPEL,33.69375,-108.06161,7955,8/23/2026,F,60,85,19,50,5,9,7,13,,763,0.0,N
PICACHO PEAK,55522341,APIC,32.66314,-111.42154,1750,8/23/2026,F,81,101,23,59,1,8,3,15,,862,0.0,N
PINE,20612,APNE,34.37181,-111.4555,5313,8/23/2026,F,65,94,22,58,2,6,6,13,,745,0.0,N
PINEDALE,55522344,APND,34.30617,-110.23661,6461,8/23/2026,F,64,89,22,56,2,7,5,13,,776,0.0,N
PINEY HILL,20402,APIN,35.76111,-109.16719,8061,8/23/2026,F,60,80,24,54,2,5,6,11,,722,0.0,N
PLEASANT VALLEY,20603,APLE,34.08858,-110.94225,5232,8/23/2026,F,65,95,20,58,1,5,3,13,,855,0.0,N
PROMONTORY,20221,APRO,34.36528,-111.01444,7842,8/23/2026,F,62,80,33,52,2,2,7,10,,692,0.02,N
QUEEN,293105,XQUN,32.20361,-104.69031,5642,8/23/2026,F,69,95,14,36,5,9,13,19,,860,0.0,N
RAMAH,293305,XRAM,34.81947,-108.29439,7645,8/23/2026,F,55,86,20,72,1,16,1,23,,747,0.0,N
RED CANYON,55523735,XRDC,34.62289,-106.40831,8070,8/23/2026,F,61,81,19,39,3,9,5,13,,811,0.0,N
RED LAKE,20610,ARED,34.18133,-110.78919,6524,8/23/2026,F,58,87,27,72,1,3,5,10,,838,0.0,N
RESERVE,292005,XRES,33.71489,-108.777,5846,8/23/2026,F,57,93,16,69,3,13,5,17,,799,0.0,N
RINCON,21207,ARIN,32.20639,-110.54861,8209,8/23/2026,F,60,76,38,65,5,9,8,14,,781,0.0,N
RUCKER,21414,ARUC,31.76111,-109.34861,5700,8/23/2026,F,63,91,21,56,2,5,6,14,,769,0.0,N
SAGUARO,21202,ASAG,32.31111,-110.81861,2758,8/23/2026,F,78,104,22,60,2,7,5,17,,851,0.0,N
SAN ANDRES,292904,XSAA,32.58008,-106.52719,6137,8/23/2026,F,70,95,15,30,2,5,7,15,,898,0.0,N
SAN CARLOS #1,20608,ASCA,33.37165,-110.45683,2830,8/23/2026,F,77,105,16,45,2,8,6,18,,844,0.0,N
SANDIA LAB,291408,XSLB,35.00406,-106.41148,6321,8/23/2026,F,65,91,18,48,2,10,3,15,,821,0.0,N
SANDIA LAKES,290706,XSLK,35.22967,-106.59061,5027,8/23/2026,F,66,98,16,54,3,11,5,16,,842,0.0,N
SANTA FE WATERSHED,290901,XSFW,35.68686,-105.86031,7749,8/23/2026,F,56,86,17,57,1,9,1,13,,833,0.0,N
SASABE,21206,ASAS,31.69169,-111.44811,3500,8/23/2026,F,72,99,26,85,2,8,6,18,,893,0.0,N
SCOUT CAMP,21208,ASOL,32.39806,-110.725,7554,8/23/2026,F,64,82,37,62,5,8,9,16,,765,0.03,N
SELLS,21209,ASES,31.91014,-111.89743,2262,8/23/2026,F,79,103,26,72,2,7,7,16,,885,0.0,N
SEVILLETA,292105,XSEV,34.35844,-106.6895,5246,8/23/2026,F,67,97,14,47,2,7,3,9,,867,0.0,N
SHADOW RIM,20611,ASHA,34.40586,-111.28319,5660,8/23/2026,F,65,94,22,56,1,3,5,13,,696,0.0,N
SLAUGHTER,292008,XSLA,34.06056,-108.44472,8680,8/23/2026,F,57,80,24,57,2,14,3,19,,622,0.02,N
SMITH PEAK,21501,ASMI,34.11486,-113.34733,2386,8/23/2026,F,85,103,21,37,2,7,7,17,,826,0.03,N
SMOKEY BEAR,292203,XSMO,33.35019,-105.686,7194,8/23/2026,F,59,90,20,54,3,8,5,11,,798,0.0,N
SOWATS,55523737,ASOW,36.48242,-112.42281,7038,8/23/2026,F,60,86,22,52,5,8,8,13,,716,0.0,N
STANTON,20509,ASTA,34.16403,-112.73486,3600,8/23/2026,F,81,98,22,38,5,10,11,21,,831,0.0,N
STONE LAKE,290201,XSTO,36.73161,-106.86581,7436,8/23/2026,F,54,89,16,64,2,10,3,15,,740,0.0,N
STRAY HORSE,21106,ASTH,33.55253,-109.31719,7956,8/23/2026,F,62,80,22,45,3,13,8,18,,856,0.0,N
SUNSET POINT,20510,ASUN,34.18847,-112.13467,3380,8/23/2026,F,77,101,19,45,3,9,9,18,,741,0.0,N
TANKS,55522384,ATNK,33.67314,-110.57431,5801,8/23/2026,F,64,89,25,61,5,8,9,16,,857,0.0,N
TAOS PUEBLO RAWS,55522385,XTAP,36.41461,-105.55689,7135,8/23/2026,F,57,89,20,62,2,11,3,16,,807,0.0,N
T BAR,55523738,XTBA,33.51789,-108.52419,8047,8/23/2026,F,55,82,21,62,3,11,5,16,,798,0.0,N
TONTO BASIN,20606,ATON,33.86861,-111.31333,2414,8/23/2026,F,79,104,18,45,2,11,6,18,,845,0.0,N
TOWER,290801,XTOW,35.77899,-106.26611,6529,8/23/2026,F,63,92,16,52,5,9,7,13,,793,0.0,N
TRAIL CABIN,21105,ATRA,33.26478,-109.36789,6250,8/23/2026,F,67,93,16,45,5,8,8,17,,814,0.0,N
TRUCHAS,290210,XTRU,36.059,-105.7695,8353,8/23/2026,F,49,84,18,71,1,6,1,8,,854,0.0,N
TRUXTON CANYON,20120,ATRU,35.78013,-113.79563,5304,8/23/2026,F,75,89,23,36,5,8,9,21,,845,0.0,N
TUSAYAN,20207,ATUS,35.98833,-112.12056,6570,8/23/2026,F,53,88,22,72,0,2,2,9,,704,0.03,N
TWEEDS POINT,20109,ATWE,36.58186,-113.732,5334,8/23/2026,F,77,91,19,29,9,13,16,28,,744,0.0,N
UNION PASS,20116,AUNI,35.23233,-114.38194,3590,8/23/2026,F,82,97,20,32,2,8,6,19,,854,0.0,N
VERDE,20503,AVER,34.54917,-111.84417,3101,8/23/2026,F,72,104,18,64,2,3,5,11,,750,0.0,N
WARM SPRINGS CANYON,20216,AWAR,36.70117,-112.22689,7953,8/23/2026,F,57,81,25,51,5,7,9,13,,553,0.02,N
WASHINGTON PASS,290101,XWAS,36.0765,-108.8615,9384,8/23/2026,F,57,77,25,55,5,8,7,11,,646,0.0,N
WILD RIVERS,290307,XWDR,36.69469,-105.66872,7530,8/23/2026,F,51,86,19,74,1,11,1,16,,810,0.0,N
YELLOW JOHN MOUNTAIN,20217,AYEL,36.155,-113.54944,6160,8/23/2026,F,56,88,23,60,2,5,6,15,,806,0.05,N
ZUNI BUTTES,290603,XZUB,35.13919,-108.94131,6649,8/23/2026,F,57,91,18,67,2,15,3,21,,781,0.0,N
10K,55522198,X10K,35.2085,-106.43586,10065,8/23/2026,F,55,77,23,49,5,13,7,17,,822,0.0,N
AHAKHAV PRESERVE,21503,AAHA,34.13222,-114.32917,363,8/23/2026,F,86,108,22,52,2,8,7,16,,837,0.0,N
ALBINO CANYON,290102,XALB,36.97661,-107.62892,7173,8/23/2026,F,60,90,16,60,2,13,3,17,,782,0.0,N
ALPINE,20401,AALP,33.84272,-109.11161,8207,8/23/2026,F,56,80,25,62,2,5,7,11,,762,0.0,N
BAKERS TANK,55522210,AHBB,32.61528,-114.00836,563,8/23/2026,F,85,107,25,61,3,11,7,19,,849,0.0,N
BARTLEY,291002,XBAR,35.90875,-105.38769,9192,8/23/2026,F,56,79,23,55,2,8,3,11,1/3/1 17:00 LMT,797,0.01,N
BATDRAW,293101,XBAD,32.17861,-104.44056,4425,8/23/2026,F,75,100,13,32,5,13,9,24,,849,0.0,N
BEAVERHEAD,292001,XBEA,33.42353,-108.11019,6750,8/23/2026,F,54,90,18,72,5,7,7,9,,803,0.0,N
BELMONT,21504,ABEL,33.67411,-112.92281,1813,8/23/2026,F,84,104,21,48,3,7,8,16,,853,0.0,N
BLACK HILLS,21008,ABLA,33.08203,-109.95119,3262,8/23/2026,F,79,104,14,38,3,7,8,19,,868,0.0,N
BLACK MESA,290305,XBLM,36.03708,-106.04964,5762,8/23/2026,F,59,94,17,60,3,5,5,7,1/3/1 17:00 LMT,802,0.0,N
BLACK ROCK,20114,ABRK,36.79436,-113.75056,7224,8/23/2026,F,68,82,25,36,2,5,10,17,,832,0.0,N
BLUEWATER RIDGE,293303,XBLR,35.19411,-108.16336,8274,8/23/2026,F,58,82,23,56,3,9,5,13,,668,0.0,N
BOSQUE,292103,XBOS,33.82064,-106.88169,4523,8/23/2026,F,66,100,13,49,1,8,1,11,,883,0.0,N
BRIGHT ANGEL,20211,ACAN,36.20472,-112.06222,8134,8/23/2026,F,59,83,24,49,3,9,5,14,,702,0.0,N
BRUSHY MOUNTAIN,291301,XBRU,34.72,-107.8484,8789,8/23/2026,F,57,83,21,55,3,11,5,16,,774,0.0,N
BUCKSKIN MTN,20224,ABUC,36.91808,-112.19981,6334,8/23/2026,F,65,88,20,43,3,7,7,18,,695,0.0,N
BURRO MOUNTAIN,292504,XBUR,32.67203,-108.53969,6995,8/23/2026,F,68,93,16,36,5,10,8,19,,782,0.0,N
CANELO,21303,ACNL,31.54972,-110.51917,4629,8/23/2026,F,66,92,28,76,3,9,8,17,,799,0.0,N
CAPROCK,293104,XCAP,32.92728,-103.85689,4167,8/23/2026,F,71,100,13,44,8,16,13,24,,870,0.0,N
CARR,21411,ACAA,31.44111,-110.28611,5400,8/23/2026,F,68,94,26,68,2,9,7,22,,875,0.0,N
CASA GRANDE,20906,ACSG,32.99177,-111.53264,1412,8/23/2026,F,84,105,21,52,3,9,5,16,,859,0.0,N
CAVE CREEK,55522232,ACAV,34.0899,-111.8465,3477,8/23/2026,F,73,101,19,53,2,7,6,16,,811,0.01,N
CEDAR RIDGE,55523718,ACED,32.59872,-110.76231,4735,8/23/2026,F,74,96,24,54,6,11,9,19,,846,0.0,N
CHERRY,20511,ACHE,34.59661,-112.04761,5147,8/23/2026,F,63,94,23,68,3,5,8,14,,688,0.0,N
CHUPADERA,292102,XCHU,33.77294,-106.0985,5580,8/23/2026,F,67,96,14,44,1,9,1,13,,868,0.0,N
CIBOLA,20121,ACBL,33.28,-114.68489,252,8/23/2026,F,87,110,22,61,5,9,8,21,1/2/1 17:00 LMT,870,0.0,N
CIMARRON,290401,XCIM,36.60611,-105.12028,8806,8/23/2026,F,50,81,22,77,3,8,5,11,1/3/1 17:00 LMT,814,0.04,N
CIPRIANO,55522238,ARIP,32.4235,-114.16211,1042,8/23/2026,F,86,105,28,61,3,13,7,22,,776,0.0,N
COLUMBINE,21005,ACOL,32.70389,-109.91389,9521,8/23/2026,F,55,75,32,64,2,5,9,13,,823,0.0,N
COSMIC,293004,XCOS,32.77925,-105.81989,9172,8/23/2026,F,57,81,23,44,2,6,8,16,,814,0.0,N
COYOTE,290202,XCOY,36.07333,-106.65739,8704,8/23/2026,F,54,84,22,59,6,9,8,13,,725,0.0,N
CROWN KING,20502,ACRO,34.20336,-112.34561,6173,8/23/2026,F,66,89,26,56,2,5,7,13,,724,0.03,N
CUBA,290705,XCUB,35.942,-107.07739,6890,8/23/2026,F,60,90,15,48,2,11,3,16,,839,0.0,N
DATIL,292012,XDAT,34.29256,-107.768,8431,8/23/2026,F,57,82,22,55,5,9,7,13,,779,0.0,N
DEADMAN PEAK,290203,XDEA,36.4229,-106.772,8389,8/23/2026,F,57,84,15,50,2,9,3,13,,751,0.0,N
DEVILS HILLS,55522251,ADVH,32.42483,-113.79011,836,8/23/2026,F,85,106,26,63,3,13,6,21,,869,0.0,N
DRIPPING SPRINGS,292903,XDRI,32.32225,-106.58661,5814,8/23/2026,F,74,96,14,26,2,6,7,18,,895,0.0,N
DRY LAKE,21009,ADRL,33.35982,-109.83306,7405,8/23/2026,F,64,89,20,48,3,6,9,15,,824,0.0,N
DRY PARK,20212,ADRY,36.45308,-112.23819,8700,8/23/2026,F,54,79,27,57,2,7,5,11,,602,0.0,N
DULCE #2,290205,XDUL,36.93519,-107.00011,6805,8/23/2026,F,51,91,17,77,1,10,1,15,,775,0.0,N
DUNKEN,292302,XDUN,32.82467,-105.18261,5431,8/23/2026,F,68,96,14,36,6,11,8,16,,827,0.0,N
DUTCH KID,55522257,ADUT,35.12931,-112.28219,6505,8/23/2026,F,59,88,23,65,2,7,7,15,,735,0.0,N
EIGHT MILE DRAW,292301,XEIG,33.65064,-104.32139,3626,8/23/2026,F,71,104,12,44,5,10,7,15,,863,0.0,N
EMPIRE,21205,AEMP,31.78347,-110.64325,4650,8/23/2026,F,68,94,26,73,2,7,6,17,,824,0.0,N
FLAGSTAFF,20209,AFLG,35.14111,-111.6725,6903,8/23/2026,F,56,85,23,67,0,3,5,13,,694,0.04,N
FORT YUMA,20102,AFYM,32.65222,-114.63417,185,8/23/2026,F,87,108,25,68,5,10,9,18,,880,0.0,N
FOUR SPRINGS,20227,AFOU,36.79367,-112.04239,6560,8/23/2026,F,67,85,21,39,3,6,8,14,,604,0.06,N
FRAZIER WELLS,20213,AFRA,35.84551,-113.05501,6796,8/23/2026,F,66,84,25,47,2,8,6,13,,744,0.08,N
FTHL YDMA,55522271,AFTH,32.48658,-114.4635,331,8/23/2026,F,87,108,26,68,6,16,9,22,,880,0.0,N
GILA CENTER RAWS,292011,XGIL,33.22375,-108.24031,5767,8/23/2026,F,56,94,16,72,3,7,5,9,,801,0.0,N
GLOBE,20601,AGLO,33.32694,-110.76694,4137,8/23/2026,F,78,96,22,42,5,8,10,19,,843,0.0,N
GOLDFIELD,21505,AGOL,33.55531,-111.6145,1367,8/23/2026,F,85,107,19,46,1,9,2,11,,822,0.0,N
GOODWIN MESA,20507,AGOO,34.77614,-113.3375,4311,8/23/2026,F,74,97,21,46,3,9,5,13,,784,0.0,N
GRANTS,291302,XGRA,35.24278,-107.66528,8620,8/23/2026,F,54,82,21,66,3,8,5,11,,716,0.0,N
GREENBASE,20284,AGRB,35.27619,-112.06325,6923,8/23/2026,F,56,84,25,67,1,6,3,13,,711,0.05,N
GREER,20404,AGRE,34.05853,-109.44097,8240,8/23/2026,F,56,79,28,59,2,6,5,13,,699,0.0,N
GUNSIGHT,20223,AGUN,36.70464,-112.5835,5284,8/23/2026,F,68,94,18,40,2,7,6,18,,657,0.0,N
GUTHRIE,21104,AGUT,32.88203,-109.30931,6324,8/23/2026,F,71,92,16,37,3,15,13,25,,894,0.0,N
HACHITA VALLEY,292702,XHAC,31.702,-108.34169,4290,8/23/2026,F,70,103,13,46,3,8,6,11,,910,0.0,N
HAPPY JACK,20291,AHJK,34.61797,-111.34239,6812,8/23/2026,F,57,85,26,72,0,5,3,14,,625,0.03,N
HAVASU,20118,AHAV,34.80758,-114.53456,475,8/23/2026,F,86,112,17,46,2,6,5,16,,805,0.0,N
HEADQUARTERS,21409,ACHR,32.00611,-109.35694,5400,8/23/2026,F,68,95,18,49,2,6,6,13,,826,0.0,N
HEBER,20301,AHBR,34.39778,-110.56444,6635,8/23/2026,F,60,86,25,62,1,5,5,13,,743,0.02,N
HILLTOP,20609,AHIL,33.61119,-110.41461,5732,8/23/2026,F,62,91,23,68,2,7,6,13,,758,0.0,N
HOPI,20312,AHPI,35.86292,-110.61495,5579,8/23/2026,F,62,95,17,56,3,9,6,19,,868,0.0,N
HOPKINS,21302,AHPK,31.67528,-110.88,7120,8/23/2026,F,65,84,35,61,5,9,7,14,,816,0.0,N
HORSE CAMP CANYON,20903,AHOR,32.93656,-110.4935,4014,8/23/2026,F,75,98,21,50,3,13,7,25,,861,0.0,N
HUMBUG CREEK,20508,AHUM,34.11,-112.3,5250,8/23/2026,F,74,91,27,43,3,13,8,23,,747,0.0,N
HURRICANE,20117,AHUR,36.69908,-113.20731,5445,8/23/2026,F,68,91,20,40,7,10,13,23,,828,0.02,N
IRON SPRINGS,20501,AIRO,34.59361,-112.51139,5385,8/23/2026,F,65,89,25,61,1,5,5,15,,822,0.04,N
JARITA MESA,290204,XJAR,36.55597,-106.10306,8864,8/23/2026,F,55,82,22,60,2,7,3,9,1/3/1 17:00 LMT,523,0.05,N
JEMEZ,290702,XJEM,35.84114,-106.61969,8248,8/23/2026,F,57,86,19,55,5,11,7,16,,645,0.0,N
LAGUNA,293304,XLAG,35.05197,-107.42028,5805,8/23/2026,F,65,93,15,50,2,9,3,13,,826,0.0,N
LAKESIDE,20303,ALAK,34.16283,-109.87639,7267,8/23/2026,F,58,83,27,67,2,5,6,13,,752,0.03,N
LIMESTONE CANYON,20309,ALIM,34.17786,-110.27663,7102,8/23/2026,F,64,89,22,52,3,6,5,11,,785,0.0,N
LINDBERGH HILL,20220,ALBE,36.28556,-112.07861,8800,8/23/2026,F,56,80,25,53,3,7,8,11,,625,0.01,N
LUNA,292004,XLUN,33.82289,-108.94311,7088,8/23/2026,F,54,87,20,72,2,11,3,16,,790,0.0,N
MAGDALENA,292104,XMAG,33.85061,-107.539,8495,8/23/2026,F,59,83,21,48,3,6,5,8,,782,0.0,N
MALPAIS LAVA FLOW,293301,XMAL,34.85181,-108.17461,7514,8/23/2026,F,55,86,20,69,1,15,1,21,,745,0.0,N
MAYHILL,293002,XMAY,32.90947,-105.46981,6599,8/23/2026,F,60,93,16,48,3,6,10,16,,767,0.0,N
MCGREGGOR RANGE,292901,XMCG,32.43133,-105.62181,4832,8/23/2026,F,69,101,13,38,5,8,7,13,,877,0.0,N
MELROSE RANGE,291901,XMEL,34.28422,-103.71497,4263,8/23/2026,F,72,101,12,43,5,11,7,16,1/7/1 17:00 LMT,858,0.0,N
MESCAL,293003,XMES,33.15803,-105.76881,6227,8/23/2026,F,57,90,19,55,3,7,6,15,,824,0.0,N
MIDNIGHT,55522315,XMID,36.77819,-105.34131,10815,8/23/2026,F,45,74,23,79,2,8,3,11,1/3/1 17:00 LMT,827,0.01,N
MILLS CANYON,291101,XMIL,36.05453,-104.32511,5881,8/23/2026,F,59,95,17,72,6,18,8,25,,859,0.02,N
MOGOLLON,292013,XMOG,33.39064,-108.80819,7602,8/23/2026,F,64,89,20,42,3,11,5,16,,779,0.0,N
MOHAWK DUNES,55522318,AMOD,32.68878,-113.74889,524,8/23/2026,F,85,108,24,63,3,9,7,16,,783,0.0,N
MORMON LAKE,20215,AMOL,34.90972,-111.43842,7094,8/23/2026,F,57,84,25,67,1,2,3,10,,552,0.04,N
MOSS BASIN,20115,AMOS,35.03397,-113.89406,5920,8/23/2026,F,67,88,26,49,3,8,7,13,,776,0.0,N
MOUNTAINAIR,291501,XMOU,34.52081,-106.26269,6593,8/23/2026,F,62,92,16,48,2,7,3,9,,801,0.0,N
MOUNTAIN LION,20310,AFAP,33.69511,-109.71078,7269,8/23/2026,F,57,85,23,60,1,2,5,9,,749,0.0,N
MOUNT LOGAN,20107,AMTL,36.35306,-113.19917,7605,8/23/2026,F,64,79,28,40,5,8,11,21,,861,0.02,N
MULESHOE RANCH,21007,AMUL,32.40383,-110.272,4475,8/23/2026,F,71,96,22,57,2,8,7,21,,879,0.0,N
MUSIC MOUNTAIN,20119,AMUS,35.61497,-113.79428,5375,8/23/2026,F,70,92,21,44,6,10,10,18,,843,0.0,N
NAVAJO MONUMENT,20307,ANAV,36.67667,-110.54389,7204,8/23/2026,F,61,86,19,50,3,7,7,10,,690,0.0,N
NEVERSHINE,55522326,ANEV,36.24753,-113.88851,2165,8/23/2026,F,85,104,15,27,6,9,9,11,1/1/1 17:00 LMT,792,0.0,N
NIXON FLATS,20113,ANIX,36.38833,-113.15806,6500,8/23/2026,F,60,84,24,54,2,6,3,16,,857,0.02,N
NOON CREEK,21010,ANOO,32.66778,-109.78806,4925,8/23/2026,F,71,99,15,41,5,10,9,18,,898,0.0,N
OAK CREEK,20219,AOAK,34.94686,-111.75444,4804,8/23/2026,F,68,96,19,50,2,5,7,13,,728,0.0,N
OAK FLATS,291402,XOAK,35.00614,-106.31583,7675,8/23/2026,F,60,89,19,52,2,10,3,15,,800,0.0,N
OATMAN,21502,AOAT,33.04994,-113.13867,1715,8/23/2026,F,86,107,22,57,5,11,8,18,,769,0.0,N
OLAF KNOLLS,20108,AOLA,36.50725,-113.81589,2974,8/23/2026,F,81,102,15,27,6,10,11,22,,767,0.0,N
PADUCA,293202,XPAD,32.17983,-103.722,3534,8/23/2026,F,73,101,15,45,8,15,11,24,,870,0.0,N
PARIA POINT,20226,APAR,36.72753,-111.822,7106,8/23/2026,F,66,85,23,40,3,5,8,15,,688,0.02,N
PAYSON,20602,APAY,34.24614,-111.2935,5064,8/23/2026,F,67,95,22,59,1,6,3,14,,702,0.0,N
PECOS,291202,XPEC,35.54558,-105.49439,8229,8/23/2026,F,61,85,20,48,3,11,5,16,,803,0.0,N
PELONA MOUNTAIN,292009,XPEL,33.69375,-108.06161,7955,8/23/2026,F,60,85,19,50,5,9,7,13,,763,0.0,N
PICACHO PEAK,55522341,APIC,32.66314,-111.42154,1750,8/23/2026,F,81,101,23,59,1,8,3,15,,862,0.0,N
PINE,20612,APNE,34.37181,-111.4555,5313,8/23/2026,F,65,94,22,58,2,6,6,13,,745,0.0,N
PINEDALE,55522344,APND,34.30617,-110.23661,6461,8/23/2026,F,64,89,22,56,2,7,5,13,,776,0.0,N
PINEY HILL,20402,APIN,35.76111,-109.16719,8061,8/23/2026,F,60,80,24,54,2,5,6,11,,722,0.0,N
PLEASANT VALLEY,20603,APLE,34.08858,-110.94225,5232,8/23/2026,F,65,95,20,58,1,5,3,13,,855,0.0,N
PROMONTORY,20221,APRO,34.36528,-111.01444,7842,8/23/2026,F,62,80,33,52,2,2,7,10,,692,0.02,N
QUEEN,293105,XQUN,32.20361,-104.69031,5642,8/23/2026,F,69,95,14,36,5,9,13,19,,860,0.0,N
RAMAH,293305,XRAM,34.81947,-108.29439,7645,8/23/2026,F,55,86,20,72,1,16,1,23,,747,0.0,N
RED CANYON,55523735,XRDC,34.62289,-106.40831,8070,8/23/2026,F,61,81,19,39,3,9,5,13,,811,0.0,N
RED LAKE,20610,ARED,34.18133,-110.78919,6524,8/23/2026,F,58,87,27,72,1,3,5,10,,838,0.0,N
RESERVE,292005,XRES,33.71489,-108.777,5846,8/23/2026,F,57,93,16,69,3,13,5,17,,799,0.0,N
RINCON,21207,ARIN,32.20639,-110.54861,8209,8/23/2026,F,60,76,38,65,5,9,8,14,,781,0.0,N
RUCKER,21414,ARUC,31.76111,-109.34861,5700,8/23/2026,F,63,91,21,56,2,5,6,14,,769,0.0,N
SAGUARO,21202,ASAG,32.31111,-110.81861,2758,8/23/2026,F,78,104,22,60,2,7,5,17,,851,0.0,N
SAN ANDRES,292904,XSAA,32.58008,-106.52719,6137,8/23/2026,F,70,95,15,30,2,5,7,15,,898,0.0,N
SAN CARLOS #1,20608,ASCA,33.37165,-110.45683,2830,8/23/2026,F,77,105,16,45,2,8,6,18,,844,0.0,N
SANDIA LAB,291408,XSLB,35.00406,-106.41148,6321,8/23/2026,F,65,91,18,48,2,10,3,15,,821,0.0,N
SANDIA LAKES,290706,XSLK,35.22967,-106.59061,5027,8/23/2026,F,66,98,16,54,3,11,5,16,,842,0.0,N
SANTA FE WATERSHED,290901,XSFW,35.68686,-105.86031,7749,8/23/2026,F,56,86,17,57,1,9,1,13,,833,0.0,N
SASABE,21206,ASAS,31.69169,-111.44811,3500,8/23/2026,F,72,99,26,85,2,8,6,18,,893,0.0,N
SCOUT CAMP,21208,ASOL,32.39806,-110.725,7554,8/23/2026,F,64,82,37,62,5,8,9,16,,765,0.03,N
SELLS,21209,ASES,31.91014,-111.89743,2262,8/23/2026,F,79,103,26,72,2,7,7,16,,885,0.0,N
SEVILLETA,292105,XSEV,34.35844,-106.6895,5246,8/23/2026,F,67,97,14,47,2,7,3,9,,867,0.0,N
SHADOW RIM,20611,ASHA,34.40586,-111.28319,5660,8/23/2026,F,65,94,22,56,1,3,5,13,,696,0.0,N
SLAUGHTER,292008,XSLA,34.06056,-108.44472,8680,8/23/2026,F,57,80,24,57,2,14,3,19,,622,0.02,N
SMITH PEAK,21501,ASMI,34.11486,-113.34733,2386,8/23/2026,F,85,103,21,37,2,7,7,17,,826,0.03,N
SMOKEY BEAR,292203,XSMO,33.35019,-105.686,7194,8/23/2026,F,59,90,20,54,3,8,5,11,,798,0.0,N
SOWATS,55523737,ASOW,36.48242,-112.42281,7038,8/23/2026,F,60,86,22,52,5,8,8,13,,716,0.0,N
STANTON,20509,ASTA,34.16403,-112.73486,3600,8/23/2026,F,81,98,22,38,5,10,11,21,,831,0.0,N
STONE LAKE,290201,XSTO,36.73161,-106.86581,7436,8/23/2026,F,54,89,16,64,2,10,3,15,,740,0.0,N
STRAY HORSE,21106,ASTH,33.55253,-109.31719,7956,8/23/2026,F,62,80,22,45,3,13,8,18,,856,0.0,N
SUNSET POINT,20510,ASUN,34.18847,-112.13467,3380,8/23/2026,F,77,101,19,45,3,9,9,18,,741,0.0,N
TANKS,55522384,ATNK,33.67314,-110.57431,5801,8/23/2026,F,64,89,25,61,5,8,9,16,,857,0.0,N
TAOS PUEBLO RAWS,55522385,XTAP,36.41461,-105.55689,7135,8/23/2026,F,57,89,20,62,2,11,3,16,,807,0.0,N
T BAR,55523738,XTBA,33.51789,-108.52419,8047,8/23/2026,F,55,82,21,62,3,11,5,16,,798,0.0,N
TONTO BASIN,20606,ATON,33.86861,-111.31333,2414,8/23/2026,F,79,104,18,45,2,11,6,18,,845,0.0,N
TOWER,290801,XTOW,35.77899,-106.26611,6529,8/23/2026,F,63,92,16,52,5,9,7,13,,793,0.0,N
TRAIL CABIN,21105,ATRA,33.26478,-109.36789,6250,8/23/2026,F,67,93,16,45,5,8,8,17,,814,0.0,N
TRUCHAS,290210,XTRU,36.059,-105.7695,8353,8/23/2026,F,49,84,18,71,1,6,1,8,,854,0.0,N
TRUXTON CANYON,20120,ATRU,35.78013,-113.79563,5304,8/23/2026,F,75,89,23,36,5,8,9,21,,845,0.0,N
TUSAYAN,20207,ATUS,35.98833,-112.12056,6570,8/23/2026,F,53,88,22,72,0,2,2,9,,704,0.03,N
TWEEDS POINT,20109,ATWE,36.58186,-113.732,5334,8/23/2026,F,77,91,19,29,9,13,16,28,,744,0.0,N
UNION PASS,20116,AUNI,35.23233,-114.38194,3590,8/23/2026,F,82,97,20,32,2,8,6,19,,854,0.0,N
VERDE,20503,AVER,34.54917,-111.84417,3101,8/23/2026,F,72,104,18,64,2,3,5,11,,750,0.0,N
WARM SPRINGS CANYON,20216,AWAR,36.70117,-112.22689,7953,8/23/2026,F,57,81,25,51,5,7,9,13,,553,0.02,N
WASHINGTON PASS,290101,XWAS,36.0765,-108.8615,9384,8/23/2026,F,57,77,25,55,5,8,7,11,,646,0.0,N
WILD RIVERS,290307,XWDR,36.69469,-105.66872,7530,8/23/2026,F,51,86,19,74,1,11,1,16,,810,0.0,N
YELLOW JOHN MOUNTAIN,20217,AYEL,36.155,-113.54944,6160,8/23/2026,F,56,88,23,60,2,5,6,15,,806,0.05,N
ZUNI BUTTES,290603,XZUB,35.13919,-108.94131,6649,8/23/2026,F,57,91,18,67,2,15,3,21,,781,0.0,N
10K,55522198,X10K,35.2085,-106.43586,10065,8/23/2026,F,55,77,23,49,5,13,7,17,,822,0.0,N
AHAKHAV PRESERVE,21503,AAHA,34.13222,-114.32917,363,8/23/2026,F,86,108,22,52,2,8,7,16,,837,0.0,N
ALBINO CANYON,290102,XALB,36.97661,-107.62892,7173,8/23/2026,F,60,90,16,60,2,13,3,17,,782,0.0,N
ALPINE,20401,AALP,33.84272,-109.11161,8207,8/23/2026,F,56,80,25,62,2,5,7,11,,762,0.0,N
BAKERS TANK,55522210,AHBB,32.61528,-114.00836,563,8/23/2026,F,85,107,25,61,3,11,7,19,,849,0.0,N
BARTLEY,291002,XBAR,35.90875,-105.38769,9192,8/23/2026,F,56,79,23,55,2,8,3,11,1/3/1 17:00 LMT,797,0.01,N
BATDRAW,293101,XBAD,32.17861,-104.44056,4425,8/23/2026,F,75,100,13,32,5,13,9,24,,849,0.0,N
BEAVERHEAD,292001,XBEA,33.42353,-108.11019,6750,8/23/2026,F,54,90,18,72,5,7,7,9,,803,0.0,N
BELMONT,21504,ABEL,33.67411,-112.92281,1813,8/23/2026,F,84,104,21,48,3,7,8,16,,853,0.0,N
BLACK HILLS,21008,ABLA,33.08203,-109.95119,3262,8/23/2026,F,79,104,14,38,3,7,8,19,,868,0.0,N
BLACK MESA,290305,XBLM,36.03708,-106.04964,5762,8/23/2026,F,59,94,17,60,3,5,5,7,1/3/1 17:00 LMT,802,0.0,N
BLACK ROCK,20114,ABRK,36.79436,-113.75056,7224,8/23/2026,F,68,82,25,36,2,5,10,17,,832,0.0,N
BLUEWATER RIDGE,293303,XBLR,35.19411,-108.16336,8274,8/23/2026,F,58,82,23,56,3,9,5,13,,668,0.0,N
BOSQUE,292103,XBOS,33.82064,-106.88169,4523,8/23/2026,F,66,100,13,49,1,8,1,11,,883,0.0,N
BRIGHT ANGEL,20211,ACAN,36.20472,-112.06222,8134,8/23/2026,F,59,83,24,49,3,9,5,14,,702,0.0,N
BRUSHY MOUNTAIN,291301,XBRU,34.72,-107.8484,8789,8/23/2026,F,57,83,21,55,3,11,5,16,,774,0.0,N
BUCKSKIN MTN,20224,ABUC,36.91808,-112.19981,6334,8/23/2026,F,65,88,20,43,3,7,7,18,,695,0.0,N
BURRO MOUNTAIN,292504,XBUR,32.67203,-108.53969,6995,8/23/2026,F,68,93,16,36,5,10,8,19,,782,0.0,N
CANELO,21303,ACNL,31.54972,-110.51917,4629,8/23/2026,F,66,92,28,76,3,9,8,17,,799,0.0,N
CAPROCK,293104,XCAP,32.92728,-103.85689,4167,8/23/2026,F,71,100,13,44,8,16,13,24,,870,0.0,N
CARR,21411,ACAA,31.44111,-110.28611,5400,8/23/2026,F,68,94,26,68,2,9,7,22,,875,0.0,N
CASA GRANDE,20906,ACSG,32.99177,-111.53264,1412,8/23/2026,F,84,105,21,52,3,9,5,16,,859,0.0,N
CAVE CREEK,55522232,ACAV,34.0899,-111.8465,3477,8/23/2026,F,73,101,19,53,2,7,6,16,,811,0.01,N
CEDAR RIDGE,55523718,ACED,32.59872,-110.76231,4735,8/23/2026,F,74,96,24,54,6,11,9,19,,846,0.0,N
CHERRY,20511,ACHE,34.59661,-112.04761,5147,8/23/2026,F,63,94,23,68,3,5,8,14,,688,0.0,N
CHUPADERA,292102,XCHU,33.77294,-106.0985,5580,8/23/2026,F,67,96,14,44,1,9,1,13,,868,0.0,N
CIBOLA,20121,ACBL,33.28,-114.68489,252,8/23/2026,F,87,110,22,61,5,9,8,21,1/2/1 17:00 LMT,870,0.0,N
CIMARRON,290401,XCIM,36.60611,-105.12028,8806,8/23/2026,F,50,81,22,77,3,8,5,11,1/3/1 17:00 LMT,814,0.04,N
CIPRIANO,55522238,ARIP,32.4235,-114.16211,1042,8/23/2026,F,86,105,28,61,3,13,7,22,,776,0.0,N
COLUMBINE,21005,ACOL,32.70389,-109.91389,9521,8/23/2026,F,55,75,32,64,2,5,9,13,,823,0.0,N
COSMIC,293004,XCOS,32.77925,-105.81989,9172,8/23/2026,F,57,81,23,44,2,6,8,16,,814,0.0,N
COYOTE,290202,XCOY,36.07333,-106.65739,8704,8/23/2026,F,54,84,22,59,6,9,8,13,,725,0.0,N
CROWN KING,20502,ACRO,34.20336,-112.34561,6173,8/23/2026,F,66,89,26,56,2,5,7,13,,724,0.03,N
CUBA,290705,XCUB,35.942,-107.07739,6890,8/23/2026,F,60,90,15,48,2,11,3,16,,839,0.0,N
DATIL,292012,XDAT,34.29256,-107.768,8431,8/23/2026,F,57,82,22,55,5,9,7,13,,779,0.0,N
DEADMAN PEAK,290203,XDEA,36.4229,-106.772,8389,8/23/2026,F,57,84,15,50,2,9,3,13,,751,0.0,N
DEVILS HILLS,55522251,ADVH,32.42483,-113.79011,836,8/23/2026,F,85,106,26,63,3,13,6,21,,869,0.0,N
DRIPPING SPRINGS,292903,XDRI,32.32225,-106.58661,5814,8/23/2026,F,74,96,14,26,2,6,7,18,,895,0.0,N
DRY LAKE,21009,ADRL,33.35982,-109.83306,7405,8/23/2026,F,64,89,20,48,3,6,9,15,,824,0.0,N
DRY PARK,20212,ADRY,36.45308,-112.23819,8700,8/23/2026,F,54,79,27,57,2,7,5,11,,602,0.0,N
DULCE #2,290205,XDUL,36.93519,-107.00011,6805,8/23/2026,F,51,91,17,77,1,10,1,15,,775,0.0,N
DUNKEN,292302,XDUN,32.82467,-105.18261,5431,8/23/2026,F,68,96,14,36,6,11,8,16,,827,0.0,N
DUTCH KID,55522257,ADUT,35.12931,-112.28219,6505,8/23/2026,F,59,88,23,65,2,7,7,15,,735,0.0,N
EIGHT MILE DRAW,292301,XEIG,33.65064,-104.32139,3626,8/23/2026,F,71,104,12,44,5,10,7,15,,863,0.0,N
EMPIRE,21205,AEMP,31.78347,-110.64325,4650,8/23/2026,F,68,94,26,73,2,7,6,17,,824,0.0,N
FLAGSTAFF,20209,AFLG,35.14111,-111.6725,6903,8/23/2026,F,56,85,23,67,0,3,5,13,,694,0.04,N
FORT YUMA,20102,AFYM,32.65222,-114.63417,185,8/23/2026,F,87,108,25,68,5,10,9,18,,880,0.0,N
FOUR SPRINGS,20227,AFOU,36.79367,-112.04239,6560,8/23/2026,F,67,85,21,39,3,6,8,14,,604,0.06,N
FRAZIER WELLS,20213,AFRA,35.84551,-113.05501,6796,8/23/2026,F,66,84,25,47,2,8,6,13,,744,0.08,N
FTHL YDMA,55522271,AFTH,32.48658,-114.4635,331,8/23/2026,F,87,108,26,68,6,16,9,22,,880,0.0,N
GILA CENTER RAWS,292011,XGIL,33.22375,-108.24031,5767,8/23/2026,F,56,94,16,72,3,7,5,9,,801,0.0,N
GLOBE,20601,AGLO,33.32694,-110.76694,4137,8/23/2026,F,78,96,22,42,5,8,10,19,,843,0.0,N
GOLDFIELD,21505,AGOL,33.55531,-111.6145,1367,8/23/2026,F,85,107,19,46,1,9,2,11,,822,0.0,N
GOODWIN MESA,20507,AGOO,34.77614,-113.3375,4311,8/23/2026,F,74,97,21,46,3,9,5,13,,784,0.0,N
GRANTS,291302,XGRA,35.24278,-107.66528,8620,8/23/2026,F,54,82,21,66,3,8,5,11,,716,0.0,N
GREENBASE,20284,AGRB,35.27619,-112.06325,6923,8/23/2026,F,56,84,25,67,1,6,3,13,,711,0.05,N
GREER,20404,AGRE,34.05853,-109.44097,8240,8/23/2026,F,56,79,28,59,2,6,5,13,,699,0.0,N
GUNSIGHT,20223,AGUN,36.70464,-112.5835,5284,8/23/2026,F,68,94,18,40,2,7,6,18,,657,0.0,N
GUTHRIE,21104,AGUT,32.88203,-109.30931,6324,8/23/2026,F,71,92,16,37,3,15,13,25,,894,0.0,N
HACHITA VALLEY,292702,XHAC,31.702,-108.34169,4290,8/23/2026,F,70,103,13,46,3,8,6,11,,910,0.0,N
HAPPY JACK,20291,AHJK,34.61797,-111.34239,6812,8/23/2026,F,57,85,26,72,0,5,3,14,,625,0.03,N
HAVASU,20118,AHAV,34.80758,-114.53456,475,8/23/2026,F,86,112,17,46,2,6,5,16,,805,0.0,N
HEADQUARTERS,21409,ACHR,32.00611,-109.35694,5400,8/23/2026,F,68,95,18,49,2,6,6,13,,826,0.0,N
HEBER,20301,AHBR,34.39778,-110.56444,6635,8/23/2026,F,60,86,25,62,1,5,5,13,,743,0.02,N
HILLTOP,20609,AHIL,33.61119,-110.41461,5732,8/23/2026,F,62,91,23,68,2,7,6,13,,758,0.0,N
HOPI,20312,AHPI,35.86292,-110.61495,5579,8/23/2026,F,62,95,17,56,3,9,6,19,,868,0.0,N
HOPKINS,21302,AHPK,31.67528,-110.88,7120,8/23/2026,F,65,84,35,61,5,9,7,14,,816,0.0,N
HORSE CAMP CANYON,20903,AHOR,32.93656,-110.4935,4014,8/23/2026,F,75,98,21,50,3,13,7,25,,861,0.0,N
HUMBUG CREEK,20508,AHUM,34.11,-112.3,5250,8/23/2026,F,74,91,27,43,3,13,8,23,,747,0.0,N
HURRICANE,20117,AHUR,36.69908,-113.20731,5445,8/23/2026,F,68,91,20,40,7,10,13,23,,828,0.02,N
IRON SPRINGS,20501,AIRO,34.59361,-112.51139,5385,8/23/2026,F,65,89,25,61,1,5,5,15,,822,0.04,N
JARITA MESA,290204,XJAR,36.55597,-106.10306,8864,8/23/2026,F,55,82,22,60,2,7,3,9,1/3/1 17:00 LMT,523,0.05,N
JEMEZ,290702,XJEM,35.84114,-106.61969,8248,8/23/2026,F,57,86,19,55,5,11,7,16,,645,0.0,N
LAGUNA,293304,XLAG,35.05197,-107.42028,5805,8/23/2026,F,65,93,15,50,2,9,3,13,,826,0.0,N
LAKESIDE,20303,ALAK,34.16283,-109.87639,7267,8/23/2026,F,58,83,27,67,2,5,6,13,,752,0.03,N
LIMESTONE CANYON,20309,ALIM,34.17786,-110.27663,7102,8/23/2026,F,64,89,22,52,3,6,5,11,,785,0.0,N
LINDBERGH HILL,20220,ALBE,36.28556,-112.07861,8800,8/23/2026,F,56,80,25,53,3,7,8,11,,625,0.01,N
LUNA,292004,XLUN,33.82289,-108.94311,7088,8/23/2026,F,54,87,20,72,2,11,3,16,,790,0.0,N
MAGDALENA,292104,XMAG,33.85061,-107.539,8495,8/23/2026,F,59,83,21,48,3,6,5,8,,782,0.0,N
MALPAIS LAVA FLOW,293301,XMAL,34.85181,-108.17461,7514,8/23/2026,F,55,86,20,69,1,15,1,21,,745,0.0,N
MAYHILL,293002,XMAY,32.90947,-105.46981,6599,8/23/2026,F,60,93,16,48,3,6,10,16,,767,0.0,N
MCGREGGOR RANGE,292901,XMCG,32.43133,-105.62181,4832,8/23/2026,F,69,101,13,38,5,8,7,13,,877,0.0,N
MELROSE RANGE,291901,XMEL,34.28422,-103.71497,4263,8/23/2026,F,72,101,12,43,5,11,7,16,1/7/1 17:00 LMT,858,0.0,N
MESCAL,293003,XMES,33.15803,-105.76881,6227,8/23/2026,F,57,90,19,55,3,7,6,15,,824,0.0,N
MIDNIGHT,55522315,XMID,36.77819,-105.34131,10815,8/23/2026,F,45,74,23,79,2,8,3,11,1/3/1 17:00 LMT,827,0.01,N
MILLS CANYON,291101,XMIL,36.05453,-104.32511,5881,8/23/2026,F,59,95,17,72,6,18,8,25,,859,0.02,N
MOGOLLON,292013,XMOG,33.39064,-108.80819,7602,8/23/2026,F,64,89,20,42,3,11,5,16,,779,0.0,N
MOHAWK DUNES,55522318,AMOD,32.68878,-113.74889,524,8/23/2026,F,85,108,24,63,3,9,7,16,,783,0.0,N
MORMON LAKE,20215,AMOL,34.90972,-111.43842,7094,8/23/2026,F,57,84,25,67,1,2,3,10,,552,0.04,N
MOSS BASIN,20115,AMOS,35.03397,-113.89406,5920,8/23/2026,F,67,88,26,49,3,8,7,13,,776,0.0,N
MOUNTAINAIR,291501,XMOU,34.52081,-106.26269,6593,8/23/2026,F,62,92,16,48,2,7,3,9,,801,0.0,N
MOUNTAIN LION,20310,AFAP,33.69511,-109.71078,7269,8/23/2026,F,57,85,23,60,1,2,5,9,,749,0.0,N
MOUNT LOGAN,20107,AMTL,36.35306,-113.19917,7605,8/23/2026,F,64,79,28,40,5,8,11,21,,861,0.02,N
MULESHOE RANCH,21007,AMUL,32.40383,-110.272,4475,8/23/2026,F,71,96,22,57,2,8,7,21,,879,0.0,N
MUSIC MOUNTAIN,20119,AMUS,35.61497,-113.79428,5375,8/23/2026,F,70,92,21,44,6,10,10,18,,843,0.0,N
NAVAJO MONUMENT,20307,ANAV,36.67667,-110.54389,7204,8/23/2026,F,61,86,19,50,3,7,7,10,,690,0.0,N
NEVERSHINE,55522326,ANEV,36.24753,-113.88851,2165,8/23/2026,F,85,104,15,27,6,9,9,11,1/1/1 17:00 LMT,792,0.0,N
NIXON FLATS,20113,ANIX,36.38833,-113.15806,6500,8/23/2026,F,60,84,24,54,2,6,3,16,,857,0.02,N
NOON CREEK,21010,ANOO,32.66778,-109.78806,4925,8/23/2026,F,71,99,15,41,5,10,9,18,,898,0.0,N
OAK CREEK,20219,AOAK,34.94686,-111.75444,4804,8/23/2026,F,68,96,19,50,2,5,7,13,,728,0.0,N
OAK FLATS,291402,XOAK,35.00614,-106.31583,7675,8/23/2026,F,60,89,19,52,2,10,3,15,,800,0.0,N
OATMAN,21502,AOAT,33.04994,-113.13867,1715,8/23/2026,F,86,107,22,57,5,11,8,18,,769,0.0,N
OLAF KNOLLS,20108,AOLA,36.50725,-113.81589,2974,8/23/2026,F,81,102,15,27,6,10,11,22,,767,0.0,N
PADUCA,293202,XPAD,32.17983,-103.722,3534,8/23/2026,F,73,101,15,45,8,15,11,24,,870,0.0,N
PARIA POINT,20226,APAR,36.72753,-111.822,7106,8/23/2026,F,66,85,23,40,3,5,8,15,,688,0.02,N
PAYSON,20602,APAY,34.24614,-111.2935,5064,8/23/2026,F,67,95,22,59,1,6,3,14,,702,0.0,N
PECOS,291202,XPEC,35.54558,-105.49439,8229,8/23/2026,F,61,85,20,48,3,11,5,16,,803,0.0,N
PELONA MOUNTAIN,292009,XPEL,33.69375,-108.06161,7955,8/23/2026,F,60,85,19,50,5,9,7,13,,763,0.0,N
PICACHO PEAK,55522341,APIC,32.66314,-111.42154,1750,8/23/2026,F,81,101,23,59,1,8,3,15,,862,0.0,N
PINE,20612,APNE,34.37181,-111.4555,5313,8/23/2026,F,65,94,22,58,2,6,6,13,,745,0.0,N
PINEDALE,55522344,APND,34.30617,-110.23661,6461,8/23/2026,F,64,89,22,56,2,7,5,13,,776,0.0,N
PINEY HILL,20402,APIN,35.76111,-109.16719,8061,8/23/2026,F,60,80,24,54,2,5,6,11,,722,0.0,N
PLEASANT VALLEY,20603,APLE,34.08858,-110.94225,5232,8/23/2026,F,65,95,20,58,1,5,3,13,,855,0.0,N
PROMONTORY,20221,APRO,34.36528,-111.01444,7842,8/23/2026,F,62,80,33,52,2,2,7,10,,692,0.02,N
QUEEN,293105,XQUN,32.20361,-104.69031,5642,8/23/2026,F,69,95,14,36,5,9,13,19,,860,0.0,N
RAMAH,293305,XRAM,34.81947,-108.29439,7645,8/23/2026,F,55,86,20,72,1,16,1,23,,747,0.0,N
RED CANYON,55523735,XRDC,34.62289,-106.40831,8070,8/23/2026,F,61,81,19,39,3,9,5,13,,811,0.0,N
RED LAKE,20610,ARED,34.18133,-110.78919,6524,8/23/2026,F,58,87,27,72,1,3,5,10,,838,0.0,N
RESERVE,292005,XRES,33.71489,-108.777,5846,8/23/2026,F,57,93,16,69,3,13,5,17,,799,0.0,N
RINCON,21207,ARIN,32.20639,-110.54861,8209,8/23/2026,F,60,76,38,65,5,9,8,14,,781,0.0,N
RUCKER,21414,ARUC,31.76111,-109.34861,5700,8/23/2026,F,63,91,21,56,2,5,6,14,,769,0.0,N
SAGUARO,21202,ASAG,32.31111,-110.81861,2758,8/23/2026,F,78,104,22,60,2,7,5,17,,851,0.0,N
SAN ANDRES,292904,XSAA,32.58008,-106.52719,6137,8/23/2026,F,70,95,15,30,2,5,7,15,,898,0.0,N
SAN CARLOS #1,20608,ASCA,33.37165,-110.45683,2830,8/23/2026,F,77,105,16,45,2,8,6,18,,844,0.0,N
SANDIA LAB,291408,XSLB,35.00406,-106.41148,6321,8/23/2026,F,65,91,18,48,2,10,3,15,,821,0.0,N
SANDIA LAKES,290706,XSLK,35.22967,-106.59061,5027,8/23/2026,F,66,98,16,54,3,11,5,16,,842,0.0,N
SANTA FE WATERSHED,290901,XSFW,35.68686,-105.86031,7749,8/23/2026,F,56,86,17,57,1,9,1,13,,833,0.0,N
SASABE,21206,ASAS,31.69169,-111.44811,3500,8/23/2026,F,72,99,26,85,2,8,6,18,,893,0.0,N
SCOUT CAMP,21208,ASOL,32.39806,-110.725,7554,8/23/2026,F,64,82,37,62,5,8,9,16,,765,0.03,N
SELLS,21209,ASES,31.91014,-111.89743,2262,8/23/2026,F,79,103,26,72,2,7,7,16,,885,0.0,N
SEVILLETA,292105,XSEV,34.35844,-106.6895,5246,8/23/2026,F,67,97,14,47,2,7,3,9,,867,0.0,N
SHADOW RIM,20611,ASHA,34.40586,-111.28319,5660,8/23/2026,F,65,94,22,56,1,3,5,13,,696,0.0,N
SLAUGHTER,292008,XSLA,34.06056,-108.44472,8680,8/23/2026,F,57,80,24,57,2,14,3,19,,622,0.02,N
SMITH PEAK,21501,ASMI,34.11486,-113.34733,2386,8/23/2026,F,85,103,21,37,2,7,7,17,,826,0.03,N
SMOKEY BEAR,292203,XSMO,33.35019,-105.686,7194,8/23/2026,F,59,90,20,54,3,8,5,11,,798,0.0,N
SOWATS,55523737,ASOW,36.48242,-112.42281,7038,8/23/2026,F,60,86,22,52,5,8,8,13,,716,0.0,N
STANTON,20509,ASTA,34.16403,-112.73486,3600,8/23/2026,F,81,98,22,38,5,10,11,21,,831,0.0,N
STONE LAKE,290201,XSTO,36.73161,-106.86581,7436,8/23/2026,F,54,89,16,64,2,10,3,15,,740,0.0,N
STRAY HORSE,21106,ASTH,33.55253,-109.31719,7956,8/23/2026,F,62,80,22,45,3,13,8,18,,856,0.0,N
SUNSET POINT,20510,ASUN,34.18847,-112.13467,3380,8/23/2026,F,77,101,19,45,3,9,9,18,,741,0.0,N
TANKS,55522384,ATNK,33.67314,-110.57431,5801,8/23/2026,F,64,89,25,61,5,8,9,16,,857,0.0,N
TAOS PUEBLO RAWS,55522385,XTAP,36.41461,-105.55689,7135,8/23/2026,F,57,89,20,62,2,11,3,16,,807,0.0,N
T BAR,55523738,XTBA,33.51789,-108.52419,8047,8/23/2026,F,55,82,21,62,3,11,5,16,,798,0.0,N
TONTO BASIN,20606,ATON,33.86861,-111.31333,2414,8/23/2026,F,79,104,18,45,2,11,6,18,,845,0.0,N
TOWER,290801,XTOW,35.77899,-106.26611,6529,8/23/2026,F,63,92,16,52,5,9,7,13,,793,0.0,N
TRAIL CABIN,21105,ATRA,33.26478,-109.36789,6250,8/23/2026,F,67,93,16,45,5,8,8,17,,814,0.0,N
TRUCHAS,290210,XTRU,36.059,-105.7695,8353,8/23/2026,F,49,84,18,71,1,6,1,8,,854,0.0,N
TRUXTON CANYON,20120,ATRU,35.78013,-113.79563,5304,8/23/2026,F,75,89,23,36,5,8,9,21,,845,0.0,N
TUSAYAN,20207,ATUS,35.98833,-112.12056,6570,8/23/2026,F,53,88,22,72,0,2,2,9,,704,0.03,N
TWEEDS POINT,20109,ATWE,36.58186,-113.732,5334,8/23/2026,F,77,91,19,29,9,13,16,28,,744,0.0,N
UNION PASS,20116,AUNI,35.23233,-114.38194,3590,8/23/2026,F,82,97,20,32,2,8,6,19,,854,0.0,N
VERDE,20503,AVER,34.54917,-111.84417,3101,8/23/2026,F,72,104,18,64,2,3,5,11,,750,0.0,N
WARM SPRINGS CANYON,20216,AWAR,36.70117,-112.22689,7953,8/23/2026,F,57,81,25,51,5,7,9,13,,553,0.02,N
WASHINGTON PASS,290101,XWAS,36.0765,-108.8615,9384,8/23/2026,F,57,77,25,55,5,8,7,11,,646,0.0,N
WILD RIVERS,290307,XWDR,36.69469,-105.66872,7530,8/23/2026,F,51,86,19,74,1,11,1,16,,810,0.0,N
YELLOW JOHN MOUNTAIN,20217,AYEL,36.155,-113.54944,6160,8/23/2026,F,56,88,23,60,2,5,6,15,,806,0.05,N
ZUNI BUTTES,290603,XZUB,35.13919,-108.94131,6649,8/23/2026,F,57,91,18,67,2,15,3,21,,781,0.0,N
10K,55522198,X10K,35.2085,-106.43586,10065,8/23/2026,F,55,77,23,49,5,13,7,17,,822,0.0,N
AHAKHAV PRESERVE,21503,AAHA,34.13222,-114.32917,363,8/23/2026,F,86,108,22,52,2,8,7,16,,837,0.0,N
ALBINO CANYON,290102,XALB,36.97661,-107.62892,7173,8/23/2026,F,60,90,16,60,2,13,3,17,,782,0.0,N
ALPINE,20401,AALP,33.84272,-109.11161,8207,8/23/2026,F,56,80,25,62,2,5,7,11,,762,0.0,N
BAKERS TANK,55522210,AHBB,32.61528,-114.00836,563,8/23/2026,F,85,107,25,61,3,11,7,19,,849,0.0,N
BARTLEY,291002,XBAR,35.90875,-105.38769,9192,8/23/2026,F,56,79,23,55,2,8,3,11,1/3/1 17:00 LMT,797,0.01,N
BATDRAW,293101,XBAD,32.17861,-104.44056,4425,8/23/2026,F,75,100,13,32,5,13,9,24,,849,0.0,N
BEAVERHEAD,292001,XBEA,33.42353,-108.11019,6750,8/23/2026,F,54,90,18,72,5,7,7,9,,803,0.0,N
BELMONT,21504,ABEL,33.67411,-112.92281,1813,8/23/2026,F,84,104,21,48,3,7,8,16,,853,0.0,N
BLACK HILLS,21008,ABLA,33.08203,-109.95119,3262,8/23/2026,F,79,104,14,38,3,7,8,19,,868,0.0,N
BLACK MESA,290305,XBLM,36.03708,-106.04964,5762,8/23/2026,F,59,94,17,60,3,5,5,7,1/3/1 17:00 LMT,802,0.0,N
BLACK ROCK,20114,ABRK,36.79436,-113.75056,7224,8/23/2026,F,68,82,25,36,2,5,10,17,,832,0.0,N
BLUEWATER RIDGE,293303,XBLR,35.19411,-108.16336,8274,8/23/2026,F,58,82,23,56,3,9,5,13,,668,0.0,N
BOSQUE,292103,XBOS,33.82064,-106.88169,4523,8/23/2026,F,66,100,13,49,1,8,1,11,,883,0.0,N
BRIGHT ANGEL,20211,ACAN,36.20472,-112.06222,8134,8/23/2026,F,59,83,24,49,3,9,5,14,,702,0.0,N
BRUSHY MOUNTAIN,291301,XBRU,34.72,-107.8484,8789,8/23/2026,F,57,83,21,55,3,11,5,16,,774,0.0,N
BUCKSKIN MTN,20224,ABUC,36.91808,-112.19981,6334,8/23/2026,F,65,88,20,43,3,7,7,18,,695,0.0,N
BURRO MOUNTAIN,292504,XBUR,32.67203,-108.53969,6995,8/23/2026,F,68,93,16,36,5,10,8,19,,782,0.0,N
CANELO,21303,ACNL,31.54972,-110.51917,4629,8/23/2026,F,66,92,28,76,3,9,8,17,,799,0.0,N
CAPROCK,293104,XCAP,32.92728,-103.85689,4167,8/23/2026,F,71,100,13,44,8,16,13,24,,870,0.0,N
CARR,21411,ACAA,31.44111,-110.28611,5400,8/23/2026,F,68,94,26,68,2,9,7,22,,875,0.0,N
CASA GRANDE,20906,ACSG,32.99177,-111.53264,1412,8/23/2026,F,84,105,21,52,3,9,5,16,,859,0.0,N
CAVE CREEK,55522232,ACAV,34.0899,-111.8465,3477,8/23/2026,F,73,101,19,53,2,7,6,16,,811,0.01,N
CEDAR RIDGE,55523718,ACED,32.59872,-110.76231,4735,8/23/2026,F,74,96,24,54,6,11,9,19,,846,0.0,N
CHERRY,20511,ACHE,34.59661,-112.04761,5147,8/23/2026,F,63,94,23,68,3,5,8,14,,688,0.0,N
CHUPADERA,292102,XCHU,33.77294,-106.0985,5580,8/23/2026,F,67,96,14,44,1,9,1,13,,868,0.0,N
CIBOLA,20121,ACBL,33.28,-114.68489,252,8/23/2026,F,87,110,22,61,5,9,8,21,1/2/1 17:00 LMT,870,0.0,N
CIMARRON,290401,XCIM,36.60611,-105.12028,8806,8/23/2026,F,50,81,22,77,3,8,5,11,1/3/1 17:00 LMT,814,0.04,N
CIPRIANO,55522238,ARIP,32.4235,-114.16211,1042,8/23/2026,F,86,105,28,61,3,13,7,22,,776,0.0,N
COLUMBINE,21005,ACOL,32.70389,-109.91389,9521,8/23/2026,F,55,75,32,64,2,5,9,13,,823,0.0,N
COSMIC,293004,XCOS,32.77925,-105.81989,9172,8/23/2026,F,57,81,23,44,2,6,8,16,,814,0.0,N
COYOTE,290202,XCOY,36.07333,-106.65739,8704,8/23/2026,F,54,84,22,59,6,9,8,13,,725,0.0,N
CROWN KING,20502,ACRO,34.20336,-112.34561,6173,8/23/2026,F,66,89,26,56,2,5,7,13,,724,0.03,N
CUBA,290705,XCUB,35.942,-107.07739,6890,8/23/2026,F,60,90,15,48,2,11,3,16,,839,0.0,N
DATIL,292012,XDAT,34.29256,-107.768,8431,8/23/2026,F,57,82,22,55,5,9,7,13,,779,0.0,N
DEADMAN PEAK,290203,XDEA,36.4229,-106.772,8389,8/23/2026,F,57,84,15,50,2,9,3,13,,751,0.0,N
DEVILS HILLS,55522251,ADVH,32.42483,-113.79011,836,8/23/2026,F,85,106,26,63,3,13,6,21,,869,0.0,N
DRIPPING SPRINGS,292903,XDRI,32.32225,-106.58661,5814,8/23/2026,F,74,96,14,26,2,6,7,18,,895,0.0,N
DRY LAKE,21009,ADRL,33.35982,-109.83306,7405,8/23/2026,F,64,89,20,48,3,6,9,15,,824,0.0,N
DRY PARK,20212,ADRY,36.45308,-112.23819,8700,8/23/2026,F,54,79,27,57,2,7,5,11,,602,0.0,N
DULCE #2,290205,XDUL,36.93519,-107.00011,6805,8/23/2026,F,51,91,17,77,1,10,1,15,,775,0.0,N
DUNKEN,292302,XDUN,32.82467,-105.18261,5431,8/23/2026,F,68,96,14,36,6,11,8,16,,827,0.0,N
DUTCH KID,55522257,ADUT,35.12931,-112.28219,6505,8/23/2026,F,59,88,23,65,2,7,7,15,,735,0.0,N
EIGHT MILE DRAW,292301,XEIG,33.65064,-104.32139,3626,8/23/2026,F,71,104,12,44,5,10,7,15,,863,0.0,N
EMPIRE,21205,AEMP,31.78347,-110.64325,4650,8/23/2026,F,68,94,26,73,2,7,6,17,,824,0.0,N
FLAGSTAFF,20209,AFLG,35.14111,-111.6725,6903,8/23/2026,F,56,85,23,67,0,3,5,13,,694,0.04,N
FORT YUMA,20102,AFYM,32.65222,-114.63417,185,8/23/2026,F,87,108,25,68,5,10,9,18,,880,0.0,N
FOUR SPRINGS,20227,AFOU,36.79367,-112.04239,6560,8/23/2026,F,67,85,21,39,3,6,8,14,,604,0.06,N
FRAZIER WELLS,20213,AFRA,35.84551,-113.05501,6796,8/23/2026,F,66,84,25,47,2,8,6,13,,744,0.08,N
FTHL YDMA,55522271,AFTH,32.48658,-114.4635,331,8/23/2026,F,87,108,26,68,6,16,9,22,,880,0.0,N
GILA CENTER RAWS,292011,XGIL,33.22375,-108.24031,5767,8/23/2026,F,56,94,16,72,3,7,5,9,,801,0.0,N
GLOBE,20601,AGLO,33.32694,-110.76694,4137,8/23/2026,F,78,96,22,42,5,8,10,19,,843,0.0,N
GOLDFIELD,21505,AGOL,33.55531,-111.6145,1367,8/23/2026,F,85,107,19,46,1,9,2,11,,822,0.0,N
GOODWIN MESA,20507,AGOO,34.77614,-113.3375,4311,8/23/2026,F,74,97,21,46,3,9,5,13,,784,0.0,N
GRANTS,291302,XGRA,35.24278,-107.66528,8620,8/23/2026,F,54,82,21,66,3,8,5,11,,716,0.0,N
GREENBASE,20284,AGRB,35.27619,-112.06325,6923,8/23/2026,F,56,84,25,67,1,6,3,13,,711,0.05,N
GREER,20404,AGRE,34.05853,-109.44097,8240,8/23/2026,F,56,79,28,59,2,6,5,13,,699,0.0,N
GUNSIGHT,20223,AGUN,36.70464,-112.5835,5284,8/23/2026,F,68,94,18,40,2,7,6,18,,657,0.0,N
GUTHRIE,21104,AGUT,32.88203,-109.30931,6324,8/23/2026,F,71,92,16,37,3,15,13,25,,894,0.0,N
HACHITA VALLEY,292702,XHAC,31.702,-108.34169,4290,8/23/2026,F,70,103,13,46,3,8,6,11,,910,0.0,N
HAPPY JACK,20291,AHJK,34.61797,-111.34239,6812,8/23/2026,F,57,85,26,72,0,5,3,14,,625,0.03,N
HAVASU,20118,AHAV,34.80758,-114.53456,475,8/23/2026,F,86,112,17,46,2,6,5,16,,805,0.0,N
HEADQUARTERS,21409,ACHR,32.00611,-109.35694,5400,8/23/2026,F,68,95,18,49,2,6,6,13,,826,0.0,N
HEBER,20301,AHBR,34.39778,-110.56444,6635,8/23/2026,F,60,86,25,62,1,5,5,13,,743,0.02,N
HILLTOP,20609,AHIL,33.61119,-110.41461,5732,8/23/2026,F,62,91,23,68,2,7,6,13,,758,0.0,N
HOPI,20312,AHPI,35.86292,-110.61495,5579,8/23/2026,F,62,95,17,56,3,9,6,19,,868,0.0,N
HOPKINS,21302,AHPK,31.67528,-110.88,7120,8/23/2026,F,65,84,35,61,5,9,7,14,,816,0.0,N
HORSE CAMP CANYON,20903,AHOR,32.93656,-110.4935,4014,8/23/2026,F,75,98,21,50,3,13,7,25,,861,0.0,N
HUMBUG CREEK,20508,AHUM,34.11,-112.3,5250,8/23/2026,F,74,91,27,43,3,13,8,23,,747,0.0,N
HURRICANE,20117,AHUR,36.69908,-113.20731,5445,8/23/2026,F,68,91,20,40,7,10,13,23,,828,0.02,N
IRON SPRINGS,20501,AIRO,34.59361,-112.51139,5385,8/23/2026,F,65,89,25,61,1,5,5,15,,822,0.04,N
JARITA MESA,290204,XJAR,36.55597,-106.10306,8864,8/23/2026,F,55,82,22,60,2,7,3,9,1/3/1 17:00 LMT,523,0.05,N
JEMEZ,290702,XJEM,35.84114,-106.61969,8248,8/23/2026,F,57,86,19,55,5,11,7,16,,645,0.0,N
LAGUNA,293304,XLAG,35.05197,-107.42028,5805,8/23/2026,F,65,93,15,50,2,9,3,13,,826,0.0,N
LAKESIDE,20303,ALAK,34.16283,-109.87639,7267,8/23/2026,F,58,83,27,67,2,5,6,13,,752,0.03,N
LIMESTONE CANYON,20309,ALIM,34.17786,-110.27663,7102,8/23/2026,F,64,89,22,52,3,6,5,11,,785,0.0,N
LINDBERGH HILL,20220,ALBE,36.28556,-112.07861,8800,8/23/2026,F,56,80,25,53,3,7,8,11,,625,0.01,N
LUNA,292004,XLUN,33.82289,-108.94311,7088,8/23/2026,F,54,87,20,72,2,11,3,16,,790,0.0,N
MAGDALENA,292104,XMAG,33.85061,-107.539,8495,8/23/2026,F,59,83,21,48,3,6,5,8,,782,0.0,N
MALPAIS LAVA FLOW,293301,XMAL,34.85181,-108.17461,7514,8/23/2026,F,55,86,20,69,1,15,1,21,,745,0.0,N
MAYHILL,293002,XMAY,32.90947,-105.46981,6599,8/23/2026,F,60,93,16,48,3,6,10,16,,767,0.0,N
MCGREGGOR RANGE,292901,XMCG,32.43133,-105.62181,4832,8/23/2026,F,69,101,13,38,5,8,7,13,,877,0.0,N
MELROSE RANGE,291901,XMEL,34.28422,-103.71497,4263,8/23/2026,F,72,101,12,43,5,11,7,16,1/7/1 17:00 LMT,858,0.0,N
MESCAL,293003,XMES,33.15803,-105.76881,6227,8/23/2026,F,57,90,19,55,3,7,6,15,,824,0.0,N
MIDNIGHT,55522315,XMID,36.77819,-105.34131,10815,8/23/2026,F,45,74,23,79,2,8,3,11,1/3/1 17:00 LMT,827,0.01,N
MILLS CANYON,291101,XMIL,36.05453,-104.32511,5881,8/23/2026,F,59,95,17,72,6,18,8,25,,859,0.02,N
MOGOLLON,292013,XMOG,33.39064,-108.80819,7602,8/23/2026,F,64,89,20,42,3,11,5,16,,779,0.0,N
MOHAWK DUNES,55522318,AMOD,32.68878,-113.74889,524,8/23/2026,F,85,108,24,63,3,9,7,16,,783,0.0,N
MORMON LAKE,20215,AMOL,34.90972,-111.43842,7094,8/23/2026,F,57,84,25,67,1,2,3,10,,552,0.04,N
MOSS BASIN,20115,AMOS,35.03397,-113.89406,5920,8/23/2026,F,67,88,26,49,3,8,7,13,,776,0.0,N
MOUNTAINAIR,291501,XMOU,34.52081,-106.26269,6593,8/23/2026,F,62,92,16,48,2,7,3,9,,801,0.0,N
MOUNTAIN LION,20310,AFAP,33.69511,-109.71078,7269,8/23/2026,F,57,85,23,60,1,2,5,9,,749,0.0,N
MOUNT LOGAN,20107,AMTL,36.35306,-113.19917,7605,8/23/2026,F,64,79,28,40,5,8,11,21,,861,0.02,N
MULESHOE RANCH,21007,AMUL,32.40383,-110.272,4475,8/23/2026,F,71,96,22,57,2,8,7,21,,879,0.0,N
MUSIC MOUNTAIN,20119,AMUS,35.61497,-113.79428,5375,8/23/2026,F,70,92,21,44,6,10,10,18,,843,0.0,N
NAVAJO MONUMENT,20307,ANAV,36.67667,-110.54389,7204,8/23/2026,F,61,86,19,50,3,7,7,10,,690,0.0,N
NEVERSHINE,55522326,ANEV,36.24753,-113.88851,2165,8/23/2026,F,85,104,15,27,6,9,9,11,1/1/1 17:00 LMT,792,0.0,N
NIXON FLATS,20113,ANIX,36.38833,-113.15806,6500,8/23/2026,F,60,84,24,54,2,6,3,16,,857,0.02,N
NOON CREEK,21010,ANOO,32.66778,-109.78806,4925,8/23/2026,F,71,99,15,41,5,10,9,18,,898,0.0,N
OAK CREEK,20219,AOAK,34.94686,-111.75444,4804,8/23/2026,F,68,96,19,50,2,5,7,13,,728,0.0,N
OAK FLATS,291402,XOAK,35.00614,-106.31583,7675,8/23/2026,F,60,89,19,52,2,10,3,15,,800,0.0,N
OATMAN,21502,AOAT,33.04994,-113.13867,1715,8/23/2026,F,86,107,22,57,5,11,8,18,,769,0.0,N
OLAF KNOLLS,20108,AOLA,36.50725,-113.81589,2974,8/23/2026,F,81,102,15,27,6,10,11,22,,767,0.0,N
PADUCA,293202,XPAD,32.17983,-103.722,3534,8/23/2026,F,73,101,15,45,8,15,11,24,,870,0.0,N
PARIA POINT,20226,APAR,36.72753,-111.822,7106,8/23/2026,F,66,85,23,40,3,5,8,15,,688,0.02,N
PAYSON,20602,APAY,34.24614,-111.2935,5064,8/23/2026,F,67,95,22,59,1,6,3,14,,702,0.0,N
PECOS,291202,XPEC,35.54558,-105.49439,8229,8/23/2026,F,61,85,20,48,3,11,5,16,,803,0.0,N
PELONA MOUNTAIN,292009,XPEL,33.69375,-108.06161,7955,8/23/2026,F,60,85,19,50,5,9,7,13,,763,0.0,N
PICACHO PEAK,55522341,APIC,32.66314,-111.42154,1750,8/23/2026,F,81,101,23,59,1,8,3,15,,862,0.0,N
PINE,20612,APNE,34.37181,-111.4555,5313,8/23/2026,F,65,94,22,58,2,6,6,13,,745,0.0,N
PINEDALE,55522344,APND,34.30617,-110.23661,6461,8/23/2026,F,64,89,22,56,2,7,5,13,,776,0.0,N
PINEY HILL,20402,APIN,35.76111,-109.16719,8061,8/23/2026,F,60,80,24,54,2,5,6,11,,722,0.0,N
PLEASANT VALLEY,20603,APLE,34.08858,-110.94225,5232,8/23/2026,F,65,95,20,58,1,5,3,13,,855,0.0,N
PROMONTORY,20221,APRO,34.36528,-111.01444,7842,8/23/2026,F,62,80,33,52,2,2,7,10,,692,0.02,N
QUEEN,293105,XQUN,32.20361,-104.69031,5642,8/23/2026,F,69,95,14,36,5,9,13,19,,860,0.0,N
RAMAH,293305,XRAM,34.81947,-108.29439,7645,8/23/2026,F,55,86,20,72,1,16,1,23,,747,0.0,N
RED CANYON,55523735,XRDC,34.62289,-106.40831,8070,8/23/2026,F,61,81,19,39,3,9,5,13,,811,0.0,N
RED LAKE,20610,ARED,34.18133,-110.78919,6524,8/23/2026,F,58,87,27,72,1,3,5,10,,838,0.0,N
RESERVE,292005,XRES,33.71489,-108.777,5846,8/23/2026,F,57,93,16,69,3,13,5,17,,799,0.0,N
RINCON,21207,ARIN,32.20639,-110.54861,8209,8/23/2026,F,60,76,38,65,5,9,8,14,,781,0.0,N
RUCKER,21414,ARUC,31.76111,-109.34861,5700,8/23/2026,F,63,91,21,56,2,5,6,14,,769,0.0,N
SAGUARO,21202,ASAG,32.31111,-110.81861,2758,8/23/2026,F,78,104,22,60,2,7,5,17,,851,0.0,N
SAN ANDRES,292904,XSAA,32.58008,-106.52719,6137,8/23/2026,F,70,95,15,30,2,5,7,15,,898,0.0,N
SAN CARLOS #1,20608,ASCA,33.37165,-110.45683,2830,8/23/2026,F,77,105,16,45,2,8,6,18,,844,0.0,N
SANDIA LAB,291408,XSLB,35.00406,-106.41148,6321,8/23/2026,F,65,91,18,48,2,10,3,15,,821,0.0,N
SANDIA LAKES,290706,XSLK,35.22967,-106.59061,5027,8/23/2026,F,66,98,16,54,3,11,5,16,,842,0.0,N
SANTA FE WATERSHED,290901,XSFW,35.68686,-105.86031,7749,8/23/2026,F,56,86,17,57,1,9,1,13,,833,0.0,N
SASABE,21206,ASAS,31.69169,-111.44811,3500,8/23/2026,F,72,99,26,85,2,8,6,18,,893,0.0,N
SCOUT CAMP,21208,ASOL,32.39806,-110.725,7554,8/23/2026,F,64,82,37,62,5,8,9,16,,765,0.03,N
SELLS,21209,ASES,31.91014,-111.89743,2262,8/23/2026,F,79,103,26,72,2,7,7,16,,885,0.0,N
SEVILLETA,292105,XSEV,34.35844,-106.6895,5246,8/23/2026,F,67,97,14,47,2,7,3,9,,867,0.0,N
SHADOW RIM,20611,ASHA,34.40586,-111.28319,5660,8/23/2026,F,65,94,22,56,1,3,5,13,,696,0.0,N
SLAUGHTER,292008,XSLA,34.06056,-108.44472,8680,8/23/2026,F,57,80,24,57,2,14,3,19,,622,0.02,N
SMITH PEAK,21501,ASMI,34.11486,-113.34733,2386,8/23/2026,F,85,103,21,37,2,7,7,17,,826,0.03,N
SMOKEY BEAR,292203,XSMO,33.35019,-105.686,7194,8/23/2026,F,59,90,20,54,3,8,5,11,,798,0.0,N
SOWATS,55523737,ASOW,36.48242,-112.42281,7038,8/23/2026,F,60,86,22,52,5,8,8,13,,716,0.0,N
STANTON,20509,ASTA,34.16403,-112.73486,3600,8/23/2026,F,81,98,22,38,5,10,11,21,,831,0.0,N
STONE LAKE,290201,XSTO,36.73161,-106.86581,7436,8/23/2026,F,54,89,16,64,2,10,3,15,,740,0.0,N
STRAY HORSE,21106,ASTH,33.55253,-109.31719,7956,8/23/2026,F,62,80,22,45,3,13,8,18,,856,0.0,N
SUNSET POINT,20510,ASUN,34.18847,-112.13467,3380,8/23/2026,F,77,101,19,45,3,9,9,18,,741,0.0,N
TANKS,55522384,ATNK,33.67314,-110.57431,5801,8/23/2026,F,64,89,25,61,5,8,9,16,,857,0.0,N
TAOS PUEBLO RAWS,55522385,XTAP,36.41461,-105.55689,7135,8/23/2026,F,57,89,20,62,2,11,3,16,,807,0.0,N
T BAR,55523738,XTBA,33.51789,-108.52419,8047,8/23/2026,F,55,82,21,62,3,11,5,16,,798,0.0,N
TONTO BASIN,20606,ATON,33.86861,-111.31333,2414,8/23/2026,F,79,104,18,45,2,11,6,18,,845,0.0,N
TOWER,290801,XTOW,35.77899,-106.26611,6529,8/23/2026,F,63,92,16,52,5,9,7,13,,793,0.0,N
TRAIL CABIN,21105,ATRA,33.26478,-109.36789,6250,8/23/2026,F,67,93,16,45,5,8,8,17,,814,0.0,N
TRUCHAS,290210,XTRU,36.059,-105.7695,8353,8/23/2026,F,49,84,18,71,1,6,1,8,,854,0.0,N
TRUXTON CANYON,20120,ATRU,35.78013,-113.79563,5304,8/23/2026,F,75,89,23,36,5,8,9,21,,845,0.0,N
TUSAYAN,20207,ATUS,35.98833,-112.12056,6570,8/23/2026,F,53,88,22,72,0,2,2,9,,704,0.03,N
TWEEDS POINT,20109,ATWE,36.58186,-113.732,5334,8/23/2026,F,77,91,19,29,9,13,16,28,,744,0.0,N
UNION PASS,20116,AUNI,35.23233,-114.38194,3590,8/23/2026,F,82,97,20,32,2,8,6,19,,854,0.0,N
VERDE,20503,AVER,34.54917,-111.84417,3101,8/23/2026,F,72,104,18,64,2,3,5,11,,750,0.0,N
WARM SPRINGS CANYON,20216,AWAR,36.70117,-112.22689,7953,8/23/2026,F,57,81,25,51,5,7,9,13,,553,0.02,N
WASHINGTON PASS,290101,XWAS,36.0765,-108.8615,9384,8/23/2026,F,57,77,25,55,5,8,7,11,,646,0.0,N
WILD RIVERS,290307,XWDR,36.69469,-105.66872,7530,8/23/2026,F,51,86,19,74,1,11,1,16,,810,0.0,N
YELLOW JOHN MOUNTAIN,20217,AYEL,36.155,-113.54944,6160,8/23/2026,F,56,88,23,60,2,5,6,15,,806,0.05,N
ZUNI BUTTES,290603,XZUB,35.13919,-108.94131,6649,8/23/2026,F,57,91,18,67,2,15,3,21,,781,0.0,N
10K,55522198,X10K,35.2085,-106.43586,10065,8/23/2026,F,55,77,23,49,5,13,7,17,,822,0.0,N
AHAKHAV PRESERVE,21503,AAHA,34.13222,-114.32917,363,8/23/2026,F,86,108,22,52,2,8,7,16,,837,0.0,N
ALBINO CANYON,290102,XALB,36.97661,-107.62892,7173,8/23/2026,F,60,90,16,60,2,13,3,17,,782,0.0,N
ALPINE,20401,AALP,33.84272,-109.11161,8207,8/23/2026,F,56,80,25,62,2,5,7,11,,762,0.0,N
BAKERS TANK,55522210,AHBB,32.61528,-114.00836,563,8/23/2026,F,85,107,25,61,3,11,7,19,,849,0.0,N
BARTLEY,291002,XBAR,35.90875,-105.38769,9192,8/23/2026,F,56,79,23,55,2,8,3,11,1/3/1 17:00 LMT,797,0.01,N
BATDRAW,293101,XBAD,32.17861,-104.44056,4425,8/23/2026,F,75,100,13,32,5,13,9,24,,849,0.0,N
BEAVERHEAD,292001,XBEA,33.42353,-108.11019,6750,8/23/2026,F,54,90,18,72,5,7,7,9,,803,0.0,N
BELMONT,21504,ABEL,33.67411,-112.92281,1813,8/23/2026,F,84,104,21,48,3,7,8,16,,853,0.0,N
BLACK HILLS,21008,ABLA,33.08203,-109.95119,3262,8/23/2026,F,79,104,14,38,3,7,8,19,,868,0.0,N
BLACK MESA,290305,XBLM,36.03708,-106.04964,5762,8/23/2026,F,59,94,17,60,3,5,5,7,1/3/1 17:00 LMT,802,0.0,N
BLACK ROCK,20114,ABRK,36.79436,-113.75056,7224,8/23/2026,F,68,82,25,36,2,5,10,17,,832,0.0,N
BLUEWATER RIDGE,293303,XBLR,35.19411,-108.16336,8274,8/23/2026,F,58,82,23,56,3,9,5,13,,668,0.0,N
BOSQUE,292103,XBOS,33.82064,-106.88169,4523,8/23/2026,F,66,100,13,49,1,8,1,11,,883,0.0,N
BRIGHT ANGEL,20211,ACAN,36.20472,-112.06222,8134,8/23/2026,F,59,83,24,49,3,9,5,14,,702,0.0,N
BRUSHY MOUNTAIN,291301,XBRU,34.72,-107.8484,8789,8/23/2026,F,57,83,21,55,3,11,5,16,,774,0.0,N
BUCKSKIN MTN,20224,ABUC,36.91808,-112.19981,6334,8/23/2026,F,65,88,20,43,3,7,7,18,,695,0.0,N
BURRO MOUNTAIN,292504,XBUR,32.67203,-108.53969,6995,8/23/2026,F,68,93,16,36,5,10,8,19,,782,0.0,N
CANELO,21303,ACNL,31.54972,-110.51917,4629,8/23/2026,F,66,92,28,76,3,9,8,17,,799,0.0,N
CAPROCK,293104,XCAP,32.92728,-103.85689,4167,8/23/2026,F,71,100,13,44,8,16,13,24,,870,0.0,N
CARR,21411,ACAA,31.44111,-110.28611,5400,8/23/2026,F,68,94,26,68,2,9,7,22,,875,0.0,N
CASA GRANDE,20906,ACSG,32.99177,-111.53264,1412,8/23/2026,F,84,105,21,52,3,9,5,16,,859,0.0,N
CAVE CREEK,55522232,ACAV,34.0899,-111.8465,3477,8/23/2026,F,73,101,19,53,2,7,6,16,,811,0.01,N
CEDAR RIDGE,55523718,ACED,32.59872,-110.76231,4735,8/23/2026,F,74,96,24,54,6,11,9,19,,846,0.0,N
CHERRY,20511,ACHE,34.59661,-112.04761,5147,8/23/2026,F,63,94,23,68,3,5,8,14,,688,0.0,N
CHUPADERA,292102,XCHU,33.77294,-106.0985,5580,8/23/2026,F,67,96,14,44,1,9,1,13,,868,0.0,N
CIBOLA,20121,ACBL,33.28,-114.68489,252,8/23/2026,F,87,110,22,61,5,9,8,21,1/2/1 17:00 LMT,870,0.0,N
CIMARRON,290401,XCIM,36.60611,-105.12028,8806,8/23/2026,F,50,81,22,77,3,8,5,11,1/3/1 17:00 LMT,814,0.04,N
CIPRIANO,55522238,ARIP,32.4235,-114.16211,1042,8/23/2026,F,86,105,28,61,3,13,7,22,,776,0.0,N
COLUMBINE,21005,ACOL,32.70389,-109.91389,9521,8/23/2026,F,55,75,32,64,2,5,9,13,,823,0.0,N
COSMIC,293004,XCOS,32.77925,-105.81989,9172,8/23/2026,F,57,81,23,44,2,6,8,16,,814,0.0,N
COYOTE,290202,XCOY,36.07333,-106.65739,8704,8/23/2026,F,54,84,22,59,6,9,8,13,,725,0.0,N
CROWN KING,20502,ACRO,34.20336,-112.34561,6173,8/23/2026,F,66,89,26,56,2,5,7,13,,724,0.03,N
CUBA,290705,XCUB,35.942,-107.07739,6890,8/23/2026,F,60,90,15,48,2,11,3,16,,839,0.0,N
DATIL,292012,XDAT,34.29256,-107.768,8431,8/23/2026,F,57,82,22,55,5,9,7,13,,779,0.0,N
DEADMAN PEAK,290203,XDEA,36.4229,-106.772,8389,8/23/2026,F,57,84,15,50,2,9,3,13,,751,0.0,N
DEVILS HILLS,55522251,ADVH,32.42483,-113.79011,836,8/23/2026,F,85,106,26,63,3,13,6,21,,869,0.0,N
DRIPPING SPRINGS,292903,XDRI,32.32225,-106.58661,5814,8/23/2026,F,74,96,14,26,2,6,7,18,,895,0.0,N
DRY LAKE,21009,ADRL,33.35982,-109.83306,7405,8/23/2026,F,64,89,20,48,3,6,9,15,,824,0.0,N
DRY PARK,20212,ADRY,36.45308,-112.23819,8700,8/23/2026,F,54,79,27,57,2,7,5,11,,602,0.0,N
DULCE #2,290205,XDUL,36.93519,-107.00011,6805,8/23/2026,F,51,91,17,77,1,10,1,15,,775,0.0,N
DUNKEN,292302,XDUN,32.82467,-105.18261,5431,8/23/2026,F,68,96,14,36,6,11,8,16,,827,0.0,N
DUTCH KID,55522257,ADUT,35.12931,-112.28219,6505,8/23/2026,F,59,88,23,65,2,7,7,15,,735,0.0,N
EIGHT MILE DRAW,292301,XEIG,33.65064,-104.32139,3626,8/23/2026,F,71,104,12,44,5,10,7,15,,863,0.0,N
EMPIRE,21205,AEMP,31.78347,-110.64325,4650,8/23/2026,F,68,94,26,73,2,7,6,17,,824,0.0,N
FLAGSTAFF,20209,AFLG,35.14111,-111.6725,6903,8/23/2026,F,56,85,23,67,0,3,5,13,,694,0.04,N
FORT YUMA,20102,AFYM,32.65222,-114.63417,185,8/23/2026,F,87,108,25,68,5,10,9,18,,880,0.0,N
FOUR SPRINGS,20227,AFOU,36.79367,-112.04239,6560,8/23/2026,F,67,85,21,39,3,6,8,14,,604,0.06,N
FRAZIER WELLS,20213,AFRA,35.84551,-113.05501,6796,8/23/2026,F,66,84,25,47,2,8,6,13,,744,0.08,N
FTHL YDMA,55522271,AFTH,32.48658,-114.4635,331,8/23/2026,F,87,108,26,68,6,16,9,22,,880,0.0,N
GILA CENTER RAWS,292011,XGIL,33.22375,-108.24031,5767,8/23/2026,F,56,94,16,72,3,7,5,9,,801,0.0,N
GLOBE,20601,AGLO,33.32694,-110.76694,4137,8/23/2026,F,78,96,22,42,5,8,10,19,,843,0.0,N
GOLDFIELD,21505,AGOL,33.55531,-111.6145,1367,8/23/2026,F,85,107,19,46,1,9,2,11,,822,0.0,N
GOODWIN MESA,20507,AGOO,34.77614,-113.3375,4311,8/23/2026,F,74,97,21,46,3,9,5,13,,784,0.0,N
GRANTS,291302,XGRA,35.24278,-107.66528,8620,8/23/2026,F,54,82,21,66,3,8,5,11,,716,0.0,N
GREENBASE,20284,AGRB,35.27619,-112.06325,6923,8/23/2026,F,56,84,25,67,1,6,3,13,,711,0.05,N
GREER,20404,AGRE,34.05853,-109.44097,8240,8/23/2026,F,56,79,28,59,2,6,5,13,,699,0.0,N
GUNSIGHT,20223,AGUN,36.70464,-112.5835,5284,8/23/2026,F,68,94,18,40,2,7,6,18,,657,0.0,N
GUTHRIE,21104,AGUT,32.88203,-109.30931,6324,8/23/2026,F,71,92,16,37,3,15,13,25,,894,0.0,N
HACHITA VALLEY,292702,XHAC,31.702,-108.34169,4290,8/23/2026,F,70,103,13,46,3,8,6,11,,910,0.0,N
HAPPY JACK,20291,AHJK,34.61797,-111.34239,6812,8/23/2026,F,57,85,26,72,0,5,3,14,,625,0.03,N
HAVASU,20118,AHAV,34.80758,-114.53456,475,8/23/2026,F,86,112,17,46,2,6,5,16,,805,0.0,N
HEADQUARTERS,21409,ACHR,32.00611,-109.35694,5400,8/23/2026,F,68,95,18,49,2,6,6,13,,826,0.0,N
HEBER,20301,AHBR,34.39778,-110.56444,6635,8/23/2026,F,60,86,25,62,1,5,5,13,,743,0.02,N
HILLTOP,20609,AHIL,33.61119,-110.41461,5732,8/23/2026,F,62,91,23,68,2,7,6,13,,758,0.0,N
HOPI,20312,AHPI,35.86292,-110.61495,5579,8/23/2026,F,62,95,17,56,3,9,6,19,,868,0.0,N
HOPKINS,21302,AHPK,31.67528,-110.88,7120,8/23/2026,F,65,84,35,61,5,9,7,14,,816,0.0,N
HORSE CAMP CANYON,20903,AHOR,32.93656,-110.4935,4014,8/23/2026,F,75,98,21,50,3,13,7,25,,861,0.0,N
HUMBUG CREEK,20508,AHUM,34.11,-112.3,5250,8/23/2026,F,74,91,27,43,3,13,8,23,,747,0.0,N
HURRICANE,20117,AHUR,36.69908,-113.20731,5445,8/23/2026,F,68,91,20,40,7,10,13,23,,828,0.02,N
IRON SPRINGS,20501,AIRO,34.59361,-112.51139,5385,8/23/2026,F,65,89,25,61,1,5,5,15,,822,0.04,N
JARITA MESA,290204,XJAR,36.55597,-106.10306,8864,8/23/2026,F,55,82,22,60,2,7,3,9,1/3/1 17:00 LMT,523,0.05,N
JEMEZ,290702,XJEM,35.84114,-106.61969,8248,8/23/2026,F,57,86,19,55,5,11,7,16,,645,0.0,N
LAGUNA,293304,XLAG,35.05197,-107.42028,5805,8/23/2026,F,65,93,15,50,2,9,3,13,,826,0.0,N
LAKESIDE,20303,ALAK,34.16283,-109.87639,7267,8/23/2026,F,58,83,27,67,2,5,6,13,,752,0.03,N
LIMESTONE CANYON,20309,ALIM,34.17786,-110.27663,7102,8/23/2026,F,64,89,22,52,3,6,5,11,,785,0.0,N
LINDBERGH HILL,20220,ALBE,36.28556,-112.07861,8800,8/23/2026,F,56,80,25,53,3,7,8,11,,625,0.01,N
LUNA,292004,XLUN,33.82289,-108.94311,7088,8/23/2026,F,54,87,20,72,2,11,3,16,,790,0.0,N
MAGDALENA,292104,XMAG,33.85061,-107.539,8495,8/23/2026,F,59,83,21,48,3,6,5,8,,782,0.0,N
MALPAIS LAVA FLOW,293301,XMAL,34.85181,-108.17461,7514,8/23/2026,F,55,86,20,69,1,15,1,21,,745,0.0,N
MAYHILL,293002,XMAY,32.90947,-105.46981,6599,8/23/2026,F,60,93,16,48,3,6,10,16,,767,0.0,N
MCGREGGOR RANGE,292901,XMCG,32.43133,-105.62181,4832,8/23/2026,F,69,101,13,38,5,8,7,13,,877,0.0,N
MELROSE RANGE,291901,XMEL,34.28422,-103.71497,4263,8/23/2026,F,72,101,12,43,5,11,7,16,1/7/1 17:00 LMT,858,0.0,N
MESCAL,293003,XMES,33.15803,-105.76881,6227,8/23/2026,F,57,90,19,55,3,7,6,15,,824,0.0,N
MIDNIGHT,55522315,XMID,36.77819,-105.34131,10815,8/23/2026,F,45,74,23,79,2,8,3,11,1/3/1 17:00 LMT,827,0.01,N
MILLS CANYON,291101,XMIL,36.05453,-104.32511,5881,8/23/2026,F,59,95,17,72,6,18,8,25,,859,0.02,N
MOGOLLON,292013,XMOG,33.39064,-108.80819,7602,8/23/2026,F,64,89,20,42,3,11,5,16,,779,0.0,N
MOHAWK DUNES,55522318,AMOD,32.68878,-113.74889,524,8/23/2026,F,85,108,24,63,3,9,7,16,,783,0.0,N
MORMON LAKE,20215,AMOL,34.90972,-111.43842,7094,8/23/2026,F,57,84,25,67,1,2,3,10,,552,0.04,N
MOSS BASIN,20115,AMOS,35.03397,-113.89406,5920,8/23/2026,F,67,88,26,49,3,8,7,13,,776,0.0,N
MOUNTAINAIR,291501,XMOU,34.52081,-106.26269,6593,8/23/2026,F,62,92,16,48,2,7,3,9,,801,0.0,N
MOUNTAIN LION,20310,AFAP,33.69511,-109.71078,7269,8/23/2026,F,57,85,23,60,1,2,5,9,,749,0.0,N
MOUNT LOGAN,20107,AMTL,36.35306,-113.19917,7605,8/23/2026,F,64,79,28,40,5,8,11,21,,861,0.02,N
MULESHOE RANCH,21007,AMUL,32.40383,-110.272,4475,8/23/2026,F,71,96,22,57,2,8,7,21,,879,0.0,N
MUSIC MOUNTAIN,20119,AMUS,35.61497,-113.79428,5375,8/23/2026,F,70,92,21,44,6,10,10,18,,843,0.0,N
NAVAJO MONUMENT,20307,ANAV,36.67667,-110.54389,7204,8/23/2026,F,61,86,19,50,3,7,7,10,,690,0.0,N
NEVERSHINE,55522326,ANEV,36.24753,-113.88851,2165,8/23/2026,F,85,104,15,27,6,9,9,11,1/1/1 17:00 LMT,792,0.0,N
NIXON FLATS,20113,ANIX,36.38833,-113.15806,6500,8/23/2026,F,60,84,24,54,2,6,3,16,,857,0.02,N
NOON CREEK,21010,ANOO,32.66778,-109.78806,4925,8/23/2026,F,71,99,15,41,5,10,9,18,,898,0.0,N
OAK CREEK,20219,AOAK,34.94686,-111.75444,4804,8/23/2026,F,68,96,19,50,2,5,7,13,,728,0.0,N
OAK FLATS,291402,XOAK,35.00614,-106.31583,7675,8/23/2026,F,60,89,19,52,2,10,3,15,,800,0.0,N
OATMAN,21502,AOAT,33.04994,-113.13867,1715,8/23/2026,F,86,107,22,57,5,11,8,18,,769,0.0,N
OLAF KNOLLS,20108,AOLA,36.50725,-113.81589,2974,8/23/2026,F,81,102,15,27,6,10,11,22,,767,0.0,N
PADUCA,293202,XPAD,32.17983,-103.722,3534,8/23/2026,F,73,101,15,45,8,15,11,24,,870,0.0,N
PARIA POINT,20226,APAR,36.72753,-111.822,7106,8/23/2026,F,66,85,23,40,3,5,8,15,,688,0.02,N
PAYSON,20602,APAY,34.24614,-111.2935,5064,8/23/2026,F,67,95,22,59,1,6,3,14,,702,0.0,N
PECOS,291202,XPEC,35.54558,-105.49439,8229,8/23/2026,F,61,85,20,48,3,11,5,16,,803,0.0,N
PELONA MOUNTAIN,292009,XPEL,33.69375,-108.06161,7955,8/23/2026,F,60,85,19,50,5,9,7,13,,763,0.0,N
PICACHO PEAK,55522341,APIC,32.66314,-111.42154,1750,8/23/2026,F,81,101,23,59,1,8,3,15,,862,0.0,N
PINE,20612,APNE,34.37181,-111.4555,5313,8/23/2026,F,65,94,22,58,2,6,6,13,,745,0.0,N
PINEDALE,55522344,APND,34.30617,-110.23661,6461,8/23/2026,F,64,89,22,56,2,7,5,13,,776,0.0,N
PINEY HILL,20402,APIN,35.76111,-109.16719,8061,8/23/2026,F,60,80,24,54,2,5,6,11,,722,0.0,N
PLEASANT VALLEY,20603,APLE,34.08858,-110.94225,5232,8/23/2026,F,65,95,20,58,1,5,3,13,,855,0.0,N
PROMONTORY,20221,APRO,34.36528,-111.01444,7842,8/23/2026,F,62,80,33,52,2,2,7,10,,692,0.02,N
QUEEN,293105,XQUN,32.20361,-104.69031,5642,8/23/2026,F,69,95,14,36,5,9,13,19,,860,0.0,N
RAMAH,293305,XRAM,34.81947,-108.29439,7645,8/23/2026,F,55,86,20,72,1,16,1,23,,747,0.0,N
RED CANYON,55523735,XRDC,34.62289,-106.40831,8070,8/23/2026,F,61,81,19,39,3,9,5,13,,811,0.0,N
RED LAKE,20610,ARED,34.18133,-110.78919,6524,8/23/2026,F,58,87,27,72,1,3,5,10,,838,0.0,N
RESERVE,292005,XRES,33.71489,-108.777,5846,8/23/2026,F,57,93,16,69,3,13,5,17,,799,0.0,N
RINCON,21207,ARIN,32.20639,-110.54861,8209,8/23/2026,F,60,76,38,65,5,9,8,14,,781,0.0,N
RUCKER,21414,ARUC,31.76111,-109.34861,5700,8/23/2026,F,63,91,21,56,2,5,6,14,,769,0.0,N
SAGUARO,21202,ASAG,32.31111,-110.81861,2758,8/23/2026,F,78,104,22,60,2,7,5,17,,851,0.0,N
SAN ANDRES,292904,XSAA,32.58008,-106.52719,6137,8/23/2026,F,70,95,15,30,2,5,7,15,,898,0.0,N
SAN CARLOS #1,20608,ASCA,33.37165,-110.45683,2830,8/23/2026,F,77,105,16,45,2,8,6,18,,844,0.0,N
SANDIA LAB,291408,XSLB,35.00406,-106.41148,6321,8/23/2026,F,65,91,18,48,2,10,3,15,,821,0.0,N
SANDIA LAKES,290706,XSLK,35.22967,-106.59061,5027,8/23/2026,F,66,98,16,54,3,11,5,16,,842,0.0,N
SANTA FE WATERSHED,290901,XSFW,35.68686,-105.86031,7749,8/23/2026,F,56,86,17,57,1,9,1,13,,833,0.0,N
SASABE,21206,ASAS,31.69169,-111.44811,3500,8/23/2026,F,72,99,26,85,2,8,6,18,,893,0.0,N
SCOUT CAMP,21208,ASOL,32.39806,-110.725,7554,8/23/2026,F,64,82,37,62,5,8,9,16,,765,0.03,N
SELLS,21209,ASES,31.91014,-111.89743,2262,8/23/2026,F,79,103,26,72,2,7,7,16,,885,0.0,N
SEVILLETA,292105,XSEV,34.35844,-106.6895,5246,8/23/2026,F,67,97,14,47,2,7,3,9,,867,0.0,N
SHADOW RIM,20611,ASHA,34.40586,-111.28319,5660,8/23/2026,F,65,94,22,56,1,3,5,13,,696,0.0,N
SLAUGHTER,292008,XSLA,34.06056,-108.44472,8680,8/23/2026,F,57,80,24,57,2,14,3,19,,622,0.02,N
SMITH PEAK,21501,ASMI,34.11486,-113.34733,2386,8/23/2026,F,85,103,21,37,2,7,7,17,,826,0.03,N
SMOKEY BEAR,292203,XSMO,33.35019,-105.686,7194,8/23/2026,F,59,90,20,54,3,8,5,11,,798,0.0,N
SOWATS,55523737,ASOW,36.48242,-112.42281,7038,8/23/2026,F,60,86,22,52,5,8,8,13,,716,0.0,N
STANTON,20509,ASTA,34.16403,-112.73486,3600,8/23/2026,F,81,98,22,38,5,10,11,21,,831,0.0,N
STONE LAKE,290201,XSTO,36.73161,-106.86581,7436,8/23/2026,F,54,89,16,64,2,10,3,15,,740,0.0,N
STRAY HORSE,21106,ASTH,33.55253,-109.31719,7956,8/23/2026,F,62,80,22,45,3,13,8,18,,856,0.0,N
SUNSET POINT,20510,ASUN,34.18847,-112.13467,3380,8/23/2026,F,77,101,19,45,3,9,9,18,,741,0.0,N
TANKS,55522384,ATNK,33.67314,-110.57431,5801,8/23/2026,F,64,89,25,61,5,8,9,16,,857,0.0,N
TAOS PUEBLO RAWS,55522385,XTAP,36.41461,-105.55689,7135,8/23/2026,F,57,89,20,62,2,11,3,16,,807,0.0,N
T BAR,55523738,XTBA,33.51789,-108.52419,8047,8/23/2026,F,55,82,21,62,3,11,5,16,,798,0.0,N
TONTO BASIN,20606,ATON,33.86861,-111.31333,2414,8/23/2026,F,79,104,18,45,2,11,6,18,,845,0.0,N
TOWER,290801,XTOW,35.77899,-106.26611,6529,8/23/2026,F,63,92,16,52,5,9,7,13,,793,0.0,N
TRAIL CABIN,21105,ATRA,33.26478,-109.36789,6250,8/23/2026,F,67,93,16,45,5,8,8,17,,814,0.0,N
TRUCHAS,290210,XTRU,36.059,-105.7695,8353,8/23/2026,F,49,84,18,71,1,6,1,8,,854,0.0,N
TRUXTON CANYON,20120,ATRU,35.78013,-113.79563,5304,8/23/2026,F,75,89,23,36,5,8,9,21,,845,0.0,N
TUSAYAN,20207,ATUS,35.98833,-112.12056,6570,8/23/2026,F,53,88,22,72,0,2,2,9,,704,0.03,N
TWEEDS POINT,20109,ATWE,36.58186,-113.732,5334,8/23/2026,F,77,91,19,29,9,13,16,28,,744,0.0,N
UNION PASS,20116,AUNI,35.23233,-114.38194,3590,8/23/2026,F,82,97,20,32,2,8,6,19,,854,0.0,N
VERDE,20503,AVER,34.54917,-111.84417,3101,8/23/2026,F,72,104,18,64,2,3,5,11,,750,0.0,N
WARM SPRINGS CANYON,20216,AWAR,36.70117,-112.22689,7953,8/23/2026,F,57,81,25,51,5,7,9,13,,553,0.02,N
WASHINGTON PASS,290101,XWAS,36.0765,-108.8615,9384,8/23/2026,F,57,77,25,55,5,8,7,11,,646,0.0,N
WILD RIVERS,290307,XWDR,36.69469,-105.66872,7530,8/23/2026,F,51,86,19,74,1,11,1,16,,810,0.0,N
YELLOW JOHN MOUNTAIN,20217,AYEL,36.155,-113.54944,6160,8/23/2026,F,56,88,23,60,2,5,6,15,,806,0.05,N
ZUNI BUTTES,290603,XZUB,35.13919,-108.94131,6649,8/23/2026,F,57,91,18,67,2,15,3,21,,781,0.0,N
10K,55522198,X10K,35.2085,-106.43586,10065,8/23/2026,F,55,77,23,49,5,13,7,17,,822,0.0,N
AHAKHAV PRESERVE,21503,AAHA,34.13222,-114.32917,363,8/23/2026,F,86,108,22,52,2,8,7,16,,837,0.0,N
ALBINO CANYON,290102,XALB,36.97661,-107.62892,7173,8/23/2026,F,60,90,16,60,2,13,3,17,,782,0.0,N
ALPINE,20401,AALP,33.84272,-109.11161,8207,8/23/2026,F,56,80,25,62,2,5,7,11,,762,0.0,N
BAKERS TANK,55522210,AHBB,32.61528,-114.00836,563,8/23/2026,F,85,107,25,61,3,11,7,19,,849,0.0,N
BARTLEY,291002,XBAR,35.90875,-105.38769,9192,8/23/2026,F,56,79,23,55,2,8,3,11,1/3/1 17:00 LMT,797,0.01,N
BATDRAW,293101,XBAD,32.17861,-104.44056,4425,8/23/2026,F,75,100,13,32,5,13,9,24,,849,0.0,N
BEAVERHEAD,292001,XBEA,33.42353,-108.11019,6750,8/23/2026,F,54,90,18,72,5,7,7,9,,803,0.0,N
BELMONT,21504,ABEL,33.67411,-112.92281,1813,8/23/2026,F,84,104,21,48,3,7,8,16,,853,0.0,N
BLACK HILLS,21008,ABLA,33.08203,-109.95119,3262,8/23/2026,F,79,104,14,38,3,7,8,19,,868,0.0,N
BLACK MESA,290305,XBLM,36.03708,-106.04964,5762,8/23/2026,F,59,94,17,60,3,5,5,7,1/3/1 17:00 LMT,802,0.0,N
BLACK ROCK,20114,ABRK,36.79436,-113.75056,7224,8/23/2026,F,68,82,25,36,2,5,10,17,,832,0.0,N
BLUEWATER RIDGE,293303,XBLR,35.19411,-108.16336,8274,8/23/2026,F,58,82,23,56,3,9,5,13,,668,0.0,N
BOSQUE,292103,XBOS,33.82064,-106.88169,4523,8/23/2026,F,66,100,13,49,1,8,1,11,,883,0.0,N
BRIGHT ANGEL,20211,ACAN,36.20472,-112.06222,8134,8/23/2026,F,59,83,24,49,3,9,5,14,,702,0.0,N
BRUSHY MOUNTAIN,291301,XBRU,34.72,-107.8484,8789,8/23/2026,F,57,83,21,55,3,11,5,16,,774,0.0,N
BUCKSKIN MTN,20224,ABUC,36.91808,-112.19981,6334,8/23/2026,F,65,88,20,43,3,7,7,18,,695,0.0,N
BURRO MOUNTAIN,292504,XBUR,32.67203,-108.53969,6995,8/23/2026,F,68,93,16,36,5,10,8,19,,782,0.0,N
CANELO,21303,ACNL,31.54972,-110.51917,4629,8/23/2026,F,66,92,28,76,3,9,8,17,,799,0.0,N
CAPROCK,293104,XCAP,32.92728,-103.85689,4167,8/23/2026,F,71,100,13,44,8,16,13,24,,870,0.0,N
CARR,21411,ACAA,31.44111,-110.28611,5400,8/23/2026,F,68,94,26,68,2,9,7,22,,875,0.0,N
CASA GRANDE,20906,ACSG,32.99177,-111.53264,1412,8/23/2026,F,84,105,21,52,3,9,5,16,,859,0.0,N
CAVE CREEK,55522232,ACAV,34.0899,-111.8465,3477,8/23/2026,F,73,101,19,53,2,7,6,16,,811,0.01,N
CEDAR RIDGE,55523718,ACED,32.59872,-110.76231,4735,8/23/2026,F,74,96,24,54,6,11,9,19,,846,0.0,N
CHERRY,20511,ACHE,34.59661,-112.04761,5147,8/23/2026,F,63,94,23,68,3,5,8,14,,688,0.0,N
CHUPADERA,292102,XCHU,33.77294,-106.0985,5580,8/23/2026,F,67,96,14,44,1,9,1,13,,868,0.0,N
CIBOLA,20121,ACBL,33.28,-114.68489,252,8/23/2026,F,87,110,22,61,5,9,8,21,1/2/1 17:00 LMT,870,0.0,N
CIMARRON,290401,XCIM,36.60611,-105.12028,8806,8/23/2026,F,50,81,22,77,3,8,5,11,1/3/1 17:00 LMT,814,0.04,N
CIPRIANO,55522238,ARIP,32.4235,-114.16211,1042,8/23/2026,F,86,105,28,61,3,13,7,22,,776,0.0,N
COLUMBINE,21005,ACOL,32.70389,-109.91389,9521,8/23/2026,F,55,75,32,64,2,5,9,13,,823,0.0,N
COSMIC,293004,XCOS,32.77925,-105.81989,9172,8/23/2026,F,57,81,23,44,2,6,8,16,,814,0.0,N
COYOTE,290202,XCOY,36.07333,-106.65739,8704,8/23/2026,F,54,84,22,59,6,9,8,13,,725,0.0,N
CROWN KING,20502,ACRO,34.20336,-112.34561,6173,8/23/2026,F,66,89,26,56,2,5,7,13,,724,0.03,N
CUBA,290705,XCUB,35.942,-107.07739,6890,8/23/2026,F,60,90,15,48,2,11,3,16,,839,0.0,N
DATIL,292012,XDAT,34.29256,-107.768,8431,8/23/2026,F,57,82,22,55,5,9,7,13,,779,0.0,N
DEADMAN PEAK,290203,XDEA,36.4229,-106.772,8389,8/23/2026,F,57,84,15,50,2,9,3,13,,751,0.0,N
DEVILS HILLS,55522251,ADVH,32.42483,-113.79011,836,8/23/2026,F,85,106,26,63,3,13,6,21,,869,0.0,N
DRIPPING SPRINGS,292903,XDRI,32.32225,-106.58661,5814,8/23/2026,F,74,96,14,26,2,6,7,18,,895,0.0,N
DRY LAKE,21009,ADRL,33.35982,-109.83306,7405,8/23/2026,F,64,89,20,48,3,6,9,15,,824,0.0,N
DRY PARK,20212,ADRY,36.45308,-112.23819,8700,8/23/2026,F,54,79,27,57,2,7,5,11,,602,0.0,N
DULCE #2,290205,XDUL,36.93519,-107.00011,6805,8/23/2026,F,51,91,17,77,1,10,1,15,,775,0.0,N
DUNKEN,292302,XDUN,32.82467,-105.18261,5431,8/23/2026,F,68,96,14,36,6,11,8,16,,827,0.0,N
DUTCH KID,55522257,ADUT,35.12931,-112.28219,6505,8/23/2026,F,59,88,23,65,2,7,7,15,,735,0.0,N
EIGHT MILE DRAW,292301,XEIG,33.65064,-104.32139,3626,8/23/2026,F,71,104,12,44,5,10,7,15,,863,0.0,N
EMPIRE,21205,AEMP,31.78347,-110.64325,4650,8/23/2026,F,68,94,26,73,2,7,6,17,,824,0.0,N
FLAGSTAFF,20209,AFLG,35.14111,-111.6725,6903,8/23/2026,F,56,85,23,67,0,3,5,13,,694,0.04,N
FORT YUMA,20102,AFYM,32.65222,-114.63417,185,8/23/2026,F,87,108,25,68,5,10,9,18,,880,0.0,N
FOUR SPRINGS,20227,AFOU,36.79367,-112.04239,6560,8/23/2026,F,67,85,21,39,3,6,8,14,,604,0.06,N
FRAZIER WELLS,20213,AFRA,35.84551,-113.05501,6796,8/23/2026,F,66,84,25,47,2,8,6,13,,744,0.08,N
FTHL YDMA,55522271,AFTH,32.48658,-114.4635,331,8/23/2026,F,87,108,26,68,6,16,9,22,,880,0.0,N
GILA CENTER RAWS,292011,XGIL,33.22375,-108.24031,5767,8/23/2026,F,56,94,16,72,3,7,5,9,,801,0.0,N
GLOBE,20601,AGLO,33.32694,-110.76694,4137,8/23/2026,F,78,96,22,42,5,8,10,19,,843,0.0,N
GOLDFIELD,21505,AGOL,33.55531,-111.6145,1367,8/23/2026,F,85,107,19,46,1,9,2,11,,822,0.0,N
GOODWIN MESA,20507,AGOO,34.77614,-113.3375,4311,8/23/2026,F,74,97,21,46,3,9,5,13,,784,0.0,N
GRANTS,291302,XGRA,35.24278,-107.66528,8620,8/23/2026,F,54,82,21,66,3,8,5,11,,716,0.0,N
GREENBASE,20284,AGRB,35.27619,-112.06325,6923,8/23/2026,F,56,84,25,67,1,6,3,13,,711,0.05,N
GREER,20404,AGRE,34.05853,-109.44097,8240,8/23/2026,F,56,79,28,59,2,6,5,13,,699,0.0,N
GUNSIGHT,20223,AGUN,36.70464,-112.5835,5284,8/23/2026,F,68,94,18,40,2,7,6,18,,657,0.0,N
GUTHRIE,21104,AGUT,32.88203,-109.30931,6324,8/23/2026,F,71,92,16,37,3,15,13,25,,894,0.0,N
HACHITA VALLEY,292702,XHAC,31.702,-108.34169,4290,8/23/2026,F,70,103,13,46,3,8,6,11,,910,0.0,N
HAPPY JACK,20291,AHJK,34.61797,-111.34239,6812,8/23/2026,F,57,85,26,72,0,5,3,14,,625,0.03,N
HAVASU,20118,AHAV,34.80758,-114.53456,475,8/23/2026,F,86,112,17,46,2,6,5,16,,805,0.0,N
HEADQUARTERS,21409,ACHR,32.00611,-109.35694,5400,8/23/2026,F,68,95,18,49,2,6,6,13,,826,0.0,N
HEBER,20301,AHBR,34.39778,-110.56444,6635,8/23/2026,F,60,86,25,62,1,5,5,13,,743,0.02,N
HILLTOP,20609,AHIL,33.61119,-110.41461,5732,8/23/2026,F,62,91,23,68,2,7,6,13,,758,0.0,N
HOPI,20312,AHPI,35.86292,-110.61495,5579,8/23/2026,F,62,95,17,56,3,9,6,19,,868,0.0,N
HOPKINS,21302,AHPK,31.67528,-110.88,7120,8/23/2026,F,65,84,35,61,5,9,7,14,,816,0.0,N
HORSE CAMP CANYON,20903,AHOR,32.93656,-110.4935,4014,8/23/2026,F,75,98,21,50,3,13,7,25,,861,0.0,N
HUMBUG CREEK,20508,AHUM,34.11,-112.3,5250,8/23/2026,F,74,91,27,43,3,13,8,23,,747,0.0,N
HURRICANE,20117,AHUR,36.69908,-113.20731,5445,8/23/2026,F,68,91,20,40,7,10,13,23,,828,0.02,N
IRON SPRINGS,20501,AIRO,34.59361,-112.51139,5385,8/23/2026,F,65,89,25,61,1,5,5,15,,822,0.04,N
JARITA MESA,290204,XJAR,36.55597,-106.10306,8864,8/23/2026,F,55,82,22,60,2,7,3,9,1/3/1 17:00 LMT,523,0.05,N
JEMEZ,290702,XJEM,35.84114,-106.61969,8248,8/23/2026,F,57,86,19,55,5,11,7,16,,645,0.0,N
LAGUNA,293304,XLAG,35.05197,-107.42028,5805,8/23/2026,F,65,93,15,50,2,9,3,13,,826,0.0,N
LAKESIDE,20303,ALAK,34.16283,-109.87639,7267,8/23/2026,F,58,83,27,67,2,5,6,13,,752,0.03,N
LIMESTONE CANYON,20309,ALIM,34.17786,-110.27663,7102,8/23/2026,F,64,89,22,52,3,6,5,11,,785,0.0,N
LINDBERGH HILL,20220,ALBE,36.28556,-112.07861,8800,8/23/2026,F,56,80,25,53,3,7,8,11,,625,0.01,N
LUNA,292004,XLUN,33.82289,-108.94311,7088,8/23/2026,F,54,87,20,72,2,11,3,16,,790,0.0,N
MAGDALENA,292104,XMAG,33.85061,-107.539,8495,8/23/2026,F,59,83,21,48,3,6,5,8,,782,0.0,N
MALPAIS LAVA FLOW,293301,XMAL,34.85181,-108.17461,7514,8/23/2026,F,55,86,20,69,1,15,1,21,,745,0.0,N
MAYHILL,293002,XMAY,32.90947,-105.46981,6599,8/23/2026,F,60,93,16,48,3,6,10,16,,767,0.0,N
MCGREGGOR RANGE,292901,XMCG,32.43133,-105.62181,4832,8/23/2026,F,69,101,13,38,5,8,7,13,,877,0.0,N
MELROSE RANGE,291901,XMEL,34.28422,-103.71497,4263,8/23/2026,F,72,101,12,43,5,11,7,16,1/7/1 17:00 LMT,858,0.0,N
MESCAL,293003,XMES,33.15803,-105.76881,6227,8/23/2026,F,57,90,19,55,3,7,6,15,,824,0.0,N
MIDNIGHT,55522315,XMID,36.77819,-105.34131,10815,8/23/2026,F,45,74,23,79,2,8,3,11,1/3/1 17:00 LMT,827,0.01,N
MILLS CANYON,291101,XMIL,36.05453,-104.32511,5881,8/23/2026,F,59,95,17,72,6,18,8,25,,859,0.02,N
MOGOLLON,292013,XMOG,33.39064,-108.80819,7602,8/23/2026,F,64,89,20,42,3,11,5,16,,779,0.0,N
MOHAWK DUNES,55522318,AMOD,32.68878,-113.74889,524,8/23/2026,F,85,108,24,63,3,9,7,16,,783,0.0,N
MORMON LAKE,20215,AMOL,34.90972,-111.43842,7094,8/23/2026,F,57,84,25,67,1,2,3,10,,552,0.04,N
MOSS BASIN,20115,AMOS,35.03397,-113.89406,5920,8/23/2026,F,67,88,26,49,3,8,7,13,,776,0.0,N
MOUNTAINAIR,291501,XMOU,34.52081,-106.26269,6593,8/23/2026,F,62,92,16,48,2,7,3,9,,801,0.0,N
MOUNTAIN LION,20310,AFAP,33.69511,-109.71078,7269,8/23/2026,F,57,85,23,60,1,2,5,9,,749,0.0,N
MOUNT LOGAN,20107,AMTL,36.35306,-113.19917,7605,8/23/2026,F,64,79,28,40,5,8,11,21,,861,0.02,N
MULESHOE RANCH,21007,AMUL,32.40383,-110.272,4475,8/23/2026,F,71,96,22,57,2,8,7,21,,879,0.0,N
MUSIC MOUNTAIN,20119,AMUS,35.61497,-113.79428,5375,8/23/2026,F,70,92,21,44,6,10,10,18,,843,0.0,N
NAVAJO MONUMENT,20307,ANAV,36.67667,-110.54389,7204,8/23/2026,F,61,86,19,50,3,7,7,10,,690,0.0,N
NEVERSHINE,55522326,ANEV,36.24753,-113.88851,2165,8/23/2026,F,85,104,15,27,6,9,9,11,1/1/1 17:00 LMT,792,0.0,N
NIXON FLATS,20113,ANIX,36.38833,-113.15806,6500,8/23/2026,F,60,84,24,54,2,6,3,16,,857,0.02,N
NOON CREEK,21010,ANOO,32.66778,-109.78806,4925,8/23/2026,F,71,99,15,41,5,10,9,18,,898,0.0,N
OAK CREEK,20219,AOAK,34.94686,-111.75444,4804,8/23/2026,F,68,96,19,50,2,5,7,13,,728,0.0,N
OAK FLATS,291402,XOAK,35.00614,-106.31583,7675,8/23/2026,F,60,89,19,52,2,10,3,15,,800,0.0,N
OATMAN,21502,AOAT,33.04994,-113.13867,1715,8/23/2026,F,86,107,22,57,5,11,8,18,,769,0.0,N
OLAF KNOLLS,20108,AOLA,36.50725,-113.81589,2974,8/23/2026,F,81,102,15,27,6,10,11,22,,767,0.0,N
PADUCA,293202,XPAD,32.17983,-103.722,3534,8/23/2026,F,73,101,15,45,8,15,11,24,,870,0.0,N
PARIA POINT,20226,APAR,36.72753,-111.822,7106,8/23/2026,F,66,85,23,40,3,5,8,15,,688,0.02,N
PAYSON,20602,APAY,34.24614,-111.2935,5064,8/23/2026,F,67,95,22,59,1,6,3,14,,702,0.0,N
PECOS,291202,XPEC,35.54558,-105.49439,8229,8/23/2026,F,61,85,20,48,3,11,5,16,,803,0.0,N
PELONA MOUNTAIN,292009,XPEL,33.69375,-108.06161,7955,8/23/2026,F,60,85,19,50,5,9,7,13,,763,0.0,N
PICACHO PEAK,55522341,APIC,32.66314,-111.42154,1750,8/23/2026,F,81,101,23,59,1,8,3,15,,862,0.0,N
PINE,20612,APNE,34.37181,-111.4555,5313,8/23/2026,F,65,94,22,58,2,6,6,13,,745,0.0,N
PINEDALE,55522344,APND,34.30617,-110.23661,6461,8/23/2026,F,64,89,22,56,2,7,5,13,,776,0.0,N
PINEY HILL,20402,APIN,35.76111,-109.16719,8061,8/23/2026,F,60,80,24,54,2,5,6,11,,722,0.0,N
PLEASANT VALLEY,20603,APLE,34.08858,-110.94225,5232,8/23/2026,F,65,95,20,58,1,5,3,13,,855,0.0,N
PROMONTORY,20221,APRO,34.36528,-111.01444,7842,8/23/2026,F,62,80,33,52,2,2,7,10,,692,0.02,N
QUEEN,293105,XQUN,32.20361,-104.69031,5642,8/23/2026,F,69,95,14,36,5,9,13,19,,860,0.0,N
RAMAH,293305,XRAM,34.81947,-108.29439,7645,8/23/2026,F,55,86,20,72,1,16,1,23,,747,0.0,N
RED CANYON,55523735,XRDC,34.62289,-106.40831,8070,8/23/2026,F,61,81,19,39,3,9,5,13,,811,0.0,N
RED LAKE,20610,ARED,34.18133,-110.78919,6524,8/23/2026,F,58,87,27,72,1,3,5,10,,838,0.0,N
RESERVE,292005,XRES,33.71489,-108.777,5846,8/23/2026,F,57,93,16,69,3,13,5,17,,799,0.0,N
RINCON,21207,ARIN,32.20639,-110.54861,8209,8/23/2026,F,60,76,38,65,5,9,8,14,,781,0.0,N
RUCKER,21414,ARUC,31.76111,-109.34861,5700,8/23/2026,F,63,91,21,56,2,5,6,14,,769,0.0,N
SAGUARO,21202,ASAG,32.31111,-110.81861,2758,8/23/2026,F,78,104,22,60,2,7,5,17,,851,0.0,N
SAN ANDRES,292904,XSAA,32.58008,-106.52719,6137,8/23/2026,F,70,95,15,30,2,5,7,15,,898,0.0,N
SAN CARLOS #1,20608,ASCA,33.37165,-110.45683,2830,8/23/2026,F,77,105,16,45,2,8,6,18,,844,0.0,N
SANDIA LAB,291408,XSLB,35.00406,-106.41148,6321,8/23/2026,F,65,91,18,48,2,10,3,15,,821,0.0,N
SANDIA LAKES,290706,XSLK,35.22967,-106.59061,5027,8/23/2026,F,66,98,16,54,3,11,5,16,,842,0.0,N
SANTA FE WATERSHED,290901,XSFW,35.68686,-105.86031,7749,8/23/2026,F,56,86,17,57,1,9,1,13,,833,0.0,N
SASABE,21206,ASAS,31.69169,-111.44811,3500,8/23/2026,F,72,99,26,85,2,8,6,18,,893,0.0,N
SCOUT CAMP,21208,ASOL,32.39806,-110.725,7554,8/23/2026,F,64,82,37,62,5,8,9,16,,765,0.03,N
SELLS,21209,ASES,31.91014,-111.89743,2262,8/23/2026,F,79,103,26,72,2,7,7,16,,885,0.0,N
SEVILLETA,292105,XSEV,34.35844,-106.6895,5246,8/23/2026,F,67,97,14,47,2,7,3,9,,867,0.0,N
SHADOW RIM,20611,ASHA,34.40586,-111.28319,5660,8/23/2026,F,65,94,22,56,1,3,5,13,,696,0.0,N
SLAUGHTER,292008,XSLA,34.06056,-108.44472,8680,8/23/2026,F,57,80,24,57,2,14,3,19,,622,0.02,N
SMITH PEAK,21501,ASMI,34.11486,-113.34733,2386,8/23/2026,F,85,103,21,37,2,7,7,17,,826,0.03,N
SMOKEY BEAR,292203,XSMO,33.35019,-105.686,7194,8/23/2026,F,59,90,20,54,3,8,5,11,,798,0.0,N
SOWATS,55523737,ASOW,36.48242,-112.42281,7038,8/23/2026,F,60,86,22,52,5,8,8,13,,716,0.0,N
STANTON,20509,ASTA,34.16403,-112.73486,3600,8/23/2026,F,81,98,22,38,5,10,11,21,,831,0.0,N
STONE LAKE,290201,XSTO,36.73161,-106.86581,7436,8/23/2026,F,54,89,16,64,2,10,3,15,,740,0.0,N
STRAY HORSE,21106,ASTH,33.55253,-109.31719,7956,8/23/2026,F,62,80,22,45,3,13,8,18,,856,0.0,N
SUNSET POINT,20510,ASUN,34.18847,-112.13467,3380,8/23/2026,F,77,101,19,45,3,9,9,18,,741,0.0,N
TANKS,55522384,ATNK,33.67314,-110.57431,5801,8/23/2026,F,64,89,25,61,5,8,9,16,,857,0.0,N
TAOS PUEBLO RAWS,55522385,XTAP,36.41461,-105.55689,7135,8/23/2026,F,57,89,20,62,2,11,3,16,,807,0.0,N
T BAR,55523738,XTBA,33.51789,-108.52419,8047,8/23/2026,F,55,82,21,62,3,11,5,16,,798,0.0,N
TONTO BASIN,20606,ATON,33.86861,-111.31333,2414,8/23/2026,F,79,104,18,45,2,11,6,18,,845,0.0,N
TOWER,290801,XTOW,35.77899,-106.26611,6529,8/23/2026,F,63,92,16,52,5,9,7,13,,793,0.0,N
TRAIL CABIN,21105,ATRA,33.26478,-109.36789,6250,8/23/2026,F,67,93,16,45,5,8,8,17,,814,0.0,N
TRUCHAS,290210,XTRU,36.059,-105.7695,8353,8/23/2026,F,49,84,18,71,1,6,1,8,,854,0.0,N
TRUXTON CANYON,20120,ATRU,35.78013,-113.79563,5304,8/23/2026,F,75,89,23,36,5,8,9,21,,845,0.0,N
TUSAYAN,20207,ATUS,35.98833,-112.12056,6570,8/23/2026,F,53,88,22,72,0,2,2,9,,704,0.03,N
TWEEDS POINT,20109,ATWE,36.58186,-113.732,5334,8/23/2026,F,77,91,19,29,9,13,16,28,,744,0.0,N
UNION PASS,20116,AUNI,35.23233,-114.38194,3590,8/23/2026,F,82,97,20,32,2,8,6,19,,854,0.0,N
VERDE,20503,AVER,34.54917,-111.84417,3101,8/23/2026,F,72,104,18,64,2,3,5,11,,750,0.0,N
WARM SPRINGS CANYON,20216,AWAR,36.70117,-112.22689,7953,8/23/2026,F,57,81,25,51,5,7,9,13,,553,0.02,N
WASHINGTON PASS,290101,XWAS,36.0765,-108.8615,9384,8/23/2026,F,57,77,25,55,5,8,7,11,,646,0.0,N
WILD RIVERS,290307,XWDR,36.69469,-105.66872,7530,8/23/2026,F,51,86,19,74,1,11,1,16,,810,0.0,N
YELLOW JOHN MOUNTAIN,20217,AYEL,36.155,-113.54944,6160,8/23/2026,F,56,88,23,60,2,5,6,15,,806,0.05,N
ZUNI BUTTES,290603,XZUB,35.13919,-108.94131,6649,8/23/2026,F,57,91,18,67,2,15,3,21,,781,0.0,N
10K,55522198,X10K,35.2085,-106.43586,10065,8/23/2026,F,55,77,23,49,5,13,7,17,,822,0.0,N
AHAKHAV PRESERVE,21503,AAHA,34.13222,-114.32917,363,8/23/2026,F,86,108,22,52,2,8,7,16,,837,0.0,N
ALBINO CANYON,290102,XALB,36.97661,-107.62892,7173,8/23/2026,F,60,90,16,60,2,13,3,17,,782,0.0,N
ALPINE,20401,AALP,33.84272,-109.11161,8207,8/23/2026,F,56,80,25,62,2,5,7,11,,762,0.0,N
BAKERS TANK,55522210,AHBB,32.61528,-114.00836,563,8/23/2026,F,85,107,25,61,3,11,7,19,,849,0.0,N
BARTLEY,291002,XBAR,35.90875,-105.38769,9192,8/23/2026,F,56,79,23,55,2,8,3,11,1/3/1 17:00 LMT,797,0.01,N
BATDRAW,293101,XBAD,32.17861,-104.44056,4425,8/23/2026,F,75,100,13,32,5,13,9,24,,849,0.0,N
BEAVERHEAD,292001,XBEA,33.42353,-108.11019,6750,8/23/2026,F,54,90,18,72,5,7,7,9,,803,0.0,N
BELMONT,21504,ABEL,33.67411,-112.92281,1813,8/23/2026,F,84,104,21,48,3,7,8,16,,853,0.0,N
BLACK HILLS,21008,ABLA,33.08203,-109.95119,3262,8/23/2026,F,79,104,14,38,3,7,8,19,,868,0.0,N
BLACK MESA,290305,XBLM,36.03708,-106.04964,5762,8/23/2026,F,59,94,17,60,3,5,5,7,1/3/1 17:00 LMT,802,0.0,N
BLACK ROCK,20114,ABRK,36.79436,-113.75056,7224,8/23/2026,F,68,82,25,36,2,5,10,17,,832,0.0,N
BLUEWATER RIDGE,293303,XBLR,35.19411,-108.16336,8274,8/23/2026,F,58,82,23,56,3,9,5,13,,668,0.0,N
BOSQUE,292103,XBOS,33.82064,-106.88169,4523,8/23/2026,F,66,100,13,49,1,8,1,11,,883,0.0,N
BRIGHT ANGEL,20211,ACAN,36.20472,-112.06222,8134,8/23/2026,F,59,83,24,49,3,9,5,14,,702,0.0,N
BRUSHY MOUNTAIN,291301,XBRU,34.72,-107.8484,8789,8/23/2026,F,57,83,21,55,3,11,5,16,,774,0.0,N
BUCKSKIN MTN,20224,ABUC,36.91808,-112.19981,6334,8/23/2026,F,65,88,20,43,3,7,7,18,,695,0.0,N
BURRO MOUNTAIN,292504,XBUR,32.67203,-108.53969,6995,8/23/2026,F,68,93,16,36,5,10,8,19,,782,0.0,N
CANELO,21303,ACNL,31.54972,-110.51917,4629,8/23/2026,F,66,92,28,76,3,9,8,17,,799,0.0,N
CAPROCK,293104,XCAP,32.92728,-103.85689,4167,8/23/2026,F,71,100,13,44,8,16,13,24,,870,0.0,N
CARR,21411,ACAA,31.44111,-110.28611,5400,8/23/2026,F,68,94,26,68,2,9,7,22,,875,0.0,N
CASA GRANDE,20906,ACSG,32.99177,-111.53264,1412,8/23/2026,F,84,105,21,52,3,9,5,16,,859,0.0,N
CAVE CREEK,55522232,ACAV,34.0899,-111.8465,3477,8/23/2026,F,73,101,19,53,2,7,6,16,,811,0.01,N
CEDAR RIDGE,55523718,ACED,32.59872,-110.76231,4735,8/23/2026,F,74,96,24,54,6,11,9,19,,846,0.0,N
CHERRY,20511,ACHE,34.59661,-112.04761,5147,8/23/2026,F,63,94,23,68,3,5,8,14,,688,0.0,N
CHUPADERA,292102,XCHU,33.77294,-106.0985,5580,8/23/2026,F,67,96,14,44,1,9,1,13,,868,0.0,N
CIBOLA,20121,ACBL,33.28,-114.68489,252,8/23/2026,F,87,110,22,61,5,9,8,21,1/2/1 17:00 LMT,870,0.0,N
CIMARRON,290401,XCIM,36.60611,-105.12028,8806,8/23/2026,F,50,81,22,77,3,8,5,11,1/3/1 17:00 LMT,814,0.04,N
CIPRIANO,55522238,ARIP,32.4235,-114.16211,1042,8/23/2026,F,86,105,28,61,3,13,7,22,,776,0.0,N
COLUMBINE,21005,ACOL,32.70389,-109.91389,9521,8/23/2026,F,55,75,32,64,2,5,9,13,,823,0.0,N
COSMIC,293004,XCOS,32.77925,-105.81989,9172,8/23/2026,F,57,81,23,44,2,6,8,16,,814,0.0,N
COYOTE,290202,XCOY,36.07333,-106.65739,8704,8/23/2026,F,54,84,22,59,6,9,8,13,,725,0.0,N
CROWN KING,20502,ACRO,34.20336,-112.34561,6173,8/23/2026,F,66,89,26,56,2,5,7,13,,724,0.03,N
CUBA,290705,XCUB,35.942,-107.07739,6890,8/23/2026,F,60,90,15,48,2,11,3,16,,839,0.0,N
DATIL,292012,XDAT,34.29256,-107.768,8431,8/23/2026,F,57,82,22,55,5,9,7,13,,779,0.0,N
DEADMAN PEAK,290203,XDEA,36.4229,-106.772,8389,8/23/2026,F,57,84,15,50,2,9,3,13,,751,0.0,N
DEVILS HILLS,55522251,ADVH,32.42483,-113.79011,836,8/23/2026,F,85,106,26,63,3,13,6,21,,869,0.0,N
DRIPPING SPRINGS,292903,XDRI,32.32225,-106.58661,5814,8/23/2026,F,74,96,14,26,2,6,7,18,,895,0.0,N
DRY LAKE,21009,ADRL,33.35982,-109.83306,7405,8/23/2026,F,64,89,20,48,3,6,9,15,,824,0.0,N
DRY PARK,20212,ADRY,36.45308,-112.23819,8700,8/23/2026,F,54,79,27,57,2,7,5,11,,602,0.0,N
DULCE #2,290205,XDUL,36.93519,-107.00011,6805,8/23/2026,F,51,91,17,77,1,10,1,15,,775,0.0,N
DUNKEN,292302,XDUN,32.82467,-105.18261,5431,8/23/2026,F,68,96,14,36,6,11,8,16,,827,0.0,N
DUTCH KID,55522257,ADUT,35.12931,-112.28219,6505,8/23/2026,F,59,88,23,65,2,7,7,15,,735,0.0,N
EIGHT MILE DRAW,292301,XEIG,33.65064,-104.32139,3626,8/23/2026,F,71,104,12,44,5,10,7,15,,863,0.0,N
EMPIRE,21205,AEMP,31.78347,-110.64325,4650,8/23/2026,F,68,94,26,73,2,7,6,17,,824,0.0,N
FLAGSTAFF,20209,AFLG,35.14111,-111.6725,6903,8/23/2026,F,56,85,23,67,0,3,5,13,,694,0.04,N
FORT YUMA,20102,AFYM,32.65222,-114.63417,185,8/23/2026,F,87,108,25,68,5,10,9,18,,880,0.0,N
FOUR SPRINGS,20227,AFOU,36.79367,-112.04239,6560,8/23/2026,F,67,85,21,39,3,6,8,14,,604,0.06,N
FRAZIER WELLS,20213,AFRA,35.84551,-113.05501,6796,8/23/2026,F,66,84,25,47,2,8,6,13,,744,0.08,N
FTHL YDMA,55522271,AFTH,32.48658,-114.4635,331,8/23/2026,F,87,108,26,68,6,16,9,22,,880,0.0,N
GILA CENTER RAWS,292011,XGIL,33.22375,-108.24031,5767,8/23/2026,F,56,94,16,72,3,7,5,9,,801,0.0,N
GLOBE,20601,AGLO,33.32694,-110.76694,4137,8/23/2026,F,78,96,22,42,5,8,10,19,,843,0.0,N
GOLDFIELD,21505,AGOL,33.55531,-111.6145,1367,8/23/2026,F,85,107,19,46,1,9,2,11,,822,0.0,N
GOODWIN MESA,20507,AGOO,34.77614,-113.3375,4311,8/23/2026,F,74,97,21,46,3,9,5,13,,784,0.0,N
GRANTS,291302,XGRA,35.24278,-107.66528,8620,8/23/2026,F,54,82,21,66,3,8,5,11,,716,0.0,N
GREENBASE,20284,AGRB,35.27619,-112.06325,6923,8/23/2026,F,56,84,25,67,1,6,3,13,,711,0.05,N
GREER,20404,AGRE,34.05853,-109.44097,8240,8/23/2026,F,56,79,28,59,2,6,5,13,,699,0.0,N
GUNSIGHT,20223,AGUN,36.70464,-112.5835,5284,8/23/2026,F,68,94,18,40,2,7,6,18,,657,0.0,N
GUTHRIE,21104,AGUT,32.88203,-109.30931,6324,8/23/2026,F,71,92,16,37,3,15,13,25,,894,0.0,N
HACHITA VALLEY,292702,XHAC,31.702,-108.34169,4290,8/23/2026,F,70,103,13,46,3,8,6,11,,910,0.0,N
HAPPY JACK,20291,AHJK,34.61797,-111.34239,6812,8/23/2026,F,57,85,26,72,0,5,3,14,,625,0.03,N
HAVASU,20118,AHAV,34.80758,-114.53456,475,8/23/2026,F,86,112,17,46,2,6,5,16,,805,0.0,N
HEADQUARTERS,21409,ACHR,32.00611,-109.35694,5400,8/23/2026,F,68,95,18,49,2,6,6,13,,826,0.0,N
HEBER,20301,AHBR,34.39778,-110.56444,6635,8/23/2026,F,60,86,25,62,1,5,5,13,,743,0.02,N
HILLTOP,20609,AHIL,33.61119,-110.41461,5732,8/23/2026,F,62,91,23,68,2,7,6,13,,758,0.0,N
HOPI,20312,AHPI,35.86292,-110.61495,5579,8/23/2026,F,62,95,17,56,3,9,6,19,,868,0.0,N
HOPKINS,21302,AHPK,31.67528,-110.88,7120,8/23/2026,F,65,84,35,61,5,9,7,14,,816,0.0,N
HORSE CAMP CANYON,20903,AHOR,32.93656,-110.4935,4014,8/23/2026,F,75,98,21,50,3,13,7,25,,861,0.0,N
HUMBUG CREEK,20508,AHUM,34.11,-112.3,5250,8/23/2026,F,74,91,27,43,3,13,8,23,,747,0.0,N
HURRICANE,20117,AHUR,36.69908,-113.20731,5445,8/23/2026,F,68,91,20,40,7,10,13,23,,828,0.02,N
IRON SPRINGS,20501,AIRO,34.59361,-112.51139,5385,8/23/2026,F,65,89,25,61,1,5,5,15,,822,0.04,N
JARITA MESA,290204,XJAR,36.55597,-106.10306,8864,8/23/2026,F,55,82,22,60,2,7,3,9,1/3/1 17:00 LMT,523,0.05,N
JEMEZ,290702,XJEM,35.84114,-106.61969,8248,8/23/2026,F,57,86,19,55,5,11,7,16,,645,0.0,N
LAGUNA,293304,XLAG,35.05197,-107.42028,5805,8/23/2026,F,65,93,15,50,2,9,3,13,,826,0.0,N
LAKESIDE,20303,ALAK,34.16283,-109.87639,7267,8/23/2026,F,58,83,27,67,2,5,6,13,,752,0.03,N
LIMESTONE CANYON,20309,ALIM,34.17786,-110.27663,7102,8/23/2026,F,64,89,22,52,3,6,5,11,,785,0.0,N
LINDBERGH HILL,20220,ALBE,36.28556,-112.07861,8800,8/23/2026,F,56,80,25,53,3,7,8,11,,625,0.01,N
LUNA,292004,XLUN,33.82289,-108.94311,7088,8/23/2026,F,54,87,20,72,2,11,3,16,,790,0.0,N
MAGDALENA,292104,XMAG,33.85061,-107.539,8495,8/23/2026,F,59,83,21,48,3,6,5,8,,782,0.0,N
MALPAIS LAVA FLOW,293301,XMAL,34.85181,-108.17461,7514,8/23/2026,F,55,86,20,69,1,15,1,21,,745,0.0,N
MAYHILL,293002,XMAY,32.90947,-105.46981,6599,8/23/2026,F,60,93,16,48,3,6,10,16,,767,0.0,N
MCGREGGOR RANGE,292901,XMCG,32.43133,-105.62181,4832,8/23/2026,F,69,101,13,38,5,8,7,13,,877,0.0,N
MELROSE RANGE,291901,XMEL,34.28422,-103.71497,4263,8/23/2026,F,72,101,12,43,5,11,7,16,1/7/1 17:00 LMT,858,0.0,N
MESCAL,293003,XMES,33.15803,-105.76881,6227,8/23/2026,F,57,90,19,55,3,7,6,15,,824,0.0,N
MIDNIGHT,55522315,XMID,36.77819,-105.34131,10815,8/23/2026,F,45,74,23,79,2,8,3,11,1/3/1 17:00 LMT,827,0.01,N
MILLS CANYON,291101,XMIL,36.05453,-104.32511,5881,8/23/2026,F,59,95,17,72,6,18,8,25,,859,0.02,N
MOGOLLON,292013,XMOG,33.39064,-108.80819,7602,8/23/2026,F,64,89,20,42,3,11,5,16,,779,0.0,N
MOHAWK DUNES,55522318,AMOD,32.68878,-113.74889,524,8/23/2026,F,85,108,24,63,3,9,7,16,,783,0.0,N
MORMON LAKE,20215,AMOL,34.90972,-111.43842,7094,8/23/2026,F,57,84,25,67,1,2,3,10,,552,0.04,N
MOSS BASIN,20115,AMOS,35.03397,-113.89406,5920,8/23/2026,F,67,88,26,49,3,8,7,13,,776,0.0,N
MOUNTAINAIR,291501,XMOU,34.52081,-106.26269,6593,8/23/2026,F,62,92,16,48,2,7,3,9,,801,0.0,N
MOUNTAIN LION,20310,AFAP,33.69511,-109.71078,7269,8/23/2026,F,57,85,23,60,1,2,5,9,,749,0.0,N
MOUNT LOGAN,20107,AMTL,36.35306,-113.19917,7605,8/23/2026,F,64,79,28,40,5,8,11,21,,861,0.02,N
MULESHOE RANCH,21007,AMUL,32.40383,-110.272,4475,8/23/2026,F,71,96,22,57,2,8,7,21,,879,0.0,N
MUSIC MOUNTAIN,20119,AMUS,35.61497,-113.79428,5375,8/23/2026,F,70,92,21,44,6,10,10,18,,843,0.0,N
NAVAJO MONUMENT,20307,ANAV,36.67667,-110.54389,7204,8/23/2026,F,61,86,19,50,3,7,7,10,,690,0.0,N
NEVERSHINE,55522326,ANEV,36.24753,-113.88851,2165,8/23/2026,F,85,104,15,27,6,9,9,11,1/1/1 17:00 LMT,792,0.0,N
NIXON FLATS,20113,ANIX,36.38833,-113.15806,6500,8/23/2026,F,60,84,24,54,2,6,3,16,,857,0.02,N
NOON CREEK,21010,ANOO,32.66778,-109.78806,4925,8/23/2026,F,71,99,15,41,5,10,9,18,,898,0.0,N
OAK CREEK,20219,AOAK,34.94686,-111.75444,4804,8/23/2026,F,68,96,19,50,2,5,7,13,,728,0.0,N
OAK FLATS,291402,XOAK,35.00614,-106.31583,7675,8/23/2026,F,60,89,19,52,2,10,3,15,,800,0.0,N
OATMAN,21502,AOAT,33.04994,-113.13867,1715,8/23/2026,F,86,107,22,57,5,11,8,18,,769,0.0,N
OLAF KNOLLS,20108,AOLA,36.50725,-113.81589,2974,8/23/2026,F,81,102,15,27,6,10,11,22,,767,0.0,N
PADUCA,293202,XPAD,32.17983,-103.722,3534,8/23/2026,F,73,101,15,45,8,15,11,24,,870,0.0,N
PARIA POINT,20226,APAR,36.72753,-111.822,7106,8/23/2026,F,66,85,23,40,3,5,8,15,,688,0.02,N
PAYSON,20602,APAY,34.24614,-111.2935,5064,8/23/2026,F,67,95,22,59,1,6,3,14,,702,0.0,N
PECOS,291202,XPEC,35.54558,-105.49439,8229,8/23/2026,F,61,85,20,48,3,11,5,16,,803,0.0,N
PELONA MOUNTAIN,292009,XPEL,33.69375,-108.06161,7955,8/23/2026,F,60,85,19,50,5,9,7,13,,763,0.0,N
PICACHO PEAK,55522341,APIC,32.66314,-111.42154,1750,8/23/2026,F,81,101,23,59,1,8,3,15,,862,0.0,N
PINE,20612,APNE,34.37181,-111.4555,5313,8/23/2026,F,65,94,22,58,2,6,6,13,,745,0.0,N
PINEDALE,55522344,APND,34.30617,-110.23661,6461,8/23/2026,F,64,89,22,56,2,7,5,13,,776,0.0,N
PINEY HILL,20402,APIN,35.76111,-109.16719,8061,8/23/2026,F,60,80,24,54,2,5,6,11,,722,0.0,N
PLEASANT VALLEY,20603,APLE,34.08858,-110.94225,5232,8/23/2026,F,65,95,20,58,1,5,3,13,,855,0.0,N
PROMONTORY,20221,APRO,34.36528,-111.01444,7842,8/23/2026,F,62,80,33,52,2,2,7,10,,692,0.02,N
QUEEN,293105,XQUN,32.20361,-104.69031,5642,8/23/2026,F,69,95,14,36,5,9,13,19,,860,0.0,N
RAMAH,293305,XRAM,34.81947,-108.29439,7645,8/23/2026,F,55,86,20,72,1,16,1,23,,747,0.0,N
RED CANYON,55523735,XRDC,34.62289,-106.40831,8070,8/23/2026,F,61,81,19,39,3,9,5,13,,811,0.0,N
RED LAKE,20610,ARED,34.18133,-110.78919,6524,8/23/2026,F,58,87,27,72,1,3,5,10,,838,0.0,N
RESERVE,292005,XRES,33.71489,-108.777,5846,8/23/2026,F,57,93,16,69,3,13,5,17,,799,0.0,N
RINCON,21207,ARIN,32.20639,-110.54861,8209,8/23/2026,F,60,76,38,65,5,9,8,14,,781,0.0,N
RUCKER,21414,ARUC,31.76111,-109.34861,5700,8/23/2026,F,63,91,21,56,2,5,6,14,,769,0.0,N
SAGUARO,21202,ASAG,32.31111,-110.81861,2758,8/23/2026,F,78,104,22,60,2,7,5,17,,851,0.0,N
SAN ANDRES,292904,XSAA,32.58008,-106.52719,6137,8/23/2026,F,70,95,15,30,2,5,7,15,,898,0.0,N
SAN CARLOS #1,20608,ASCA,33.37165,-110.45683,2830,8/23/2026,F,77,105,16,45,2,8,6,18,,844,0.0,N
SANDIA LAB,291408,XSLB,35.00406,-106.41148,6321,8/23/2026,F,65,91,18,48,2,10,3,15,,821,0.0,N
SANDIA LAKES,290706,XSLK,35.22967,-106.59061,5027,8/23/2026,F,66,98,16,54,3,11,5,16,,842,0.0,N
SANTA FE WATERSHED,290901,XSFW,35.68686,-105.86031,7749,8/23/2026,F,56,86,17,57,1,9,1,13,,833,0.0,N
SASABE,21206,ASAS,31.69169,-111.44811,3500,8/23/2026,F,72,99,26,85,2,8,6,18,,893,0.0,N
SCOUT CAMP,21208,ASOL,32.39806,-110.725,7554,8/23/2026,F,64,82,37,62,5,8,9,16,,765,0.03,N
SELLS,21209,ASES,31.91014,-111.89743,2262,8/23/2026,F,79,103,26,72,2,7,7,16,,885,0.0,N
SEVILLETA,292105,XSEV,34.35844,-106.6895,5246,8/23/2026,F,67,97,14,47,2,7,3,9,,867,0.0,N
SHADOW RIM,20611,ASHA,34.40586,-111.28319,5660,8/23/2026,F,65,94,22,56,1,3,5,13,,696,0.0,N
SLAUGHTER,292008,XSLA,34.06056,-108.44472,8680,8/23/2026,F,57,80,24,57,2,14,3,19,,622,0.02,N
SMITH PEAK,21501,ASMI,34.11486,-113.34733,2386,8/23/2026,F,85,103,21,37,2,7,7,17,,826,0.03,N
SMOKEY BEAR,292203,XSMO,33.35019,-105.686,7194,8/23/2026,F,59,90,20,54,3,8,5,11,,798,0.0,N
SOWATS,55523737,ASOW,36.48242,-112.42281,7038,8/23/2026,F,60,86,22,52,5,8,8,13,,716,0.0,N
STANTON,20509,ASTA,34.16403,-112.73486,3600,8/23/2026,F,81,98,22,38,5,10,11,21,,831,0.0,N
STONE LAKE,290201,XSTO,36.73161,-106.86581,7436,8/23/2026,F,54,89,16,64,2,10,3,15,,740,0.0,N
STRAY HORSE,21106,ASTH,33.55253,-109.31719,7956,8/23/2026,F,62,80,22,45,3,13,8,18,,856,0.0,N
SUNSET POINT,20510,ASUN,34.18847,-112.13467,3380,8/23/2026,F,77,101,19,45,3,9,9,18,,741,0.0,N
TANKS,55522384,ATNK,33.67314,-110.57431,5801,8/23/2026,F,64,89,25,61,5,8,9,16,,857,0.0,N
TAOS PUEBLO RAWS,55522385,XTAP,36.41461,-105.55689,7135,8/23/2026,F,57,89,20,62,2,11,3,16,,807,0.0,N
T BAR,55523738,XTBA,33.51789,-108.52419,8047,8/23/2026,F,55,82,21,62,3,11,5,16,,798,0.0,N
TONTO BASIN,20606,ATON,33.86861,-111.31333,2414,8/23/2026,F,79,104,18,45,2,11,6,18,,845,0.0,N
TOWER,290801,XTOW,35.77899,-106.26611,6529,8/23/2026,F,63,92,16,52,5,9,7,13,,793,0.0,N
TRAIL CABIN,21105,ATRA,33.26478,-109.36789,6250,8/23/2026,F,67,93,16,45,5,8,8,17,,814,0.0,N
TRUCHAS,290210,XTRU,36.059,-105.7695,8353,8/23/2026,F,49,84,18,71,1,6,1,8,,854,0.0,N
TRUXTON CANYON,20120,ATRU,35.78013,-113.79563,5304,8/23/2026,F,75,89,23,36,5,8,9,21,,845,0.0,N
TUSAYAN,20207,ATUS,35.98833,-112.12056,6570,8/23/2026,F,53,88,22,72,0,2,2,9,,704,0.03,N
TWEEDS POINT,20109,ATWE,36.58186,-113.732,5334,8/23/2026,F,77,91,19,29,9,13,16,28,,744,0.0,N
UNION PASS,20116,AUNI,35.23233,-114.38194,3590,8/23/2026,F,82,97,20,32,2,8,6,19,,854,0.0,N
VERDE,20503,AVER,34.54917,-111.84417,3101,8/23/2026,F,72,104,18,64,2,3,5,11,,750,0.0,N
WARM SPRINGS CANYON,20216,AWAR,36.70117,-112.22689,7953,8/23/2026,F,57,81,25,51,5,7,9,13,,553,0.02,N
WASHINGTON PASS,290101,XWAS,36.0765,-108.8615,9384,8/23/2026,F,57,77,25,55,5,8,7,11,,646,0.0,N
WILD RIVERS,290307,XWDR,36.69469,-105.66872,7530,8/23/2026,F,51,86,19,74,1,11,1,16,,810,0.0,N
YELLOW JOHN MOUNTAIN,20217,AYEL,36.155,-113.54944,6160,8/23/2026,F,56,88,23,60,2,5,6,15,,806,0.05,N
ZUNI BUTTES,290603,XZUB,35.13919,-108.94131,6649,8/23/2026,F,57,91,18,67,2,15,3,21,,781,0.0,N
10K,55522198,X10K,35.2085,-106.43586,10065,8/23/2026,F,55,77,23,49,5,13,7,17,,822,0.0,N
AHAKHAV PRESERVE,21503,AAHA,34.13222,-114.32917,363,8/23/2026,F,86,108,22,52,2,8,7,16,,837,0.0,N
ALBINO CANYON,290102,XALB,36.97661,-107.62892,7173,8/23/2026,F,60,90,16,60,2,13,3,17,,782,0.0,N
ALPINE,20401,AALP,33.84272,-109.11161,8207,8/23/2026,F,56,80,25,62,2,5,7,11,,762,0.0,N
BAKERS TANK,55522210,AHBB,32.61528,-114.00836,563,8/23/2026,F,85,107,25,61,3,11,7,19,,849,0.0,N
BARTLEY,291002,XBAR,35.90875,-105.38769,9192,8/23/2026,F,56,79,23,55,2,8,3,11,1/3/1 17:00 LMT,797,0.01,N
BATDRAW,293101,XBAD,32.17861,-104.44056,4425,8/23/2026,F,75,100,13,32,5,13,9,24,,849,0.0,N
BEAVERHEAD,292001,XBEA,33.42353,-108.11019,6750,8/23/2026,F,54,90,18,72,5,7,7,9,,803,0.0,N
BELMONT,21504,ABEL,33.67411,-112.92281,1813,8/23/2026,F,84,104,21,48,3,7,8,16,,853,0.0,N
BLACK HILLS,21008,ABLA,33.08203,-109.95119,3262,8/23/2026,F,79,104,14,38,3,7,8,19,,868,0.0,N
BLACK MESA,290305,XBLM,36.03708,-106.04964,5762,8/23/2026,F,59,94,17,60,3,5,5,7,1/3/1 17:00 LMT,802,0.0,N
BLACK ROCK,20114,ABRK,36.79436,-113.75056,7224,8/23/2026,F,68,82,25,36,2,5,10,17,,832,0.0,N
BLUEWATER RIDGE,293303,XBLR,35.19411,-108.16336,8274,8/23/2026,F,58,82,23,56,3,9,5,13,,668,0.0,N
BOSQUE,292103,XBOS,33.82064,-106.88169,4523,8/23/2026,F,66,100,13,49,1,8,1,11,,883,0.0,N
BRIGHT ANGEL,20211,ACAN,36.20472,-112.06222,8134,8/23/2026,F,59,83,24,49,3,9,5,14,,702,0.0,N
BRUSHY MOUNTAIN,291301,XBRU,34.72,-107.8484,8789,8/23/2026,F,57,83,21,55,3,11,5,16,,774,0.0,N
BUCKSKIN MTN,20224,ABUC,36.91808,-112.19981,6334,8/23/2026,F,65,88,20,43,3,7,7,18,,695,0.0,N
BURRO MOUNTAIN,292504,XBUR,32.67203,-108.53969,6995,8/23/2026,F,68,93,16,36,5,10,8,19,,782,0.0,N
CANELO,21303,ACNL,31.54972,-110.51917,4629,8/23/2026,F,66,92,28,76,3,9,8,17,,799,0.0,N
CAPROCK,293104,XCAP,32.92728,-103.85689,4167,8/23/2026,F,71,100,13,44,8,16,13,24,,870,0.0,N
CARR,21411,ACAA,31.44111,-110.28611,5400,8/23/2026,F,68,94,26,68,2,9,7,22,,875,0.0,N
CASA GRANDE,20906,ACSG,32.99177,-111.53264,1412,8/23/2026,F,84,105,21,52,3,9,5,16,,859,0.0,N
CAVE CREEK,55522232,ACAV,34.0899,-111.8465,3477,8/23/2026,F,73,101,19,53,2,7,6,16,,811,0.01,N
CEDAR RIDGE,55523718,ACED,32.59872,-110.76231,4735,8/23/2026,F,74,96,24,54,6,11,9,19,,846,0.0,N
CHERRY,20511,ACHE,34.59661,-112.04761,5147,8/23/2026,F,63,94,23,68,3,5,8,14,,688,0.0,N
CHUPADERA,292102,XCHU,33.77294,-106.0985,5580,8/23/2026,F,67,96,14,44,1,9,1,13,,868,0.0,N
CIBOLA,20121,ACBL,33.28,-114.68489,252,8/23/2026,F,87,110,22,61,5,9,8,21,1/2/1 17:00 LMT,870,0.0,N
CIMARRON,290401,XCIM,36.60611,-105.12028,8806,8/23/2026,F,50,81,22,77,3,8,5,11,1/3/1 17:00 LMT,814,0.04,N
CIPRIANO,55522238,ARIP,32.4235,-114.16211,1042,8/23/2026,F,86,105,28,61,3,13,7,22,,776,0.0,N
COLUMBINE,21005,ACOL,32.70389,-109.91389,9521,8/23/2026,F,55,75,32,64,2,5,9,13,,823,0.0,N
COSMIC,293004,XCOS,32.77925,-105.81989,9172,8/23/2026,F,57,81,23,44,2,6,8,16,,814,0.0,N
COYOTE,290202,XCOY,36.07333,-106.65739,8704,8/23/2026,F,54,84,22,59,6,9,8,13,,725,0.0,N
CROWN KING,20502,ACRO,34.20336,-112.34561,6173,8/23/2026,F,66,89,26,56,2,5,7,13,,724,0.03,N
CUBA,290705,XCUB,35.942,-107.07739,6890,8/23/2026,F,60,90,15,48,2,11,3,16,,839,0.0,N
DATIL,292012,XDAT,34.29256,-107.768,8431,8/23/2026,F,57,82,22,55,5,9,7,13,,779,0.0,N
DEADMAN PEAK,290203,XDEA,36.4229,-106.772,8389,8/23/2026,F,57,84,15,50,2,9,3,13,,751,0.0,N
DEVILS HILLS,55522251,ADVH,32.42483,-113.79011,836,8/23/2026,F,85,106,26,63,3,13,6,21,,869,0.0,N
DRIPPING SPRINGS,292903,XDRI,32.32225,-106.58661,5814,8/23/2026,F,74,96,14,26,2,6,7,18,,895,0.0,N
DRY LAKE,21009,ADRL,33.35982,-109.83306,7405,8/23/2026,F,64,89,20,48,3,6,9,15,,824,0.0,N
DRY PARK,20212,ADRY,36.45308,-112.23819,8700,8/23/2026,F,54,79,27,57,2,7,5,11,,602,0.0,N
DULCE #2,290205,XDUL,36.93519,-107.00011,6805,8/23/2026,F,51,91,17,77,1,10,1,15,,775,0.0,N
DUNKEN,292302,XDUN,32.82467,-105.18261,5431,8/23/2026,F,68,96,14,36,6,11,8,16,,827,0.0,N
DUTCH KID,55522257,ADUT,35.12931,-112.28219,6505,8/23/2026,F,59,88,23,65,2,7,7,15,,735,0.0,N
EIGHT MILE DRAW,292301,XEIG,33.65064,-104.32139,3626,8/23/2026,F,71,104,12,44,5,10,7,15,,863,0.0,N
EMPIRE,21205,AEMP,31.78347,-110.64325,4650,8/23/2026,F,68,94,26,73,2,7,6,17,,824,0.0,N
FLAGSTAFF,20209,AFLG,35.14111,-111.6725,6903,8/23/2026,F,56,85,23,67,0,3,5,13,,694,0.04,N
FORT YUMA,20102,AFYM,32.65222,-114.63417,185,8/23/2026,F,87,108,25,68,5,10,9,18,,880,0.0,N
FOUR SPRINGS,20227,AFOU,36.79367,-112.04239,6560,8/23/2026,F,67,85,21,39,3,6,8,14,,604,0.06,N
FRAZIER WELLS,20213,AFRA,35.84551,-113.05501,6796,8/23/2026,F,66,84,25,47,2,8,6,13,,744,0.08,N
FTHL YDMA,55522271,AFTH,32.48658,-114.4635,331,8/23/2026,F,87,108,26,68,6,16,9,22,,880,0.0,N
GILA CENTER RAWS,292011,XGIL,33.22375,-108.24031,5767,8/23/2026,F,56,94,16,72,3,7,5,9,,801,0.0,N
GLOBE,20601,AGLO,33.32694,-110.76694,4137,8/23/2026,F,78,96,22,42,5,8,10,19,,843,0.0,N
GOLDFIELD,21505,AGOL,33.55531,-111.6145,1367,8/23/2026,F,85,107,19,46,1,9,2,11,,822,0.0,N
GOODWIN MESA,20507,AGOO,34.77614,-113.3375,4311,8/23/2026,F,74,97,21,46,3,9,5,13,,784,0.0,N
GRANTS,291302,XGRA,35.24278,-107.66528,8620,8/23/2026,F,54,82,21,66,3,8,5,11,,716,0.0,N
GREENBASE,20284,AGRB,35.27619,-112.06325,6923,8/23/2026,F,56,84,25,67,1,6,3,13,,711,0.05,N
GREER,20404,AGRE,34.05853,-109.44097,8240,8/23/2026,F,56,79,28,59,2,6,5,13,,699,0.0,N
GUNSIGHT,20223,AGUN,36.70464,-112.5835,5284,8/23/2026,F,68,94,18,40,2,7,6,18,,657,0.0,N
GUTHRIE,21104,AGUT,32.88203,-109.30931,6324,8/23/2026,F,71,92,16,37,3,15,13,25,,894,0.0,N
HACHITA VALLEY,292702,XHAC,31.702,-108.34169,4290,8/23/2026,F,70,103,13,46,3,8,6,11,,910,0.0,N
HAPPY JACK,20291,AHJK,34.61797,-111.34239,6812,8/23/2026,F,57,85,26,72,0,5,3,14,,625,0.03,N
HAVASU,20118,AHAV,34.80758,-114.53456,475,8/23/2026,F,86,112,17,46,2,6,5,16,,805,0.0,N
HEADQUARTERS,21409,ACHR,32.00611,-109.35694,5400,8/23/2026,F,68,95,18,49,2,6,6,13,,826,0.0,N
HEBER,20301,AHBR,34.39778,-110.56444,6635,8/23/2026,F,60,86,25,62,1,5,5,13,,743,0.02,N
HILLTOP,20609,AHIL,33.61119,-110.41461,5732,8/23/2026,F,62,91,23,68,2,7,6,13,,758,0.0,N
HOPI,20312,AHPI,35.86292,-110.61495,5579,8/23/2026,F,62,95,17,56,3,9,6,19,,868,0.0,N
HOPKINS,21302,AHPK,31.67528,-110.88,7120,8/23/2026,F,65,84,35,61,5,9,7,14,,816,0.0,N
HORSE CAMP CANYON,20903,AHOR,32.93656,-110.4935,4014,8/23/2026,F,75,98,21,50,3,13,7,25,,861,0.0,N
HUMBUG CREEK,20508,AHUM,34.11,-112.3,5250,8/23/2026,F,74,91,27,43,3,13,8,23,,747,0.0,N
HURRICANE,20117,AHUR,36.69908,-113.20731,5445,8/23/2026,F,68,91,20,40,7,10,13,23,,828,0.02,N
IRON SPRINGS,20501,AIRO,34.59361,-112.51139,5385,8/23/2026,F,65,89,25,61,1,5,5,15,,822,0.04,N
JARITA MESA,290204,XJAR,36.55597,-106.10306,8864,8/23/2026,F,55,82,22,60,2,7,3,9,1/3/1 17:00 LMT,523,0.05,N
JEMEZ,290702,XJEM,35.84114,-106.61969,8248,8/23/2026,F,57,86,19,55,5,11,7,16,,645,0.0,N
LAGUNA,293304,XLAG,35.05197,-107.42028,5805,8/23/2026,F,65,93,15,50,2,9,3,13,,826,0.0,N
LAKESIDE,20303,ALAK,34.16283,-109.87639,7267,8/23/2026,F,58,83,27,67,2,5,6,13,,752,0.03,N
LIMESTONE CANYON,20309,ALIM,34.17786,-110.27663,7102,8/23/2026,F,64,89,22,52,3,6,5,11,,785,0.0,N
LINDBERGH HILL,20220,ALBE,36.28556,-112.07861,8800,8/23/2026,F,56,80,25,53,3,7,8,11,,625,0.01,N
LUNA,292004,XLUN,33.82289,-108.94311,7088,8/23/2026,F,54,87,20,72,2,11,3,16,,790,0.0,N
MAGDALENA,292104,XMAG,33.85061,-107.539,8495,8/23/2026,F,59,83,21,48,3,6,5,8,,782,0.0,N
MALPAIS LAVA FLOW,293301,XMAL,34.85181,-108.17461,7514,8/23/2026,F,55,86,20,69,1,15,1,21,,745,0.0,N
MAYHILL,293002,XMAY,32.90947,-105.46981,6599,8/23/2026,F,60,93,16,48,3,6,10,16,,767,0.0,N
MCGREGGOR RANGE,292901,XMCG,32.43133,-105.62181,4832,8/23/2026,F,69,101,13,38,5,8,7,13,,877,0.0,N
MELROSE RANGE,291901,XMEL,34.28422,-103.71497,4263,8/23/2026,F,72,101,12,43,5,11,7,16,1/7/1 17:00 LMT,858,0.0,N
MESCAL,293003,XMES,33.15803,-105.76881,6227,8/23/2026,F,57,90,19,55,3,7,6,15,,824,0.0,N
MIDNIGHT,55522315,XMID,36.77819,-105.34131,10815,8/23/2026,F,45,74,23,79,2,8,3,11,1/3/1 17:00 LMT,827,0.01,N
MILLS CANYON,291101,XMIL,36.05453,-104.32511,5881,8/23/2026,F,59,95,17,72,6,18,8,25,,859,0.02,N
MOGOLLON,292013,XMOG,33.39064,-108.80819,7602,8/23/2026,F,64,89,20,42,3,11,5,16,,779,0.0,N
MOHAWK DUNES,55522318,AMOD,32.68878,-113.74889,524,8/23/2026,F,85,108,24,63,3,9,7,16,,783,0.0,N
MORMON LAKE,20215,AMOL,34.90972,-111.43842,7094,8/23/2026,F,57,84,25,67,1,2,3,10,,552,0.04,N
MOSS BASIN,20115,AMOS,35.03397,-113.89406,5920,8/23/2026,F,67,88,26,49,3,8,7,13,,776,0.0,N
MOUNTAINAIR,291501,XMOU,34.52081,-106.26269,6593,8/23/2026,F,62,92,16,48,2,7,3,9,,801,0.0,N
MOUNTAIN LION,20310,AFAP,33.69511,-109.71078,7269,8/23/2026,F,57,85,23,60,1,2,5,9,,749,0.0,N
MOUNT LOGAN,20107,AMTL,36.35306,-113.19917,7605,8/23/2026,F,64,79,28,40,5,8,11,21,,861,0.02,N
MULESHOE RANCH,21007,AMUL,32.40383,-110.272,4475,8/23/2026,F,71,96,22,57,2,8,7,21,,879,0.0,N
MUSIC MOUNTAIN,20119,AMUS,35.61497,-113.79428,5375,8/23/2026,F,70,92,21,44,6,10,10,18,,843,0.0,N
NAVAJO MONUMENT,20307,ANAV,36.67667,-110.54389,7204,8/23/2026,F,61,86,19,50,3,7,7,10,,690,0.0,N
NEVERSHINE,55522326,ANEV,36.24753,-113.88851,2165,8/23/2026,F,85,104,15,27,6,9,9,11,1/1/1 17:00 LMT,792,0.0,N
NIXON FLATS,20113,ANIX,36.38833,-113.15806,6500,8/23/2026,F,60,84,24,54,2,6,3,16,,857,0.02,N
NOON CREEK,21010,ANOO,32.66778,-109.78806,4925,8/23/2026,F,71,99,15,41,5,10,9,18,,898,0.0,N
OAK CREEK,20219,AOAK,34.94686,-111.75444,4804,8/23/2026,F,68,96,19,50,2,5,7,13,,728,0.0,N
OAK FLATS,291402,XOAK,35.00614,-106.31583,7675,8/23/2026,F,60,89,19,52,2,10,3,15,,800,0.0,N
OATMAN,21502,AOAT,33.04994,-113.13867,1715,8/23/2026,F,86,107,22,57,5,11,8,18,,769,0.0,N
OLAF KNOLLS,20108,AOLA,36.50725,-113.81589,2974,8/23/2026,F,81,102,15,27,6,10,11,22,,767,0.0,N
PADUCA,293202,XPAD,32.17983,-103.722,3534,8/23/2026,F,73,101,15,45,8,15,11,24,,870,0.0,N
PARIA POINT,20226,APAR,36.72753,-111.822,7106,8/23/2026,F,66,85,23,40,3,5,8,15,,688,0.02,N
PAYSON,20602,APAY,34.24614,-111.2935,5064,8/23/2026,F,67,95,22,59,1,6,3,14,,702,0.0,N
PECOS,291202,XPEC,35.54558,-105.49439,8229,8/23/2026,F,61,85,20,48,3,11,5,16,,803,0.0,N
PELONA MOUNTAIN,292009,XPEL,33.69375,-108.06161,7955,8/23/2026,F,60,85,19,50,5,9,7,13,,763,0.0,N
PICACHO PEAK,55522341,APIC,32.66314,-111.42154,1750,8/23/2026,F,81,101,23,59,1,8,3,15,,862,0.0,N
PINE,20612,APNE,34.37181,-111.4555,5313,8/23/2026,F,65,94,22,58,2,6,6,13,,745,0.0,N
PINEDALE,55522344,APND,34.30617,-110.23661,6461,8/23/2026,F,64,89,22,56,2,7,5,13,,776,0.0,N
PINEY HILL,20402,APIN,35.76111,-109.16719,8061,8/23/2026,F,60,80,24,54,2,5,6,11,,722,0.0,N
PLEASANT VALLEY,20603,APLE,34.08858,-110.94225,5232,8/23/2026,F,65,95,20,58,1,5,3,13,,855,0.0,N
PROMONTORY,20221,APRO,34.36528,-111.01444,7842,8/23/2026,F,62,80,33,52,2,2,7,10,,692,0.02,N
QUEEN,293105,XQUN,32.20361,-104.69031,5642,8/23/2026,F,69,95,14,36,5,9,13,19,,860,0.0,N
RAMAH,293305,XRAM,34.81947,-108.29439,7645,8/23/2026,F,55,86,20,72,1,16,1,23,,747,0.0,N
RED CANYON,55523735,XRDC,34.62289,-106.40831,8070,8/23/2026,F,61,81,19,39,3,9,5,13,,811,0.0,N
RED LAKE,20610,ARED,34.18133,-110.78919,6524,8/23/2026,F,58,87,27,72,1,3,5,10,,838,0.0,N
RESERVE,292005,XRES,33.71489,-108.777,5846,8/23/2026,F,57,93,16,69,3,13,5,17,,799,0.0,N
RINCON,21207,ARIN,32.20639,-110.54861,8209,8/23/2026,F,60,76,38,65,5,9,8,14,,781,0.0,N
RUCKER,21414,ARUC,31.76111,-109.34861,5700,8/23/2026,F,63,91,21,56,2,5,6,14,,769,0.0,N
SAGUARO,21202,ASAG,32.31111,-110.81861,2758,8/23/2026,F,78,104,22,60,2,7,5,17,,851,0.0,N
SAN ANDRES,292904,XSAA,32.58008,-106.52719,6137,8/23/2026,F,70,95,15,30,2,5,7,15,,898,0.0,N
SAN CARLOS #1,20608,ASCA,33.37165,-110.45683,2830,8/23/2026,F,77,105,16,45,2,8,6,18,,844,0.0,N
SANDIA LAB,291408,XSLB,35.00406,-106.41148,6321,8/23/2026,F,65,91,18,48,2,10,3,15,,821,0.0,N
SANDIA LAKES,290706,XSLK,35.22967,-106.59061,5027,8/23/2026,F,66,98,16,54,3,11,5,16,,842,0.0,N
SANTA FE WATERSHED,290901,XSFW,35.68686,-105.86031,7749,8/23/2026,F,56,86,17,57,1,9,1,13,,833,0.0,N
SASABE,21206,ASAS,31.69169,-111.44811,3500,8/23/2026,F,72,99,26,85,2,8,6,18,,893,0.0,N
SCOUT CAMP,21208,ASOL,32.39806,-110.725,7554,8/23/2026,F,64,82,37,62,5,8,9,16,,765,0.03,N
SELLS,21209,ASES,31.91014,-111.89743,2262,8/23/2026,F,79,103,26,72,2,7,7,16,,885,0.0,N
SEVILLETA,292105,XSEV,34.35844,-106.6895,5246,8/23/2026,F,67,97,14,47,2,7,3,9,,867,0.0,N
SHADOW RIM,20611,ASHA,34.40586,-111.28319,5660,8/23/2026,F,65,94,22,56,1,3,5,13,,696,0.0,N
SLAUGHTER,292008,XSLA,34.06056,-108.44472,8680,8/23/2026,F,57,80,24,57,2,14,3,19,,622,0.02,N
SMITH PEAK,21501,ASMI,34.11486,-113.34733,2386,8/23/2026,F,85,103,21,37,2,7,7,17,,826,0.03,N
SMOKEY BEAR,292203,XSMO,33.35019,-105.686,7194,8/23/2026,F,59,90,20,54,3,8,5,11,,798,0.0,N
SOWATS,55523737,ASOW,36.48242,-112.42281,7038,8/23/2026,F,60,86,22,52,5,8,8,13,,716,0.0,N
STANTON,20509,ASTA,34.16403,-112.73486,3600,8/23/2026,F,81,98,22,38,5,10,11,21,,831,0.0,N
STONE LAKE,290201,XSTO,36.73161,-106.86581,7436,8/23/2026,F,54,89,16,64,2,10,3,15,,740,0.0,N
STRAY HORSE,21106,ASTH,33.55253,-109.31719,7956,8/23/2026,F,62,80,22,45,3,13,8,18,,856,0.0,N
SUNSET POINT,20510,ASUN,34.18847,-112.13467,3380,8/23/2026,F,77,101,19,45,3,9,9,18,,741,0.0,N
TANKS,55522384,ATNK,33.67314,-110.57431,5801,8/23/2026,F,64,89,25,61,5,8,9,16,,857,0.0,N
TAOS PUEBLO RAWS,55522385,XTAP,36.41461,-105.55689,7135,8/23/2026,F,57,89,20,62,2,11,3,16,,807,0.0,N
T BAR,55523738,XTBA,33.51789,-108.52419,8047,8/23/2026,F,55,82,21,62,3,11,5,16,,798,0.0,N
TONTO BASIN,20606,ATON,33.86861,-111.31333,2414,8/23/2026,F,79,104,18,45,2,11,6,18,,845,0.0,N
TOWER,290801,XTOW,35.77899,-106.26611,6529,8/23/2026,F,63,92,16,52,5,9,7,13,,793,0.0,N
TRAIL CABIN,21105,ATRA,33.26478,-109.36789,6250,8/23/2026,F,67,93,16,45,5,8,8,17,,814,0.0,N
TRUCHAS,290210,XTRU,36.059,-105.7695,8353,8/23/2026,F,49,84,18,71,1,6,1,8,,854,0.0,N
TRUXTON CANYON,20120,ATRU,35.78013,-113.79563,5304,8/23/2026,F,75,89,23,36,5,8,9,21,,845,0.0,N
TUSAYAN,20207,ATUS,35.98833,-112.12056,6570,8/23/2026,F,53,88,22,72,0,2,2,9,,704,0.03,N
TWEEDS POINT,20109,ATWE,36.58186,-113.732,5334,8/23/2026,F,77,91,19,29,9,13,16,28,,744,0.0,N
UNION PASS,20116,AUNI,35.23233,-114.38194,3590,8/23/2026,F,82,97,20,32,2,8,6,19,,854,0.0,N
VERDE,20503,AVER,34.54917,-111.84417,3101,8/23/2026,F,72,104,18,64,2,3,5,11,,750,0.0,N
WARM SPRINGS CANYON,20216,AWAR,36.70117,-112.22689,7953,8/23/2026,F,57,81,25,51,5,7,9,13,,553,0.02,N
WASHINGTON PASS,290101,XWAS,36.0765,-108.8615,9384,8/23/2026,F,57,77,25,55,5,8,7,11,,646,0.0,N
WILD RIVERS,290307,XWDR,36.69469,-105.66872,7530,8/23/2026,F,51,86,19,74,1,11,1,16,,810,0.0,N
YELLOW JOHN MOUNTAIN,20217,AYEL,36.155,-113.54944,6160,8/23/2026,F,56,88,23,60,2,5,6,15,,806,0.05,N
ZUNI BUTTES,290603,XZUB,35.13919,-108.94131,6649,8/23/2026,F,57,91,18,67,2,15,3,21,,781,0.0,N
10K,55522198,X10K,35.2085,-106.43586,10065,8/23/2026,F,54,77,23,60,3,8,5,11,,782,0.0,N
AHAKHAV PRESERVE,21503,AAHA,34.13222,-114.32917,363,8/23/2026,F,86,109,23,54,2,8,7,18,,866,0.0,N
ALBINO CANYON,290102,XALB,36.97661,-107.62892,7173,8/23/2026,F,60,90,17,65,1,15,1,21,,886,0.0,N
ALPINE,20401,AALP,33.84272,-109.11161,8207,8/23/2026,F,56,80,26,62,2,5,6,13,,886,0.0,N
BAKERS TANK,55522210,AHBB,32.61528,-114.00836,563,8/23/2026,F,84,106,26,68,3,9,7,19,,927,0.0,N
BARTLEY,291002,XBAR,35.90875,-105.38769,9192,8/23/2026,F,57,79,25,58,2,10,3,15,,773,0.0,N
BATDRAW,293101,XBAD,32.17861,-104.44056,4425,8/23/2026,F,76,101,13,31,5,11,10,21,,950,0.0,N
BEAVERHEAD,292001,XBEA,33.42353,-108.11019,6750,8/23/2026,F,53,90,18,75,2,8,3,11,,922,0.0,N
BELMONT,21504,ABEL,33.67411,-112.92281,1813,8/23/2026,F,82,105,22,59,3,7,8,15,,914,0.0,N
BLACK HILLS,21008,ABLA,33.08203,-109.95119,3262,8/23/2026,F,79,104,13,39,5,8,9,19,,827,0.0,N
BLACK MESA,290305,XBLM,36.03708,-106.04964,5762,8/23/2026,F,60,94,18,67,2,11,3,16,,930,0.0,N
BLACK ROCK,20114,ABRK,36.79436,-113.75056,7224,8/23/2026,F,68,83,22,36,2,5,10,17,,898,0.0,N
BLUEWATER RIDGE,293303,XBLR,35.19411,-108.16336,8274,8/23/2026,F,57,82,25,60,2,8,3,11,,732,0.06,N
BOSQUE,292103,XBOS,33.82064,-106.88169,4523,8/23/2026,F,65,100,13,57,2,11,3,16,,937,0.0,N
BRIGHT ANGEL,20211,ACAN,36.20472,-112.06222,8134,8/23/2026,F,57,80,27,55,2,9,5,14,,815,0.0,N
BRUSHY MOUNTAIN,291301,XBRU,34.72,-107.8484,8789,8/23/2026,F,57,83,22,59,2,14,3,19,,753,0.0,N
BUCKSKIN MTN,20224,ABUC,36.91808,-112.19981,6334,8/23/2026,F,66,86,22,44,2,7,6,18,,764,0.0,N
BURRO MOUNTAIN,292504,XBUR,32.67203,-108.53969,6995,8/23/2026,F,67,92,15,36,5,9,8,18,,804,0.0,N
CANELO,21303,ACNL,31.54972,-110.51917,4629,8/23/2026,F,66,92,27,79,5,9,8,18,,923,0.03,N
CAPROCK,293104,XCAP,32.92728,-103.85689,4167,8/23/2026,F,72,101,12,43,6,15,9,22,1/1/1 17:00 LMT,976,0.0,N
CARR,21411,ACAA,31.44111,-110.28611,5400,8/23/2026,F,68,94,25,71,2,11,7,23,,941,0.0,N
CASA GRANDE,20906,ACSG,32.99177,-111.53264,1412,8/23/2026,F,83,105,23,59,3,9,5,16,,911,0.0,N
CAVE CREEK,55522232,ACAV,34.0899,-111.8465,3477,8/23/2026,F,71,100,20,62,1,7,5,17,,811,0.0,N
CEDAR RIDGE,55523718,ACED,32.59872,-110.76231,4735,8/23/2026,F,73,95,24,60,6,10,9,18,,841,0.0,N
CHERRY,20511,ACHE,34.59661,-112.04761,5147,8/23/2026,F,61,91,26,75,2,5,6,15,,896,0.0,N
CHUPADERA,292102,XCHU,33.77294,-106.0985,5580,8/23/2026,F,66,97,13,47,3,7,5,9,,972,0.0,N
CIBOLA,20121,ACBL,33.28,-114.68489,252,8/23/2026,F,86,110,23,66,3,10,8,21,,913,0.0,N
CIMARRON,290401,XCIM,36.60611,-105.12028,8806,8/23/2026,F,51,81,23,77,2,9,3,13,,654,0.06,N
CIPRIANO,55522238,ARIP,32.4235,-114.16211,1042,8/23/2026,F,85,106,28,66,3,14,7,23,,932,0.0,N
COLUMBINE,21005,ACOL,32.70389,-109.91389,9521,8/23/2026,F,54,75,31,69,2,5,9,15,,646,0.0,N
COSMIC,293004,XCOS,32.77925,-105.81989,9172,8/23/2026,F,61,80,21,37,2,7,7,17,,910,0.0,N
COYOTE,290202,XCOY,36.07333,-106.65739,8704,8/23/2026,F,53,83,23,66,5,11,7,16,,786,0.02,N
CROWN KING,20502,ACRO,34.20336,-112.34561,6173,8/23/2026,F,64,87,30,65,2,5,6,13,,791,0.01,N
CUBA,290705,XCUB,35.942,-107.07739,6890,8/23/2026,F,59,90,16,56,2,9,3,13,,897,0.0,N
DATIL,292012,XDAT,34.29256,-107.768,8431,8/23/2026,F,56,82,24,60,3,9,5,13,,717,0.05,N
DEADMAN PEAK,290203,XDEA,36.4229,-106.772,8389,8/23/2026,F,57,85,15,55,2,11,3,16,,833,0.0,N
DEVILS HILLS,55522251,ADVH,32.42483,-113.79011,836,8/23/2026,F,84,107,26,70,2,10,6,21,,926,0.0,N
DRIPPING SPRINGS,292903,XDRI,32.32225,-106.58661,5814,8/23/2026,F,75,96,12,23,1,6,6,17,,989,0.0,N
DRY LAKE,21009,ADRL,33.35982,-109.83306,7405,8/23/2026,F,64,89,20,47,3,7,8,16,,764,0.0,N
DRY PARK,20212,ADRY,36.45308,-112.23819,8700,8/23/2026,F,54,76,29,59,2,7,5,13,,797,0.01,N
DULCE #2,290205,XDUL,36.93519,-107.00011,6805,8/23/2026,F,51,91,18,86,1,13,1,17,,877,0.0,N
DUNKEN,292302,XDUN,32.82467,-105.18261,5431,8/23/2026,F,69,97,14,34,3,13,5,17,1/3/1 17:00 LMT,895,0.0,N
DUTCH KID,55522257,ADUT,35.12931,-112.28219,6505,8/23/2026,F,55,85,28,78,3,7,6,16,,842,0.0,N
EIGHT MILE DRAW,292301,XEIG,33.65064,-104.32139,3626,8/23/2026,F,71,105,11,41,5,9,7,13,,967,0.0,N
EMPIRE,21205,AEMP,31.78347,-110.64325,4650,8/23/2026,F,67,93,27,81,2,7,6,17,,922,0.0,N
FLAGSTAFF,20209,AFLG,35.14111,-111.6725,6903,8/23/2026,F,52,82,28,80,0,3,5,13,,775,0.01,N
FORT YUMA,20102,AFYM,32.65222,-114.63417,185,8/23/2026,F,86,108,26,70,3,10,7,19,,925,0.0,N
FOUR SPRINGS,20227,AFOU,36.79367,-112.04239,6560,8/23/2026,F,66,83,23,44,2,6,6,14,,653,0.04,N
FRAZIER WELLS,20213,AFRA,35.84551,-113.05501,6796,8/23/2026,F,65,82,27,49,2,8,5,13,,764,0.05,N
FTHL YDMA,55522271,AFTH,32.48658,-114.4635,331,8/23/2026,F,86,108,27,73,6,15,9,22,,931,0.0,N
GILA CENTER RAWS,292011,XGIL,33.22375,-108.24031,5767,8/23/2026,F,56,94,14,72,2,8,3,11,,948,0.0,N
GLOBE,20601,AGLO,33.32694,-110.76694,4137,8/23/2026,F,77,97,22,47,5,8,9,19,,905,0.01,N
GOLDFIELD,21505,AGOL,33.55531,-111.6145,1367,8/23/2026,F,85,108,20,52,1,7,2,13,,870,0.0,N
GOODWIN MESA,20507,AGOO,34.77614,-113.3375,4311,8/23/2026,F,72,96,22,53,2,10,5,14,,895,0.03,N
GRANTS,291302,XGRA,35.24278,-107.66528,8620,8/23/2026,F,54,82,22,67,2,7,3,9,,756,0.0,N
GREENBASE,20284,AGRB,35.27619,-112.06325,6923,8/23/2026,F,51,81,31,86,1,6,5,14,,783,0.04,N
GREER,20404,AGRE,34.05853,-109.44097,8240,8/23/2026,F,56,77,31,60,2,6,5,11,,745,0.0,N
GUNSIGHT,20223,AGUN,36.70464,-112.5835,5284,8/23/2026,F,68,92,19,42,2,7,6,18,,840,0.06,N
GUTHRIE,21104,AGUT,32.88203,-109.30931,6324,8/23/2026,F,71,92,15,35,3,15,9,26,,865,0.0,N
HACHITA VALLEY,292702,XHAC,31.702,-108.34169,4290,8/23/2026,F,69,102,11,49,3,7,5,10,,973,0.0,N
HAPPY JACK,20291,AHJK,34.61797,-111.34239,6812,8/23/2026,F,53,82,31,83,0,3,3,15,,673,0.05,N
HAVASU,20118,AHAV,34.80758,-114.53456,475,8/23/2026,F,86,112,18,52,2,7,6,15,,872,0.0,N
HEADQUARTERS,21409,ACHR,32.00611,-109.35694,5400,8/23/2026,F,67,96,17,57,2,6,6,13,,948,0.02,N
HEBER,20301,AHBR,34.39778,-110.56444,6635,8/23/2026,F,59,84,27,65,1,5,5,15,,849,0.02,N
HILLTOP,20609,AHIL,33.61119,-110.41461,5732,8/23/2026,F,61,92,23,68,2,5,5,14,,917,0.0,N
HOPI,20312,AHPI,35.86292,-110.61495,5579,8/23/2026,F,62,93,17,58,2,10,6,22,,847,0.0,N
HOPKINS,21302,AHPK,31.67528,-110.88,7120,8/23/2026,F,65,84,34,63,5,9,8,14,,877,0.01,N
HORSE CAMP CANYON,20903,AHOR,32.93656,-110.4935,4014,8/23/2026,F,75,98,20,56,3,11,8,24,,876,0.0,N
HUMBUG CREEK,20508,AHUM,34.11,-112.3,5250,8/23/2026,F,73,90,29,50,2,13,6,22,,850,0.0,N
HURRICANE,20117,AHUR,36.69908,-113.20731,5445,8/23/2026,F,67,91,19,45,7,10,11,23,,904,0.0,N
IRON SPRINGS,20501,AIRO,34.59361,-112.51139,5385,8/23/2026,F,63,87,29,68,1,5,3,15,,875,0.08,N
JARITA MESA,290204,XJAR,36.55597,-106.10306,8864,8/23/2026,F,55,83,23,66,2,11,3,16,,714,0.04,N
JEMEZ,290702,XJEM,35.84114,-106.61969,8248,8/23/2026,F,56,86,21,62,3,13,5,17,,677,0.0,N
LAGUNA,293304,XLAG,35.05197,-107.42028,5805,8/23/2026,F,65,94,15,54,2,14,3,19,,912,0.01,N
LAKESIDE,20303,ALAK,34.16283,-109.87639,7267,8/23/2026,F,58,83,29,65,2,5,5,13,,756,0.02,N
LIMESTONE CANYON,20309,ALIM,34.17786,-110.27663,7102,8/23/2026,F,63,88,24,54,2,7,6,11,,921,0.0,N
LINDBERGH HILL,20220,ALBE,36.28556,-112.07861,8800,8/23/2026,F,53,77,30,64,2,7,6,11,,816,0.05,N
LUNA,292004,XLUN,33.82289,-108.94311,7088,8/23/2026,F,53,87,19,75,1,7,1,9,,777,0.01,N
MAGDALENA,292104,XMAG,33.85061,-107.539,8495,8/23/2026,F,57,82,21,53,3,8,5,11,,790,0.0,N
MALPAIS LAVA FLOW,293301,XMAL,34.85181,-108.17461,7514,8/23/2026,F,55,86,21,72,1,13,1,17,,740,0.03,N
MAYHILL,293002,XMAY,32.90947,-105.46981,6599,8/23/2026,F,59,92,15,48,2,5,8,13,1/3/1 17:00 LMT,767,0.0,N
MCGREGGOR RANGE,292901,XMCG,32.43133,-105.62181,4832,8/23/2026,F,68,101,12,38,5,7,6,11,,985,0.0,N
MELROSE RANGE,291901,XMEL,34.28422,-103.71497,4263,8/23/2026,F,72,102,12,41,6,10,8,15,1/5/1 17:00 LMT,948,0.0,N
MESCAL,293003,XMES,33.15803,-105.76881,6227,8/23/2026,F,57,89,18,51,2,7,6,14,,966,0.0,N
MIDNIGHT,55522315,XMID,36.77819,-105.34131,10815,8/23/2026,F,44,74,24,89,2,7,3,9,,929,0.04,N
MILLS CANYON,291101,XMIL,36.05453,-104.32511,5881,8/23/2026,F,58,94,18,78,3,15,5,21,,956,0.0,N
MOGOLLON,292013,XMOG,33.39064,-108.80819,7602,8/23/2026,F,63,89,18,41,2,7,3,9,,852,0.0,N
MOHAWK DUNES,55522318,AMOD,32.68878,-113.74889,524,8/23/2026,F,84,108,25,70,2,8,7,16,,926,0.0,N
MORMON LAKE,20215,AMOL,34.90972,-111.43842,7094,8/23/2026,F,53,82,28,77,1,2,3,11,,689,0.11,N
MOSS BASIN,20115,AMOS,35.03397,-113.89406,5920,8/23/2026,F,67,87,30,55,3,8,7,14,,712,0.1,N
MOUNTAINAIR,291501,XMOU,34.52081,-106.26269,6593,8/23/2026,F,61,92,15,54,2,7,3,9,,793,0.0,N
MOUNTAIN LION,20310,AFAP,33.69511,-109.71078,7269,8/23/2026,F,57,84,24,60,1,2,5,9,,759,0.0,N
MOUNT LOGAN,20107,AMTL,36.35306,-113.19917,7605,8/23/2026,F,64,79,27,43,5,8,10,21,,875,0.04,N
MULESHOE RANCH,21007,AMUL,32.40383,-110.272,4475,8/23/2026,F,70,96,22,66,2,9,7,21,,868,0.0,N
MUSIC MOUNTAIN,20119,AMUS,35.61497,-113.79428,5375,8/23/2026,F,70,92,22,46,7,10,11,18,,907,0.0,N
NAVAJO MONUMENT,20307,ANAV,36.67667,-110.54389,7204,8/23/2026,F,60,85,22,56,2,7,6,10,,735,0.03,N
NEVERSHINE,55522326,ANEV,36.24753,-113.88851,2165,8/23/2026,F,85,104,15,28,6,10,9,14,1/1/1 17:00 LMT,905,0.0,N
NIXON FLATS,20113,ANIX,36.38833,-113.15806,6500,8/23/2026,F,61,84,24,54,1,6,3,16,,876,0.02,N
NOON CREEK,21010,ANOO,32.66778,-109.78806,4925,8/23/2026,F,70,99,14,44,5,11,9,21,,839,0.0,N
OAK CREEK,20219,AOAK,34.94686,-111.75444,4804,8/23/2026,F,65,95,21,57,1,5,7,13,,834,0.0,N
OAK FLATS,291402,XOAK,35.00614,-106.31583,7675,8/23/2026,F,59,89,18,60,2,7,3,9,,811,0.0,N
OATMAN,21502,AOAT,33.04994,-113.13867,1715,8/23/2026,F,85,107,23,63,3,11,7,17,,831,0.0,N
OLAF KNOLLS,20108,AOLA,36.50725,-113.81589,2974,8/23/2026,F,82,103,14,27,5,10,11,22,,922,0.0,N
PADUCA,293202,XPAD,32.17983,-103.722,3534,8/23/2026,F,74,102,15,45,7,15,10,24,,970,0.0,N
PARIA POINT,20226,APAR,36.72753,-111.822,7106,8/23/2026,F,64,84,23,45,2,5,6,16,,731,0.06,N
PAYSON,20602,APAY,34.24614,-111.2935,5064,8/23/2026,F,64,92,25,68,0,7,2,14,,825,0.0,N
PECOS,291202,XPEC,35.54558,-105.49439,8229,8/23/2026,F,61,85,22,50,3,8,5,11,,606,0.0,N
PELONA MOUNTAIN,292009,XPEL,33.69375,-108.06161,7955,8/23/2026,F,59,84,18,54,3,9,5,13,,835,0.0,N
PICACHO PEAK,55522341,APIC,32.66314,-111.42154,1750,8/23/2026,F,80,101,24,63,2,8,5,14,,898,0.0,N
PINE,20612,APNE,34.37181,-111.4555,5313,8/23/2026,F,62,92,26,65,2,7,5,13,,823,0.0,N
PINEDALE,55522344,APND,34.30617,-110.23661,6461,8/23/2026,F,62,86,24,60,2,6,5,14,,873,0.02,N
PINEY HILL,20402,APIN,35.76111,-109.16719,8061,8/23/2026,F,58,79,26,60,2,5,6,13,,759,0.06,N
PLEASANT VALLEY,20603,APLE,34.08858,-110.94225,5232,8/23/2026,F,63,93,22,66,1,5,3,14,,839,0.0,N
PROMONTORY,20221,APRO,34.36528,-111.01444,7842,8/23/2026,F,59,79,35,58,1,3,6,10,,764,0.0,N
QUEEN,293105,XQUN,32.20361,-104.69031,5642,8/23/2026,F,70,96,13,34,6,8,14,17,1/6/1 17:00 LMT,973,0.0,N
RAMAH,293305,XRAM,34.81947,-108.29439,7645,8/23/2026,F,55,86,21,72,1,11,1,16,,734,0.0,N
RED CANYON,55523735,XRDC,34.62289,-106.40831,8070,8/23/2026,F,59,80,19,46,5,7,7,9,,818,0.0,N
RED LAKE,20610,ARED,34.18133,-110.78919,6524,8/23/2026,F,57,87,28,78,0,3,3,11,,813,0.0,N
RESERVE,292005,XRES,33.71489,-108.777,5846,8/23/2026,F,58,93,15,67,1,7,1,9,,938,0.0,N
RINCON,21207,ARIN,32.20639,-110.54861,8209,8/23/2026,F,60,76,38,67,5,9,8,15,,867,0.03,N
RUCKER,21414,ARUC,31.76111,-109.34861,5700,8/23/2026,F,62,91,15,65,2,5,6,15,,952,0.0,N
SAGUARO,21202,ASAG,32.31111,-110.81861,2758,8/23/2026,F,78,104,22,65,2,7,5,17,,848,0.01,N
SAN ANDRES,292904,XSAA,32.58008,-106.52719,6137,8/23/2026,F,70,94,13,28,1,5,5,15,,987,0.0,N
SAN CARLOS #1,20608,ASCA,33.37165,-110.45683,2830,8/23/2026,F,77,106,15,47,2,9,6,19,,867,0.0,N
SANDIA LAB,291408,XSLB,35.00406,-106.41148,6321,8/23/2026,F,64,91,19,56,2,8,3,11,,837,0.0,N
SANDIA LAKES,290706,XSLK,35.22967,-106.59061,5027,8/23/2026,F,65,99,16,63,2,10,3,15,,854,0.0,N
SANTA FE WATERSHED,290901,XSFW,35.68686,-105.86031,7749,8/23/2026,F,55,86,19,67,3,9,5,13,,879,0.0,N
SASABE,21206,ASAS,31.69169,-111.44811,3500,8/23/2026,F,71,99,26,91,2,8,6,18,,914,0.04,N
SCOUT CAMP,21208,ASOL,32.39806,-110.725,7554,8/23/2026,F,63,82,36,68,3,9,9,16,,760,0.03,N
SELLS,21209,ASES,31.91014,-111.89743,2262,8/23/2026,F,78,102,26,77,2,7,6,16,,919,0.02,N
SEVILLETA,292105,XSEV,34.35844,-106.6895,5246,8/23/2026,F,67,97,14,53,2,7,3,9,,915,0.0,N
SHADOW RIM,20611,ASHA,34.40586,-111.28319,5660,8/23/2026,F,62,93,24,65,0,5,3,11,,771,0.02,N
SLAUGHTER,292008,XSLA,34.06056,-108.44472,8680,8/23/2026,F,56,81,25,60,2,7,3,9,,809,0.01,N
SMITH PEAK,21501,ASMI,34.11486,-113.34733,2386,8/23/2026,F,85,103,22,42,3,6,8,17,,913,0.0,N
SMOKEY BEAR,292203,XSMO,33.35019,-105.686,7194,8/23/2026,F,52,90,19,66,3,8,5,11,,843,0.0,N
SOWATS,55523737,ASOW,36.48242,-112.42281,7038,8/23/2026,F,59,84,23,56,5,8,8,13,,727,0.09,N
STANTON,20509,ASTA,34.16403,-112.73486,3600,8/23/2026,F,79,96,25,44,5,10,9,19,,924,0.01,N
STONE LAKE,290201,XSTO,36.73161,-106.86581,7436,8/23/2026,F,54,89,16,72,1,11,1,16,,856,0.0,N
STRAY HORSE,21106,ASTH,33.55253,-109.31719,7956,8/23/2026,F,62,81,21,45,3,13,8,19,,910,0.0,N
SUNSET POINT,20510,ASUN,34.18847,-112.13467,3380,8/23/2026,F,76,99,22,50,2,11,7,22,,877,0.0,N
TANKS,55522384,ATNK,33.67314,-110.57431,5801,8/23/2026,F,63,90,23,63,3,8,8,18,,874,0.0,N
TAOS PUEBLO RAWS,55522385,XTAP,36.41461,-105.55689,7135,8/23/2026,F,57,89,21,70,1,11,1,16,,908,0.02,N
T BAR,55523738,XTBA,33.51789,-108.52419,8047,8/23/2026,F,54,83,20,62,1,6,1,8,,853,0.0,N
TONTO BASIN,20606,ATON,33.86861,-111.31333,2414,8/23/2026,F,78,104,20,52,1,8,5,19,,852,0.01,N
TOWER,290801,XTOW,35.77899,-106.26611,6529,8/23/2026,F,62,93,17,60,5,13,7,17,,854,0.0,N
TRAIL CABIN,21105,ATRA,33.26478,-109.36789,6250,8/23/2026,F,67,92,15,44,5,8,8,17,,915,0.0,N
TRUCHAS,290210,XTRU,36.059,-105.7695,8353,8/23/2026,F,48,83,20,83,2,9,3,13,,879,0.0,N
TRUXTON CANYON,20120,ATRU,35.78013,-113.79563,5304,8/23/2026,F,74,89,23,40,5,9,8,21,,881,0.03,N
TUSAYAN,20207,ATUS,35.98833,-112.12056,6570,8/23/2026,F,51,85,24,80,0,2,3,9,,810,0.01,N
TWEEDS POINT,20109,ATWE,36.58186,-113.732,5334,8/23/2026,F,77,92,18,29,8,13,15,28,,926,0.0,N
UNION PASS,20116,AUNI,35.23233,-114.38194,3590,8/23/2026,F,82,97,22,37,2,8,6,21,,889,0.0,N
VERDE,20503,AVER,34.54917,-111.84417,3101,8/23/2026,F,70,101,21,73,1,3,5,11,,797,0.0,N
WARM SPRINGS CANYON,20216,AWAR,36.70117,-112.22689,7953,8/23/2026,F,56,79,27,55,5,8,8,13,,594,0.03,N
WASHINGTON PASS,290101,XWAS,36.0765,-108.8615,9384,8/23/2026,F,57,77,28,57,2,7,3,9,,671,0.03,N
WILD RIVERS,290307,XWDR,36.69469,-105.66872,7530,8/23/2026,F,50,86,19,83,2,14,3,19,,934,0.0,N
YELLOW JOHN MOUNTAIN,20217,AYEL,36.155,-113.54944,6160,8/23/2026,F,56,88,23,63,2,5,7,16,,802,0.0,N
ZUNI BUTTES,290603,XZUB,35.13919,-108.94131,6649,8/23/2026,F,58,92,17,70,1,10,1,15,,913,0.0,N
10K,55522198,X10K,35.2085,-106.43586,10065,8/23/2026,F,54,77,23,60,3,8,5,11,,782,0.0,N
AHAKHAV PRESERVE,21503,AAHA,34.13222,-114.32917,363,8/23/2026,F,86,109,23,54,2,8,7,18,,866,0.0,N
ALBINO CANYON,290102,XALB,36.97661,-107.62892,7173,8/23/2026,F,60,90,17,65,1,15,1,21,,886,0.0,N
ALPINE,20401,AALP,33.84272,-109.11161,8207,8/23/2026,F,56,80,26,62,2,5,6,13,,886,0.0,N
BAKERS TANK,55522210,AHBB,32.61528,-114.00836,563,8/23/2026,F,84,106,26,68,3,9,7,19,,927,0.0,N
BARTLEY,291002,XBAR,35.90875,-105.38769,9192,8/23/2026,F,57,79,25,58,2,10,3,15,,773,0.0,N
BATDRAW,293101,XBAD,32.17861,-104.44056,4425,8/23/2026,F,76,101,13,31,5,11,10,21,,950,0.0,N
BEAVERHEAD,292001,XBEA,33.42353,-108.11019,6750,8/23/2026,F,53,90,18,75,2,8,3,11,,922,0.0,N
BELMONT,21504,ABEL,33.67411,-112.92281,1813,8/23/2026,F,82,105,22,59,3,7,8,15,,914,0.0,N
BLACK HILLS,21008,ABLA,33.08203,-109.95119,3262,8/23/2026,F,79,104,13,39,5,8,9,19,,827,0.0,N
BLACK MESA,290305,XBLM,36.03708,-106.04964,5762,8/23/2026,F,60,94,18,67,2,11,3,16,,930,0.0,N
BLACK ROCK,20114,ABRK,36.79436,-113.75056,7224,8/23/2026,F,68,83,22,36,2,5,10,17,,898,0.0,N
BLUEWATER RIDGE,293303,XBLR,35.19411,-108.16336,8274,8/23/2026,F,57,82,25,60,2,8,3,11,,732,0.06,N
BOSQUE,292103,XBOS,33.82064,-106.88169,4523,8/23/2026,F,65,100,13,57,2,11,3,16,,937,0.0,N
BRIGHT ANGEL,20211,ACAN,36.20472,-112.06222,8134,8/23/2026,F,57,80,27,55,2,9,5,14,,815,0.0,N
BRUSHY MOUNTAIN,291301,XBRU,34.72,-107.8484,8789,8/23/2026,F,57,83,22,59,2,14,3,19,,753,0.0,N
BUCKSKIN MTN,20224,ABUC,36.91808,-112.19981,6334,8/23/2026,F,66,86,22,44,2,7,6,18,,764,0.0,N
BURRO MOUNTAIN,292504,XBUR,32.67203,-108.53969,6995,8/23/2026,F,67,92,15,36,5,9,8,18,,804,0.0,N
CANELO,21303,ACNL,31.54972,-110.51917,4629,8/23/2026,F,66,92,27,79,5,9,8,18,,923,0.03,N
CAPROCK,293104,XCAP,32.92728,-103.85689,4167,8/23/2026,F,72,101,12,43,6,15,9,22,1/1/1 17:00 LMT,976,0.0,N
CARR,21411,ACAA,31.44111,-110.28611,5400,8/23/2026,F,68,94,25,71,2,11,7,23,,941,0.0,N
CASA GRANDE,20906,ACSG,32.99177,-111.53264,1412,8/23/2026,F,83,105,23,59,3,9,5,16,,911,0.0,N
CAVE CREEK,55522232,ACAV,34.0899,-111.8465,3477,8/23/2026,F,71,100,20,62,1,7,5,17,,811,0.0,N
CEDAR RIDGE,55523718,ACED,32.59872,-110.76231,4735,8/23/2026,F,73,95,24,60,6,10,9,18,,841,0.0,N
CHERRY,20511,ACHE,34.59661,-112.04761,5147,8/23/2026,F,61,91,26,75,2,5,6,15,,896,0.0,N
CHUPADERA,292102,XCHU,33.77294,-106.0985,5580,8/23/2026,F,66,97,13,47,3,7,5,9,,972,0.0,N
CIBOLA,20121,ACBL,33.28,-114.68489,252,8/23/2026,F,86,110,23,66,3,10,8,21,,913,0.0,N
CIMARRON,290401,XCIM,36.60611,-105.12028,8806,8/23/2026,F,51,81,23,77,2,9,3,13,,654,0.06,N
CIPRIANO,55522238,ARIP,32.4235,-114.16211,1042,8/23/2026,F,85,106,28,66,3,14,7,23,,932,0.0,N
COLUMBINE,21005,ACOL,32.70389,-109.91389,9521,8/23/2026,F,54,75,31,69,2,5,9,15,,646,0.0,N
COSMIC,293004,XCOS,32.77925,-105.81989,9172,8/23/2026,F,61,80,21,37,2,7,7,17,,910,0.0,N
COYOTE,290202,XCOY,36.07333,-106.65739,8704,8/23/2026,F,53,83,23,66,5,11,7,16,,786,0.02,N
CROWN KING,20502,ACRO,34.20336,-112.34561,6173,8/23/2026,F,64,87,30,65,2,5,6,13,,791,0.01,N
CUBA,290705,XCUB,35.942,-107.07739,6890,8/23/2026,F,59,90,16,56,2,9,3,13,,897,0.0,N
DATIL,292012,XDAT,34.29256,-107.768,8431,8/23/2026,F,56,82,24,60,3,9,5,13,,717,0.05,N
DEADMAN PEAK,290203,XDEA,36.4229,-106.772,8389,8/23/2026,F,57,85,15,55,2,11,3,16,,833,0.0,N
DEVILS HILLS,55522251,ADVH,32.42483,-113.79011,836,8/23/2026,F,84,107,26,70,2,10,6,21,,926,0.0,N
DRIPPING SPRINGS,292903,XDRI,32.32225,-106.58661,5814,8/23/2026,F,75,96,12,23,1,6,6,17,,989,0.0,N
DRY LAKE,21009,ADRL,33.35982,-109.83306,7405,8/23/2026,F,64,89,20,47,3,7,8,16,,764,0.0,N
DRY PARK,20212,ADRY,36.45308,-112.23819,8700,8/23/2026,F,54,76,29,59,2,7,5,13,,797,0.01,N
DULCE #2,290205,XDUL,36.93519,-107.00011,6805,8/23/2026,F,51,91,18,86,1,13,1,17,,877,0.0,N
DUNKEN,292302,XDUN,32.82467,-105.18261,5431,8/23/2026,F,69,97,14,34,3,13,5,17,1/3/1 17:00 LMT,895,0.0,N
DUTCH KID,55522257,ADUT,35.12931,-112.28219,6505,8/23/2026,F,55,85,28,78,3,7,6,16,,842,0.0,N
EIGHT MILE DRAW,292301,XEIG,33.65064,-104.32139,3626,8/23/2026,F,71,105,11,41,5,9,7,13,,967,0.0,N
EMPIRE,21205,AEMP,31.78347,-110.64325,4650,8/23/2026,F,67,93,27,81,2,7,6,17,,922,0.0,N
FLAGSTAFF,20209,AFLG,35.14111,-111.6725,6903,8/23/2026,F,52,82,28,80,0,3,5,13,,775,0.01,N
FORT YUMA,20102,AFYM,32.65222,-114.63417,185,8/23/2026,F,86,108,26,70,3,10,7,19,,925,0.0,N
FOUR SPRINGS,20227,AFOU,36.79367,-112.04239,6560,8/23/2026,F,66,83,23,44,2,6,6,14,,653,0.04,N
FRAZIER WELLS,20213,AFRA,35.84551,-113.05501,6796,8/23/2026,F,65,82,27,49,2,8,5,13,,764,0.05,N
FTHL YDMA,55522271,AFTH,32.48658,-114.4635,331,8/23/2026,F,86,108,27,73,6,15,9,22,,931,0.0,N
GILA CENTER RAWS,292011,XGIL,33.22375,-108.24031,5767,8/23/2026,F,56,94,14,72,2,8,3,11,,948,0.0,N
GLOBE,20601,AGLO,33.32694,-110.76694,4137,8/23/2026,F,77,97,22,47,5,8,9,19,,905,0.01,N
GOLDFIELD,21505,AGOL,33.55531,-111.6145,1367,8/23/2026,F,85,108,20,52,1,7,2,13,,870,0.0,N
GOODWIN MESA,20507,AGOO,34.77614,-113.3375,4311,8/23/2026,F,72,96,22,53,2,10,5,14,,895,0.03,N
GRANTS,291302,XGRA,35.24278,-107.66528,8620,8/23/2026,F,54,82,22,67,2,7,3,9,,756,0.0,N
GREENBASE,20284,AGRB,35.27619,-112.06325,6923,8/23/2026,F,51,81,31,86,1,6,5,14,,783,0.04,N
GREER,20404,AGRE,34.05853,-109.44097,8240,8/23/2026,F,56,77,31,60,2,6,5,11,,745,0.0,N
GUNSIGHT,20223,AGUN,36.70464,-112.5835,5284,8/23/2026,F,68,92,19,42,2,7,6,18,,840,0.06,N
GUTHRIE,21104,AGUT,32.88203,-109.30931,6324,8/23/2026,F,71,92,15,35,3,15,9,26,,865,0.0,N
HACHITA VALLEY,292702,XHAC,31.702,-108.34169,4290,8/23/2026,F,69,102,11,49,3,7,5,10,,973,0.0,N
HAPPY JACK,20291,AHJK,34.61797,-111.34239,6812,8/23/2026,F,53,82,31,83,0,3,3,15,,673,0.05,N
HAVASU,20118,AHAV,34.80758,-114.53456,475,8/23/2026,F,86,112,18,52,2,7,6,15,,872,0.0,N
HEADQUARTERS,21409,ACHR,32.00611,-109.35694,5400,8/23/2026,F,67,96,17,57,2,6,6,13,,948,0.02,N
HEBER,20301,AHBR,34.39778,-110.56444,6635,8/23/2026,F,59,84,27,65,1,5,5,15,,849,0.02,N
HILLTOP,20609,AHIL,33.61119,-110.41461,5732,8/23/2026,F,61,92,23,68,2,5,5,14,,917,0.0,N
HOPI,20312,AHPI,35.86292,-110.61495,5579,8/23/2026,F,62,93,17,58,2,10,6,22,,847,0.0,N
HOPKINS,21302,AHPK,31.67528,-110.88,7120,8/23/2026,F,65,84,34,63,5,9,8,14,,877,0.01,N
HORSE CAMP CANYON,20903,AHOR,32.93656,-110.4935,4014,8/23/2026,F,75,98,20,56,3,11,8,24,,876,0.0,N
HUMBUG CREEK,20508,AHUM,34.11,-112.3,5250,8/23/2026,F,73,90,29,50,2,13,6,22,,850,0.0,N
HURRICANE,20117,AHUR,36.69908,-113.20731,5445,8/23/2026,F,67,91,19,45,7,10,11,23,,904,0.0,N
IRON SPRINGS,20501,AIRO,34.59361,-112.51139,5385,8/23/2026,F,63,87,29,68,1,5,3,15,,875,0.08,N
JARITA MESA,290204,XJAR,36.55597,-106.10306,8864,8/23/2026,F,55,83,23,66,2,11,3,16,,714,0.04,N
JEMEZ,290702,XJEM,35.84114,-106.61969,8248,8/23/2026,F,56,86,21,62,3,13,5,17,,677,0.0,N
LAGUNA,293304,XLAG,35.05197,-107.42028,5805,8/23/2026,F,65,94,15,54,2,14,3,19,,912,0.01,N
LAKESIDE,20303,ALAK,34.16283,-109.87639,7267,8/23/2026,F,58,83,29,65,2,5,5,13,,756,0.02,N
LIMESTONE CANYON,20309,ALIM,34.17786,-110.27663,7102,8/23/2026,F,63,88,24,54,2,7,6,11,,921,0.0,N
LINDBERGH HILL,20220,ALBE,36.28556,-112.07861,8800,8/23/2026,F,53,77,30,64,2,7,6,11,,816,0.05,N
LUNA,292004,XLUN,33.82289,-108.94311,7088,8/23/2026,F,53,87,19,75,1,7,1,9,,777,0.01,N
MAGDALENA,292104,XMAG,33.85061,-107.539,8495,8/23/2026,F,57,82,21,53,3,8,5,11,,790,0.0,N
MALPAIS LAVA FLOW,293301,XMAL,34.85181,-108.17461,7514,8/23/2026,F,55,86,21,72,1,13,1,17,,740,0.03,N
MAYHILL,293002,XMAY,32.90947,-105.46981,6599,8/23/2026,F,59,92,15,48,2,5,8,13,1/3/1 17:00 LMT,767,0.0,N
MCGREGGOR RANGE,292901,XMCG,32.43133,-105.62181,4832,8/23/2026,F,68,101,12,38,5,7,6,11,,985,0.0,N
MELROSE RANGE,291901,XMEL,34.28422,-103.71497,4263,8/23/2026,F,72,102,12,41,6,10,8,15,1/5/1 17:00 LMT,948,0.0,N
MESCAL,293003,XMES,33.15803,-105.76881,6227,8/23/2026,F,57,89,18,51,2,7,6,14,,966,0.0,N
MIDNIGHT,55522315,XMID,36.77819,-105.34131,10815,8/23/2026,F,44,74,24,89,2,7,3,9,,929,0.04,N
MILLS CANYON,291101,XMIL,36.05453,-104.32511,5881,8/23/2026,F,58,94,18,78,3,15,5,21,,956,0.0,N
MOGOLLON,292013,XMOG,33.39064,-108.80819,7602,8/23/2026,F,63,89,18,41,2,7,3,9,,852,0.0,N
MOHAWK DUNES,55522318,AMOD,32.68878,-113.74889,524,8/23/2026,F,84,108,25,70,2,8,7,16,,926,0.0,N
MORMON LAKE,20215,AMOL,34.90972,-111.43842,7094,8/23/2026,F,53,82,28,77,1,2,3,11,,689,0.11,N
MOSS BASIN,20115,AMOS,35.03397,-113.89406,5920,8/23/2026,F,67,87,30,55,3,8,7,14,,712,0.1,N
MOUNTAINAIR,291501,XMOU,34.52081,-106.26269,6593,8/23/2026,F,61,92,15,54,2,7,3,9,,793,0.0,N
MOUNTAIN LION,20310,AFAP,33.69511,-109.71078,7269,8/23/2026,F,57,84,24,60,1,2,5,9,,759,0.0,N
MOUNT LOGAN,20107,AMTL,36.35306,-113.19917,7605,8/23/2026,F,64,79,27,43,5,8,10,21,,875,0.04,N
MULESHOE RANCH,21007,AMUL,32.40383,-110.272,4475,8/23/2026,F,70,96,22,66,2,9,7,21,,868,0.0,N
MUSIC MOUNTAIN,20119,AMUS,35.61497,-113.79428,5375,8/23/2026,F,70,92,22,46,7,10,11,18,,907,0.0,N
NAVAJO MONUMENT,20307,ANAV,36.67667,-110.54389,7204,8/23/2026,F,60,85,22,56,2,7,6,10,,735,0.03,N
NEVERSHINE,55522326,ANEV,36.24753,-113.88851,2165,8/23/2026,F,85,104,15,28,6,10,9,14,1/1/1 17:00 LMT,905,0.0,N
NIXON FLATS,20113,ANIX,36.38833,-113.15806,6500,8/23/2026,F,61,84,24,54,1,6,3,16,,876,0.02,N
NOON CREEK,21010,ANOO,32.66778,-109.78806,4925,8/23/2026,F,70,99,14,44,5,11,9,21,,839,0.0,N
OAK CREEK,20219,AOAK,34.94686,-111.75444,4804,8/23/2026,F,65,95,21,57,1,5,7,13,,834,0.0,N
OAK FLATS,291402,XOAK,35.00614,-106.31583,7675,8/23/2026,F,59,89,18,60,2,7,3,9,,811,0.0,N
OATMAN,21502,AOAT,33.04994,-113.13867,1715,8/23/2026,F,85,107,23,63,3,11,7,17,,831,0.0,N
OLAF KNOLLS,20108,AOLA,36.50725,-113.81589,2974,8/23/2026,F,82,103,14,27,5,10,11,22,,922,0.0,N
PADUCA,293202,XPAD,32.17983,-103.722,3534,8/23/2026,F,74,102,15,45,7,15,10,24,,970,0.0,N
PARIA POINT,20226,APAR,36.72753,-111.822,7106,8/23/2026,F,64,84,23,45,2,5,6,16,,731,0.06,N
PAYSON,20602,APAY,34.24614,-111.2935,5064,8/23/2026,F,64,92,25,68,0,7,2,14,,825,0.0,N
PECOS,291202,XPEC,35.54558,-105.49439,8229,8/23/2026,F,61,85,22,50,3,8,5,11,,606,0.0,N
PELONA MOUNTAIN,292009,XPEL,33.69375,-108.06161,7955,8/23/2026,F,59,84,18,54,3,9,5,13,,835,0.0,N
PICACHO PEAK,55522341,APIC,32.66314,-111.42154,1750,8/23/2026,F,80,101,24,63,2,8,5,14,,898,0.0,N
PINE,20612,APNE,34.37181,-111.4555,5313,8/23/2026,F,62,92,26,65,2,7,5,13,,823,0.0,N
PINEDALE,55522344,APND,34.30617,-110.23661,6461,8/23/2026,F,62,86,24,60,2,6,5,14,,873,0.02,N
PINEY HILL,20402,APIN,35.76111,-109.16719,8061,8/23/2026,F,58,79,26,60,2,5,6,13,,759,0.06,N
PLEASANT VALLEY,20603,APLE,34.08858,-110.94225,5232,8/23/2026,F,63,93,22,66,1,5,3,14,,839,0.0,N
PROMONTORY,20221,APRO,34.36528,-111.01444,7842,8/23/2026,F,59,79,35,58,1,3,6,10,,764,0.0,N
QUEEN,293105,XQUN,32.20361,-104.69031,5642,8/23/2026,F,70,96,13,34,6,8,14,17,1/6/1 17:00 LMT,973,0.0,N
RAMAH,293305,XRAM,34.81947,-108.29439,7645,8/23/2026,F,55,86,21,72,1,11,1,16,,734,0.0,N
RED CANYON,55523735,XRDC,34.62289,-106.40831,8070,8/23/2026,F,59,80,19,46,5,7,7,9,,818,0.0,N
RED LAKE,20610,ARED,34.18133,-110.78919,6524,8/23/2026,F,57,87,28,78,0,3,3,11,,813,0.0,N
RESERVE,292005,XRES,33.71489,-108.777,5846,8/23/2026,F,58,93,15,67,1,7,1,9,,938,0.0,N
RINCON,21207,ARIN,32.20639,-110.54861,8209,8/23/2026,F,60,76,38,67,5,9,8,15,,867,0.03,N
RUCKER,21414,ARUC,31.76111,-109.34861,5700,8/23/2026,F,62,91,15,65,2,5,6,15,,952,0.0,N
SAGUARO,21202,ASAG,32.31111,-110.81861,2758,8/23/2026,F,78,104,22,65,2,7,5,17,,848,0.01,N
SAN ANDRES,292904,XSAA,32.58008,-106.52719,6137,8/23/2026,F,70,94,13,28,1,5,5,15,,987,0.0,N
SAN CARLOS #1,20608,ASCA,33.37165,-110.45683,2830,8/23/2026,F,77,106,15,47,2,9,6,19,,867,0.0,N
SANDIA LAB,291408,XSLB,35.00406,-106.41148,6321,8/23/2026,F,64,91,19,56,2,8,3,11,,837,0.0,N
SANDIA LAKES,290706,XSLK,35.22967,-106.59061,5027,8/23/2026,F,65,99,16,63,2,10,3,15,,854,0.0,N
SANTA FE WATERSHED,290901,XSFW,35.68686,-105.86031,7749,8/23/2026,F,55,86,19,67,3,9,5,13,,879,0.0,N
SASABE,21206,ASAS,31.69169,-111.44811,3500,8/23/2026,F,71,99,26,91,2,8,6,18,,914,0.04,N
SCOUT CAMP,21208,ASOL,32.39806,-110.725,7554,8/23/2026,F,63,82,36,68,3,9,9,16,,760,0.03,N
SELLS,21209,ASES,31.91014,-111.89743,2262,8/23/2026,F,78,102,26,77,2,7,6,16,,919,0.02,N
SEVILLETA,292105,XSEV,34.35844,-106.6895,5246,8/23/2026,F,67,97,14,53,2,7,3,9,,915,0.0,N
SHADOW RIM,20611,ASHA,34.40586,-111.28319,5660,8/23/2026,F,62,93,24,65,0,5,3,11,,771,0.02,N
SLAUGHTER,292008,XSLA,34.06056,-108.44472,8680,8/23/2026,F,56,81,25,60,2,7,3,9,,809,0.01,N
SMITH PEAK,21501,ASMI,34.11486,-113.34733,2386,8/23/2026,F,85,103,22,42,3,6,8,17,,913,0.0,N
SMOKEY BEAR,292203,XSMO,33.35019,-105.686,7194,8/23/2026,F,52,90,19,66,3,8,5,11,,843,0.0,N
SOWATS,55523737,ASOW,36.48242,-112.42281,7038,8/23/2026,F,59,84,23,56,5,8,8,13,,727,0.09,N
STANTON,20509,ASTA,34.16403,-112.73486,3600,8/23/2026,F,79,96,25,44,5,10,9,19,,924,0.01,N
STONE LAKE,290201,XSTO,36.73161,-106.86581,7436,8/23/2026,F,54,89,16,72,1,11,1,16,,856,0.0,N
STRAY HORSE,21106,ASTH,33.55253,-109.31719,7956,8/23/2026,F,62,81,21,45,3,13,8,19,,910,0.0,N
SUNSET POINT,20510,ASUN,34.18847,-112.13467,3380,8/23/2026,F,76,99,22,50,2,11,7,22,,877,0.0,N
TANKS,55522384,ATNK,33.67314,-110.57431,5801,8/23/2026,F,63,90,23,63,3,8,8,18,,874,0.0,N
TAOS PUEBLO RAWS,55522385,XTAP,36.41461,-105.55689,7135,8/23/2026,F,57,89,21,70,1,11,1,16,,908,0.02,N
T BAR,55523738,XTBA,33.51789,-108.52419,8047,8/23/2026,F,54,83,20,62,1,6,1,8,,853,0.0,N
TONTO BASIN,20606,ATON,33.86861,-111.31333,2414,8/23/2026,F,78,104,20,52,1,8,5,19,,852,0.01,N
TOWER,290801,XTOW,35.77899,-106.26611,6529,8/23/2026,F,62,93,17,60,5,13,7,17,,854,0.0,N
TRAIL CABIN,21105,ATRA,33.26478,-109.36789,6250,8/23/2026,F,67,92,15,44,5,8,8,17,,915,0.0,N
TRUCHAS,290210,XTRU,36.059,-105.7695,8353,8/23/2026,F,48,83,20,83,2,9,3,13,,879,0.0,N
TRUXTON CANYON,20120,ATRU,35.78013,-113.79563,5304,8/23/2026,F,74,89,23,40,5,9,8,21,,881,0.03,N
TUSAYAN,20207,ATUS,35.98833,-112.12056,6570,8/23/2026,F,51,85,24,80,0,2,3,9,,810,0.01,N
TWEEDS POINT,20109,ATWE,36.58186,-113.732,5334,8/23/2026,F,77,92,18,29,8,13,15,28,,926,0.0,N
UNION PASS,20116,AUNI,35.23233,-114.38194,3590,8/23/2026,F,82,97,22,37,2,8,6,21,,889,0.0,N
VERDE,20503,AVER,34.54917,-111.84417,3101,8/23/2026,F,70,101,21,73,1,3,5,11,,797,0.0,N
WARM SPRINGS CANYON,20216,AWAR,36.70117,-112.22689,7953,8/23/2026,F,56,79,27,55,5,8,8,13,,594,0.03,N
WASHINGTON PASS,290101,XWAS,36.0765,-108.8615,9384,8/23/2026,F,57,77,28,57,2,7,3,9,,671,0.03,N
WILD RIVERS,290307,XWDR,36.69469,-105.66872,7530,8/23/2026,F,50,86,19,83,2,14,3,19,,934,0.0,N
YELLOW JOHN MOUNTAIN,20217,AYEL,36.155,-113.54944,6160,8/23/2026,F,56,88,23,63,2,5,7,16,,802,0.0,N
ZUNI BUTTES,290603,XZUB,35.13919,-108.94131,6649,8/23/2026,F,58,92,17,70,1,10,1,15,,913,0.0,N
10K,55522198,X10K,35.2085,-106.43586,10065,8/23/2026,F,54,77,23,60,3,8,5,11,,782,0.0,N
AHAKHAV PRESERVE,21503,AAHA,34.13222,-114.32917,363,8/23/2026,F,86,109,23,54,2,8,7,18,,866,0.0,N
ALBINO CANYON,290102,XALB,36.97661,-107.62892,7173,8/23/2026,F,60,90,17,65,1,15,1,21,,886,0.0,N
ALPINE,20401,AALP,33.84272,-109.11161,8207,8/23/2026,F,56,80,26,62,2,5,6,13,,886,0.0,N
BAKERS TANK,55522210,AHBB,32.61528,-114.00836,563,8/23/2026,F,84,106,26,68,3,9,7,19,,927,0.0,N
BARTLEY,291002,XBAR,35.90875,-105.38769,9192,8/23/2026,F,57,79,25,58,2,10,3,15,,773,0.0,N
BATDRAW,293101,XBAD,32.17861,-104.44056,4425,8/23/2026,F,76,101,13,31,5,11,10,21,,950,0.0,N
BEAVERHEAD,292001,XBEA,33.42353,-108.11019,6750,8/23/2026,F,53,90,18,75,2,8,3,11,,922,0.0,N
BELMONT,21504,ABEL,33.67411,-112.92281,1813,8/23/2026,F,82,105,22,59,3,7,8,15,,914,0.0,N
BLACK HILLS,21008,ABLA,33.08203,-109.95119,3262,8/23/2026,F,79,104,13,39,5,8,9,19,,827,0.0,N
BLACK MESA,290305,XBLM,36.03708,-106.04964,5762,8/23/2026,F,60,94,18,67,2,11,3,16,,930,0.0,N
BLACK ROCK,20114,ABRK,36.79436,-113.75056,7224,8/23/2026,F,68,83,22,36,2,5,10,17,,898,0.0,N
BLUEWATER RIDGE,293303,XBLR,35.19411,-108.16336,8274,8/23/2026,F,57,82,25,60,2,8,3,11,,732,0.06,N
BOSQUE,292103,XBOS,33.82064,-106.88169,4523,8/23/2026,F,65,100,13,57,2,11,3,16,,937,0.0,N
BRIGHT ANGEL,20211,ACAN,36.20472,-112.06222,8134,8/23/2026,F,57,80,27,55,2,9,5,14,,815,0.0,N
BRUSHY MOUNTAIN,291301,XBRU,34.72,-107.8484,8789,8/23/2026,F,57,83,22,59,2,14,3,19,,753,0.0,N
BUCKSKIN MTN,20224,ABUC,36.91808,-112.19981,6334,8/23/2026,F,66,86,22,44,2,7,6,18,,764,0.0,N
BURRO MOUNTAIN,292504,XBUR,32.67203,-108.53969,6995,8/23/2026,F,67,92,15,36,5,9,8,18,,804,0.0,N
CANELO,21303,ACNL,31.54972,-110.51917,4629,8/23/2026,F,66,92,27,79,5,9,8,18,,923,0.03,N
CAPROCK,293104,XCAP,32.92728,-103.85689,4167,8/23/2026,F,72,101,12,43,6,15,9,22,1/1/1 17:00 LMT,976,0.0,N
CARR,21411,ACAA,31.44111,-110.28611,5400,8/23/2026,F,68,94,25,71,2,11,7,23,,941,0.0,N
CASA GRANDE,20906,ACSG,32.99177,-111.53264,1412,8/23/2026,F,83,105,23,59,3,9,5,16,,911,0.0,N
CAVE CREEK,55522232,ACAV,34.0899,-111.8465,3477,8/23/2026,F,71,100,20,62,1,7,5,17,,811,0.0,N
CEDAR RIDGE,55523718,ACED,32.59872,-110.76231,4735,8/23/2026,F,73,95,24,60,6,10,9,18,,841,0.0,N
CHERRY,20511,ACHE,34.59661,-112.04761,5147,8/23/2026,F,61,91,26,75,2,5,6,15,,896,0.0,N
CHUPADERA,292102,XCHU,33.77294,-106.0985,5580,8/23/2026,F,66,97,13,47,3,7,5,9,,972,0.0,N
CIBOLA,20121,ACBL,33.28,-114.68489,252,8/23/2026,F,86,110,23,66,3,10,8,21,,913,0.0,N
CIMARRON,290401,XCIM,36.60611,-105.12028,8806,8/23/2026,F,51,81,23,77,2,9,3,13,,654,0.06,N
CIPRIANO,55522238,ARIP,32.4235,-114.16211,1042,8/23/2026,F,85,106,28,66,3,14,7,23,,932,0.0,N
COLUMBINE,21005,ACOL,32.70389,-109.91389,9521,8/23/2026,F,54,75,31,69,2,5,9,15,,646,0.0,N
COSMIC,293004,XCOS,32.77925,-105.81989,9172,8/23/2026,F,61,80,21,37,2,7,7,17,,910,0.0,N
COYOTE,290202,XCOY,36.07333,-106.65739,8704,8/23/2026,F,53,83,23,66,5,11,7,16,,786,0.02,N
CROWN KING,20502,ACRO,34.20336,-112.34561,6173,8/23/2026,F,64,87,30,65,2,5,6,13,,791,0.01,N
CUBA,290705,XCUB,35.942,-107.07739,6890,8/23/2026,F,59,90,16,56,2,9,3,13,,897,0.0,N
DATIL,292012,XDAT,34.29256,-107.768,8431,8/23/2026,F,56,82,24,60,3,9,5,13,,717,0.05,N
DEADMAN PEAK,290203,XDEA,36.4229,-106.772,8389,8/23/2026,F,57,85,15,55,2,11,3,16,,833,0.0,N
DEVILS HILLS,55522251,ADVH,32.42483,-113.79011,836,8/23/2026,F,84,107,26,70,2,10,6,21,,926,0.0,N
DRIPPING SPRINGS,292903,XDRI,32.32225,-106.58661,5814,8/23/2026,F,75,96,12,23,1,6,6,17,,989,0.0,N
DRY LAKE,21009,ADRL,33.35982,-109.83306,7405,8/23/2026,F,64,89,20,47,3,7,8,16,,764,0.0,N
DRY PARK,20212,ADRY,36.45308,-112.23819,8700,8/23/2026,F,54,76,29,59,2,7,5,13,,797,0.01,N
DULCE #2,290205,XDUL,36.93519,-107.00011,6805,8/23/2026,F,51,91,18,86,1,13,1,17,,877,0.0,N
DUNKEN,292302,XDUN,32.82467,-105.18261,5431,8/23/2026,F,69,97,14,34,3,13,5,17,1/3/1 17:00 LMT,895,0.0,N
DUTCH KID,55522257,ADUT,35.12931,-112.28219,6505,8/23/2026,F,55,85,28,78,3,7,6,16,,842,0.0,N
EIGHT MILE DRAW,292301,XEIG,33.65064,-104.32139,3626,8/23/2026,F,71,105,11,41,5,9,7,13,,967,0.0,N
EMPIRE,21205,AEMP,31.78347,-110.64325,4650,8/23/2026,F,67,93,27,81,2,7,6,17,,922,0.0,N
FLAGSTAFF,20209,AFLG,35.14111,-111.6725,6903,8/23/2026,F,52,82,28,80,0,3,5,13,,775,0.01,N
FORT YUMA,20102,AFYM,32.65222,-114.63417,185,8/23/2026,F,86,108,26,70,3,10,7,19,,925,0.0,N
FOUR SPRINGS,20227,AFOU,36.79367,-112.04239,6560,8/23/2026,F,66,83,23,44,2,6,6,14,,653,0.04,N
FRAZIER WELLS,20213,AFRA,35.84551,-113.05501,6796,8/23/2026,F,65,82,27,49,2,8,5,13,,764,0.05,N
FTHL YDMA,55522271,AFTH,32.48658,-114.4635,331,8/23/2026,F,86,108,27,73,6,15,9,22,,931,0.0,N
GILA CENTER RAWS,292011,XGIL,33.22375,-108.24031,5767,8/23/2026,F,56,94,14,72,2,8,3,11,,948,0.0,N
GLOBE,20601,AGLO,33.32694,-110.76694,4137,8/23/2026,F,77,97,22,47,5,8,9,19,,905,0.01,N
GOLDFIELD,21505,AGOL,33.55531,-111.6145,1367,8/23/2026,F,85,108,20,52,1,7,2,13,,870,0.0,N
GOODWIN MESA,20507,AGOO,34.77614,-113.3375,4311,8/23/2026,F,72,96,22,53,2,10,5,14,,895,0.03,N
GRANTS,291302,XGRA,35.24278,-107.66528,8620,8/23/2026,F,54,82,22,67,2,7,3,9,,756,0.0,N
GREENBASE,20284,AGRB,35.27619,-112.06325,6923,8/23/2026,F,51,81,31,86,1,6,5,14,,783,0.04,N
GREER,20404,AGRE,34.05853,-109.44097,8240,8/23/2026,F,56,77,31,60,2,6,5,11,,745,0.0,N
GUNSIGHT,20223,AGUN,36.70464,-112.5835,5284,8/23/2026,F,68,92,19,42,2,7,6,18,,840,0.06,N
GUTHRIE,21104,AGUT,32.88203,-109.30931,6324,8/23/2026,F,71,92,15,35,3,15,9,26,,865,0.0,N
HACHITA VALLEY,292702,XHAC,31.702,-108.34169,4290,8/23/2026,F,69,102,11,49,3,7,5,10,,973,0.0,N
HAPPY JACK,20291,AHJK,34.61797,-111.34239,6812,8/23/2026,F,53,82,31,83,0,3,3,15,,673,0.05,N
HAVASU,20118,AHAV,34.80758,-114.53456,475,8/23/2026,F,86,112,18,52,2,7,6,15,,872,0.0,N
HEADQUARTERS,21409,ACHR,32.00611,-109.35694,5400,8/23/2026,F,67,96,17,57,2,6,6,13,,948,0.02,N
HEBER,20301,AHBR,34.39778,-110.56444,6635,8/23/2026,F,59,84,27,65,1,5,5,15,,849,0.02,N
HILLTOP,20609,AHIL,33.61119,-110.41461,5732,8/23/2026,F,61,92,23,68,2,5,5,14,,917,0.0,N
HOPI,20312,AHPI,35.86292,-110.61495,5579,8/23/2026,F,62,93,17,58,2,10,6,22,,847,0.0,N
HOPKINS,21302,AHPK,31.67528,-110.88,7120,8/23/2026,F,65,84,34,63,5,9,8,14,,877,0.01,N
HORSE CAMP CANYON,20903,AHOR,32.93656,-110.4935,4014,8/23/2026,F,75,98,20,56,3,11,8,24,,876,0.0,N
HUMBUG CREEK,20508,AHUM,34.11,-112.3,5250,8/23/2026,F,73,90,29,50,2,13,6,22,,850,0.0,N
HURRICANE,20117,AHUR,36.69908,-113.20731,5445,8/23/2026,F,67,91,19,45,7,10,11,23,,904,0.0,N
IRON SPRINGS,20501,AIRO,34.59361,-112.51139,5385,8/23/2026,F,63,87,29,68,1,5,3,15,,875,0.08,N
JARITA MESA,290204,XJAR,36.55597,-106.10306,8864,8/23/2026,F,55,83,23,66,2,11,3,16,,714,0.04,N
JEMEZ,290702,XJEM,35.84114,-106.61969,8248,8/23/2026,F,56,86,21,62,3,13,5,17,,677,0.0,N
LAGUNA,293304,XLAG,35.05197,-107.42028,5805,8/23/2026,F,65,94,15,54,2,14,3,19,,912,0.01,N
LAKESIDE,20303,ALAK,34.16283,-109.87639,7267,8/23/2026,F,58,83,29,65,2,5,5,13,,756,0.02,N
LIMESTONE CANYON,20309,ALIM,34.17786,-110.27663,7102,8/23/2026,F,63,88,24,54,2,7,6,11,,921,0.0,N
LINDBERGH HILL,20220,ALBE,36.28556,-112.07861,8800,8/23/2026,F,53,77,30,64,2,7,6,11,,816,0.05,N
LUNA,292004,XLUN,33.82289,-108.94311,7088,8/23/2026,F,53,87,19,75,1,7,1,9,,777,0.01,N
MAGDALENA,292104,XMAG,33.85061,-107.539,8495,8/23/2026,F,57,82,21,53,3,8,5,11,,790,0.0,N
MALPAIS LAVA FLOW,293301,XMAL,34.85181,-108.17461,7514,8/23/2026,F,55,86,21,72,1,13,1,17,,740,0.03,N
MAYHILL,293002,XMAY,32.90947,-105.46981,6599,8/23/2026,F,59,92,15,48,2,5,8,13,1/3/1 17:00 LMT,767,0.0,N
MCGREGGOR RANGE,292901,XMCG,32.43133,-105.62181,4832,8/23/2026,F,68,101,12,38,5,7,6,11,,985,0.0,N
MELROSE RANGE,291901,XMEL,34.28422,-103.71497,4263,8/23/2026,F,72,102,12,41,6,10,8,15,1/5/1 17:00 LMT,948,0.0,N
MESCAL,293003,XMES,33.15803,-105.76881,6227,8/23/2026,F,57,89,18,51,2,7,6,14,,966,0.0,N
MIDNIGHT,55522315,XMID,36.77819,-105.34131,10815,8/23/2026,F,44,74,24,89,2,7,3,9,,929,0.04,N
MILLS CANYON,291101,XMIL,36.05453,-104.32511,5881,8/23/2026,F,58,94,18,78,3,15,5,21,,956,0.0,N
MOGOLLON,292013,XMOG,33.39064,-108.80819,7602,8/23/2026,F,63,89,18,41,2,7,3,9,,852,0.0,N
MOHAWK DUNES,55522318,AMOD,32.68878,-113.74889,524,8/23/2026,F,84,108,25,70,2,8,7,16,,926,0.0,N
MORMON LAKE,20215,AMOL,34.90972,-111.43842,7094,8/23/2026,F,53,82,28,77,1,2,3,11,,689,0.11,N
MOSS BASIN,20115,AMOS,35.03397,-113.89406,5920,8/23/2026,F,67,87,30,55,3,8,7,14,,712,0.1,N
MOUNTAINAIR,291501,XMOU,34.52081,-106.26269,6593,8/23/2026,F,61,92,15,54,2,7,3,9,,793,0.0,N
MOUNTAIN LION,20310,AFAP,33.69511,-109.71078,7269,8/23/2026,F,57,84,24,60,1,2,5,9,,759,0.0,N
MOUNT LOGAN,20107,AMTL,36.35306,-113.19917,7605,8/23/2026,F,64,79,27,43,5,8,10,21,,875,0.04,N
MULESHOE RANCH,21007,AMUL,32.40383,-110.272,4475,8/23/2026,F,70,96,22,66,2,9,7,21,,868,0.0,N
MUSIC MOUNTAIN,20119,AMUS,35.61497,-113.79428,5375,8/23/2026,F,70,92,22,46,7,10,11,18,,907,0.0,N
NAVAJO MONUMENT,20307,ANAV,36.67667,-110.54389,7204,8/23/2026,F,60,85,22,56,2,7,6,10,,735,0.03,N
NEVERSHINE,55522326,ANEV,36.24753,-113.88851,2165,8/23/2026,F,85,104,15,28,6,10,9,14,1/1/1 17:00 LMT,905,0.0,N
NIXON FLATS,20113,ANIX,36.38833,-113.15806,6500,8/23/2026,F,61,84,24,54,1,6,3,16,,876,0.02,N
NOON CREEK,21010,ANOO,32.66778,-109.78806,4925,8/23/2026,F,70,99,14,44,5,11,9,21,,839,0.0,N
OAK CREEK,20219,AOAK,34.94686,-111.75444,4804,8/23/2026,F,65,95,21,57,1,5,7,13,,834,0.0,N
OAK FLATS,291402,XOAK,35.00614,-106.31583,7675,8/23/2026,F,59,89,18,60,2,7,3,9,,811,0.0,N
OATMAN,21502,AOAT,33.04994,-113.13867,1715,8/23/2026,F,85,107,23,63,3,11,7,17,,831,0.0,N
OLAF KNOLLS,20108,AOLA,36.50725,-113.81589,2974,8/23/2026,F,82,103,14,27,5,10,11,22,,922,0.0,N
PADUCA,293202,XPAD,32.17983,-103.722,3534,8/23/2026,F,74,102,15,45,7,15,10,24,,970,0.0,N
PARIA POINT,20226,APAR,36.72753,-111.822,7106,8/23/2026,F,64,84,23,45,2,5,6,16,,731,0.06,N
PAYSON,20602,APAY,34.24614,-111.2935,5064,8/23/2026,F,64,92,25,68,0,7,2,14,,825,0.0,N
PECOS,291202,XPEC,35.54558,-105.49439,8229,8/23/2026,F,61,85,22,50,3,8,5,11,,606,0.0,N
PELONA MOUNTAIN,292009,XPEL,33.69375,-108.06161,7955,8/23/2026,F,59,84,18,54,3,9,5,13,,835,0.0,N
PICACHO PEAK,55522341,APIC,32.66314,-111.42154,1750,8/23/2026,F,80,101,24,63,2,8,5,14,,898,0.0,N
PINE,20612,APNE,34.37181,-111.4555,5313,8/23/2026,F,62,92,26,65,2,7,5,13,,823,0.0,N
PINEDALE,55522344,APND,34.30617,-110.23661,6461,8/23/2026,F,62,86,24,60,2,6,5,14,,873,0.02,N
PINEY HILL,20402,APIN,35.76111,-109.16719,8061,8/23/2026,F,58,79,26,60,2,5,6,13,,759,0.06,N
PLEASANT VALLEY,20603,APLE,34.08858,-110.94225,5232,8/23/2026,F,63,93,22,66,1,5,3,14,,839,0.0,N
PROMONTORY,20221,APRO,34.36528,-111.01444,7842,8/23/2026,F,59,79,35,58,1,3,6,10,,764,0.0,N
QUEEN,293105,XQUN,32.20361,-104.69031,5642,8/23/2026,F,70,96,13,34,6,8,14,17,1/6/1 17:00 LMT,973,0.0,N
RAMAH,293305,XRAM,34.81947,-108.29439,7645,8/23/2026,F,55,86,21,72,1,11,1,16,,734,0.0,N
RED CANYON,55523735,XRDC,34.62289,-106.40831,8070,8/23/2026,F,59,80,19,46,5,7,7,9,,818,0.0,N
RED LAKE,20610,ARED,34.18133,-110.78919,6524,8/23/2026,F,57,87,28,78,0,3,3,11,,813,0.0,N
RESERVE,292005,XRES,33.71489,-108.777,5846,8/23/2026,F,58,93,15,67,1,7,1,9,,938,0.0,N
RINCON,21207,ARIN,32.20639,-110.54861,8209,8/23/2026,F,60,76,38,67,5,9,8,15,,867,0.03,N
RUCKER,21414,ARUC,31.76111,-109.34861,5700,8/23/2026,F,62,91,15,65,2,5,6,15,,952,0.0,N
SAGUARO,21202,ASAG,32.31111,-110.81861,2758,8/23/2026,F,78,104,22,65,2,7,5,17,,848,0.01,N
SAN ANDRES,292904,XSAA,32.58008,-106.52719,6137,8/23/2026,F,70,94,13,28,1,5,5,15,,987,0.0,N
SAN CARLOS #1,20608,ASCA,33.37165,-110.45683,2830,8/23/2026,F,77,106,15,47,2,9,6,19,,867,0.0,N
SANDIA LAB,291408,XSLB,35.00406,-106.41148,6321,8/23/2026,F,64,91,19,56,2,8,3,11,,837,0.0,N
SANDIA LAKES,290706,XSLK,35.22967,-106.59061,5027,8/23/2026,F,65,99,16,63,2,10,3,15,,854,0.0,N
SANTA FE WATERSHED,290901,XSFW,35.68686,-105.86031,7749,8/23/2026,F,55,86,19,67,3,9,5,13,,879,0.0,N
SASABE,21206,ASAS,31.69169,-111.44811,3500,8/23/2026,F,71,99,26,91,2,8,6,18,,914,0.04,N
SCOUT CAMP,21208,ASOL,32.39806,-110.725,7554,8/23/2026,F,63,82,36,68,3,9,9,16,,760,0.03,N
SELLS,21209,ASES,31.91014,-111.89743,2262,8/23/2026,F,78,102,26,77,2,7,6,16,,919,0.02,N
SEVILLETA,292105,XSEV,34.35844,-106.6895,5246,8/23/2026,F,67,97,14,53,2,7,3,9,,915,0.0,N
SHADOW RIM,20611,ASHA,34.40586,-111.28319,5660,8/23/2026,F,62,93,24,65,0,5,3,11,,771,0.02,N
SLAUGHTER,292008,XSLA,34.06056,-108.44472,8680,8/23/2026,F,56,81,25,60,2,7,3,9,,809,0.01,N
SMITH PEAK,21501,ASMI,34.11486,-113.34733,2386,8/23/2026,F,85,103,22,42,3,6,8,17,,913,0.0,N
SMOKEY BEAR,292203,XSMO,33.35019,-105.686,7194,8/23/2026,F,52,90,19,66,3,8,5,11,,843,0.0,N
SOWATS,55523737,ASOW,36.48242,-112.42281,7038,8/23/2026,F,59,84,23,56,5,8,8,13,,727,0.09,N
STANTON,20509,ASTA,34.16403,-112.73486,3600,8/23/2026,F,79,96,25,44,5,10,9,19,,924,0.01,N
STONE LAKE,290201,XSTO,36.73161,-106.86581,7436,8/23/2026,F,54,89,16,72,1,11,1,16,,856,0.0,N
STRAY HORSE,21106,ASTH,33.55253,-109.31719,7956,8/23/2026,F,62,81,21,45,3,13,8,19,,910,0.0,N
SUNSET POINT,20510,ASUN,34.18847,-112.13467,3380,8/23/2026,F,76,99,22,50,2,11,7,22,,877,0.0,N
TANKS,55522384,ATNK,33.67314,-110.57431,5801,8/23/2026,F,63,90,23,63,3,8,8,18,,874,0.0,N
TAOS PUEBLO RAWS,55522385,XTAP,36.41461,-105.55689,7135,8/23/2026,F,57,89,21,70,1,11,1,16,,908,0.02,N
T BAR,55523738,XTBA,33.51789,-108.52419,8047,8/23/2026,F,54,83,20,62,1,6,1,8,,853,0.0,N
TONTO BASIN,20606,ATON,33.86861,-111.31333,2414,8/23/2026,F,78,104,20,52,1,8,5,19,,852,0.01,N
TOWER,290801,XTOW,35.77899,-106.26611,6529,8/23/2026,F,62,93,17,60,5,13,7,17,,854,0.0,N
TRAIL CABIN,21105,ATRA,33.26478,-109.36789,6250,8/23/2026,F,67,92,15,44,5,8,8,17,,915,0.0,N
TRUCHAS,290210,XTRU,36.059,-105.7695,8353,8/23/2026,F,48,83,20,83,2,9,3,13,,879,0.0,N
TRUXTON CANYON,20120,ATRU,35.78013,-113.79563,5304,8/23/2026,F,74,89,23,40,5,9,8,21,,881,0.03,N
TUSAYAN,20207,ATUS,35.98833,-112.12056,6570,8/23/2026,F,51,85,24,80,0,2,3,9,,810,0.01,N
TWEEDS POINT,20109,ATWE,36.58186,-113.732,5334,8/23/2026,F,77,92,18,29,8,13,15,28,,926,0.0,N
UNION PASS,20116,AUNI,35.23233,-114.38194,3590,8/23/2026,F,82,97,22,37,2,8,6,21,,889,0.0,N
VERDE,20503,AVER,34.54917,-111.84417,3101,8/23/2026,F,70,101,21,73,1,3,5,11,,797,0.0,N
WARM SPRINGS CANYON,20216,AWAR,36.70117,-112.22689,7953,8/23/2026,F,56,79,27,55,5,8,8,13,,594,0.03,N
WASHINGTON PASS,290101,XWAS,36.0765,-108.8615,9384,8/23/2026,F,57,77,28,57,2,7,3,9,,671,0.03,N
WILD RIVERS,290307,XWDR,36.69469,-105.66872,7530,8/23/2026,F,50,86,19,83,2,14,3,19,,934,0.0,N
YELLOW JOHN MOUNTAIN,20217,AYEL,36.155,-113.54944,6160,8/23/2026,F,56,88,23,63,2,5,7,16,,802,0.0,N
ZUNI BUTTES,290603,XZUB,35.13919,-108.94131,6649,8/23/2026,F,58,92,17,70,1,10,1,15,,913,0.0,N
10K,55522198,X10K,35.2085,-106.43586,10065,8/23/2026,F,54,77,23,60,3,8,5,11,,782,0.0,N
AHAKHAV PRESERVE,21503,AAHA,34.13222,-114.32917,363,8/23/2026,F,86,109,23,54,2,8,7,18,,866,0.0,N
ALBINO CANYON,290102,XALB,36.97661,-107.62892,7173,8/23/2026,F,60,90,17,65,1,15,1,21,,886,0.0,N
ALPINE,20401,AALP,33.84272,-109.11161,8207,8/23/2026,F,56,80,26,62,2,5,6,13,,886,0.0,N
BAKERS TANK,55522210,AHBB,32.61528,-114.00836,563,8/23/2026,F,84,106,26,68,3,9,7,19,,927,0.0,N
BARTLEY,291002,XBAR,35.90875,-105.38769,9192,8/23/2026,F,57,79,25,58,2,10,3,15,,773,0.0,N
BATDRAW,293101,XBAD,32.17861,-104.44056,4425,8/23/2026,F,76,101,13,31,5,11,10,21,,950,0.0,N
BEAVERHEAD,292001,XBEA,33.42353,-108.11019,6750,8/23/2026,F,53,90,18,75,2,8,3,11,,922,0.0,N
BELMONT,21504,ABEL,33.67411,-112.92281,1813,8/23/2026,F,82,105,22,59,3,7,8,15,,914,0.0,N
BLACK HILLS,21008,ABLA,33.08203,-109.95119,3262,8/23/2026,F,79,104,13,39,5,8,9,19,,827,0.0,N
BLACK MESA,290305,XBLM,36.03708,-106.04964,5762,8/23/2026,F,60,94,18,67,2,11,3,16,,930,0.0,N
BLACK ROCK,20114,ABRK,36.79436,-113.75056,7224,8/23/2026,F,68,83,22,36,2,5,10,17,,898,0.0,N
BLUEWATER RIDGE,293303,XBLR,35.19411,-108.16336,8274,8/23/2026,F,57,82,25,60,2,8,3,11,,732,0.06,N
BOSQUE,292103,XBOS,33.82064,-106.88169,4523,8/23/2026,F,65,100,13,57,2,11,3,16,,937,0.0,N
BRIGHT ANGEL,20211,ACAN,36.20472,-112.06222,8134,8/23/2026,F,57,80,27,55,2,9,5,14,,815,0.0,N
BRUSHY MOUNTAIN,291301,XBRU,34.72,-107.8484,8789,8/23/2026,F,57,83,22,59,2,14,3,19,,753,0.0,N
BUCKSKIN MTN,20224,ABUC,36.91808,-112.19981,6334,8/23/2026,F,66,86,22,44,2,7,6,18,,764,0.0,N
BURRO MOUNTAIN,292504,XBUR,32.67203,-108.53969,6995,8/23/2026,F,67,92,15,36,5,9,8,18,,804,0.0,N
CANELO,21303,ACNL,31.54972,-110.51917,4629,8/23/2026,F,66,92,27,79,5,9,8,18,,923,0.03,N
CAPROCK,293104,XCAP,32.92728,-103.85689,4167,8/23/2026,F,72,101,12,43,6,15,9,22,1/1/1 17:00 LMT,976,0.0,N
CARR,21411,ACAA,31.44111,-110.28611,5400,8/23/2026,F,68,94,25,71,2,11,7,23,,941,0.0,N
CASA GRANDE,20906,ACSG,32.99177,-111.53264,1412,8/23/2026,F,83,105,23,59,3,9,5,16,,911,0.0,N
CAVE CREEK,55522232,ACAV,34.0899,-111.8465,3477,8/23/2026,F,71,100,20,62,1,7,5,17,,811,0.0,N
CEDAR RIDGE,55523718,ACED,32.59872,-110.76231,4735,8/23/2026,F,73,95,24,60,6,10,9,18,,841,0.0,N
CHERRY,20511,ACHE,34.59661,-112.04761,5147,8/23/2026,F,61,91,26,75,2,5,6,15,,896,0.0,N
CHUPADERA,292102,XCHU,33.77294,-106.0985,5580,8/23/2026,F,66,97,13,47,3,7,5,9,,972,0.0,N
CIBOLA,20121,ACBL,33.28,-114.68489,252,8/23/2026,F,86,110,23,66,3,10,8,21,,913,0.0,N
CIMARRON,290401,XCIM,36.60611,-105.12028,8806,8/23/2026,F,51,81,23,77,2,9,3,13,,654,0.06,N
CIPRIANO,55522238,ARIP,32.4235,-114.16211,1042,8/23/2026,F,85,106,28,66,3,14,7,23,,932,0.0,N
COLUMBINE,21005,ACOL,32.70389,-109.91389,9521,8/23/2026,F,54,75,31,69,2,5,9,15,,646,0.0,N
COSMIC,293004,XCOS,32.77925,-105.81989,9172,8/23/2026,F,61,80,21,37,2,7,7,17,,910,0.0,N
COYOTE,290202,XCOY,36.07333,-106.65739,8704,8/23/2026,F,53,83,23,66,5,11,7,16,,786,0.02,N
CROWN KING,20502,ACRO,34.20336,-112.34561,6173,8/23/2026,F,64,87,30,65,2,5,6,13,,791,0.01,N
CUBA,290705,XCUB,35.942,-107.07739,6890,8/23/2026,F,59,90,16,56,2,9,3,13,,897,0.0,N
DATIL,292012,XDAT,34.29256,-107.768,8431,8/23/2026,F,56,82,24,60,3,9,5,13,,717,0.05,N
DEADMAN PEAK,290203,XDEA,36.4229,-106.772,8389,8/23/2026,F,57,85,15,55,2,11,3,16,,833,0.0,N
DEVILS HILLS,55522251,ADVH,32.42483,-113.79011,836,8/23/2026,F,84,107,26,70,2,10,6,21,,926,0.0,N
DRIPPING SPRINGS,292903,XDRI,32.32225,-106.58661,5814,8/23/2026,F,75,96,12,23,1,6,6,17,,989,0.0,N
DRY LAKE,21009,ADRL,33.35982,-109.83306,7405,8/23/2026,F,64,89,20,47,3,7,8,16,,764,0.0,N
DRY PARK,20212,ADRY,36.45308,-112.23819,8700,8/23/2026,F,54,76,29,59,2,7,5,13,,797,0.01,N
DULCE #2,290205,XDUL,36.93519,-107.00011,6805,8/23/2026,F,51,91,18,86,1,13,1,17,,877,0.0,N
DUNKEN,292302,XDUN,32.82467,-105.18261,5431,8/23/2026,F,69,97,14,34,3,13,5,17,1/3/1 17:00 LMT,895,0.0,N
DUTCH KID,55522257,ADUT,35.12931,-112.28219,6505,8/23/2026,F,55,85,28,78,3,7,6,16,,842,0.0,N
EIGHT MILE DRAW,292301,XEIG,33.65064,-104.32139,3626,8/23/2026,F,71,105,11,41,5,9,7,13,,967,0.0,N
EMPIRE,21205,AEMP,31.78347,-110.64325,4650,8/23/2026,F,67,93,27,81,2,7,6,17,,922,0.0,N
FLAGSTAFF,20209,AFLG,35.14111,-111.6725,6903,8/23/2026,F,52,82,28,80,0,3,5,13,,775,0.01,N
FORT YUMA,20102,AFYM,32.65222,-114.63417,185,8/23/2026,F,86,108,26,70,3,10,7,19,,925,0.0,N
FOUR SPRINGS,20227,AFOU,36.79367,-112.04239,6560,8/23/2026,F,66,83,23,44,2,6,6,14,,653,0.04,N
FRAZIER WELLS,20213,AFRA,35.84551,-113.05501,6796,8/23/2026,F,65,82,27,49,2,8,5,13,,764,0.05,N
FTHL YDMA,55522271,AFTH,32.48658,-114.4635,331,8/23/2026,F,86,108,27,73,6,15,9,22,,931,0.0,N
GILA CENTER RAWS,292011,XGIL,33.22375,-108.24031,5767,8/23/2026,F,56,94,14,72,2,8,3,11,,948,0.0,N
GLOBE,20601,AGLO,33.32694,-110.76694,4137,8/23/2026,F,77,97,22,47,5,8,9,19,,905,0.01,N
GOLDFIELD,21505,AGOL,33.55531,-111.6145,1367,8/23/2026,F,85,108,20,52,1,7,2,13,,870,0.0,N
GOODWIN MESA,20507,AGOO,34.77614,-113.3375,4311,8/23/2026,F,72,96,22,53,2,10,5,14,,895,0.03,N
GRANTS,291302,XGRA,35.24278,-107.66528,8620,8/23/2026,F,54,82,22,67,2,7,3,9,,756,0.0,N
GREENBASE,20284,AGRB,35.27619,-112.06325,6923,8/23/2026,F,51,81,31,86,1,6,5,14,,783,0.04,N
GREER,20404,AGRE,34.05853,-109.44097,8240,8/23/2026,F,56,77,31,60,2,6,5,11,,745,0.0,N
GUNSIGHT,20223,AGUN,36.70464,-112.5835,5284,8/23/2026,F,68,92,19,42,2,7,6,18,,840,0.06,N
GUTHRIE,21104,AGUT,32.88203,-109.30931,6324,8/23/2026,F,71,92,15,35,3,15,9,26,,865,0.0,N
HACHITA VALLEY,292702,XHAC,31.702,-108.34169,4290,8/23/2026,F,69,102,11,49,3,7,5,10,,973,0.0,N
HAPPY JACK,20291,AHJK,34.61797,-111.34239,6812,8/23/2026,F,53,82,31,83,0,3,3,15,,673,0.05,N
HAVASU,20118,AHAV,34.80758,-114.53456,475,8/23/2026,F,86,112,18,52,2,7,6,15,,872,0.0,N
HEADQUARTERS,21409,ACHR,32.00611,-109.35694,5400,8/23/2026,F,67,96,17,57,2,6,6,13,,948,0.02,N
HEBER,20301,AHBR,34.39778,-110.56444,6635,8/23/2026,F,59,84,27,65,1,5,5,15,,849,0.02,N
HILLTOP,20609,AHIL,33.61119,-110.41461,5732,8/23/2026,F,61,92,23,68,2,5,5,14,,917,0.0,N
HOPI,20312,AHPI,35.86292,-110.61495,5579,8/23/2026,F,62,93,17,58,2,10,6,22,,847,0.0,N
HOPKINS,21302,AHPK,31.67528,-110.88,7120,8/23/2026,F,65,84,34,63,5,9,8,14,,877,0.01,N
HORSE CAMP CANYON,20903,AHOR,32.93656,-110.4935,4014,8/23/2026,F,75,98,20,56,3,11,8,24,,876,0.0,N
HUMBUG CREEK,20508,AHUM,34.11,-112.3,5250,8/23/2026,F,73,90,29,50,2,13,6,22,,850,0.0,N
HURRICANE,20117,AHUR,36.69908,-113.20731,5445,8/23/2026,F,67,91,19,45,7,10,11,23,,904,0.0,N
IRON SPRINGS,20501,AIRO,34.59361,-112.51139,5385,8/23/2026,F,63,87,29,68,1,5,3,15,,875,0.08,N
JARITA MESA,290204,XJAR,36.55597,-106.10306,8864,8/23/2026,F,55,83,23,66,2,11,3,16,,714,0.04,N
JEMEZ,290702,XJEM,35.84114,-106.61969,8248,8/23/2026,F,56,86,21,62,3,13,5,17,,677,0.0,N
LAGUNA,293304,XLAG,35.05197,-107.42028,5805,8/23/2026,F,65,94,15,54,2,14,3,19,,912,0.01,N
LAKESIDE,20303,ALAK,34.16283,-109.87639,7267,8/23/2026,F,58,83,29,65,2,5,5,13,,756,0.02,N
LIMESTONE CANYON,20309,ALIM,34.17786,-110.27663,7102,8/23/2026,F,63,88,24,54,2,7,6,11,,921,0.0,N
LINDBERGH HILL,20220,ALBE,36.28556,-112.07861,8800,8/23/2026,F,53,77,30,64,2,7,6,11,,816,0.05,N
LUNA,292004,XLUN,33.82289,-108.94311,7088,8/23/2026,F,53,87,19,75,1,7,1,9,,777,0.01,N
MAGDALENA,292104,XMAG,33.85061,-107.539,8495,8/23/2026,F,57,82,21,53,3,8,5,11,,790,0.0,N
MALPAIS LAVA FLOW,293301,XMAL,34.85181,-108.17461,7514,8/23/2026,F,55,86,21,72,1,13,1,17,,740,0.03,N
MAYHILL,293002,XMAY,32.90947,-105.46981,6599,8/23/2026,F,59,92,15,48,2,5,8,13,1/3/1 17:00 LMT,767,0.0,N
MCGREGGOR RANGE,292901,XMCG,32.43133,-105.62181,4832,8/23/2026,F,68,101,12,38,5,7,6,11,,985,0.0,N
MELROSE RANGE,291901,XMEL,34.28422,-103.71497,4263,8/23/2026,F,72,102,12,41,6,10,8,15,1/5/1 17:00 LMT,948,0.0,N
MESCAL,293003,XMES,33.15803,-105.76881,6227,8/23/2026,F,57,89,18,51,2,7,6,14,,966,0.0,N
MIDNIGHT,55522315,XMID,36.77819,-105.34131,10815,8/23/2026,F,44,74,24,89,2,7,3,9,,929,0.04,N
MILLS CANYON,291101,XMIL,36.05453,-104.32511,5881,8/23/2026,F,58,94,18,78,3,15,5,21,,956,0.0,N
MOGOLLON,292013,XMOG,33.39064,-108.80819,7602,8/23/2026,F,63,89,18,41,2,7,3,9,,852,0.0,N
MOHAWK DUNES,55522318,AMOD,32.68878,-113.74889,524,8/23/2026,F,84,108,25,70,2,8,7,16,,926,0.0,N
MORMON LAKE,20215,AMOL,34.90972,-111.43842,7094,8/23/2026,F,53,82,28,77,1,2,3,11,,689,0.11,N
MOSS BASIN,20115,AMOS,35.03397,-113.89406,5920,8/23/2026,F,67,87,30,55,3,8,7,14,,712,0.1,N
MOUNTAINAIR,291501,XMOU,34.52081,-106.26269,6593,8/23/2026,F,61,92,15,54,2,7,3,9,,793,0.0,N
MOUNTAIN LION,20310,AFAP,33.69511,-109.71078,7269,8/23/2026,F,57,84,24,60,1,2,5,9,,759,0.0,N
MOUNT LOGAN,20107,AMTL,36.35306,-113.19917,7605,8/23/2026,F,64,79,27,43,5,8,10,21,,875,0.04,N
MULESHOE RANCH,21007,AMUL,32.40383,-110.272,4475,8/23/2026,F,70,96,22,66,2,9,7,21,,868,0.0,N
MUSIC MOUNTAIN,20119,AMUS,35.61497,-113.79428,5375,8/23/2026,F,70,92,22,46,7,10,11,18,,907,0.0,N
NAVAJO MONUMENT,20307,ANAV,36.67667,-110.54389,7204,8/23/2026,F,60,85,22,56,2,7,6,10,,735,0.03,N
NEVERSHINE,55522326,ANEV,36.24753,-113.88851,2165,8/23/2026,F,85,104,15,28,6,10,9,14,1/1/1 17:00 LMT,905,0.0,N
NIXON FLATS,20113,ANIX,36.38833,-113.15806,6500,8/23/2026,F,61,84,24,54,1,6,3,16,,876,0.02,N
NOON CREEK,21010,ANOO,32.66778,-109.78806,4925,8/23/2026,F,70,99,14,44,5,11,9,21,,839,0.0,N
OAK CREEK,20219,AOAK,34.94686,-111.75444,4804,8/23/2026,F,65,95,21,57,1,5,7,13,,834,0.0,N
OAK FLATS,291402,XOAK,35.00614,-106.31583,7675,8/23/2026,F,59,89,18,60,2,7,3,9,,811,0.0,N
OATMAN,21502,AOAT,33.04994,-113.13867,1715,8/23/2026,F,85,107,23,63,3,11,7,17,,831,0.0,N
OLAF KNOLLS,20108,AOLA,36.50725,-113.81589,2974,8/23/2026,F,82,103,14,27,5,10,11,22,,922,0.0,N
PADUCA,293202,XPAD,32.17983,-103.722,3534,8/23/2026,F,74,102,15,45,7,15,10,24,,970,0.0,N
PARIA POINT,20226,APAR,36.72753,-111.822,7106,8/23/2026,F,64,84,23,45,2,5,6,16,,731,0.06,N
PAYSON,20602,APAY,34.24614,-111.2935,5064,8/23/2026,F,64,92,25,68,0,7,2,14,,825,0.0,N
PECOS,291202,XPEC,35.54558,-105.49439,8229,8/23/2026,F,61,85,22,50,3,8,5,11,,606,0.0,N
PELONA MOUNTAIN,292009,XPEL,33.69375,-108.06161,7955,8/23/2026,F,59,84,18,54,3,9,5,13,,835,0.0,N
PICACHO PEAK,55522341,APIC,32.66314,-111.42154,1750,8/23/2026,F,80,101,24,63,2,8,5,14,,898,0.0,N
PINE,20612,APNE,34.37181,-111.4555,5313,8/23/2026,F,62,92,26,65,2,7,5,13,,823,0.0,N
PINEDALE,55522344,APND,34.30617,-110.23661,6461,8/23/2026,F,62,86,24,60,2,6,5,14,,873,0.02,N
PINEY HILL,20402,APIN,35.76111,-109.16719,8061,8/23/2026,F,58,79,26,60,2,5,6,13,,759,0.06,N
PLEASANT VALLEY,20603,APLE,34.08858,-110.94225,5232,8/23/2026,F,63,93,22,66,1,5,3,14,,839,0.0,N
PROMONTORY,20221,APRO,34.36528,-111.01444,7842,8/23/2026,F,59,79,35,58,1,3,6,10,,764,0.0,N
QUEEN,293105,XQUN,32.20361,-104.69031,5642,8/23/2026,F,70,96,13,34,6,8,14,17,1/6/1 17:00 LMT,973,0.0,N
RAMAH,293305,XRAM,34.81947,-108.29439,7645,8/23/2026,F,55,86,21,72,1,11,1,16,,734,0.0,N
RED CANYON,55523735,XRDC,34.62289,-106.40831,8070,8/23/2026,F,59,80,19,46,5,7,7,9,,818,0.0,N
RED LAKE,20610,ARED,34.18133,-110.78919,6524,8/23/2026,F,57,87,28,78,0,3,3,11,,813,0.0,N
RESERVE,292005,XRES,33.71489,-108.777,5846,8/23/2026,F,58,93,15,67,1,7,1,9,,938,0.0,N
RINCON,21207,ARIN,32.20639,-110.54861,8209,8/23/2026,F,60,76,38,67,5,9,8,15,,867,0.03,N
RUCKER,21414,ARUC,31.76111,-109.34861,5700,8/23/2026,F,62,91,15,65,2,5,6,15,,952,0.0,N
SAGUARO,21202,ASAG,32.31111,-110.81861,2758,8/23/2026,F,78,104,22,65,2,7,5,17,,848,0.01,N
SAN ANDRES,292904,XSAA,32.58008,-106.52719,6137,8/23/2026,F,70,94,13,28,1,5,5,15,,987,0.0,N
SAN CARLOS #1,20608,ASCA,33.37165,-110.45683,2830,8/23/2026,F,77,106,15,47,2,9,6,19,,867,0.0,N
SANDIA LAB,291408,XSLB,35.00406,-106.41148,6321,8/23/2026,F,64,91,19,56,2,8,3,11,,837,0.0,N
SANDIA LAKES,290706,XSLK,35.22967,-106.59061,5027,8/23/2026,F,65,99,16,63,2,10,3,15,,854,0.0,N
SANTA FE WATERSHED,290901,XSFW,35.68686,-105.86031,7749,8/23/2026,F,55,86,19,67,3,9,5,13,,879,0.0,N
SASABE,21206,ASAS,31.69169,-111.44811,3500,8/23/2026,F,71,99,26,91,2,8,6,18,,914,0.04,N
SCOUT CAMP,21208,ASOL,32.39806,-110.725,7554,8/23/2026,F,63,82,36,68,3,9,9,16,,760,0.03,N
SELLS,21209,ASES,31.91014,-111.89743,2262,8/23/2026,F,78,102,26,77,2,7,6,16,,919,0.02,N
SEVILLETA,292105,XSEV,34.35844,-106.6895,5246,8/23/2026,F,67,97,14,53,2,7,3,9,,915,0.0,N
SHADOW RIM,20611,ASHA,34.40586,-111.28319,5660,8/23/2026,F,62,93,24,65,0,5,3,11,,771,0.02,N
SLAUGHTER,292008,XSLA,34.06056,-108.44472,8680,8/23/2026,F,56,81,25,60,2,7,3,9,,809,0.01,N
SMITH PEAK,21501,ASMI,34.11486,-113.34733,2386,8/23/2026,F,85,103,22,42,3,6,8,17,,913,0.0,N
SMOKEY BEAR,292203,XSMO,33.35019,-105.686,7194,8/23/2026,F,52,90,19,66,3,8,5,11,,843,0.0,N
SOWATS,55523737,ASOW,36.48242,-112.42281,7038,8/23/2026,F,59,84,23,56,5,8,8,13,,727,0.09,N
STANTON,20509,ASTA,34.16403,-112.73486,3600,8/23/2026,F,79,96,25,44,5,10,9,19,,924,0.01,N
STONE LAKE,290201,XSTO,36.73161,-106.86581,7436,8/23/2026,F,54,89,16,72,1,11,1,16,,856,0.0,N
STRAY HORSE,21106,ASTH,33.55253,-109.31719,7956,8/23/2026,F,62,81,21,45,3,13,8,19,,910,0.0,N
SUNSET POINT,20510,ASUN,34.18847,-112.13467,3380,8/23/2026,F,76,99,22,50,2,11,7,22,,877,0.0,N
TANKS,55522384,ATNK,33.67314,-110.57431,5801,8/23/2026,F,63,90,23,63,3,8,8,18,,874,0.0,N
TAOS PUEBLO RAWS,55522385,XTAP,36.41461,-105.55689,7135,8/23/2026,F,57,89,21,70,1,11,1,16,,908,0.02,N
T BAR,55523738,XTBA,33.51789,-108.52419,8047,8/23/2026,F,54,83,20,62,1,6,1,8,,853,0.0,N
TONTO BASIN,20606,ATON,33.86861,-111.31333,2414,8/23/2026,F,78,104,20,52,1,8,5,19,,852,0.01,N
TOWER,290801,XTOW,35.77899,-106.26611,6529,8/23/2026,F,62,93,17,60,5,13,7,17,,854,0.0,N
TRAIL CABIN,21105,ATRA,33.26478,-109.36789,6250,8/23/2026,F,67,92,15,44,5,8,8,17,,915,0.0,N
TRUCHAS,290210,XTRU,36.059,-105.7695,8353,8/23/2026,F,48,83,20,83,2,9,3,13,,879,0.0,N
TRUXTON CANYON,20120,ATRU,35.78013,-113.79563,5304,8/23/2026,F,74,89,23,40,5,9,8,21,,881,0.03,N
TUSAYAN,20207,ATUS,35.98833,-112.12056,6570,8/23/2026,F,51,85,24,80,0,2,3,9,,810,0.01,N
TWEEDS POINT,20109,ATWE,36.58186,-113.732,5334,8/23/2026,F,77,92,18,29,8,13,15,28,,926,0.0,N
UNION PASS,20116,AUNI,35.23233,-114.38194,3590,8/23/2026,F,82,97,22,37,2,8,6,21,,889,0.0,N
VERDE,20503,AVER,34.54917,-111.84417,3101,8/23/2026,F,70,101,21,73,1,3,5,11,,797,0.0,N
WARM SPRINGS CANYON,20216,AWAR,36.70117,-112.22689,7953,8/23/2026,F,56,79,27,55,5,8,8,13,,594,0.03,N
WASHINGTON PASS,290101,XWAS,36.0765,-108.8615,9384,8/23/2026,F,57,77,28,57,2,7,3,9,,671,0.03,N
WILD RIVERS,290307,XWDR,36.69469,-105.66872,7530,8/23/2026,F,50,86,19,83,2,14,3,19,,934,0.0,N
YELLOW JOHN MOUNTAIN,20217,AYEL,36.155,-113.54944,6160,8/23/2026,F,56,88,23,63,2,5,7,16,,802,0.0,N
ZUNI BUTTES,290603,XZUB,35.13919,-108.94131,6649,8/23/2026,F,58,92,17,70,1,10,1,15,,913,0.0,N
10K,55522198,X10K,35.2085,-106.43586,10065,8/23/2026,F,54,77,23,60,3,8,5,11,,782,0.0,N
AHAKHAV PRESERVE,21503,AAHA,34.13222,-114.32917,363,8/23/2026,F,86,109,23,54,2,8,7,18,,866,0.0,N
ALBINO CANYON,290102,XALB,36.97661,-107.62892,7173,8/23/2026,F,60,90,17,65,1,15,1,21,,886,0.0,N
ALPINE,20401,AALP,33.84272,-109.11161,8207,8/23/2026,F,56,80,26,62,2,5,6,13,,886,0.0,N
BAKERS TANK,55522210,AHBB,32.61528,-114.00836,563,8/23/2026,F,84,106,26,68,3,9,7,19,,927,0.0,N
BARTLEY,291002,XBAR,35.90875,-105.38769,9192,8/23/2026,F,57,79,25,58,2,10,3,15,,773,0.0,N
BATDRAW,293101,XBAD,32.17861,-104.44056,4425,8/23/2026,F,76,101,13,31,5,11,10,21,,950,0.0,N
BEAVERHEAD,292001,XBEA,33.42353,-108.11019,6750,8/23/2026,F,53,90,18,75,2,8,3,11,,922,0.0,N
BELMONT,21504,ABEL,33.67411,-112.92281,1813,8/23/2026,F,82,105,22,59,3,7,8,15,,914,0.0,N
BLACK HILLS,21008,ABLA,33.08203,-109.95119,3262,8/23/2026,F,79,104,13,39,5,8,9,19,,827,0.0,N
BLACK MESA,290305,XBLM,36.03708,-106.04964,5762,8/23/2026,F,60,94,18,67,2,11,3,16,,930,0.0,N
BLACK ROCK,20114,ABRK,36.79436,-113.75056,7224,8/23/2026,F,68,83,22,36,2,5,10,17,,898,0.0,N
BLUEWATER RIDGE,293303,XBLR,35.19411,-108.16336,8274,8/23/2026,F,57,82,25,60,2,8,3,11,,732,0.06,N
BOSQUE,292103,XBOS,33.82064,-106.88169,4523,8/23/2026,F,65,100,13,57,2,11,3,16,,937,0.0,N
BRIGHT ANGEL,20211,ACAN,36.20472,-112.06222,8134,8/23/2026,F,57,80,27,55,2,9,5,14,,815,0.0,N
BRUSHY MOUNTAIN,291301,XBRU,34.72,-107.8484,8789,8/23/2026,F,57,83,22,59,2,14,3,19,,753,0.0,N
BUCKSKIN MTN,20224,ABUC,36.91808,-112.19981,6334,8/23/2026,F,66,86,22,44,2,7,6,18,,764,0.0,N
BURRO MOUNTAIN,292504,XBUR,32.67203,-108.53969,6995,8/23/2026,F,67,92,15,36,5,9,8,18,,804,0.0,N
CANELO,21303,ACNL,31.54972,-110.51917,4629,8/23/2026,F,66,92,27,79,5,9,8,18,,923,0.03,N
CAPROCK,293104,XCAP,32.92728,-103.85689,4167,8/23/2026,F,72,101,12,43,6,15,9,22,1/1/1 17:00 LMT,976,0.0,N
CARR,21411,ACAA,31.44111,-110.28611,5400,8/23/2026,F,68,94,25,71,2,11,7,23,,941,0.0,N
CASA GRANDE,20906,ACSG,32.99177,-111.53264,1412,8/23/2026,F,83,105,23,59,3,9,5,16,,911,0.0,N
CAVE CREEK,55522232,ACAV,34.0899,-111.8465,3477,8/23/2026,F,71,100,20,62,1,7,5,17,,811,0.0,N
CEDAR RIDGE,55523718,ACED,32.59872,-110.76231,4735,8/23/2026,F,73,95,24,60,6,10,9,18,,841,0.0,N
CHERRY,20511,ACHE,34.59661,-112.04761,5147,8/23/2026,F,61,91,26,75,2,5,6,15,,896,0.0,N
CHUPADERA,292102,XCHU,33.77294,-106.0985,5580,8/23/2026,F,66,97,13,47,3,7,5,9,,972,0.0,N
CIBOLA,20121,ACBL,33.28,-114.68489,252,8/23/2026,F,86,110,23,66,3,10,8,21,,913,0.0,N
CIMARRON,290401,XCIM,36.60611,-105.12028,8806,8/23/2026,F,51,81,23,77,2,9,3,13,,654,0.06,N
CIPRIANO,55522238,ARIP,32.4235,-114.16211,1042,8/23/2026,F,85,106,28,66,3,14,7,23,,932,0.0,N
COLUMBINE,21005,ACOL,32.70389,-109.91389,9521,8/23/2026,F,54,75,31,69,2,5,9,15,,646,0.0,N
COSMIC,293004,XCOS,32.77925,-105.81989,9172,8/23/2026,F,61,80,21,37,2,7,7,17,,910,0.0,N
COYOTE,290202,XCOY,36.07333,-106.65739,8704,8/23/2026,F,53,83,23,66,5,11,7,16,,786,0.02,N
CROWN KING,20502,ACRO,34.20336,-112.34561,6173,8/23/2026,F,64,87,30,65,2,5,6,13,,791,0.01,N
CUBA,290705,XCUB,35.942,-107.07739,6890,8/23/2026,F,59,90,16,56,2,9,3,13,,897,0.0,N
DATIL,292012,XDAT,34.29256,-107.768,8431,8/23/2026,F,56,82,24,60,3,9,5,13,,717,0.05,N
DEADMAN PEAK,290203,XDEA,36.4229,-106.772,8389,8/23/2026,F,57,85,15,55,2,11,3,16,,833,0.0,N
DEVILS HILLS,55522251,ADVH,32.42483,-113.79011,836,8/23/2026,F,84,107,26,70,2,10,6,21,,926,0.0,N
DRIPPING SPRINGS,292903,XDRI,32.32225,-106.58661,5814,8/23/2026,F,75,96,12,23,1,6,6,17,,989,0.0,N
DRY LAKE,21009,ADRL,33.35982,-109.83306,7405,8/23/2026,F,64,89,20,47,3,7,8,16,,764,0.0,N
DRY PARK,20212,ADRY,36.45308,-112.23819,8700,8/23/2026,F,54,76,29,59,2,7,5,13,,797,0.01,N
DULCE #2,290205,XDUL,36.93519,-107.00011,6805,8/23/2026,F,51,91,18,86,1,13,1,17,,877,0.0,N
DUNKEN,292302,XDUN,32.82467,-105.18261,5431,8/23/2026,F,69,97,14,34,3,13,5,17,1/3/1 17:00 LMT,895,0.0,N
DUTCH KID,55522257,ADUT,35.12931,-112.28219,6505,8/23/2026,F,55,85,28,78,3,7,6,16,,842,0.0,N
EIGHT MILE DRAW,292301,XEIG,33.65064,-104.32139,3626,8/23/2026,F,71,105,11,41,5,9,7,13,,967,0.0,N
EMPIRE,21205,AEMP,31.78347,-110.64325,4650,8/23/2026,F,67,93,27,81,2,7,6,17,,922,0.0,N
FLAGSTAFF,20209,AFLG,35.14111,-111.6725,6903,8/23/2026,F,52,82,28,80,0,3,5,13,,775,0.01,N
FORT YUMA,20102,AFYM,32.65222,-114.63417,185,8/23/2026,F,86,108,26,70,3,10,7,19,,925,0.0,N
FOUR SPRINGS,20227,AFOU,36.79367,-112.04239,6560,8/23/2026,F,66,83,23,44,2,6,6,14,,653,0.04,N
FRAZIER WELLS,20213,AFRA,35.84551,-113.05501,6796,8/23/2026,F,65,82,27,49,2,8,5,13,,764,0.05,N
FTHL YDMA,55522271,AFTH,32.48658,-114.4635,331,8/23/2026,F,86,108,27,73,6,15,9,22,,931,0.0,N
GILA CENTER RAWS,292011,XGIL,33.22375,-108.24031,5767,8/23/2026,F,56,94,14,72,2,8,3,11,,948,0.0,N
GLOBE,20601,AGLO,33.32694,-110.76694,4137,8/23/2026,F,77,97,22,47,5,8,9,19,,905,0.01,N
GOLDFIELD,21505,AGOL,33.55531,-111.6145,1367,8/23/2026,F,85,108,20,52,1,7,2,13,,870,0.0,N
GOODWIN MESA,20507,AGOO,34.77614,-113.3375,4311,8/23/2026,F,72,96,22,53,2,10,5,14,,895,0.03,N
GRANTS,291302,XGRA,35.24278,-107.66528,8620,8/23/2026,F,54,82,22,67,2,7,3,9,,756,0.0,N
GREENBASE,20284,AGRB,35.27619,-112.06325,6923,8/23/2026,F,51,81,31,86,1,6,5,14,,783,0.04,N
GREER,20404,AGRE,34.05853,-109.44097,8240,8/23/2026,F,56,77,31,60,2,6,5,11,,745,0.0,N
GUNSIGHT,20223,AGUN,36.70464,-112.5835,5284,8/23/2026,F,68,92,19,42,2,7,6,18,,840,0.06,N
GUTHRIE,21104,AGUT,32.88203,-109.30931,6324,8/23/2026,F,71,92,15,35,3,15,9,26,,865,0.0,N
HACHITA VALLEY,292702,XHAC,31.702,-108.34169,4290,8/23/2026,F,69,102,11,49,3,7,5,10,,973,0.0,N
HAPPY JACK,20291,AHJK,34.61797,-111.34239,6812,8/23/2026,F,53,82,31,83,0,3,3,15,,673,0.05,N
HAVASU,20118,AHAV,34.80758,-114.53456,475,8/23/2026,F,86,112,18,52,2,7,6,15,,872,0.0,N
HEADQUARTERS,21409,ACHR,32.00611,-109.35694,5400,8/23/2026,F,67,96,17,57,2,6,6,13,,948,0.02,N
HEBER,20301,AHBR,34.39778,-110.56444,6635,8/23/2026,F,59,84,27,65,1,5,5,15,,849,0.02,N
HILLTOP,20609,AHIL,33.61119,-110.41461,5732,8/23/2026,F,61,92,23,68,2,5,5,14,,917,0.0,N
HOPI,20312,AHPI,35.86292,-110.61495,5579,8/23/2026,F,62,93,17,58,2,10,6,22,,847,0.0,N
HOPKINS,21302,AHPK,31.67528,-110.88,7120,8/23/2026,F,65,84,34,63,5,9,8,14,,877,0.01,N
HORSE CAMP CANYON,20903,AHOR,32.93656,-110.4935,4014,8/23/2026,F,75,98,20,56,3,11,8,24,,876,0.0,N
HUMBUG CREEK,20508,AHUM,34.11,-112.3,5250,8/23/2026,F,73,90,29,50,2,13,6,22,,850,0.0,N
HURRICANE,20117,AHUR,36.69908,-113.20731,5445,8/23/2026,F,67,91,19,45,7,10,11,23,,904,0.0,N
IRON SPRINGS,20501,AIRO,34.59361,-112.51139,5385,8/23/2026,F,63,87,29,68,1,5,3,15,,875,0.08,N
JARITA MESA,290204,XJAR,36.55597,-106.10306,8864,8/23/2026,F,55,83,23,66,2,11,3,16,,714,0.04,N
JEMEZ,290702,XJEM,35.84114,-106.61969,8248,8/23/2026,F,56,86,21,62,3,13,5,17,,677,0.0,N
LAGUNA,293304,XLAG,35.05197,-107.42028,5805,8/23/2026,F,65,94,15,54,2,14,3,19,,912,0.01,N
LAKESIDE,20303,ALAK,34.16283,-109.87639,7267,8/23/2026,F,58,83,29,65,2,5,5,13,,756,0.02,N
LIMESTONE CANYON,20309,ALIM,34.17786,-110.27663,7102,8/23/2026,F,63,88,24,54,2,7,6,11,,921,0.0,N
LINDBERGH HILL,20220,ALBE,36.28556,-112.07861,8800,8/23/2026,F,53,77,30,64,2,7,6,11,,816,0.05,N
LUNA,292004,XLUN,33.82289,-108.94311,7088,8/23/2026,F,53,87,19,75,1,7,1,9,,777,0.01,N
MAGDALENA,292104,XMAG,33.85061,-107.539,8495,8/23/2026,F,57,82,21,53,3,8,5,11,,790,0.0,N
MALPAIS LAVA FLOW,293301,XMAL,34.85181,-108.17461,7514,8/23/2026,F,55,86,21,72,1,13,1,17,,740,0.03,N
MAYHILL,293002,XMAY,32.90947,-105.46981,6599,8/23/2026,F,59,92,15,48,2,5,8,13,1/3/1 17:00 LMT,767,0.0,N
MCGREGGOR RANGE,292901,XMCG,32.43133,-105.62181,4832,8/23/2026,F,68,101,12,38,5,7,6,11,,985,0.0,N
MELROSE RANGE,291901,XMEL,34.28422,-103.71497,4263,8/23/2026,F,72,102,12,41,6,10,8,15,1/5/1 17:00 LMT,948,0.0,N
MESCAL,293003,XMES,33.15803,-105.76881,6227,8/23/2026,F,57,89,18,51,2,7,6,14,,966,0.0,N
MIDNIGHT,55522315,XMID,36.77819,-105.34131,10815,8/23/2026,F,44,74,24,89,2,7,3,9,,929,0.04,N
MILLS CANYON,291101,XMIL,36.05453,-104.32511,5881,8/23/2026,F,58,94,18,78,3,15,5,21,,956,0.0,N
MOGOLLON,292013,XMOG,33.39064,-108.80819,7602,8/23/2026,F,63,89,18,41,2,7,3,9,,852,0.0,N
MOHAWK DUNES,55522318,AMOD,32.68878,-113.74889,524,8/23/2026,F,84,108,25,70,2,8,7,16,,926,0.0,N
MORMON LAKE,20215,AMOL,34.90972,-111.43842,7094,8/23/2026,F,53,82,28,77,1,2,3,11,,689,0.11,N
MOSS BASIN,20115,AMOS,35.03397,-113.89406,5920,8/23/2026,F,67,87,30,55,3,8,7,14,,712,0.1,N
MOUNTAINAIR,291501,XMOU,34.52081,-106.26269,6593,8/23/2026,F,61,92,15,54,2,7,3,9,,793,0.0,N
MOUNTAIN LION,20310,AFAP,33.69511,-109.71078,7269,8/23/2026,F,57,84,24,60,1,2,5,9,,759,0.0,N
MOUNT LOGAN,20107,AMTL,36.35306,-113.19917,7605,8/23/2026,F,64,79,27,43,5,8,10,21,,875,0.04,N
MULESHOE RANCH,21007,AMUL,32.40383,-110.272,4475,8/23/2026,F,70,96,22,66,2,9,7,21,,868,0.0,N
MUSIC MOUNTAIN,20119,AMUS,35.61497,-113.79428,5375,8/23/2026,F,70,92,22,46,7,10,11,18,,907,0.0,N
NAVAJO MONUMENT,20307,ANAV,36.67667,-110.54389,7204,8/23/2026,F,60,85,22,56,2,7,6,10,,735,0.03,N
NEVERSHINE,55522326,ANEV,36.24753,-113.88851,2165,8/23/2026,F,85,104,15,28,6,10,9,14,1/1/1 17:00 LMT,905,0.0,N
NIXON FLATS,20113,ANIX,36.38833,-113.15806,6500,8/23/2026,F,61,84,24,54,1,6,3,16,,876,0.02,N
NOON CREEK,21010,ANOO,32.66778,-109.78806,4925,8/23/2026,F,70,99,14,44,5,11,9,21,,839,0.0,N
OAK CREEK,20219,AOAK,34.94686,-111.75444,4804,8/23/2026,F,65,95,21,57,1,5,7,13,,834,0.0,N
OAK FLATS,291402,XOAK,35.00614,-106.31583,7675,8/23/2026,F,59,89,18,60,2,7,3,9,,811,0.0,N
OATMAN,21502,AOAT,33.04994,-113.13867,1715,8/23/2026,F,85,107,23,63,3,11,7,17,,831,0.0,N
OLAF KNOLLS,20108,AOLA,36.50725,-113.81589,2974,8/23/2026,F,82,103,14,27,5,10,11,22,,922,0.0,N
PADUCA,293202,XPAD,32.17983,-103.722,3534,8/23/2026,F,74,102,15,45,7,15,10,24,,970,0.0,N
PARIA POINT,20226,APAR,36.72753,-111.822,7106,8/23/2026,F,64,84,23,45,2,5,6,16,,731,0.06,N
PAYSON,20602,APAY,34.24614,-111.2935,5064,8/23/2026,F,64,92,25,68,0,7,2,14,,825,0.0,N
PECOS,291202,XPEC,35.54558,-105.49439,8229,8/23/2026,F,61,85,22,50,3,8,5,11,,606,0.0,N
PELONA MOUNTAIN,292009,XPEL,33.69375,-108.06161,7955,8/23/2026,F,59,84,18,54,3,9,5,13,,835,0.0,N
PICACHO PEAK,55522341,APIC,32.66314,-111.42154,1750,8/23/2026,F,80,101,24,63,2,8,5,14,,898,0.0,N
PINE,20612,APNE,34.37181,-111.4555,5313,8/23/2026,F,62,92,26,65,2,7,5,13,,823,0.0,N
PINEDALE,55522344,APND,34.30617,-110.23661,6461,8/23/2026,F,62,86,24,60,2,6,5,14,,873,0.02,N
PINEY HILL,20402,APIN,35.76111,-109.16719,8061,8/23/2026,F,58,79,26,60,2,5,6,13,,759,0.06,N
PLEASANT VALLEY,20603,APLE,34.08858,-110.94225,5232,8/23/2026,F,63,93,22,66,1,5,3,14,,839,0.0,N
PROMONTORY,20221,APRO,34.36528,-111.01444,7842,8/23/2026,F,59,79,35,58,1,3,6,10,,764,0.0,N
QUEEN,293105,XQUN,32.20361,-104.69031,5642,8/23/2026,F,70,96,13,34,6,8,14,17,1/6/1 17:00 LMT,973,0.0,N
RAMAH,293305,XRAM,34.81947,-108.29439,7645,8/23/2026,F,55,86,21,72,1,11,1,16,,734,0.0,N
RED CANYON,55523735,XRDC,34.62289,-106.40831,8070,8/23/2026,F,59,80,19,46,5,7,7,9,,818,0.0,N
RED LAKE,20610,ARED,34.18133,-110.78919,6524,8/23/2026,F,57,87,28,78,0,3,3,11,,813,0.0,N
RESERVE,292005,XRES,33.71489,-108.777,5846,8/23/2026,F,58,93,15,67,1,7,1,9,,938,0.0,N
RINCON,21207,ARIN,32.20639,-110.54861,8209,8/23/2026,F,60,76,38,67,5,9,8,15,,867,0.03,N
RUCKER,21414,ARUC,31.76111,-109.34861,5700,8/23/2026,F,62,91,15,65,2,5,6,15,,952,0.0,N
SAGUARO,21202,ASAG,32.31111,-110.81861,2758,8/23/2026,F,78,104,22,65,2,7,5,17,,848,0.01,N
SAN ANDRES,292904,XSAA,32.58008,-106.52719,6137,8/23/2026,F,70,94,13,28,1,5,5,15,,987,0.0,N
SAN CARLOS #1,20608,ASCA,33.37165,-110.45683,2830,8/23/2026,F,77,106,15,47,2,9,6,19,,867,0.0,N
SANDIA LAB,291408,XSLB,35.00406,-106.41148,6321,8/23/2026,F,64,91,19,56,2,8,3,11,,837,0.0,N
SANDIA LAKES,290706,XSLK,35.22967,-106.59061,5027,8/23/2026,F,65,99,16,63,2,10,3,15,,854,0.0,N
SANTA FE WATERSHED,290901,XSFW,35.68686,-105.86031,7749,8/23/2026,F,55,86,19,67,3,9,5,13,,879,0.0,N
SASABE,21206,ASAS,31.69169,-111.44811,3500,8/23/2026,F,71,99,26,91,2,8,6,18,,914,0.04,N
SCOUT CAMP,21208,ASOL,32.39806,-110.725,7554,8/23/2026,F,63,82,36,68,3,9,9,16,,760,0.03,N
SELLS,21209,ASES,31.91014,-111.89743,2262,8/23/2026,F,78,102,26,77,2,7,6,16,,919,0.02,N
SEVILLETA,292105,XSEV,34.35844,-106.6895,5246,8/23/2026,F,67,97,14,53,2,7,3,9,,915,0.0,N
SHADOW RIM,20611,ASHA,34.40586,-111.28319,5660,8/23/2026,F,62,93,24,65,0,5,3,11,,771,0.02,N
SLAUGHTER,292008,XSLA,34.06056,-108.44472,8680,8/23/2026,F,56,81,25,60,2,7,3,9,,809,0.01,N
SMITH PEAK,21501,ASMI,34.11486,-113.34733,2386,8/23/2026,F,85,103,22,42,3,6,8,17,,913,0.0,N
SMOKEY BEAR,292203,XSMO,33.35019,-105.686,7194,8/23/2026,F,52,90,19,66,3,8,5,11,,843,0.0,N
SOWATS,55523737,ASOW,36.48242,-112.42281,7038,8/23/2026,F,59,84,23,56,5,8,8,13,,727,0.09,N
STANTON,20509,ASTA,34.16403,-112.73486,3600,8/23/2026,F,79,96,25,44,5,10,9,19,,924,0.01,N
STONE LAKE,290201,XSTO,36.73161,-106.86581,7436,8/23/2026,F,54,89,16,72,1,11,1,16,,856,0.0,N
STRAY HORSE,21106,ASTH,33.55253,-109.31719,7956,8/23/2026,F,62,81,21,45,3,13,8,19,,910,0.0,N
SUNSET POINT,20510,ASUN,34.18847,-112.13467,3380,8/23/2026,F,76,99,22,50,2,11,7,22,,877,0.0,N
TANKS,55522384,ATNK,33.67314,-110.57431,5801,8/23/2026,F,63,90,23,63,3,8,8,18,,874,0.0,N
TAOS PUEBLO RAWS,55522385,XTAP,36.41461,-105.55689,7135,8/23/2026,F,57,89,21,70,1,11,1,16,,908,0.02,N
T BAR,55523738,XTBA,33.51789,-108.52419,8047,8/23/2026,F,54,83,20,62,1,6,1,8,,853,0.0,N
TONTO BASIN,20606,ATON,33.86861,-111.31333,2414,8/23/2026,F,78,104,20,52,1,8,5,19,,852,0.01,N
TOWER,290801,XTOW,35.77899,-106.26611,6529,8/23/2026,F,62,93,17,60,5,13,7,17,,854,0.0,N
TRAIL CABIN,21105,ATRA,33.26478,-109.36789,6250,8/23/2026,F,67,92,15,44,5,8,8,17,,915,0.0,N
TRUCHAS,290210,XTRU,36.059,-105.7695,8353,8/23/2026,F,48,83,20,83,2,9,3,13,,879,0.0,N
TRUXTON CANYON,20120,ATRU,35.78013,-113.79563,5304,8/23/2026,F,74,89,23,40,5,9,8,21,,881,0.03,N
TUSAYAN,20207,ATUS,35.98833,-112.12056,6570,8/23/2026,F,51,85,24,80,0,2,3,9,,810,0.01,N
TWEEDS POINT,20109,ATWE,36.58186,-113.732,5334,8/23/2026,F,77,92,18,29,8,13,15,28,,926,0.0,N
UNION PASS,20116,AUNI,35.23233,-114.38194,3590,8/23/2026,F,82,97,22,37,2,8,6,21,,889,0.0,N
VERDE,20503,AVER,34.54917,-111.84417,3101,8/23/2026,F,70,101,21,73,1,3,5,11,,797,0.0,N
WARM SPRINGS CANYON,20216,AWAR,36.70117,-112.22689,7953,8/23/2026,F,56,79,27,55,5,8,8,13,,594,0.03,N
WASHINGTON PASS,290101,XWAS,36.0765,-108.8615,9384,8/23/2026,F,57,77,28,57,2,7,3,9,,671,0.03,N
WILD RIVERS,290307,XWDR,36.69469,-105.66872,7530,8/23/2026,F,50,86,19,83,2,14,3,19,,934,0.0,N
YELLOW JOHN MOUNTAIN,20217,AYEL,36.155,-113.54944,6160,8/23/2026,F,56,88,23,63,2,5,7,16,,802,0.0,N
ZUNI BUTTES,290603,XZUB,35.13919,-108.94131,6649,8/23/2026,F,58,92,17,70,1,10,1,15,,913,0.0,N
10K,55522198,X10K,35.2085,-106.43586,10065,8/23/2026,F,54,77,23,60,3,8,5,11,,782,0.0,N
AHAKHAV PRESERVE,21503,AAHA,34.13222,-114.32917,363,8/23/2026,F,86,109,23,54,2,8,7,18,,866,0.0,N
ALBINO CANYON,290102,XALB,36.97661,-107.62892,7173,8/23/2026,F,60,90,17,65,1,15,1,21,,886,0.0,N
ALPINE,20401,AALP,33.84272,-109.11161,8207,8/23/2026,F,56,80,26,62,2,5,6,13,,886,0.0,N
BAKERS TANK,55522210,AHBB,32.61528,-114.00836,563,8/23/2026,F,84,106,26,68,3,9,7,19,,927,0.0,N
BARTLEY,291002,XBAR,35.90875,-105.38769,9192,8/23/2026,F,57,79,25,58,2,10,3,15,,773,0.0,N
BATDRAW,293101,XBAD,32.17861,-104.44056,4425,8/23/2026,F,76,101,13,31,5,11,10,21,,950,0.0,N
BEAVERHEAD,292001,XBEA,33.42353,-108.11019,6750,8/23/2026,F,53,90,18,75,2,8,3,11,,922,0.0,N
BELMONT,21504,ABEL,33.67411,-112.92281,1813,8/23/2026,F,82,105,22,59,3,7,8,15,,914,0.0,N
BLACK HILLS,21008,ABLA,33.08203,-109.95119,3262,8/23/2026,F,79,104,13,39,5,8,9,19,,827,0.0,N
BLACK MESA,290305,XBLM,36.03708,-106.04964,5762,8/23/2026,F,60,94,18,67,2,11,3,16,,930,0.0,N
BLACK ROCK,20114,ABRK,36.79436,-113.75056,7224,8/23/2026,F,68,83,22,36,2,5,10,17,,898,0.0,N
BLUEWATER RIDGE,293303,XBLR,35.19411,-108.16336,8274,8/23/2026,F,57,82,25,60,2,8,3,11,,732,0.06,N
BOSQUE,292103,XBOS,33.82064,-106.88169,4523,8/23/2026,F,65,100,13,57,2,11,3,16,,937,0.0,N
BRIGHT ANGEL,20211,ACAN,36.20472,-112.06222,8134,8/23/2026,F,57,80,27,55,2,9,5,14,,815,0.0,N
BRUSHY MOUNTAIN,291301,XBRU,34.72,-107.8484,8789,8/23/2026,F,57,83,22,59,2,14,3,19,,753,0.0,N
BUCKSKIN MTN,20224,ABUC,36.91808,-112.19981,6334,8/23/2026,F,66,86,22,44,2,7,6,18,,764,0.0,N
BURRO MOUNTAIN,292504,XBUR,32.67203,-108.53969,6995,8/23/2026,F,67,92,15,36,5,9,8,18,,804,0.0,N
CANELO,21303,ACNL,31.54972,-110.51917,4629,8/23/2026,F,66,92,27,79,5,9,8,18,,923,0.03,N
CAPROCK,293104,XCAP,32.92728,-103.85689,4167,8/23/2026,F,72,101,12,43,6,15,9,22,1/1/1 17:00 LMT,976,0.0,N
CARR,21411,ACAA,31.44111,-110.28611,5400,8/23/2026,F,68,94,25,71,2,11,7,23,,941,0.0,N
CASA GRANDE,20906,ACSG,32.99177,-111.53264,1412,8/23/2026,F,83,105,23,59,3,9,5,16,,911,0.0,N
CAVE CREEK,55522232,ACAV,34.0899,-111.8465,3477,8/23/2026,F,71,100,20,62,1,7,5,17,,811,0.0,N
CEDAR RIDGE,55523718,ACED,32.59872,-110.76231,4735,8/23/2026,F,73,95,24,60,6,10,9,18,,841,0.0,N
CHERRY,20511,ACHE,34.59661,-112.04761,5147,8/23/2026,F,61,91,26,75,2,5,6,15,,896,0.0,N
CHUPADERA,292102,XCHU,33.77294,-106.0985,5580,8/23/2026,F,66,97,13,47,3,7,5,9,,972,0.0,N
CIBOLA,20121,ACBL,33.28,-114.68489,252,8/23/2026,F,86,110,23,66,3,10,8,21,,913,0.0,N
CIMARRON,290401,XCIM,36.60611,-105.12028,8806,8/23/2026,F,51,81,23,77,2,9,3,13,,654,0.06,N
CIPRIANO,55522238,ARIP,32.4235,-114.16211,1042,8/23/2026,F,85,106,28,66,3,14,7,23,,932,0.0,N
COLUMBINE,21005,ACOL,32.70389,-109.91389,9521,8/23/2026,F,54,75,31,69,2,5,9,15,,646,0.0,N
COSMIC,293004,XCOS,32.77925,-105.81989,9172,8/23/2026,F,61,80,21,37,2,7,7,17,,910,0.0,N
COYOTE,290202,XCOY,36.07333,-106.65739,8704,8/23/2026,F,53,83,23,66,5,11,7,16,,786,0.02,N
CROWN KING,20502,ACRO,34.20336,-112.34561,6173,8/23/2026,F,64,87,30,65,2,5,6,13,,791,0.01,N
CUBA,290705,XCUB,35.942,-107.07739,6890,8/23/2026,F,59,90,16,56,2,9,3,13,,897,0.0,N
DATIL,292012,XDAT,34.29256,-107.768,8431,8/23/2026,F,56,82,24,60,3,9,5,13,,717,0.05,N
DEADMAN PEAK,290203,XDEA,36.4229,-106.772,8389,8/23/2026,F,57,85,15,55,2,11,3,16,,833,0.0,N
DEVILS HILLS,55522251,ADVH,32.42483,-113.79011,836,8/23/2026,F,84,107,26,70,2,10,6,21,,926,0.0,N
DRIPPING SPRINGS,292903,XDRI,32.32225,-106.58661,5814,8/23/2026,F,75,96,12,23,1,6,6,17,,989,0.0,N
DRY LAKE,21009,ADRL,33.35982,-109.83306,7405,8/23/2026,F,64,89,20,47,3,7,8,16,,764,0.0,N
DRY PARK,20212,ADRY,36.45308,-112.23819,8700,8/23/2026,F,54,76,29,59,2,7,5,13,,797,0.01,N
DULCE #2,290205,XDUL,36.93519,-107.00011,6805,8/23/2026,F,51,91,18,86,1,13,1,17,,877,0.0,N
DUNKEN,292302,XDUN,32.82467,-105.18261,5431,8/23/2026,F,69,97,14,34,3,13,5,17,1/3/1 17:00 LMT,895,0.0,N
DUTCH KID,55522257,ADUT,35.12931,-112.28219,6505,8/23/2026,F,55,85,28,78,3,7,6,16,,842,0.0,N
EIGHT MILE DRAW,292301,XEIG,33.65064,-104.32139,3626,8/23/2026,F,71,105,11,41,5,9,7,13,,967,0.0,N
EMPIRE,21205,AEMP,31.78347,-110.64325,4650,8/23/2026,F,67,93,27,81,2,7,6,17,,922,0.0,N
FLAGSTAFF,20209,AFLG,35.14111,-111.6725,6903,8/23/2026,F,52,82,28,80,0,3,5,13,,775,0.01,N
FORT YUMA,20102,AFYM,32.65222,-114.63417,185,8/23/2026,F,86,108,26,70,3,10,7,19,,925,0.0,N
FOUR SPRINGS,20227,AFOU,36.79367,-112.04239,6560,8/23/2026,F,66,83,23,44,2,6,6,14,,653,0.04,N
FRAZIER WELLS,20213,AFRA,35.84551,-113.05501,6796,8/23/2026,F,65,82,27,49,2,8,5,13,,764,0.05,N
FTHL YDMA,55522271,AFTH,32.48658,-114.4635,331,8/23/2026,F,86,108,27,73,6,15,9,22,,931,0.0,N
GILA CENTER RAWS,292011,XGIL,33.22375,-108.24031,5767,8/23/2026,F,56,94,14,72,2,8,3,11,,948,0.0,N
GLOBE,20601,AGLO,33.32694,-110.76694,4137,8/23/2026,F,77,97,22,47,5,8,9,19,,905,0.01,N
GOLDFIELD,21505,AGOL,33.55531,-111.6145,1367,8/23/2026,F,85,108,20,52,1,7,2,13,,870,0.0,N
GOODWIN MESA,20507,AGOO,34.77614,-113.3375,4311,8/23/2026,F,72,96,22,53,2,10,5,14,,895,0.03,N
GRANTS,291302,XGRA,35.24278,-107.66528,8620,8/23/2026,F,54,82,22,67,2,7,3,9,,756,0.0,N
GREENBASE,20284,AGRB,35.27619,-112.06325,6923,8/23/2026,F,51,81,31,86,1,6,5,14,,783,0.04,N
GREER,20404,AGRE,34.05853,-109.44097,8240,8/23/2026,F,56,77,31,60,2,6,5,11,,745,0.0,N
GUNSIGHT,20223,AGUN,36.70464,-112.5835,5284,8/23/2026,F,68,92,19,42,2,7,6,18,,840,0.06,N
GUTHRIE,21104,AGUT,32.88203,-109.30931,6324,8/23/2026,F,71,92,15,35,3,15,9,26,,865,0.0,N
HACHITA VALLEY,292702,XHAC,31.702,-108.34169,4290,8/23/2026,F,69,102,11,49,3,7,5,10,,973,0.0,N
HAPPY JACK,20291,AHJK,34.61797,-111.34239,6812,8/23/2026,F,53,82,31,83,0,3,3,15,,673,0.05,N
HAVASU,20118,AHAV,34.80758,-114.53456,475,8/23/2026,F,86,112,18,52,2,7,6,15,,872,0.0,N
HEADQUARTERS,21409,ACHR,32.00611,-109.35694,5400,8/23/2026,F,67,96,17,57,2,6,6,13,,948,0.02,N
HEBER,20301,AHBR,34.39778,-110.56444,6635,8/23/2026,F,59,84,27,65,1,5,5,15,,849,0.02,N
HILLTOP,20609,AHIL,33.61119,-110.41461,5732,8/23/2026,F,61,92,23,68,2,5,5,14,,917,0.0,N
HOPI,20312,AHPI,35.86292,-110.61495,5579,8/23/2026,F,62,93,17,58,2,10,6,22,,847,0.0,N
HOPKINS,21302,AHPK,31.67528,-110.88,7120,8/23/2026,F,65,84,34,63,5,9,8,14,,877,0.01,N
HORSE CAMP CANYON,20903,AHOR,32.93656,-110.4935,4014,8/23/2026,F,75,98,20,56,3,11,8,24,,876,0.0,N
HUMBUG CREEK,20508,AHUM,34.11,-112.3,5250,8/23/2026,F,73,90,29,50,2,13,6,22,,850,0.0,N
HURRICANE,20117,AHUR,36.69908,-113.20731,5445,8/23/2026,F,67,91,19,45,7,10,11,23,,904,0.0,N
IRON SPRINGS,20501,AIRO,34.59361,-112.51139,5385,8/23/2026,F,63,87,29,68,1,5,3,15,,875,0.08,N
JARITA MESA,290204,XJAR,36.55597,-106.10306,8864,8/23/2026,F,55,83,23,66,2,11,3,16,,714,0.04,N
JEMEZ,290702,XJEM,35.84114,-106.61969,8248,8/23/2026,F,56,86,21,62,3,13,5,17,,677,0.0,N
LAGUNA,293304,XLAG,35.05197,-107.42028,5805,8/23/2026,F,65,94,15,54,2,14,3,19,,912,0.01,N
LAKESIDE,20303,ALAK,34.16283,-109.87639,7267,8/23/2026,F,58,83,29,65,2,5,5,13,,756,0.02,N
LIMESTONE CANYON,20309,ALIM,34.17786,-110.27663,7102,8/23/2026,F,63,88,24,54,2,7,6,11,,921,0.0,N
LINDBERGH HILL,20220,ALBE,36.28556,-112.07861,8800,8/23/2026,F,53,77,30,64,2,7,6,11,,816,0.05,N
LUNA,292004,XLUN,33.82289,-108.94311,7088,8/23/2026,F,53,87,19,75,1,7,1,9,,777,0.01,N
MAGDALENA,292104,XMAG,33.85061,-107.539,8495,8/23/2026,F,57,82,21,53,3,8,5,11,,790,0.0,N
MALPAIS LAVA FLOW,293301,XMAL,34.85181,-108.17461,7514,8/23/2026,F,55,86,21,72,1,13,1,17,,740,0.03,N
MAYHILL,293002,XMAY,32.90947,-105.46981,6599,8/23/2026,F,59,92,15,48,2,5,8,13,1/3/1 17:00 LMT,767,0.0,N
MCGREGGOR RANGE,292901,XMCG,32.43133,-105.62181,4832,8/23/2026,F,68,101,12,38,5,7,6,11,,985,0.0,N
MELROSE RANGE,291901,XMEL,34.28422,-103.71497,4263,8/23/2026,F,72,102,12,41,6,10,8,15,1/5/1 17:00 LMT,948,0.0,N
MESCAL,293003,XMES,33.15803,-105.76881,6227,8/23/2026,F,57,89,18,51,2,7,6,14,,966,0.0,N
MIDNIGHT,55522315,XMID,36.77819,-105.34131,10815,8/23/2026,F,44,74,24,89,2,7,3,9,,929,0.04,N
MILLS CANYON,291101,XMIL,36.05453,-104.32511,5881,8/23/2026,F,58,94,18,78,3,15,5,21,,956,0.0,N
MOGOLLON,292013,XMOG,33.39064,-108.80819,7602,8/23/2026,F,63,89,18,41,2,7,3,9,,852,0.0,N
MOHAWK DUNES,55522318,AMOD,32.68878,-113.74889,524,8/23/2026,F,84,108,25,70,2,8,7,16,,926,0.0,N
MORMON LAKE,20215,AMOL,34.90972,-111.43842,7094,8/23/2026,F,53,82,28,77,1,2,3,11,,689,0.11,N
MOSS BASIN,20115,AMOS,35.03397,-113.89406,5920,8/23/2026,F,67,87,30,55,3,8,7,14,,712,0.1,N
MOUNTAINAIR,291501,XMOU,34.52081,-106.26269,6593,8/23/2026,F,61,92,15,54,2,7,3,9,,793,0.0,N
MOUNTAIN LION,20310,AFAP,33.69511,-109.71078,7269,8/23/2026,F,57,84,24,60,1,2,5,9,,759,0.0,N
MOUNT LOGAN,20107,AMTL,36.35306,-113.19917,7605,8/23/2026,F,64,79,27,43,5,8,10,21,,875,0.04,N
MULESHOE RANCH,21007,AMUL,32.40383,-110.272,4475,8/23/2026,F,70,96,22,66,2,9,7,21,,868,0.0,N
MUSIC MOUNTAIN,20119,AMUS,35.61497,-113.79428,5375,8/23/2026,F,70,92,22,46,7,10,11,18,,907,0.0,N
NAVAJO MONUMENT,20307,ANAV,36.67667,-110.54389,7204,8/23/2026,F,60,85,22,56,2,7,6,10,,735,0.03,N
NEVERSHINE,55522326,ANEV,36.24753,-113.88851,2165,8/23/2026,F,85,104,15,28,6,10,9,14,1/1/1 17:00 LMT,905,0.0,N
NIXON FLATS,20113,ANIX,36.38833,-113.15806,6500,8/23/2026,F,61,84,24,54,1,6,3,16,,876,0.02,N
NOON CREEK,21010,ANOO,32.66778,-109.78806,4925,8/23/2026,F,70,99,14,44,5,11,9,21,,839,0.0,N
OAK CREEK,20219,AOAK,34.94686,-111.75444,4804,8/23/2026,F,65,95,21,57,1,5,7,13,,834,0.0,N
OAK FLATS,291402,XOAK,35.00614,-106.31583,7675,8/23/2026,F,59,89,18,60,2,7,3,9,,811,0.0,N
OATMAN,21502,AOAT,33.04994,-113.13867,1715,8/23/2026,F,85,107,23,63,3,11,7,17,,831,0.0,N
OLAF KNOLLS,20108,AOLA,36.50725,-113.81589,2974,8/23/2026,F,82,103,14,27,5,10,11,22,,922,0.0,N
PADUCA,293202,XPAD,32.17983,-103.722,3534,8/23/2026,F,74,102,15,45,7,15,10,24,,970,0.0,N
PARIA POINT,20226,APAR,36.72753,-111.822,7106,8/23/2026,F,64,84,23,45,2,5,6,16,,731,0.06,N
PAYSON,20602,APAY,34.24614,-111.2935,5064,8/23/2026,F,64,92,25,68,0,7,2,14,,825,0.0,N
PECOS,291202,XPEC,35.54558,-105.49439,8229,8/23/2026,F,61,85,22,50,3,8,5,11,,606,0.0,N
PELONA MOUNTAIN,292009,XPEL,33.69375,-108.06161,7955,8/23/2026,F,59,84,18,54,3,9,5,13,,835,0.0,N
PICACHO PEAK,55522341,APIC,32.66314,-111.42154,1750,8/23/2026,F,80,101,24,63,2,8,5,14,,898,0.0,N
PINE,20612,APNE,34.37181,-111.4555,5313,8/23/2026,F,62,92,26,65,2,7,5,13,,823,0.0,N
PINEDALE,55522344,APND,34.30617,-110.23661,6461,8/23/2026,F,62,86,24,60,2,6,5,14,,873,0.02,N
PINEY HILL,20402,APIN,35.76111,-109.16719,8061,8/23/2026,F,58,79,26,60,2,5,6,13,,759,0.06,N
PLEASANT VALLEY,20603,APLE,34.08858,-110.94225,5232,8/23/2026,F,63,93,22,66,1,5,3,14,,839,0.0,N
PROMONTORY,20221,APRO,34.36528,-111.01444,7842,8/23/2026,F,59,79,35,58,1,3,6,10,,764,0.0,N
QUEEN,293105,XQUN,32.20361,-104.69031,5642,8/23/2026,F,70,96,13,34,6,8,14,17,1/6/1 17:00 LMT,973,0.0,N
RAMAH,293305,XRAM,34.81947,-108.29439,7645,8/23/2026,F,55,86,21,72,1,11,1,16,,734,0.0,N
RED CANYON,55523735,XRDC,34.62289,-106.40831,8070,8/23/2026,F,59,80,19,46,5,7,7,9,,818,0.0,N
RED LAKE,20610,ARED,34.18133,-110.78919,6524,8/23/2026,F,57,87,28,78,0,3,3,11,,813,0.0,N
RESERVE,292005,XRES,33.71489,-108.777,5846,8/23/2026,F,58,93,15,67,1,7,1,9,,938,0.0,N
RINCON,21207,ARIN,32.20639,-110.54861,8209,8/23/2026,F,60,76,38,67,5,9,8,15,,867,0.03,N
RUCKER,21414,ARUC,31.76111,-109.34861,5700,8/23/2026,F,62,91,15,65,2,5,6,15,,952,0.0,N
SAGUARO,21202,ASAG,32.31111,-110.81861,2758,8/23/2026,F,78,104,22,65,2,7,5,17,,848,0.01,N
SAN ANDRES,292904,XSAA,32.58008,-106.52719,6137,8/23/2026,F,70,94,13,28,1,5,5,15,,987,0.0,N
SAN CARLOS #1,20608,ASCA,33.37165,-110.45683,2830,8/23/2026,F,77,106,15,47,2,9,6,19,,867,0.0,N
SANDIA LAB,291408,XSLB,35.00406,-106.41148,6321,8/23/2026,F,64,91,19,56,2,8,3,11,,837,0.0,N
SANDIA LAKES,290706,XSLK,35.22967,-106.59061,5027,8/23/2026,F,65,99,16,63,2,10,3,15,,854,0.0,N
SANTA FE WATERSHED,290901,XSFW,35.68686,-105.86031,7749,8/23/2026,F,55,86,19,67,3,9,5,13,,879,0.0,N
SASABE,21206,ASAS,31.69169,-111.44811,3500,8/23/2026,F,71,99,26,91,2,8,6,18,,914,0.04,N
SCOUT CAMP,21208,ASOL,32.39806,-110.725,7554,8/23/2026,F,63,82,36,68,3,9,9,16,,760,0.03,N
SELLS,21209,ASES,31.91014,-111.89743,2262,8/23/2026,F,78,102,26,77,2,7,6,16,,919,0.02,N
SEVILLETA,292105,XSEV,34.35844,-106.6895,5246,8/23/2026,F,67,97,14,53,2,7,3,9,,915,0.0,N
SHADOW RIM,20611,ASHA,34.40586,-111.28319,5660,8/23/2026,F,62,93,24,65,0,5,3,11,,771,0.02,N
SLAUGHTER,292008,XSLA,34.06056,-108.44472,8680,8/23/2026,F,56,81,25,60,2,7,3,9,,809,0.01,N
SMITH PEAK,21501,ASMI,34.11486,-113.34733,2386,8/23/2026,F,85,103,22,42,3,6,8,17,,913,0.0,N
SMOKEY BEAR,292203,XSMO,33.35019,-105.686,7194,8/23/2026,F,52,90,19,66,3,8,5,11,,843,0.0,N
SOWATS,55523737,ASOW,36.48242,-112.42281,7038,8/23/2026,F,59,84,23,56,5,8,8,13,,727,0.09,N
STANTON,20509,ASTA,34.16403,-112.73486,3600,8/23/2026,F,79,96,25,44,5,10,9,19,,924,0.01,N
STONE LAKE,290201,XSTO,36.73161,-106.86581,7436,8/23/2026,F,54,89,16,72,1,11,1,16,,856,0.0,N
STRAY HORSE,21106,ASTH,33.55253,-109.31719,7956,8/23/2026,F,62,81,21,45,3,13,8,19,,910,0.0,N
SUNSET POINT,20510,ASUN,34.18847,-112.13467,3380,8/23/2026,F,76,99,22,50,2,11,7,22,,877,0.0,N
TANKS,55522384,ATNK,33.67314,-110.57431,5801,8/23/2026,F,63,90,23,63,3,8,8,18,,874,0.0,N
TAOS PUEBLO RAWS,55522385,XTAP,36.41461,-105.55689,7135,8/23/2026,F,57,89,21,70,1,11,1,16,,908,0.02,N
T BAR,55523738,XTBA,33.51789,-108.52419,8047,8/23/2026,F,54,83,20,62,1,6,1,8,,853,0.0,N
TONTO BASIN,20606,ATON,33.86861,-111.31333,2414,8/23/2026,F,78,104,20,52,1,8,5,19,,852,0.01,N
TOWER,290801,XTOW,35.77899,-106.26611,6529,8/23/2026,F,62,93,17,60,5,13,7,17,,854,0.0,N
TRAIL CABIN,21105,ATRA,33.26478,-109.36789,6250,8/23/2026,F,67,92,15,44,5,8,8,17,,915,0.0,N
TRUCHAS,290210,XTRU,36.059,-105.7695,8353,8/23/2026,F,48,83,20,83,2,9,3,13,,879,0.0,N
TRUXTON CANYON,20120,ATRU,35.78013,-113.79563,5304,8/23/2026,F,74,89,23,40,5,9,8,21,,881,0.03,N
TUSAYAN,20207,ATUS,35.98833,-112.12056,6570,8/23/2026,F,51,85,24,80,0,2,3,9,,810,0.01,N
TWEEDS POINT,20109,ATWE,36.58186,-113.732,5334,8/23/2026,F,77,92,18,29,8,13,15,28,,926,0.0,N
UNION PASS,20116,AUNI,35.23233,-114.38194,3590,8/23/2026,F,82,97,22,37,2,8,6,21,,889,0.0,N
VERDE,20503,AVER,34.54917,-111.84417,3101,8/23/2026,F,70,101,21,73,1,3,5,11,,797,0.0,N
WARM SPRINGS CANYON,20216,AWAR,36.70117,-112.22689,7953,8/23/2026,F,56,79,27,55,5,8,8,13,,594,0.03,N
WASHINGTON PASS,290101,XWAS,36.0765,-108.8615,9384,8/23/2026,F,57,77,28,57,2,7,3,9,,671,0.03,N
WILD RIVERS,290307,XWDR,36.69469,-105.66872,7530,8/23/2026,F,50,86,19,83,2,14,3,19,,934,0.0,N
YELLOW JOHN MOUNTAIN,20217,AYEL,36.155,-113.54944,6160,8/23/2026,F,56,88,23,63,2,5,7,16,,802,0.0,N
ZUNI BUTTES,290603,XZUB,35.13919,-108.94131,6649,8/23/2026,F,58,92,17,70,1,10,1,15,,913,0.0,N
10K,55522198,X10K,35.2085,-106.43586,10065,8/23/2026,F,54,77,23,60,3,8,5,11,,782,0.0,N
AHAKHAV PRESERVE,21503,AAHA,34.13222,-114.32917,363,8/23/2026,F,86,109,23,54,2,8,7,18,,866,0.0,N
ALBINO CANYON,290102,XALB,36.97661,-107.62892,7173,8/23/2026,F,60,90,17,65,1,15,1,21,,886,0.0,N
ALPINE,20401,AALP,33.84272,-109.11161,8207,8/23/2026,F,56,80,26,62,2,5,6,13,,886,0.0,N
BAKERS TANK,55522210,AHBB,32.61528,-114.00836,563,8/23/2026,F,84,106,26,68,3,9,7,19,,927,0.0,N
BARTLEY,291002,XBAR,35.90875,-105.38769,9192,8/23/2026,F,57,79,25,58,2,10,3,15,,773,0.0,N
BATDRAW,293101,XBAD,32.17861,-104.44056,4425,8/23/2026,F,76,101,13,31,5,11,10,21,,950,0.0,N
BEAVERHEAD,292001,XBEA,33.42353,-108.11019,6750,8/23/2026,F,53,90,18,75,2,8,3,11,,922,0.0,N
BELMONT,21504,ABEL,33.67411,-112.92281,1813,8/23/2026,F,82,105,22,59,3,7,8,15,,914,0.0,N
BLACK HILLS,21008,ABLA,33.08203,-109.95119,3262,8/23/2026,F,79,104,13,39,5,8,9,19,,827,0.0,N
BLACK MESA,290305,XBLM,36.03708,-106.04964,5762,8/23/2026,F,60,94,18,67,2,11,3,16,,930,0.0,N
BLACK ROCK,20114,ABRK,36.79436,-113.75056,7224,8/23/2026,F,68,83,22,36,2,5,10,17,,898,0.0,N
BLUEWATER RIDGE,293303,XBLR,35.19411,-108.16336,8274,8/23/2026,F,57,82,25,60,2,8,3,11,,732,0.06,N
BOSQUE,292103,XBOS,33.82064,-106.88169,4523,8/23/2026,F,65,100,13,57,2,11,3,16,,937,0.0,N
BRIGHT ANGEL,20211,ACAN,36.20472,-112.06222,8134,8/23/2026,F,57,80,27,55,2,9,5,14,,815,0.0,N
BRUSHY MOUNTAIN,291301,XBRU,34.72,-107.8484,8789,8/23/2026,F,57,83,22,59,2,14,3,19,,753,0.0,N
BUCKSKIN MTN,20224,ABUC,36.91808,-112.19981,6334,8/23/2026,F,66,86,22,44,2,7,6,18,,764,0.0,N
BURRO MOUNTAIN,292504,XBUR,32.67203,-108.53969,6995,8/23/2026,F,67,92,15,36,5,9,8,18,,804,0.0,N
CANELO,21303,ACNL,31.54972,-110.51917,4629,8/23/2026,F,66,92,27,79,5,9,8,18,,923,0.03,N
CAPROCK,293104,XCAP,32.92728,-103.85689,4167,8/23/2026,F,72,101,12,43,6,15,9,22,1/1/1 17:00 LMT,976,0.0,N
CARR,21411,ACAA,31.44111,-110.28611,5400,8/23/2026,F,68,94,25,71,2,11,7,23,,941,0.0,N
CASA GRANDE,20906,ACSG,32.99177,-111.53264,1412,8/23/2026,F,83,105,23,59,3,9,5,16,,911,0.0,N
CAVE CREEK,55522232,ACAV,34.0899,-111.8465,3477,8/23/2026,F,71,100,20,62,1,7,5,17,,811,0.0,N
CEDAR RIDGE,55523718,ACED,32.59872,-110.76231,4735,8/23/2026,F,73,95,24,60,6,10,9,18,,841,0.0,N
CHERRY,20511,ACHE,34.59661,-112.04761,5147,8/23/2026,F,61,91,26,75,2,5,6,15,,896,0.0,N
CHUPADERA,292102,XCHU,33.77294,-106.0985,5580,8/23/2026,F,66,97,13,47,3,7,5,9,,972,0.0,N
CIBOLA,20121,ACBL,33.28,-114.68489,252,8/23/2026,F,86,110,23,66,3,10,8,21,,913,0.0,N
CIMARRON,290401,XCIM,36.60611,-105.12028,8806,8/23/2026,F,51,81,23,77,2,9,3,13,,654,0.06,N
CIPRIANO,55522238,ARIP,32.4235,-114.16211,1042,8/23/2026,F,85,106,28,66,3,14,7,23,,932,0.0,N
COLUMBINE,21005,ACOL,32.70389,-109.91389,9521,8/23/2026,F,54,75,31,69,2,5,9,15,,646,0.0,N
COSMIC,293004,XCOS,32.77925,-105.81989,9172,8/23/2026,F,61,80,21,37,2,7,7,17,,910,0.0,N
COYOTE,290202,XCOY,36.07333,-106.65739,8704,8/23/2026,F,53,83,23,66,5,11,7,16,,786,0.02,N
CROWN KING,20502,ACRO,34.20336,-112.34561,6173,8/23/2026,F,64,87,30,65,2,5,6,13,,791,0.01,N
CUBA,290705,XCUB,35.942,-107.07739,6890,8/23/2026,F,59,90,16,56,2,9,3,13,,897,0.0,N
DATIL,292012,XDAT,34.29256,-107.768,8431,8/23/2026,F,56,82,24,60,3,9,5,13,,717,0.05,N
DEADMAN PEAK,290203,XDEA,36.4229,-106.772,8389,8/23/2026,F,57,85,15,55,2,11,3,16,,833,0.0,N
DEVILS HILLS,55522251,ADVH,32.42483,-113.79011,836,8/23/2026,F,84,107,26,70,2,10,6,21,,926,0.0,N
DRIPPING SPRINGS,292903,XDRI,32.32225,-106.58661,5814,8/23/2026,F,75,96,12,23,1,6,6,17,,989,0.0,N
DRY LAKE,21009,ADRL,33.35982,-109.83306,7405,8/23/2026,F,64,89,20,47,3,7,8,16,,764,0.0,N
DRY PARK,20212,ADRY,36.45308,-112.23819,8700,8/23/2026,F,54,76,29,59,2,7,5,13,,797,0.01,N
DULCE #2,290205,XDUL,36.93519,-107.00011,6805,8/23/2026,F,51,91,18,86,1,13,1,17,,877,0.0,N
DUNKEN,292302,XDUN,32.82467,-105.18261,5431,8/23/2026,F,69,97,14,34,3,13,5,17,1/3/1 17:00 LMT,895,0.0,N
DUTCH KID,55522257,ADUT,35.12931,-112.28219,6505,8/23/2026,F,55,85,28,78,3,7,6,16,,842,0.0,N
EIGHT MILE DRAW,292301,XEIG,33.65064,-104.32139,3626,8/23/2026,F,71,105,11,41,5,9,7,13,,967,0.0,N
EMPIRE,21205,AEMP,31.78347,-110.64325,4650,8/23/2026,F,67,93,27,81,2,7,6,17,,922,0.0,N
FLAGSTAFF,20209,AFLG,35.14111,-111.6725,6903,8/23/2026,F,52,82,28,80,0,3,5,13,,775,0.01,N
FORT YUMA,20102,AFYM,32.65222,-114.63417,185,8/23/2026,F,86,108,26,70,3,10,7,19,,925,0.0,N
FOUR SPRINGS,20227,AFOU,36.79367,-112.04239,6560,8/23/2026,F,66,83,23,44,2,6,6,14,,653,0.04,N
FRAZIER WELLS,20213,AFRA,35.84551,-113.05501,6796,8/23/2026,F,65,82,27,49,2,8,5,13,,764,0.05,N
FTHL YDMA,55522271,AFTH,32.48658,-114.4635,331,8/23/2026,F,86,108,27,73,6,15,9,22,,931,0.0,N
GILA CENTER RAWS,292011,XGIL,33.22375,-108.24031,5767,8/23/2026,F,56,94,14,72,2,8,3,11,,948,0.0,N
GLOBE,20601,AGLO,33.32694,-110.76694,4137,8/23/2026,F,77,97,22,47,5,8,9,19,,905,0.01,N
GOLDFIELD,21505,AGOL,33.55531,-111.6145,1367,8/23/2026,F,85,108,20,52,1,7,2,13,,870,0.0,N
GOODWIN MESA,20507,AGOO,34.77614,-113.3375,4311,8/23/2026,F,72,96,22,53,2,10,5,14,,895,0.03,N
GRANTS,291302,XGRA,35.24278,-107.66528,8620,8/23/2026,F,54,82,22,67,2,7,3,9,,756,0.0,N
GREENBASE,20284,AGRB,35.27619,-112.06325,6923,8/23/2026,F,51,81,31,86,1,6,5,14,,783,0.04,N
GREER,20404,AGRE,34.05853,-109.44097,8240,8/23/2026,F,56,77,31,60,2,6,5,11,,745,0.0,N
GUNSIGHT,20223,AGUN,36.70464,-112.5835,5284,8/23/2026,F,68,92,19,42,2,7,6,18,,840,0.06,N
GUTHRIE,21104,AGUT,32.88203,-109.30931,6324,8/23/2026,F,71,92,15,35,3,15,9,26,,865,0.0,N
HACHITA VALLEY,292702,XHAC,31.702,-108.34169,4290,8/23/2026,F,69,102,11,49,3,7,5,10,,973,0.0,N
HAPPY JACK,20291,AHJK,34.61797,-111.34239,6812,8/23/2026,F,53,82,31,83,0,3,3,15,,673,0.05,N
HAVASU,20118,AHAV,34.80758,-114.53456,475,8/23/2026,F,86,112,18,52,2,7,6,15,,872,0.0,N
HEADQUARTERS,21409,ACHR,32.00611,-109.35694,5400,8/23/2026,F,67,96,17,57,2,6,6,13,,948,0.02,N
HEBER,20301,AHBR,34.39778,-110.56444,6635,8/23/2026,F,59,84,27,65,1,5,5,15,,849,0.02,N
HILLTOP,20609,AHIL,33.61119,-110.41461,5732,8/23/2026,F,61,92,23,68,2,5,5,14,,917,0.0,N
HOPI,20312,AHPI,35.86292,-110.61495,5579,8/23/2026,F,62,93,17,58,2,10,6,22,,847,0.0,N
HOPKINS,21302,AHPK,31.67528,-110.88,7120,8/23/2026,F,65,84,34,63,5,9,8,14,,877,0.01,N
HORSE CAMP CANYON,20903,AHOR,32.93656,-110.4935,4014,8/23/2026,F,75,98,20,56,3,11,8,24,,876,0.0,N
HUMBUG CREEK,20508,AHUM,34.11,-112.3,5250,8/23/2026,F,73,90,29,50,2,13,6,22,,850,0.0,N
HURRICANE,20117,AHUR,36.69908,-113.20731,5445,8/23/2026,F,67,91,19,45,7,10,11,23,,904,0.0,N
IRON SPRINGS,20501,AIRO,34.59361,-112.51139,5385,8/23/2026,F,63,87,29,68,1,5,3,15,,875,0.08,N
JARITA MESA,290204,XJAR,36.55597,-106.10306,8864,8/23/2026,F,55,83,23,66,2,11,3,16,,714,0.04,N
JEMEZ,290702,XJEM,35.84114,-106.61969,8248,8/23/2026,F,56,86,21,62,3,13,5,17,,677,0.0,N
LAGUNA,293304,XLAG,35.05197,-107.42028,5805,8/23/2026,F,65,94,15,54,2,14,3,19,,912,0.01,N
LAKESIDE,20303,ALAK,34.16283,-109.87639,7267,8/23/2026,F,58,83,29,65,2,5,5,13,,756,0.02,N
LIMESTONE CANYON,20309,ALIM,34.17786,-110.27663,7102,8/23/2026,F,63,88,24,54,2,7,6,11,,921,0.0,N
LINDBERGH HILL,20220,ALBE,36.28556,-112.07861,8800,8/23/2026,F,53,77,30,64,2,7,6,11,,816,0.05,N
LUNA,292004,XLUN,33.82289,-108.94311,7088,8/23/2026,F,53,87,19,75,1,7,1,9,,777,0.01,N
MAGDALENA,292104,XMAG,33.85061,-107.539,8495,8/23/2026,F,57,82,21,53,3,8,5,11,,790,0.0,N
MALPAIS LAVA FLOW,293301,XMAL,34.85181,-108.17461,7514,8/23/2026,F,55,86,21,72,1,13,1,17,,740,0.03,N
MAYHILL,293002,XMAY,32.90947,-105.46981,6599,8/23/2026,F,59,92,15,48,2,5,8,13,1/3/1 17:00 LMT,767,0.0,N
MCGREGGOR RANGE,292901,XMCG,32.43133,-105.62181,4832,8/23/2026,F,68,101,12,38,5,7,6,11,,985,0.0,N
MELROSE RANGE,291901,XMEL,34.28422,-103.71497,4263,8/23/2026,F,72,102,12,41,6,10,8,15,1/5/1 17:00 LMT,948,0.0,N
MESCAL,293003,XMES,33.15803,-105.76881,6227,8/23/2026,F,57,89,18,51,2,7,6,14,,966,0.0,N
MIDNIGHT,55522315,XMID,36.77819,-105.34131,10815,8/23/2026,F,44,74,24,89,2,7,3,9,,929,0.04,N
MILLS CANYON,291101,XMIL,36.05453,-104.32511,5881,8/23/2026,F,58,94,18,78,3,15,5,21,,956,0.0,N
MOGOLLON,292013,XMOG,33.39064,-108.80819,7602,8/23/2026,F,63,89,18,41,2,7,3,9,,852,0.0,N
MOHAWK DUNES,55522318,AMOD,32.68878,-113.74889,524,8/23/2026,F,84,108,25,70,2,8,7,16,,926,0.0,N
MORMON LAKE,20215,AMOL,34.90972,-111.43842,7094,8/23/2026,F,53,82,28,77,1,2,3,11,,689,0.11,N
MOSS BASIN,20115,AMOS,35.03397,-113.89406,5920,8/23/2026,F,67,87,30,55,3,8,7,14,,712,0.1,N
MOUNTAINAIR,291501,XMOU,34.52081,-106.26269,6593,8/23/2026,F,61,92,15,54,2,7,3,9,,793,0.0,N
MOUNTAIN LION,20310,AFAP,33.69511,-109.71078,7269,8/23/2026,F,57,84,24,60,1,2,5,9,,759,0.0,N
MOUNT LOGAN,20107,AMTL,36.35306,-113.19917,7605,8/23/2026,F,64,79,27,43,5,8,10,21,,875,0.04,N
MULESHOE RANCH,21007,AMUL,32.40383,-110.272,4475,8/23/2026,F,70,96,22,66,2,9,7,21,,868,0.0,N
MUSIC MOUNTAIN,20119,AMUS,35.61497,-113.79428,5375,8/23/2026,F,70,92,22,46,7,10,11,18,,907,0.0,N
NAVAJO MONUMENT,20307,ANAV,36.67667,-110.54389,7204,8/23/2026,F,60,85,22,56,2,7,6,10,,735,0.03,N
NEVERSHINE,55522326,ANEV,36.24753,-113.88851,2165,8/23/2026,F,85,104,15,28,6,10,9,14,1/1/1 17:00 LMT,905,0.0,N
NIXON FLATS,20113,ANIX,36.38833,-113.15806,6500,8/23/2026,F,61,84,24,54,1,6,3,16,,876,0.02,N
NOON CREEK,21010,ANOO,32.66778,-109.78806,4925,8/23/2026,F,70,99,14,44,5,11,9,21,,839,0.0,N
OAK CREEK,20219,AOAK,34.94686,-111.75444,4804,8/23/2026,F,65,95,21,57,1,5,7,13,,834,0.0,N
OAK FLATS,291402,XOAK,35.00614,-106.31583,7675,8/23/2026,F,59,89,18,60,2,7,3,9,,811,0.0,N
OATMAN,21502,AOAT,33.04994,-113.13867,1715,8/23/2026,F,85,107,23,63,3,11,7,17,,831,0.0,N
OLAF KNOLLS,20108,AOLA,36.50725,-113.81589,2974,8/23/2026,F,82,103,14,27,5,10,11,22,,922,0.0,N
PADUCA,293202,XPAD,32.17983,-103.722,3534,8/23/2026,F,74,102,15,45,7,15,10,24,,970,0.0,N
PARIA POINT,20226,APAR,36.72753,-111.822,7106,8/23/2026,F,64,84,23,45,2,5,6,16,,731,0.06,N
PAYSON,20602,APAY,34.24614,-111.2935,5064,8/23/2026,F,64,92,25,68,0,7,2,14,,825,0.0,N
PECOS,291202,XPEC,35.54558,-105.49439,8229,8/23/2026,F,61,85,22,50,3,8,5,11,,606,0.0,N
PELONA MOUNTAIN,292009,XPEL,33.69375,-108.06161,7955,8/23/2026,F,59,84,18,54,3,9,5,13,,835,0.0,N
PICACHO PEAK,55522341,APIC,32.66314,-111.42154,1750,8/23/2026,F,80,101,24,63,2,8,5,14,,898,0.0,N
PINE,20612,APNE,34.37181,-111.4555,5313,8/23/2026,F,62,92,26,65,2,7,5,13,,823,0.0,N
PINEDALE,55522344,APND,34.30617,-110.23661,6461,8/23/2026,F,62,86,24,60,2,6,5,14,,873,0.02,N
PINEY HILL,20402,APIN,35.76111,-109.16719,8061,8/23/2026,F,58,79,26,60,2,5,6,13,,759,0.06,N
PLEASANT VALLEY,20603,APLE,34.08858,-110.94225,5232,8/23/2026,F,63,93,22,66,1,5,3,14,,839,0.0,N
PROMONTORY,20221,APRO,34.36528,-111.01444,7842,8/23/2026,F,59,79,35,58,1,3,6,10,,764,0.0,N
QUEEN,293105,XQUN,32.20361,-104.69031,5642,8/23/2026,F,70,96,13,34,6,8,14,17,1/6/1 17:00 LMT,973,0.0,N
RAMAH,293305,XRAM,34.81947,-108.29439,7645,8/23/2026,F,55,86,21,72,1,11,1,16,,734,0.0,N
RED CANYON,55523735,XRDC,34.62289,-106.40831,8070,8/23/2026,F,59,80,19,46,5,7,7,9,,818,0.0,N
RED LAKE,20610,ARED,34.18133,-110.78919,6524,8/23/2026,F,57,87,28,78,0,3,3,11,,813,0.0,N
RESERVE,292005,XRES,33.71489,-108.777,5846,8/23/2026,F,58,93,15,67,1,7,1,9,,938,0.0,N
RINCON,21207,ARIN,32.20639,-110.54861,8209,8/23/2026,F,60,76,38,67,5,9,8,15,,867,0.03,N
RUCKER,21414,ARUC,31.76111,-109.34861,5700,8/23/2026,F,62,91,15,65,2,5,6,15,,952,0.0,N
SAGUARO,21202,ASAG,32.31111,-110.81861,2758,8/23/2026,F,78,104,22,65,2,7,5,17,,848,0.01,N
SAN ANDRES,292904,XSAA,32.58008,-106.52719,6137,8/23/2026,F,70,94,13,28,1,5,5,15,,987,0.0,N
SAN CARLOS #1,20608,ASCA,33.37165,-110.45683,2830,8/23/2026,F,77,106,15,47,2,9,6,19,,867,0.0,N
SANDIA LAB,291408,XSLB,35.00406,-106.41148,6321,8/23/2026,F,64,91,19,56,2,8,3,11,,837,0.0,N
SANDIA LAKES,290706,XSLK,35.22967,-106.59061,5027,8/23/2026,F,65,99,16,63,2,10,3,15,,854,0.0,N
SANTA FE WATERSHED,290901,XSFW,35.68686,-105.86031,7749,8/23/2026,F,55,86,19,67,3,9,5,13,,879,0.0,N
SASABE,21206,ASAS,31.69169,-111.44811,3500,8/23/2026,F,71,99,26,91,2,8,6,18,,914,0.04,N
SCOUT CAMP,21208,ASOL,32.39806,-110.725,7554,8/23/2026,F,63,82,36,68,3,9,9,16,,760,0.03,N
SELLS,21209,ASES,31.91014,-111.89743,2262,8/23/2026,F,78,102,26,77,2,7,6,16,,919,0.02,N
SEVILLETA,292105,XSEV,34.35844,-106.6895,5246,8/23/2026,F,67,97,14,53,2,7,3,9,,915,0.0,N
SHADOW RIM,20611,ASHA,34.40586,-111.28319,5660,8/23/2026,F,62,93,24,65,0,5,3,11,,771,0.02,N
SLAUGHTER,292008,XSLA,34.06056,-108.44472,8680,8/23/2026,F,56,81,25,60,2,7,3,9,,809,0.01,N
SMITH PEAK,21501,ASMI,34.11486,-113.34733,2386,8/23/2026,F,85,103,22,42,3,6,8,17,,913,0.0,N
SMOKEY BEAR,292203,XSMO,33.35019,-105.686,7194,8/23/2026,F,52,90,19,66,3,8,5,11,,843,0.0,N
SOWATS,55523737,ASOW,36.48242,-112.42281,7038,8/23/2026,F,59,84,23,56,5,8,8,13,,727,0.09,N
STANTON,20509,ASTA,34.16403,-112.73486,3600,8/23/2026,F,79,96,25,44,5,10,9,19,,924,0.01,N
STONE LAKE,290201,XSTO,36.73161,-106.86581,7436,8/23/2026,F,54,89,16,72,1,11,1,16,,856,0.0,N
STRAY HORSE,21106,ASTH,33.55253,-109.31719,7956,8/23/2026,F,62,81,21,45,3,13,8,19,,910,0.0,N
SUNSET POINT,20510,ASUN,34.18847,-112.13467,3380,8/23/2026,F,76,99,22,50,2,11,7,22,,877,0.0,N
TANKS,55522384,ATNK,33.67314,-110.57431,5801,8/23/2026,F,63,90,23,63,3,8,8,18,,874,0.0,N
TAOS PUEBLO RAWS,55522385,XTAP,36.41461,-105.55689,7135,8/23/2026,F,57,89,21,70,1,11,1,16,,908,0.02,N
T BAR,55523738,XTBA,33.51789,-108.52419,8047,8/23/2026,F,54,83,20,62,1,6,1,8,,853,0.0,N
TONTO BASIN,20606,ATON,33.86861,-111.31333,2414,8/23/2026,F,78,104,20,52,1,8,5,19,,852,0.01,N
TOWER,290801,XTOW,35.77899,-106.26611,6529,8/23/2026,F,62,93,17,60,5,13,7,17,,854,0.0,N
TRAIL CABIN,21105,ATRA,33.26478,-109.36789,6250,8/23/2026,F,67,92,15,44,5,8,8,17,,915,0.0,N
TRUCHAS,290210,XTRU,36.059,-105.7695,8353,8/23/2026,F,48,83,20,83,2,9,3,13,,879,0.0,N
TRUXTON CANYON,20120,ATRU,35.78013,-113.79563,5304,8/23/2026,F,74,89,23,40,5,9,8,21,,881,0.03,N
TUSAYAN,20207,ATUS,35.98833,-112.12056,6570,8/23/2026,F,51,85,24,80,0,2,3,9,,810,0.01,N
TWEEDS POINT,20109,ATWE,36.58186,-113.732,5334,8/23/2026,F,77,92,18,29,8,13,15,28,,926,0.0,N
UNION PASS,20116,AUNI,35.23233,-114.38194,3590,8/23/2026,F,82,97,22,37,2,8,6,21,,889,0.0,N
VERDE,20503,AVER,34.54917,-111.84417,3101,8/23/2026,F,70,101,21,73,1,3,5,11,,797,0.0,N
WARM SPRINGS CANYON,20216,AWAR,36.70117,-112.22689,7953,8/23/2026,F,56,79,27,55,5,8,8,13,,594,0.03,N
WASHINGTON PASS,290101,XWAS,36.0765,-108.8615,9384,8/23/2026,F,57,77,28,57,2,7,3,9,,671,0.03,N
WILD RIVERS,290307,XWDR,36.69469,-105.66872,7530,8/23/2026,F,50,86,19,83,2,14,3,19,,934,0.0,N
YELLOW JOHN MOUNTAIN,20217,AYEL,36.155,-113.54944,6160,8/23/2026,F,56,88,23,63,2,5,7,16,,802,0.0,N
ZUNI BUTTES,290603,XZUB,35.13919,-108.94131,6649,8/23/2026,F,58,92,17,70,1,10,1,15,,913,0.0,N
10K,55522198,X10K,35.2085,-106.43586,10065,8/23/2026,F,54,77,23,60,3,8,5,11,,782,0.0,N
AHAKHAV PRESERVE,21503,AAHA,34.13222,-114.32917,363,8/23/2026,F,86,109,23,54,2,8,7,18,,866,0.0,N
ALBINO CANYON,290102,XALB,36.97661,-107.62892,7173,8/23/2026,F,60,90,17,65,1,15,1,21,,886,0.0,N
ALPINE,20401,AALP,33.84272,-109.11161,8207,8/23/2026,F,56,80,26,62,2,5,6,13,,886,0.0,N
BAKERS TANK,55522210,AHBB,32.61528,-114.00836,563,8/23/2026,F,84,106,26,68,3,9,7,19,,927,0.0,N
BARTLEY,291002,XBAR,35.90875,-105.38769,9192,8/23/2026,F,57,79,25,58,2,10,3,15,,773,0.0,N
BATDRAW,293101,XBAD,32.17861,-104.44056,4425,8/23/2026,F,76,101,13,31,5,11,10,21,,950,0.0,N
BEAVERHEAD,292001,XBEA,33.42353,-108.11019,6750,8/23/2026,F,53,90,18,75,2,8,3,11,,922,0.0,N
BELMONT,21504,ABEL,33.67411,-112.92281,1813,8/23/2026,F,82,105,22,59,3,7,8,15,,914,0.0,N
BLACK HILLS,21008,ABLA,33.08203,-109.95119,3262,8/23/2026,F,79,104,13,39,5,8,9,19,,827,0.0,N
BLACK MESA,290305,XBLM,36.03708,-106.04964,5762,8/23/2026,F,60,94,18,67,2,11,3,16,,930,0.0,N
BLACK ROCK,20114,ABRK,36.79436,-113.75056,7224,8/23/2026,F,68,83,22,36,2,5,10,17,,898,0.0,N
BLUEWATER RIDGE,293303,XBLR,35.19411,-108.16336,8274,8/23/2026,F,57,82,25,60,2,8,3,11,,732,0.06,N
BOSQUE,292103,XBOS,33.82064,-106.88169,4523,8/23/2026,F,65,100,13,57,2,11,3,16,,937,0.0,N
BRIGHT ANGEL,20211,ACAN,36.20472,-112.06222,8134,8/23/2026,F,57,80,27,55,2,9,5,14,,815,0.0,N
BRUSHY MOUNTAIN,291301,XBRU,34.72,-107.8484,8789,8/23/2026,F,57,83,22,59,2,14,3,19,,753,0.0,N
BUCKSKIN MTN,20224,ABUC,36.91808,-112.19981,6334,8/23/2026,F,66,86,22,44,2,7,6,18,,764,0.0,N
BURRO MOUNTAIN,292504,XBUR,32.67203,-108.53969,6995,8/23/2026,F,67,92,15,36,5,9,8,18,,804,0.0,N
CANELO,21303,ACNL,31.54972,-110.51917,4629,8/23/2026,F,66,92,27,79,5,9,8,18,,923,0.03,N
CAPROCK,293104,XCAP,32.92728,-103.85689,4167,8/23/2026,F,72,101,12,43,6,15,9,22,1/1/1 17:00 LMT,976,0.0,N
CARR,21411,ACAA,31.44111,-110.28611,5400,8/23/2026,F,68,94,25,71,2,11,7,23,,941,0.0,N
CASA GRANDE,20906,ACSG,32.99177,-111.53264,1412,8/23/2026,F,83,105,23,59,3,9,5,16,,911,0.0,N
CAVE CREEK,55522232,ACAV,34.0899,-111.8465,3477,8/23/2026,F,71,100,20,62,1,7,5,17,,811,0.0,N
CEDAR RIDGE,55523718,ACED,32.59872,-110.76231,4735,8/23/2026,F,73,95,24,60,6,10,9,18,,841,0.0,N
CHERRY,20511,ACHE,34.59661,-112.04761,5147,8/23/2026,F,61,91,26,75,2,5,6,15,,896,0.0,N
CHUPADERA,292102,XCHU,33.77294,-106.0985,5580,8/23/2026,F,66,97,13,47,3,7,5,9,,972,0.0,N
CIBOLA,20121,ACBL,33.28,-114.68489,252,8/23/2026,F,86,110,23,66,3,10,8,21,,913,0.0,N
CIMARRON,290401,XCIM,36.60611,-105.12028,8806,8/23/2026,F,51,81,23,77,2,9,3,13,,654,0.06,N
CIPRIANO,55522238,ARIP,32.4235,-114.16211,1042,8/23/2026,F,85,106,28,66,3,14,7,23,,932,0.0,N
COLUMBINE,21005,ACOL,32.70389,-109.91389,9521,8/23/2026,F,54,75,31,69,2,5,9,15,,646,0.0,N
COSMIC,293004,XCOS,32.77925,-105.81989,9172,8/23/2026,F,61,80,21,37,2,7,7,17,,910,0.0,N
COYOTE,290202,XCOY,36.07333,-106.65739,8704,8/23/2026,F,53,83,23,66,5,11,7,16,,786,0.02,N
CROWN KING,20502,ACRO,34.20336,-112.34561,6173,8/23/2026,F,64,87,30,65,2,5,6,13,,791,0.01,N
CUBA,290705,XCUB,35.942,-107.07739,6890,8/23/2026,F,59,90,16,56,2,9,3,13,,897,0.0,N
DATIL,292012,XDAT,34.29256,-107.768,8431,8/23/2026,F,56,82,24,60,3,9,5,13,,717,0.05,N
DEADMAN PEAK,290203,XDEA,36.4229,-106.772,8389,8/23/2026,F,57,85,15,55,2,11,3,16,,833,0.0,N
DEVILS HILLS,55522251,ADVH,32.42483,-113.79011,836,8/23/2026,F,84,107,26,70,2,10,6,21,,926,0.0,N
DRIPPING SPRINGS,292903,XDRI,32.32225,-106.58661,5814,8/23/2026,F,75,96,12,23,1,6,6,17,,989,0.0,N
DRY LAKE,21009,ADRL,33.35982,-109.83306,7405,8/23/2026,F,64,89,20,47,3,7,8,16,,764,0.0,N
DRY PARK,20212,ADRY,36.45308,-112.23819,8700,8/23/2026,F,54,76,29,59,2,7,5,13,,797,0.01,N
DULCE #2,290205,XDUL,36.93519,-107.00011,6805,8/23/2026,F,51,91,18,86,1,13,1,17,,877,0.0,N
DUNKEN,292302,XDUN,32.82467,-105.18261,5431,8/23/2026,F,69,97,14,34,3,13,5,17,1/3/1 17:00 LMT,895,0.0,N
DUTCH KID,55522257,ADUT,35.12931,-112.28219,6505,8/23/2026,F,55,85,28,78,3,7,6,16,,842,0.0,N
EIGHT MILE DRAW,292301,XEIG,33.65064,-104.32139,3626,8/23/2026,F,71,105,11,41,5,9,7,13,,967,0.0,N
EMPIRE,21205,AEMP,31.78347,-110.64325,4650,8/23/2026,F,67,93,27,81,2,7,6,17,,922,0.0,N
FLAGSTAFF,20209,AFLG,35.14111,-111.6725,6903,8/23/2026,F,52,82,28,80,0,3,5,13,,775,0.01,N
FORT YUMA,20102,AFYM,32.65222,-114.63417,185,8/23/2026,F,86,108,26,70,3,10,7,19,,925,0.0,N
FOUR SPRINGS,20227,AFOU,36.79367,-112.04239,6560,8/23/2026,F,66,83,23,44,2,6,6,14,,653,0.04,N
FRAZIER WELLS,20213,AFRA,35.84551,-113.05501,6796,8/23/2026,F,65,82,27,49,2,8,5,13,,764,0.05,N
FTHL YDMA,55522271,AFTH,32.48658,-114.4635,331,8/23/2026,F,86,108,27,73,6,15,9,22,,931,0.0,N
GILA CENTER RAWS,292011,XGIL,33.22375,-108.24031,5767,8/23/2026,F,56,94,14,72,2,8,3,11,,948,0.0,N
GLOBE,20601,AGLO,33.32694,-110.76694,4137,8/23/2026,F,77,97,22,47,5,8,9,19,,905,0.01,N
GOLDFIELD,21505,AGOL,33.55531,-111.6145,1367,8/23/2026,F,85,108,20,52,1,7,2,13,,870,0.0,N
GOODWIN MESA,20507,AGOO,34.77614,-113.3375,4311,8/23/2026,F,72,96,22,53,2,10,5,14,,895,0.03,N
GRANTS,291302,XGRA,35.24278,-107.66528,8620,8/23/2026,F,54,82,22,67,2,7,3,9,,756,0.0,N
GREENBASE,20284,AGRB,35.27619,-112.06325,6923,8/23/2026,F,51,81,31,86,1,6,5,14,,783,0.04,N
GREER,20404,AGRE,34.05853,-109.44097,8240,8/23/2026,F,56,77,31,60,2,6,5,11,,745,0.0,N
GUNSIGHT,20223,AGUN,36.70464,-112.5835,5284,8/23/2026,F,68,92,19,42,2,7,6,18,,840,0.06,N
GUTHRIE,21104,AGUT,32.88203,-109.30931,6324,8/23/2026,F,71,92,15,35,3,15,9,26,,865,0.0,N
HACHITA VALLEY,292702,XHAC,31.702,-108.34169,4290,8/23/2026,F,69,102,11,49,3,7,5,10,,973,0.0,N
HAPPY JACK,20291,AHJK,34.61797,-111.34239,6812,8/23/2026,F,53,82,31,83,0,3,3,15,,673,0.05,N
HAVASU,20118,AHAV,34.80758,-114.53456,475,8/23/2026,F,86,112,18,52,2,7,6,15,,872,0.0,N
HEADQUARTERS,21409,ACHR,32.00611,-109.35694,5400,8/23/2026,F,67,96,17,57,2,6,6,13,,948,0.02,N
HEBER,20301,AHBR,34.39778,-110.56444,6635,8/23/2026,F,59,84,27,65,1,5,5,15,,849,0.02,N
HILLTOP,20609,AHIL,33.61119,-110.41461,5732,8/23/2026,F,61,92,23,68,2,5,5,14,,917,0.0,N
HOPI,20312,AHPI,35.86292,-110.61495,5579,8/23/2026,F,62,93,17,58,2,10,6,22,,847,0.0,N
HOPKINS,21302,AHPK,31.67528,-110.88,7120,8/23/2026,F,65,84,34,63,5,9,8,14,,877,0.01,N
HORSE CAMP CANYON,20903,AHOR,32.93656,-110.4935,4014,8/23/2026,F,75,98,20,56,3,11,8,24,,876,0.0,N
HUMBUG CREEK,20508,AHUM,34.11,-112.3,5250,8/23/2026,F,73,90,29,50,2,13,6,22,,850,0.0,N
HURRICANE,20117,AHUR,36.69908,-113.20731,5445,8/23/2026,F,67,91,19,45,7,10,11,23,,904,0.0,N
IRON SPRINGS,20501,AIRO,34.59361,-112.51139,5385,8/23/2026,F,63,87,29,68,1,5,3,15,,875,0.08,N
JARITA MESA,290204,XJAR,36.55597,-106.10306,8864,8/23/2026,F,55,83,23,66,2,11,3,16,,714,0.04,N
JEMEZ,290702,XJEM,35.84114,-106.61969,8248,8/23/2026,F,56,86,21,62,3,13,5,17,,677,0.0,N
LAGUNA,293304,XLAG,35.05197,-107.42028,5805,8/23/2026,F,65,94,15,54,2,14,3,19,,912,0.01,N
LAKESIDE,20303,ALAK,34.16283,-109.87639,7267,8/23/2026,F,58,83,29,65,2,5,5,13,,756,0.02,N
LIMESTONE CANYON,20309,ALIM,34.17786,-110.27663,7102,8/23/2026,F,63,88,24,54,2,7,6,11,,921,0.0,N
LINDBERGH HILL,20220,ALBE,36.28556,-112.07861,8800,8/23/2026,F,53,77,30,64,2,7,6,11,,816,0.05,N
LUNA,292004,XLUN,33.82289,-108.94311,7088,8/23/2026,F,53,87,19,75,1,7,1,9,,777,0.01,N
MAGDALENA,292104,XMAG,33.85061,-107.539,8495,8/23/2026,F,57,82,21,53,3,8,5,11,,790,0.0,N
MALPAIS LAVA FLOW,293301,XMAL,34.85181,-108.17461,7514,8/23/2026,F,55,86,21,72,1,13,1,17,,740,0.03,N
MAYHILL,293002,XMAY,32.90947,-105.46981,6599,8/23/2026,F,59,92,15,48,2,5,8,13,1/3/1 17:00 LMT,767,0.0,N
MCGREGGOR RANGE,292901,XMCG,32.43133,-105.62181,4832,8/23/2026,F,68,101,12,38,5,7,6,11,,985,0.0,N
MELROSE RANGE,291901,XMEL,34.28422,-103.71497,4263,8/23/2026,F,72,102,12,41,6,10,8,15,1/5/1 17:00 LMT,948,0.0,N
MESCAL,293003,XMES,33.15803,-105.76881,6227,8/23/2026,F,57,89,18,51,2,7,6,14,,966,0.0,N
MIDNIGHT,55522315,XMID,36.77819,-105.34131,10815,8/23/2026,F,44,74,24,89,2,7,3,9,,929,0.04,N
MILLS CANYON,291101,XMIL,36.05453,-104.32511,5881,8/23/2026,F,58,94,18,78,3,15,5,21,,956,0.0,N
MOGOLLON,292013,XMOG,33.39064,-108.80819,7602,8/23/2026,F,63,89,18,41,2,7,3,9,,852,0.0,N
MOHAWK DUNES,55522318,AMOD,32.68878,-113.74889,524,8/23/2026,F,84,108,25,70,2,8,7,16,,926,0.0,N
MORMON LAKE,20215,AMOL,34.90972,-111.43842,7094,8/23/2026,F,53,82,28,77,1,2,3,11,,689,0.11,N
MOSS BASIN,20115,AMOS,35.03397,-113.89406,5920,8/23/2026,F,67,87,30,55,3,8,7,14,,712,0.1,N
MOUNTAINAIR,291501,XMOU,34.52081,-106.26269,6593,8/23/2026,F,61,92,15,54,2,7,3,9,,793,0.0,N
MOUNTAIN LION,20310,AFAP,33.69511,-109.71078,7269,8/23/2026,F,57,84,24,60,1,2,5,9,,759,0.0,N
MOUNT LOGAN,20107,AMTL,36.35306,-113.19917,7605,8/23/2026,F,64,79,27,43,5,8,10,21,,875,0.04,N
MULESHOE RANCH,21007,AMUL,32.40383,-110.272,4475,8/23/2026,F,70,96,22,66,2,9,7,21,,868,0.0,N
MUSIC MOUNTAIN,20119,AMUS,35.61497,-113.79428,5375,8/23/2026,F,70,92,22,46,7,10,11,18,,907,0.0,N
NAVAJO MONUMENT,20307,ANAV,36.67667,-110.54389,7204,8/23/2026,F,60,85,22,56,2,7,6,10,,735,0.03,N
NEVERSHINE,55522326,ANEV,36.24753,-113.88851,2165,8/23/2026,F,85,104,15,28,6,10,9,14,1/1/1 17:00 LMT,905,0.0,N
NIXON FLATS,20113,ANIX,36.38833,-113.15806,6500,8/23/2026,F,61,84,24,54,1,6,3,16,,876,0.02,N
NOON CREEK,21010,ANOO,32.66778,-109.78806,4925,8/23/2026,F,70,99,14,44,5,11,9,21,,839,0.0,N
OAK CREEK,20219,AOAK,34.94686,-111.75444,4804,8/23/2026,F,65,95,21,57,1,5,7,13,,834,0.0,N
OAK FLATS,291402,XOAK,35.00614,-106.31583,7675,8/23/2026,F,59,89,18,60,2,7,3,9,,811,0.0,N
OATMAN,21502,AOAT,33.04994,-113.13867,1715,8/23/2026,F,85,107,23,63,3,11,7,17,,831,0.0,N
OLAF KNOLLS,20108,AOLA,36.50725,-113.81589,2974,8/23/2026,F,82,103,14,27,5,10,11,22,,922,0.0,N
PADUCA,293202,XPAD,32.17983,-103.722,3534,8/23/2026,F,74,102,15,45,7,15,10,24,,970,0.0,N
PARIA POINT,20226,APAR,36.72753,-111.822,7106,8/23/2026,F,64,84,23,45,2,5,6,16,,731,0.06,N
PAYSON,20602,APAY,34.24614,-111.2935,5064,8/23/2026,F,64,92,25,68,0,7,2,14,,825,0.0,N
PECOS,291202,XPEC,35.54558,-105.49439,8229,8/23/2026,F,61,85,22,50,3,8,5,11,,606,0.0,N
PELONA MOUNTAIN,292009,XPEL,33.69375,-108.06161,7955,8/23/2026,F,59,84,18,54,3,9,5,13,,835,0.0,N
PICACHO PEAK,55522341,APIC,32.66314,-111.42154,1750,8/23/2026,F,80,101,24,63,2,8,5,14,,898,0.0,N
PINE,20612,APNE,34.37181,-111.4555,5313,8/23/2026,F,62,92,26,65,2,7,5,13,,823,0.0,N
PINEDALE,55522344,APND,34.30617,-110.23661,6461,8/23/2026,F,62,86,24,60,2,6,5,14,,873,0.02,N
PINEY HILL,20402,APIN,35.76111,-109.16719,8061,8/23/2026,F,58,79,26,60,2,5,6,13,,759,0.06,N
PLEASANT VALLEY,20603,APLE,34.08858,-110.94225,5232,8/23/2026,F,63,93,22,66,1,5,3,14,,839,0.0,N
PROMONTORY,20221,APRO,34.36528,-111.01444,7842,8/23/2026,F,59,79,35,58,1,3,6,10,,764,0.0,N
QUEEN,293105,XQUN,32.20361,-104.69031,5642,8/23/2026,F,70,96,13,34,6,8,14,17,1/6/1 17:00 LMT,973,0.0,N
RAMAH,293305,XRAM,34.81947,-108.29439,7645,8/23/2026,F,55,86,21,72,1,11,1,16,,734,0.0,N
RED CANYON,55523735,XRDC,34.62289,-106.40831,8070,8/23/2026,F,59,80,19,46,5,7,7,9,,818,0.0,N
RED LAKE,20610,ARED,34.18133,-110.78919,6524,8/23/2026,F,57,87,28,78,0,3,3,11,,813,0.0,N
RESERVE,292005,XRES,33.71489,-108.777,5846,8/23/2026,F,58,93,15,67,1,7,1,9,,938,0.0,N
RINCON,21207,ARIN,32.20639,-110.54861,8209,8/23/2026,F,60,76,38,67,5,9,8,15,,867,0.03,N
RUCKER,21414,ARUC,31.76111,-109.34861,5700,8/23/2026,F,62,91,15,65,2,5,6,15,,952,0.0,N
SAGUARO,21202,ASAG,32.31111,-110.81861,2758,8/23/2026,F,78,104,22,65,2,7,5,17,,848,0.01,N
SAN ANDRES,292904,XSAA,32.58008,-106.52719,6137,8/23/2026,F,70,94,13,28,1,5,5,15,,987,0.0,N
SAN CARLOS #1,20608,ASCA,33.37165,-110.45683,2830,8/23/2026,F,77,106,15,47,2,9,6,19,,867,0.0,N
SANDIA LAB,291408,XSLB,35.00406,-106.41148,6321,8/23/2026,F,64,91,19,56,2,8,3,11,,837,0.0,N
SANDIA LAKES,290706,XSLK,35.22967,-106.59061,5027,8/23/2026,F,65,99,16,63,2,10,3,15,,854,0.0,N
SANTA FE WATERSHED,290901,XSFW,35.68686,-105.86031,7749,8/23/2026,F,55,86,19,67,3,9,5,13,,879,0.0,N
SASABE,21206,ASAS,31.69169,-111.44811,3500,8/23/2026,F,71,99,26,91,2,8,6,18,,914,0.04,N
SCOUT CAMP,21208,ASOL,32.39806,-110.725,7554,8/23/2026,F,63,82,36,68,3,9,9,16,,760,0.03,N
SELLS,21209,ASES,31.91014,-111.89743,2262,8/23/2026,F,78,102,26,77,2,7,6,16,,919,0.02,N
SEVILLETA,292105,XSEV,34.35844,-106.6895,5246,8/23/2026,F,67,97,14,53,2,7,3,9,,915,0.0,N
SHADOW RIM,20611,ASHA,34.40586,-111.28319,5660,8/23/2026,F,62,93,24,65,0,5,3,11,,771,0.02,N
SLAUGHTER,292008,XSLA,34.06056,-108.44472,8680,8/23/2026,F,56,81,25,60,2,7,3,9,,809,0.01,N
SMITH PEAK,21501,ASMI,34.11486,-113.34733,2386,8/23/2026,F,85,103,22,42,3,6,8,17,,913,0.0,N
SMOKEY BEAR,292203,XSMO,33.35019,-105.686,7194,8/23/2026,F,52,90,19,66,3,8,5,11,,843,0.0,N
SOWATS,55523737,ASOW,36.48242,-112.42281,7038,8/23/2026,F,59,84,23,56,5,8,8,13,,727,0.09,N
STANTON,20509,ASTA,34.16403,-112.73486,3600,8/23/2026,F,79,96,25,44,5,10,9,19,,924,0.01,N
STONE LAKE,290201,XSTO,36.73161,-106.86581,7436,8/23/2026,F,54,89,16,72,1,11,1,16,,856,0.0,N
STRAY HORSE,21106,ASTH,33.55253,-109.31719,7956,8/23/2026,F,62,81,21,45,3,13,8,19,,910,0.0,N
SUNSET POINT,20510,ASUN,34.18847,-112.13467,3380,8/23/2026,F,76,99,22,50,2,11,7,22,,877,0.0,N
TANKS,55522384,ATNK,33.67314,-110.57431,5801,8/23/2026,F,63,90,23,63,3,8,8,18,,874,0.0,N
TAOS PUEBLO RAWS,55522385,XTAP,36.41461,-105.55689,7135,8/23/2026,F,57,89,21,70,1,11,1,16,,908,0.02,N
T BAR,55523738,XTBA,33.51789,-108.52419,8047,8/23/2026,F,54,83,20,62,1,6,1,8,,853,0.0,N
TONTO BASIN,20606,ATON,33.86861,-111.31333,2414,8/23/2026,F,78,104,20,52,1,8,5,19,,852,0.01,N
TOWER,290801,XTOW,35.77899,-106.26611,6529,8/23/2026,F,62,93,17,60,5,13,7,17,,854,0.0,N
TRAIL CABIN,21105,ATRA,33.26478,-109.36789,6250,8/23/2026,F,67,92,15,44,5,8,8,17,,915,0.0,N
TRUCHAS,290210,XTRU,36.059,-105.7695,8353,8/23/2026,F,48,83,20,83,2,9,3,13,,879,0.0,N
TRUXTON CANYON,20120,ATRU,35.78013,-113.79563,5304,8/23/2026,F,74,89,23,40,5,9,8,21,,881,0.03,N
TUSAYAN,20207,ATUS,35.98833,-112.12056,6570,8/23/2026,F,51,85,24,80,0,2,3,9,,810,0.01,N
TWEEDS POINT,20109,ATWE,36.58186,-113.732,5334,8/23/2026,F,77,92,18,29,8,13,15,28,,926,0.0,N
UNION PASS,20116,AUNI,35.23233,-114.38194,3590,8/23/2026,F,82,97,22,37,2,8,6,21,,889,0.0,N
VERDE,20503,AVER,34.54917,-111.84417,3101,8/23/2026,F,70,101,21,73,1,3,5,11,,797,0.0,N
WARM SPRINGS CANYON,20216,AWAR,36.70117,-112.22689,7953,8/23/2026,F,56,79,27,55,5,8,8,13,,594,0.03,N
WASHINGTON PASS,290101,XWAS,36.0765,-108.8615,9384,8/23/2026,F,57,77,28,57,2,7,3,9,,671,0.03,N
WILD RIVERS,290307,XWDR,36.69469,-105.66872,7530,8/23/2026,F,50,86,19,83,2,14,3,19,,934,0.0,N
YELLOW JOHN MOUNTAIN,20217,AYEL,36.155,-113.54944,6160,8/23/2026,F,56,88,23,63,2,5,7,16,,802,0.0,N
ZUNI BUTTES,290603,XZUB,35.13919,-108.94131,6649,8/23/2026,F,58,92,17,70,1,10,1,15,,913,0.0,N
10K,55522198,X10K,35.2085,-106.43586,10065,8/23/2026,F,54,77,23,60,3,8,5,11,,782,0.0,N
AHAKHAV PRESERVE,21503,AAHA,34.13222,-114.32917,363,8/23/2026,F,86,109,23,54,2,8,7,18,,866,0.0,N
ALBINO CANYON,290102,XALB,36.97661,-107.62892,7173,8/23/2026,F,60,90,17,65,1,15,1,21,,886,0.0,N
ALPINE,20401,AALP,33.84272,-109.11161,8207,8/23/2026,F,56,80,26,62,2,5,6,13,,886,0.0,N
BAKERS TANK,55522210,AHBB,32.61528,-114.00836,563,8/23/2026,F,84,106,26,68,3,9,7,19,,927,0.0,N
BARTLEY,291002,XBAR,35.90875,-105.38769,9192,8/23/2026,F,57,79,25,58,2,10,3,15,,773,0.0,N
BATDRAW,293101,XBAD,32.17861,-104.44056,4425,8/23/2026,F,76,101,13,31,5,11,10,21,,950,0.0,N
BEAVERHEAD,292001,XBEA,33.42353,-108.11019,6750,8/23/2026,F,53,90,18,75,2,8,3,11,,922,0.0,N
BELMONT,21504,ABEL,33.67411,-112.92281,1813,8/23/2026,F,82,105,22,59,3,7,8,15,,914,0.0,N
BLACK HILLS,21008,ABLA,33.08203,-109.95119,3262,8/23/2026,F,79,104,13,39,5,8,9,19,,827,0.0,N
BLACK MESA,290305,XBLM,36.03708,-106.04964,5762,8/23/2026,F,60,94,18,67,2,11,3,16,,930,0.0,N
BLACK ROCK,20114,ABRK,36.79436,-113.75056,7224,8/23/2026,F,68,83,22,36,2,5,10,17,,898,0.0,N
BLUEWATER RIDGE,293303,XBLR,35.19411,-108.16336,8274,8/23/2026,F,57,82,25,60,2,8,3,11,,732,0.06,N
BOSQUE,292103,XBOS,33.82064,-106.88169,4523,8/23/2026,F,65,100,13,57,2,11,3,16,,937,0.0,N
BRIGHT ANGEL,20211,ACAN,36.20472,-112.06222,8134,8/23/2026,F,57,80,27,55,2,9,5,14,,815,0.0,N
BRUSHY MOUNTAIN,291301,XBRU,34.72,-107.8484,8789,8/23/2026,F,57,83,22,59,2,14,3,19,,753,0.0,N
BUCKSKIN MTN,20224,ABUC,36.91808,-112.19981,6334,8/23/2026,F,66,86,22,44,2,7,6,18,,764,0.0,N
BURRO MOUNTAIN,292504,XBUR,32.67203,-108.53969,6995,8/23/2026,F,67,92,15,36,5,9,8,18,,804,0.0,N
CANELO,21303,ACNL,31.54972,-110.51917,4629,8/23/2026,F,66,92,27,79,5,9,8,18,,923,0.03,N
CAPROCK,293104,XCAP,32.92728,-103.85689,4167,8/23/2026,F,72,101,12,43,6,15,9,22,1/1/1 17:00 LMT,976,0.0,N
CARR,21411,ACAA,31.44111,-110.28611,5400,8/23/2026,F,68,94,25,71,2,11,7,23,,941,0.0,N
CASA GRANDE,20906,ACSG,32.99177,-111.53264,1412,8/23/2026,F,83,105,23,59,3,9,5,16,,911,0.0,N
CAVE CREEK,55522232,ACAV,34.0899,-111.8465,3477,8/23/2026,F,71,100,20,62,1,7,5,17,,811,0.0,N
CEDAR RIDGE,55523718,ACED,32.59872,-110.76231,4735,8/23/2026,F,73,95,24,60,6,10,9,18,,841,0.0,N
CHERRY,20511,ACHE,34.59661,-112.04761,5147,8/23/2026,F,61,91,26,75,2,5,6,15,,896,0.0,N
CHUPADERA,292102,XCHU,33.77294,-106.0985,5580,8/23/2026,F,66,97,13,47,3,7,5,9,,972,0.0,N
CIBOLA,20121,ACBL,33.28,-114.68489,252,8/23/2026,F,86,110,23,66,3,10,8,21,,913,0.0,N
CIMARRON,290401,XCIM,36.60611,-105.12028,8806,8/23/2026,F,51,81,23,77,2,9,3,13,,654,0.06,N
CIPRIANO,55522238,ARIP,32.4235,-114.16211,1042,8/23/2026,F,85,106,28,66,3,14,7,23,,932,0.0,N
COLUMBINE,21005,ACOL,32.70389,-109.91389,9521,8/23/2026,F,54,75,31,69,2,5,9,15,,646,0.0,N
COSMIC,293004,XCOS,32.77925,-105.81989,9172,8/23/2026,F,61,80,21,37,2,7,7,17,,910,0.0,N
COYOTE,290202,XCOY,36.07333,-106.65739,8704,8/23/2026,F,53,83,23,66,5,11,7,16,,786,0.02,N
CROWN KING,20502,ACRO,34.20336,-112.34561,6173,8/23/2026,F,64,87,30,65,2,5,6,13,,791,0.01,N
CUBA,290705,XCUB,35.942,-107.07739,6890,8/23/2026,F,59,90,16,56,2,9,3,13,,897,0.0,N
DATIL,292012,XDAT,34.29256,-107.768,8431,8/23/2026,F,56,82,24,60,3,9,5,13,,717,0.05,N
DEADMAN PEAK,290203,XDEA,36.4229,-106.772,8389,8/23/2026,F,57,85,15,55,2,11,3,16,,833,0.0,N
DEVILS HILLS,55522251,ADVH,32.42483,-113.79011,836,8/23/2026,F,84,107,26,70,2,10,6,21,,926,0.0,N
DRIPPING SPRINGS,292903,XDRI,32.32225,-106.58661,5814,8/23/2026,F,75,96,12,23,1,6,6,17,,989,0.0,N
DRY LAKE,21009,ADRL,33.35982,-109.83306,7405,8/23/2026,F,64,89,20,47,3,7,8,16,,764,0.0,N
DRY PARK,20212,ADRY,36.45308,-112.23819,8700,8/23/2026,F,54,76,29,59,2,7,5,13,,797,0.01,N
DULCE #2,290205,XDUL,36.93519,-107.00011,6805,8/23/2026,F,51,91,18,86,1,13,1,17,,877,0.0,N
DUNKEN,292302,XDUN,32.82467,-105.18261,5431,8/23/2026,F,69,97,14,34,3,13,5,17,1/3/1 17:00 LMT,895,0.0,N
DUTCH KID,55522257,ADUT,35.12931,-112.28219,6505,8/23/2026,F,55,85,28,78,3,7,6,16,,842,0.0,N
EIGHT MILE DRAW,292301,XEIG,33.65064,-104.32139,3626,8/23/2026,F,71,105,11,41,5,9,7,13,,967,0.0,N
EMPIRE,21205,AEMP,31.78347,-110.64325,4650,8/23/2026,F,67,93,27,81,2,7,6,17,,922,0.0,N
FLAGSTAFF,20209,AFLG,35.14111,-111.6725,6903,8/23/2026,F,52,82,28,80,0,3,5,13,,775,0.01,N
FORT YUMA,20102,AFYM,32.65222,-114.63417,185,8/23/2026,F,86,108,26,70,3,10,7,19,,925,0.0,N
FOUR SPRINGS,20227,AFOU,36.79367,-112.04239,6560,8/23/2026,F,66,83,23,44,2,6,6,14,,653,0.04,N
FRAZIER WELLS,20213,AFRA,35.84551,-113.05501,6796,8/23/2026,F,65,82,27,49,2,8,5,13,,764,0.05,N
FTHL YDMA,55522271,AFTH,32.48658,-114.4635,331,8/23/2026,F,86,108,27,73,6,15,9,22,,931,0.0,N
GILA CENTER RAWS,292011,XGIL,33.22375,-108.24031,5767,8/23/2026,F,56,94,14,72,2,8,3,11,,948,0.0,N
GLOBE,20601,AGLO,33.32694,-110.76694,4137,8/23/2026,F,77,97,22,47,5,8,9,19,,905,0.01,N
GOLDFIELD,21505,AGOL,33.55531,-111.6145,1367,8/23/2026,F,85,108,20,52,1,7,2,13,,870,0.0,N
GOODWIN MESA,20507,AGOO,34.77614,-113.3375,4311,8/23/2026,F,72,96,22,53,2,10,5,14,,895,0.03,N
GRANTS,291302,XGRA,35.24278,-107.66528,8620,8/23/2026,F,54,82,22,67,2,7,3,9,,756,0.0,N
GREENBASE,20284,AGRB,35.27619,-112.06325,6923,8/23/2026,F,51,81,31,86,1,6,5,14,,783,0.04,N
GREER,20404,AGRE,34.05853,-109.44097,8240,8/23/2026,F,56,77,31,60,2,6,5,11,,745,0.0,N
GUNSIGHT,20223,AGUN,36.70464,-112.5835,5284,8/23/2026,F,68,92,19,42,2,7,6,18,,840,0.06,N
GUTHRIE,21104,AGUT,32.88203,-109.30931,6324,8/23/2026,F,71,92,15,35,3,15,9,26,,865,0.0,N
HACHITA VALLEY,292702,XHAC,31.702,-108.34169,4290,8/23/2026,F,69,102,11,49,3,7,5,10,,973,0.0,N
HAPPY JACK,20291,AHJK,34.61797,-111.34239,6812,8/23/2026,F,53,82,31,83,0,3,3,15,,673,0.05,N
HAVASU,20118,AHAV,34.80758,-114.53456,475,8/23/2026,F,86,112,18,52,2,7,6,15,,872,0.0,N
HEADQUARTERS,21409,ACHR,32.00611,-109.35694,5400,8/23/2026,F,67,96,17,57,2,6,6,13,,948,0.02,N
HEBER,20301,AHBR,34.39778,-110.56444,6635,8/23/2026,F,59,84,27,65,1,5,5,15,,849,0.02,N
HILLTOP,20609,AHIL,33.61119,-110.41461,5732,8/23/2026,F,61,92,23,68,2,5,5,14,,917,0.0,N
HOPI,20312,AHPI,35.86292,-110.61495,5579,8/23/2026,F,62,93,17,58,2,10,6,22,,847,0.0,N
HOPKINS,21302,AHPK,31.67528,-110.88,7120,8/23/2026,F,65,84,34,63,5,9,8,14,,877,0.01,N
HORSE CAMP CANYON,20903,AHOR,32.93656,-110.4935,4014,8/23/2026,F,75,98,20,56,3,11,8,24,,876,0.0,N
HUMBUG CREEK,20508,AHUM,34.11,-112.3,5250,8/23/2026,F,73,90,29,50,2,13,6,22,,850,0.0,N
HURRICANE,20117,AHUR,36.69908,-113.20731,5445,8/23/2026,F,67,91,19,45,7,10,11,23,,904,0.0,N
IRON SPRINGS,20501,AIRO,34.59361,-112.51139,5385,8/23/2026,F,63,87,29,68,1,5,3,15,,875,0.08,N
JARITA MESA,290204,XJAR,36.55597,-106.10306,8864,8/23/2026,F,55,83,23,66,2,11,3,16,,714,0.04,N
JEMEZ,290702,XJEM,35.84114,-106.61969,8248,8/23/2026,F,56,86,21,62,3,13,5,17,,677,0.0,N
LAGUNA,293304,XLAG,35.05197,-107.42028,5805,8/23/2026,F,65,94,15,54,2,14,3,19,,912,0.01,N
LAKESIDE,20303,ALAK,34.16283,-109.87639,7267,8/23/2026,F,58,83,29,65,2,5,5,13,,756,0.02,N
LIMESTONE CANYON,20309,ALIM,34.17786,-110.27663,7102,8/23/2026,F,63,88,24,54,2,7,6,11,,921,0.0,N
LINDBERGH HILL,20220,ALBE,36.28556,-112.07861,8800,8/23/2026,F,53,77,30,64,2,7,6,11,,816,0.05,N
LUNA,292004,XLUN,33.82289,-108.94311,7088,8/23/2026,F,53,87,19,75,1,7,1,9,,777,0.01,N
MAGDALENA,292104,XMAG,33.85061,-107.539,8495,8/23/2026,F,57,82,21,53,3,8,5,11,,790,0.0,N
MALPAIS LAVA FLOW,293301,XMAL,34.85181,-108.17461,7514,8/23/2026,F,55,86,21,72,1,13,1,17,,740,0.03,N
MAYHILL,293002,XMAY,32.90947,-105.46981,6599,8/23/2026,F,59,92,15,48,2,5,8,13,1/3/1 17:00 LMT,767,0.0,N
MCGREGGOR RANGE,292901,XMCG,32.43133,-105.62181,4832,8/23/2026,F,68,101,12,38,5,7,6,11,,985,0.0,N
MELROSE RANGE,291901,XMEL,34.28422,-103.71497,4263,8/23/2026,F,72,102,12,41,6,10,8,15,1/5/1 17:00 LMT,948,0.0,N
MESCAL,293003,XMES,33.15803,-105.76881,6227,8/23/2026,F,57,89,18,51,2,7,6,14,,966,0.0,N
MIDNIGHT,55522315,XMID,36.77819,-105.34131,10815,8/23/2026,F,44,74,24,89,2,7,3,9,,929,0.04,N
MILLS CANYON,291101,XMIL,36.05453,-104.32511,5881,8/23/2026,F,58,94,18,78,3,15,5,21,,956,0.0,N
MOGOLLON,292013,XMOG,33.39064,-108.80819,7602,8/23/2026,F,63,89,18,41,2,7,3,9,,852,0.0,N
MOHAWK DUNES,55522318,AMOD,32.68878,-113.74889,524,8/23/2026,F,84,108,25,70,2,8,7,16,,926,0.0,N
MORMON LAKE,20215,AMOL,34.90972,-111.43842,7094,8/23/2026,F,53,82,28,77,1,2,3,11,,689,0.11,N
MOSS BASIN,20115,AMOS,35.03397,-113.89406,5920,8/23/2026,F,67,87,30,55,3,8,7,14,,712,0.1,N
MOUNTAINAIR,291501,XMOU,34.52081,-106.26269,6593,8/23/2026,F,61,92,15,54,2,7,3,9,,793,0.0,N
MOUNTAIN LION,20310,AFAP,33.69511,-109.71078,7269,8/23/2026,F,57,84,24,60,1,2,5,9,,759,0.0,N
MOUNT LOGAN,20107,AMTL,36.35306,-113.19917,7605,8/23/2026,F,64,79,27,43,5,8,10,21,,875,0.04,N
MULESHOE RANCH,21007,AMUL,32.40383,-110.272,4475,8/23/2026,F,70,96,22,66,2,9,7,21,,868,0.0,N
MUSIC MOUNTAIN,20119,AMUS,35.61497,-113.79428,5375,8/23/2026,F,70,92,22,46,7,10,11,18,,907,0.0,N
NAVAJO MONUMENT,20307,ANAV,36.67667,-110.54389,7204,8/23/2026,F,60,85,22,56,2,7,6,10,,735,0.03,N
NEVERSHINE,55522326,ANEV,36.24753,-113.88851,2165,8/23/2026,F,85,104,15,28,6,10,9,14,1/1/1 17:00 LMT,905,0.0,N
NIXON FLATS,20113,ANIX,36.38833,-113.15806,6500,8/23/2026,F,61,84,24,54,1,6,3,16,,876,0.02,N
NOON CREEK,21010,ANOO,32.66778,-109.78806,4925,8/23/2026,F,70,99,14,44,5,11,9,21,,839,0.0,N
OAK CREEK,20219,AOAK,34.94686,-111.75444,4804,8/23/2026,F,65,95,21,57,1,5,7,13,,834,0.0,N
OAK FLATS,291402,XOAK,35.00614,-106.31583,7675,8/23/2026,F,59,89,18,60,2,7,3,9,,811,0.0,N
OATMAN,21502,AOAT,33.04994,-113.13867,1715,8/23/2026,F,85,107,23,63,3,11,7,17,,831,0.0,N
OLAF KNOLLS,20108,AOLA,36.50725,-113.81589,2974,8/23/2026,F,82,103,14,27,5,10,11,22,,922,0.0,N
PADUCA,293202,XPAD,32.17983,-103.722,3534,8/23/2026,F,74,102,15,45,7,15,10,24,,970,0.0,N
PARIA POINT,20226,APAR,36.72753,-111.822,7106,8/23/2026,F,64,84,23,45,2,5,6,16,,731,0.06,N
PAYSON,20602,APAY,34.24614,-111.2935,5064,8/23/2026,F,64,92,25,68,0,7,2,14,,825,0.0,N
PECOS,291202,XPEC,35.54558,-105.49439,8229,8/23/2026,F,61,85,22,50,3,8,5,11,,606,0.0,N
PELONA MOUNTAIN,292009,XPEL,33.69375,-108.06161,7955,8/23/2026,F,59,84,18,54,3,9,5,13,,835,0.0,N
PICACHO PEAK,55522341,APIC,32.66314,-111.42154,1750,8/23/2026,F,80,101,24,63,2,8,5,14,,898,0.0,N
PINE,20612,APNE,34.37181,-111.4555,5313,8/23/2026,F,62,92,26,65,2,7,5,13,,823,0.0,N
PINEDALE,55522344,APND,34.30617,-110.23661,6461,8/23/2026,F,62,86,24,60,2,6,5,14,,873,0.02,N
PINEY HILL,20402,APIN,35.76111,-109.16719,8061,8/23/2026,F,58,79,26,60,2,5,6,13,,759,0.06,N
PLEASANT VALLEY,20603,APLE,34.08858,-110.94225,5232,8/23/2026,F,63,93,22,66,1,5,3,14,,839,0.0,N
PROMONTORY,20221,APRO,34.36528,-111.01444,7842,8/23/2026,F,59,79,35,58,1,3,6,10,,764,0.0,N
QUEEN,293105,XQUN,32.20361,-104.69031,5642,8/23/2026,F,70,96,13,34,6,8,14,17,1/6/1 17:00 LMT,973,0.0,N
RAMAH,293305,XRAM,34.81947,-108.29439,7645,8/23/2026,F,55,86,21,72,1,11,1,16,,734,0.0,N
RED CANYON,55523735,XRDC,34.62289,-106.40831,8070,8/23/2026,F,59,80,19,46,5,7,7,9,,818,0.0,N
RED LAKE,20610,ARED,34.18133,-110.78919,6524,8/23/2026,F,57,87,28,78,0,3,3,11,,813,0.0,N
RESERVE,292005,XRES,33.71489,-108.777,5846,8/23/2026,F,58,93,15,67,1,7,1,9,,938,0.0,N
RINCON,21207,ARIN,32.20639,-110.54861,8209,8/23/2026,F,60,76,38,67,5,9,8,15,,867,0.03,N
RUCKER,21414,ARUC,31.76111,-109.34861,5700,8/23/2026,F,62,91,15,65,2,5,6,15,,952,0.0,N
SAGUARO,21202,ASAG,32.31111,-110.81861,2758,8/23/2026,F,78,104,22,65,2,7,5,17,,848,0.01,N
SAN ANDRES,292904,XSAA,32.58008,-106.52719,6137,8/23/2026,F,70,94,13,28,1,5,5,15,,987,0.0,N
SAN CARLOS #1,20608,ASCA,33.37165,-110.45683,2830,8/23/2026,F,77,106,15,47,2,9,6,19,,867,0.0,N
SANDIA LAB,291408,XSLB,35.00406,-106.41148,6321,8/23/2026,F,64,91,19,56,2,8,3,11,,837,0.0,N
SANDIA LAKES,290706,XSLK,35.22967,-106.59061,5027,8/23/2026,F,65,99,16,63,2,10,3,15,,854,0.0,N
SANTA FE WATERSHED,290901,XSFW,35.68686,-105.86031,7749,8/23/2026,F,55,86,19,67,3,9,5,13,,879,0.0,N
SASABE,21206,ASAS,31.69169,-111.44811,3500,8/23/2026,F,71,99,26,91,2,8,6,18,,914,0.04,N
SCOUT CAMP,21208,ASOL,32.39806,-110.725,7554,8/23/2026,F,63,82,36,68,3,9,9,16,,760,0.03,N
SELLS,21209,ASES,31.91014,-111.89743,2262,8/23/2026,F,78,102,26,77,2,7,6,16,,919,0.02,N
SEVILLETA,292105,XSEV,34.35844,-106.6895,5246,8/23/2026,F,67,97,14,53,2,7,3,9,,915,0.0,N
SHADOW RIM,20611,ASHA,34.40586,-111.28319,5660,8/23/2026,F,62,93,24,65,0,5,3,11,,771,0.02,N
SLAUGHTER,292008,XSLA,34.06056,-108.44472,8680,8/23/2026,F,56,81,25,60,2,7,3,9,,809,0.01,N
SMITH PEAK,21501,ASMI,34.11486,-113.34733,2386,8/23/2026,F,85,103,22,42,3,6,8,17,,913,0.0,N
SMOKEY BEAR,292203,XSMO,33.35019,-105.686,7194,8/23/2026,F,52,90,19,66,3,8,5,11,,843,0.0,N
SOWATS,55523737,ASOW,36.48242,-112.42281,7038,8/23/2026,F,59,84,23,56,5,8,8,13,,727,0.09,N
STANTON,20509,ASTA,34.16403,-112.73486,3600,8/23/2026,F,79,96,25,44,5,10,9,19,,924,0.01,N
STONE LAKE,290201,XSTO,36.73161,-106.86581,7436,8/23/2026,F,54,89,16,72,1,11,1,16,,856,0.0,N
STRAY HORSE,21106,ASTH,33.55253,-109.31719,7956,8/23/2026,F,62,81,21,45,3,13,8,19,,910,0.0,N
SUNSET POINT,20510,ASUN,34.18847,-112.13467,3380,8/23/2026,F,76,99,22,50,2,11,7,22,,877,0.0,N
TANKS,55522384,ATNK,33.67314,-110.57431,5801,8/23/2026,F,63,90,23,63,3,8,8,18,,874,0.0,N
TAOS PUEBLO RAWS,55522385,XTAP,36.41461,-105.55689,7135,8/23/2026,F,57,89,21,70,1,11,1,16,,908,0.02,N
T BAR,55523738,XTBA,33.51789,-108.52419,8047,8/23/2026,F,54,83,20,62,1,6,1,8,,853,0.0,N
TONTO BASIN,20606,ATON,33.86861,-111.31333,2414,8/23/2026,F,78,104,20,52,1,8,5,19,,852,0.01,N
TOWER,290801,XTOW,35.77899,-106.26611,6529,8/23/2026,F,62,93,17,60,5,13,7,17,,854,0.0,N
TRAIL CABIN,21105,ATRA,33.26478,-109.36789,6250,8/23/2026,F,67,92,15,44,5,8,8,17,,915,0.0,N
TRUCHAS,290210,XTRU,36.059,-105.7695,8353,8/23/2026,F,48,83,20,83,2,9,3,13,,879,0.0,N
TRUXTON CANYON,20120,ATRU,35.78013,-113.79563,5304,8/23/2026,F,74,89,23,40,5,9,8,21,,881,0.03,N
TUSAYAN,20207,ATUS,35.98833,-112.12056,6570,8/23/2026,F,51,85,24,80,0,2,3,9,,810,0.01,N
TWEEDS POINT,20109,ATWE,36.58186,-113.732,5334,8/23/2026,F,77,92,18,29,8,13,15,28,,926,0.0,N
UNION PASS,20116,AUNI,35.23233,-114.38194,3590,8/23/2026,F,82,97,22,37,2,8,6,21,,889,0.0,N
VERDE,20503,AVER,34.54917,-111.84417,3101,8/23/2026,F,70,101,21,73,1,3,5,11,,797,0.0,N
WARM SPRINGS CANYON,20216,AWAR,36.70117,-112.22689,7953,8/23/2026,F,56,79,27,55,5,8,8,13,,594,0.03,N
WASHINGTON PASS,290101,XWAS,36.0765,-108.8615,9384,8/23/2026,F,57,77,28,57,2,7,3,9,,671,0.03,N
WILD RIVERS,290307,XWDR,36.69469,-105.66872,7530,8/23/2026,F,50,86,19,83,2,14,3,19,,934,0.0,N
YELLOW JOHN MOUNTAIN,20217,AYEL,36.155,-113.54944,6160,8/23/2026,F,56,88,23,63,2,5,7,16,,802,0.0,N
ZUNI BUTTES,290603,XZUB,35.13919,-108.94131,6649,8/23/2026,F,58,92,17,70,1,10,1,15,,913,0.0,N
10K,55522198,X10K,35.2085,-106.43586,10065,8/23/2026,F,54,77,23,60,3,8,5,11,,782,0.0,N
AHAKHAV PRESERVE,21503,AAHA,34.13222,-114.32917,363,8/23/2026,F,86,109,23,54,2,8,7,18,,866,0.0,N
ALBINO CANYON,290102,XALB,36.97661,-107.62892,7173,8/23/2026,F,60,90,17,65,1,15,1,21,,886,0.0,N
ALPINE,20401,AALP,33.84272,-109.11161,8207,8/23/2026,F,56,80,26,62,2,5,6,13,,886,0.0,N
BAKERS TANK,55522210,AHBB,32.61528,-114.00836,563,8/23/2026,F,84,106,26,68,3,9,7,19,,927,0.0,N
BARTLEY,291002,XBAR,35.90875,-105.38769,9192,8/23/2026,F,57,79,25,58,2,10,3,15,,773,0.0,N
BATDRAW,293101,XBAD,32.17861,-104.44056,4425,8/23/2026,F,76,101,13,31,5,11,10,21,,950,0.0,N
BEAVERHEAD,292001,XBEA,33.42353,-108.11019,6750,8/23/2026,F,53,90,18,75,2,8,3,11,,922,0.0,N
BELMONT,21504,ABEL,33.67411,-112.92281,1813,8/23/2026,F,82,105,22,59,3,7,8,15,,914,0.0,N
BLACK HILLS,21008,ABLA,33.08203,-109.95119,3262,8/23/2026,F,79,104,13,39,5,8,9,19,,827,0.0,N
BLACK MESA,290305,XBLM,36.03708,-106.04964,5762,8/23/2026,F,60,94,18,67,2,11,3,16,,930,0.0,N
BLACK ROCK,20114,ABRK,36.79436,-113.75056,7224,8/23/2026,F,68,83,22,36,2,5,10,17,,898,0.0,N
BLUEWATER RIDGE,293303,XBLR,35.19411,-108.16336,8274,8/23/2026,F,57,82,25,60,2,8,3,11,,732,0.06,N
BOSQUE,292103,XBOS,33.82064,-106.88169,4523,8/23/2026,F,65,100,13,57,2,11,3,16,,937,0.0,N
BRIGHT ANGEL,20211,ACAN,36.20472,-112.06222,8134,8/23/2026,F,57,80,27,55,2,9,5,14,,815,0.0,N
BRUSHY MOUNTAIN,291301,XBRU,34.72,-107.8484,8789,8/23/2026,F,57,83,22,59,2,14,3,19,,753,0.0,N
BUCKSKIN MTN,20224,ABUC,36.91808,-112.19981,6334,8/23/2026,F,66,86,22,44,2,7,6,18,,764,0.0,N
BURRO MOUNTAIN,292504,XBUR,32.67203,-108.53969,6995,8/23/2026,F,67,92,15,36,5,9,8,18,,804,0.0,N
CANELO,21303,ACNL,31.54972,-110.51917,4629,8/23/2026,F,66,92,27,79,5,9,8,18,,923,0.03,N
CAPROCK,293104,XCAP,32.92728,-103.85689,4167,8/23/2026,F,72,101,12,43,6,15,9,22,1/1/1 17:00 LMT,976,0.0,N
CARR,21411,ACAA,31.44111,-110.28611,5400,8/23/2026,F,68,94,25,71,2,11,7,23,,941,0.0,N
CASA GRANDE,20906,ACSG,32.99177,-111.53264,1412,8/23/2026,F,83,105,23,59,3,9,5,16,,911,0.0,N
CAVE CREEK,55522232,ACAV,34.0899,-111.8465,3477,8/23/2026,F,71,100,20,62,1,7,5,17,,811,0.0,N
CEDAR RIDGE,55523718,ACED,32.59872,-110.76231,4735,8/23/2026,F,73,95,24,60,6,10,9,18,,841,0.0,N
CHERRY,20511,ACHE,34.59661,-112.04761,5147,8/23/2026,F,61,91,26,75,2,5,6,15,,896,0.0,N
CHUPADERA,292102,XCHU,33.77294,-106.0985,5580,8/23/2026,F,66,97,13,47,3,7,5,9,,972,0.0,N
CIBOLA,20121,ACBL,33.28,-114.68489,252,8/23/2026,F,86,110,23,66,3,10,8,21,,913,0.0,N
CIMARRON,290401,XCIM,36.60611,-105.12028,8806,8/23/2026,F,51,81,23,77,2,9,3,13,,654,0.06,N
CIPRIANO,55522238,ARIP,32.4235,-114.16211,1042,8/23/2026,F,85,106,28,66,3,14,7,23,,932,0.0,N
COLUMBINE,21005,ACOL,32.70389,-109.91389,9521,8/23/2026,F,54,75,31,69,2,5,9,15,,646,0.0,N
COSMIC,293004,XCOS,32.77925,-105.81989,9172,8/23/2026,F,61,80,21,37,2,7,7,17,,910,0.0,N
COYOTE,290202,XCOY,36.07333,-106.65739,8704,8/23/2026,F,53,83,23,66,5,11,7,16,,786,0.02,N
CROWN KING,20502,ACRO,34.20336,-112.34561,6173,8/23/2026,F,64,87,30,65,2,5,6,13,,791,0.01,N
CUBA,290705,XCUB,35.942,-107.07739,6890,8/23/2026,F,59,90,16,56,2,9,3,13,,897,0.0,N
DATIL,292012,XDAT,34.29256,-107.768,8431,8/23/2026,F,56,82,24,60,3,9,5,13,,717,0.05,N
DEADMAN PEAK,290203,XDEA,36.4229,-106.772,8389,8/23/2026,F,57,85,15,55,2,11,3,16,,833,0.0,N
DEVILS HILLS,55522251,ADVH,32.42483,-113.79011,836,8/23/2026,F,84,107,26,70,2,10,6,21,,926,0.0,N
DRIPPING SPRINGS,292903,XDRI,32.32225,-106.58661,5814,8/23/2026,F,75,96,12,23,1,6,6,17,,989,0.0,N
DRY LAKE,21009,ADRL,33.35982,-109.83306,7405,8/23/2026,F,64,89,20,47,3,7,8,16,,764,0.0,N
DRY PARK,20212,ADRY,36.45308,-112.23819,8700,8/23/2026,F,54,76,29,59,2,7,5,13,,797,0.01,N
DULCE #2,290205,XDUL,36.93519,-107.00011,6805,8/23/2026,F,51,91,18,86,1,13,1,17,,877,0.0,N
DUNKEN,292302,XDUN,32.82467,-105.18261,5431,8/23/2026,F,69,97,14,34,3,13,5,17,1/3/1 17:00 LMT,895,0.0,N
DUTCH KID,55522257,ADUT,35.12931,-112.28219,6505,8/23/2026,F,55,85,28,78,3,7,6,16,,842,0.0,N
EIGHT MILE DRAW,292301,XEIG,33.65064,-104.32139,3626,8/23/2026,F,71,105,11,41,5,9,7,13,,967,0.0,N
EMPIRE,21205,AEMP,31.78347,-110.64325,4650,8/23/2026,F,67,93,27,81,2,7,6,17,,922,0.0,N
FLAGSTAFF,20209,AFLG,35.14111,-111.6725,6903,8/23/2026,F,52,82,28,80,0,3,5,13,,775,0.01,N
FORT YUMA,20102,AFYM,32.65222,-114.63417,185,8/23/2026,F,86,108,26,70,3,10,7,19,,925,0.0,N
FOUR SPRINGS,20227,AFOU,36.79367,-112.04239,6560,8/23/2026,F,66,83,23,44,2,6,6,14,,653,0.04,N
FRAZIER WELLS,20213,AFRA,35.84551,-113.05501,6796,8/23/2026,F,65,82,27,49,2,8,5,13,,764,0.05,N
FTHL YDMA,55522271,AFTH,32.48658,-114.4635,331,8/23/2026,F,86,108,27,73,6,15,9,22,,931,0.0,N
GILA CENTER RAWS,292011,XGIL,33.22375,-108.24031,5767,8/23/2026,F,56,94,14,72,2,8,3,11,,948,0.0,N
GLOBE,20601,AGLO,33.32694,-110.76694,4137,8/23/2026,F,77,97,22,47,5,8,9,19,,905,0.01,N
GOLDFIELD,21505,AGOL,33.55531,-111.6145,1367,8/23/2026,F,85,108,20,52,1,7,2,13,,870,0.0,N
GOODWIN MESA,20507,AGOO,34.77614,-113.3375,4311,8/23/2026,F,72,96,22,53,2,10,5,14,,895,0.03,N
GRANTS,291302,XGRA,35.24278,-107.66528,8620,8/23/2026,F,54,82,22,67,2,7,3,9,,756,0.0,N
GREENBASE,20284,AGRB,35.27619,-112.06325,6923,8/23/2026,F,51,81,31,86,1,6,5,14,,783,0.04,N
GREER,20404,AGRE,34.05853,-109.44097,8240,8/23/2026,F,56,77,31,60,2,6,5,11,,745,0.0,N
GUNSIGHT,20223,AGUN,36.70464,-112.5835,5284,8/23/2026,F,68,92,19,42,2,7,6,18,,840,0.06,N
GUTHRIE,21104,AGUT,32.88203,-109.30931,6324,8/23/2026,F,71,92,15,35,3,15,9,26,,865,0.0,N
HACHITA VALLEY,292702,XHAC,31.702,-108.34169,4290,8/23/2026,F,69,102,11,49,3,7,5,10,,973,0.0,N
HAPPY JACK,20291,AHJK,34.61797,-111.34239,6812,8/23/2026,F,53,82,31,83,0,3,3,15,,673,0.05,N
HAVASU,20118,AHAV,34.80758,-114.53456,475,8/23/2026,F,86,112,18,52,2,7,6,15,,872,0.0,N
HEADQUARTERS,21409,ACHR,32.00611,-109.35694,5400,8/23/2026,F,67,96,17,57,2,6,6,13,,948,0.02,N
HEBER,20301,AHBR,34.39778,-110.56444,6635,8/23/2026,F,59,84,27,65,1,5,5,15,,849,0.02,N
HILLTOP,20609,AHIL,33.61119,-110.41461,5732,8/23/2026,F,61,92,23,68,2,5,5,14,,917,0.0,N
HOPI,20312,AHPI,35.86292,-110.61495,5579,8/23/2026,F,62,93,17,58,2,10,6,22,,847,0.0,N
HOPKINS,21302,AHPK,31.67528,-110.88,7120,8/23/2026,F,65,84,34,63,5,9,8,14,,877,0.01,N
HORSE CAMP CANYON,20903,AHOR,32.93656,-110.4935,4014,8/23/2026,F,75,98,20,56,3,11,8,24,,876,0.0,N
HUMBUG CREEK,20508,AHUM,34.11,-112.3,5250,8/23/2026,F,73,90,29,50,2,13,6,22,,850,0.0,N
HURRICANE,20117,AHUR,36.69908,-113.20731,5445,8/23/2026,F,67,91,19,45,7,10,11,23,,904,0.0,N
IRON SPRINGS,20501,AIRO,34.59361,-112.51139,5385,8/23/2026,F,63,87,29,68,1,5,3,15,,875,0.08,N
JARITA MESA,290204,XJAR,36.55597,-106.10306,8864,8/23/2026,F,55,83,23,66,2,11,3,16,,714,0.04,N
JEMEZ,290702,XJEM,35.84114,-106.61969,8248,8/23/2026,F,56,86,21,62,3,13,5,17,,677,0.0,N
LAGUNA,293304,XLAG,35.05197,-107.42028,5805,8/23/2026,F,65,94,15,54,2,14,3,19,,912,0.01,N
LAKESIDE,20303,ALAK,34.16283,-109.87639,7267,8/23/2026,F,58,83,29,65,2,5,5,13,,756,0.02,N
LIMESTONE CANYON,20309,ALIM,34.17786,-110.27663,7102,8/23/2026,F,63,88,24,54,2,7,6,11,,921,0.0,N
LINDBERGH HILL,20220,ALBE,36.28556,-112.07861,8800,8/23/2026,F,53,77,30,64,2,7,6,11,,816,0.05,N
LUNA,292004,XLUN,33.82289,-108.94311,7088,8/23/2026,F,53,87,19,75,1,7,1,9,,777,0.01,N
MAGDALENA,292104,XMAG,33.85061,-107.539,8495,8/23/2026,F,57,82,21,53,3,8,5,11,,790,0.0,N
MALPAIS LAVA FLOW,293301,XMAL,34.85181,-108.17461,7514,8/23/2026,F,55,86,21,72,1,13,1,17,,740,0.03,N
MAYHILL,293002,XMAY,32.90947,-105.46981,6599,8/23/2026,F,59,92,15,48,2,5,8,13,1/3/1 17:00 LMT,767,0.0,N
MCGREGGOR RANGE,292901,XMCG,32.43133,-105.62181,4832,8/23/2026,F,68,101,12,38,5,7,6,11,,985,0.0,N
MELROSE RANGE,291901,XMEL,34.28422,-103.71497,4263,8/23/2026,F,72,102,12,41,6,10,8,15,1/5/1 17:00 LMT,948,0.0,N
MESCAL,293003,XMES,33.15803,-105.76881,6227,8/23/2026,F,57,89,18,51,2,7,6,14,,966,0.0,N
MIDNIGHT,55522315,XMID,36.77819,-105.34131,10815,8/23/2026,F,44,74,24,89,2,7,3,9,,929,0.04,N
MILLS CANYON,291101,XMIL,36.05453,-104.32511,5881,8/23/2026,F,58,94,18,78,3,15,5,21,,956,0.0,N
MOGOLLON,292013,XMOG,33.39064,-108.80819,7602,8/23/2026,F,63,89,18,41,2,7,3,9,,852,0.0,N
MOHAWK DUNES,55522318,AMOD,32.68878,-113.74889,524,8/23/2026,F,84,108,25,70,2,8,7,16,,926,0.0,N
MORMON LAKE,20215,AMOL,34.90972,-111.43842,7094,8/23/2026,F,53,82,28,77,1,2,3,11,,689,0.11,N
MOSS BASIN,20115,AMOS,35.03397,-113.89406,5920,8/23/2026,F,67,87,30,55,3,8,7,14,,712,0.1,N
MOUNTAINAIR,291501,XMOU,34.52081,-106.26269,6593,8/23/2026,F,61,92,15,54,2,7,3,9,,793,0.0,N
MOUNTAIN LION,20310,AFAP,33.69511,-109.71078,7269,8/23/2026,F,57,84,24,60,1,2,5,9,,759,0.0,N
MOUNT LOGAN,20107,AMTL,36.35306,-113.19917,7605,8/23/2026,F,64,79,27,43,5,8,10,21,,875,0.04,N
MULESHOE RANCH,21007,AMUL,32.40383,-110.272,4475,8/23/2026,F,70,96,22,66,2,9,7,21,,868,0.0,N
MUSIC MOUNTAIN,20119,AMUS,35.61497,-113.79428,5375,8/23/2026,F,70,92,22,46,7,10,11,18,,907,0.0,N
NAVAJO MONUMENT,20307,ANAV,36.67667,-110.54389,7204,8/23/2026,F,60,85,22,56,2,7,6,10,,735,0.03,N
NEVERSHINE,55522326,ANEV,36.24753,-113.88851,2165,8/23/2026,F,85,104,15,28,6,10,9,14,1/1/1 17:00 LMT,905,0.0,N
NIXON FLATS,20113,ANIX,36.38833,-113.15806,6500,8/23/2026,F,61,84,24,54,1,6,3,16,,876,0.02,N
NOON CREEK,21010,ANOO,32.66778,-109.78806,4925,8/23/2026,F,70,99,14,44,5,11,9,21,,839,0.0,N
OAK CREEK,20219,AOAK,34.94686,-111.75444,4804,8/23/2026,F,65,95,21,57,1,5,7,13,,834,0.0,N
OAK FLATS,291402,XOAK,35.00614,-106.31583,7675,8/23/2026,F,59,89,18,60,2,7,3,9,,811,0.0,N
OATMAN,21502,AOAT,33.04994,-113.13867,1715,8/23/2026,F,85,107,23,63,3,11,7,17,,831,0.0,N
OLAF KNOLLS,20108,AOLA,36.50725,-113.81589,2974,8/23/2026,F,82,103,14,27,5,10,11,22,,922,0.0,N
PADUCA,293202,XPAD,32.17983,-103.722,3534,8/23/2026,F,74,102,15,45,7,15,10,24,,970,0.0,N
PARIA POINT,20226,APAR,36.72753,-111.822,7106,8/23/2026,F,64,84,23,45,2,5,6,16,,731,0.06,N
PAYSON,20602,APAY,34.24614,-111.2935,5064,8/23/2026,F,64,92,25,68,0,7,2,14,,825,0.0,N
PECOS,291202,XPEC,35.54558,-105.49439,8229,8/23/2026,F,61,85,22,50,3,8,5,11,,606,0.0,N
PELONA MOUNTAIN,292009,XPEL,33.69375,-108.06161,7955,8/23/2026,F,59,84,18,54,3,9,5,13,,835,0.0,N
PICACHO PEAK,55522341,APIC,32.66314,-111.42154,1750,8/23/2026,F,80,101,24,63,2,8,5,14,,898,0.0,N
PINE,20612,APNE,34.37181,-111.4555,5313,8/23/2026,F,62,92,26,65,2,7,5,13,,823,0.0,N
PINEDALE,55522344,APND,34.30617,-110.23661,6461,8/23/2026,F,62,86,24,60,2,6,5,14,,873,0.02,N
PINEY HILL,20402,APIN,35.76111,-109.16719,8061,8/23/2026,F,58,79,26,60,2,5,6,13,,759,0.06,N
PLEASANT VALLEY,20603,APLE,34.08858,-110.94225,5232,8/23/2026,F,63,93,22,66,1,5,3,14,,839,0.0,N
PROMONTORY,20221,APRO,34.36528,-111.01444,7842,8/23/2026,F,59,79,35,58,1,3,6,10,,764,0.0,N
QUEEN,293105,XQUN,32.20361,-104.69031,5642,8/23/2026,F,70,96,13,34,6,8,14,17,1/6/1 17:00 LMT,973,0.0,N
RAMAH,293305,XRAM,34.81947,-108.29439,7645,8/23/2026,F,55,86,21,72,1,11,1,16,,734,0.0,N
RED CANYON,55523735,XRDC,34.62289,-106.40831,8070,8/23/2026,F,59,80,19,46,5,7,7,9,,818,0.0,N
RED LAKE,20610,ARED,34.18133,-110.78919,6524,8/23/2026,F,57,87,28,78,0,3,3,11,,813,0.0,N
RESERVE,292005,XRES,33.71489,-108.777,5846,8/23/2026,F,58,93,15,67,1,7,1,9,,938,0.0,N
RINCON,21207,ARIN,32.20639,-110.54861,8209,8/23/2026,F,60,76,38,67,5,9,8,15,,867,0.03,N
RUCKER,21414,ARUC,31.76111,-109.34861,5700,8/23/2026,F,62,91,15,65,2,5,6,15,,952,0.0,N
SAGUARO,21202,ASAG,32.31111,-110.81861,2758,8/23/2026,F,78,104,22,65,2,7,5,17,,848,0.01,N
SAN ANDRES,292904,XSAA,32.58008,-106.52719,6137,8/23/2026,F,70,94,13,28,1,5,5,15,,987,0.0,N
SAN CARLOS #1,20608,ASCA,33.37165,-110.45683,2830,8/23/2026,F,77,106,15,47,2,9,6,19,,867,0.0,N
SANDIA LAB,291408,XSLB,35.00406,-106.41148,6321,8/23/2026,F,64,91,19,56,2,8,3,11,,837,0.0,N
SANDIA LAKES,290706,XSLK,35.22967,-106.59061,5027,8/23/2026,F,65,99,16,63,2,10,3,15,,854,0.0,N
SANTA FE WATERSHED,290901,XSFW,35.68686,-105.86031,7749,8/23/2026,F,55,86,19,67,3,9,5,13,,879,0.0,N
SASABE,21206,ASAS,31.69169,-111.44811,3500,8/23/2026,F,71,99,26,91,2,8,6,18,,914,0.04,N
SCOUT CAMP,21208,ASOL,32.39806,-110.725,7554,8/23/2026,F,63,82,36,68,3,9,9,16,,760,0.03,N
SELLS,21209,ASES,31.91014,-111.89743,2262,8/23/2026,F,78,102,26,77,2,7,6,16,,919,0.02,N
SEVILLETA,292105,XSEV,34.35844,-106.6895,5246,8/23/2026,F,67,97,14,53,2,7,3,9,,915,0.0,N
SHADOW RIM,20611,ASHA,34.40586,-111.28319,5660,8/23/2026,F,62,93,24,65,0,5,3,11,,771,0.02,N
SLAUGHTER,292008,XSLA,34.06056,-108.44472,8680,8/23/2026,F,56,81,25,60,2,7,3,9,,809,0.01,N
SMITH PEAK,21501,ASMI,34.11486,-113.34733,2386,8/23/2026,F,85,103,22,42,3,6,8,17,,913,0.0,N
SMOKEY BEAR,292203,XSMO,33.35019,-105.686,7194,8/23/2026,F,52,90,19,66,3,8,5,11,,843,0.0,N
SOWATS,55523737,ASOW,36.48242,-112.42281,7038,8/23/2026,F,59,84,23,56,5,8,8,13,,727,0.09,N
STANTON,20509,ASTA,34.16403,-112.73486,3600,8/23/2026,F,79,96,25,44,5,10,9,19,,924,0.01,N
STONE LAKE,290201,XSTO,36.73161,-106.86581,7436,8/23/2026,F,54,89,16,72,1,11,1,16,,856,0.0,N
STRAY HORSE,21106,ASTH,33.55253,-109.31719,7956,8/23/2026,F,62,81,21,45,3,13,8,19,,910,0.0,N
SUNSET POINT,20510,ASUN,34.18847,-112.13467,3380,8/23/2026,F,76,99,22,50,2,11,7,22,,877,0.0,N
TANKS,55522384,ATNK,33.67314,-110.57431,5801,8/23/2026,F,63,90,23,63,3,8,8,18,,874,0.0,N
TAOS PUEBLO RAWS,55522385,XTAP,36.41461,-105.55689,7135,8/23/2026,F,57,89,21,70,1,11,1,16,,908,0.02,N
T BAR,55523738,XTBA,33.51789,-108.52419,8047,8/23/2026,F,54,83,20,62,1,6,1,8,,853,0.0,N
TONTO BASIN,20606,ATON,33.86861,-111.31333,2414,8/23/2026,F,78,104,20,52,1,8,5,19,,852,0.01,N
TOWER,290801,XTOW,35.77899,-106.26611,6529,8/23/2026,F,62,93,17,60,5,13,7,17,,854,0.0,N
TRAIL CABIN,21105,ATRA,33.26478,-109.36789,6250,8/23/2026,F,67,92,15,44,5,8,8,17,,915,0.0,N
TRUCHAS,290210,XTRU,36.059,-105.7695,8353,8/23/2026,F,48,83,20,83,2,9,3,13,,879,0.0,N
TRUXTON CANYON,20120,ATRU,35.78013,-113.79563,5304,8/23/2026,F,74,89,23,40,5,9,8,21,,881,0.03,N
TUSAYAN,20207,ATUS,35.98833,-112.12056,6570,8/23/2026,F,51,85,24,80,0,2,3,9,,810,0.01,N
TWEEDS POINT,20109,ATWE,36.58186,-113.732,5334,8/23/2026,F,77,92,18,29,8,13,15,28,,926,0.0,N
UNION PASS,20116,AUNI,35.23233,-114.38194,3590,8/23/2026,F,82,97,22,37,2,8,6,21,,889,0.0,N
VERDE,20503,AVER,34.54917,-111.84417,3101,8/23/2026,F,70,101,21,73,1,3,5,11,,797,0.0,N
WARM SPRINGS CANYON,20216,AWAR,36.70117,-112.22689,7953,8/23/2026,F,56,79,27,55,5,8,8,13,,594,0.03,N
WASHINGTON PASS,290101,XWAS,36.0765,-108.8615,9384,8/23/2026,F,57,77,28,57,2,7,3,9,,671,0.03,N
WILD RIVERS,290307,XWDR,36.69469,-105.66872,7530,8/23/2026,F,50,86,19,83,2,14,3,19,,934,0.0,N
YELLOW JOHN MOUNTAIN,20217,AYEL,36.155,-113.54944,6160,8/23/2026,F,56,88,23,63,2,5,7,16,,802,0.0,N
ZUNI BUTTES,290603,XZUB,35.13919,-108.94131,6649,8/23/2026,F,58,92,17,70,1,10,1,15,,913,0.0,N
10K,55522198,X10K,35.2085,-106.43586,10065,8/23/2026,F,54,77,23,60,3,8,5,11,,782,0.0,N
AHAKHAV PRESERVE,21503,AAHA,34.13222,-114.32917,363,8/23/2026,F,86,109,23,54,2,8,7,18,,866,0.0,N
ALBINO CANYON,290102,XALB,36.97661,-107.62892,7173,8/23/2026,F,60,90,17,65,1,15,1,21,,886,0.0,N
ALPINE,20401,AALP,33.84272,-109.11161,8207,8/23/2026,F,56,80,26,62,2,5,6,13,,886,0.0,N
BAKERS TANK,55522210,AHBB,32.61528,-114.00836,563,8/23/2026,F,84,106,26,68,3,9,7,19,,927,0.0,N
BARTLEY,291002,XBAR,35.90875,-105.38769,9192,8/23/2026,F,57,79,25,58,2,10,3,15,,773,0.0,N
BATDRAW,293101,XBAD,32.17861,-104.44056,4425,8/23/2026,F,76,101,13,31,5,11,10,21,,950,0.0,N
BEAVERHEAD,292001,XBEA,33.42353,-108.11019,6750,8/23/2026,F,53,90,18,75,2,8,3,11,,922,0.0,N
BELMONT,21504,ABEL,33.67411,-112.92281,1813,8/23/2026,F,82,105,22,59,3,7,8,15,,914,0.0,N
BLACK HILLS,21008,ABLA,33.08203,-109.95119,3262,8/23/2026,F,79,104,13,39,5,8,9,19,,827,0.0,N
BLACK MESA,290305,XBLM,36.03708,-106.04964,5762,8/23/2026,F,60,94,18,67,2,11,3,16,,930,0.0,N
BLACK ROCK,20114,ABRK,36.79436,-113.75056,7224,8/23/2026,F,68,83,22,36,2,5,10,17,,898,0.0,N
BLUEWATER RIDGE,293303,XBLR,35.19411,-108.16336,8274,8/23/2026,F,57,82,25,60,2,8,3,11,,732,0.06,N
BOSQUE,292103,XBOS,33.82064,-106.88169,4523,8/23/2026,F,65,100,13,57,2,11,3,16,,937,0.0,N
BRIGHT ANGEL,20211,ACAN,36.20472,-112.06222,8134,8/23/2026,F,57,80,27,55,2,9,5,14,,815,0.0,N
BRUSHY MOUNTAIN,291301,XBRU,34.72,-107.8484,8789,8/23/2026,F,57,83,22,59,2,14,3,19,,753,0.0,N
BUCKSKIN MTN,20224,ABUC,36.91808,-112.19981,6334,8/23/2026,F,66,86,22,44,2,7,6,18,,764,0.0,N
BURRO MOUNTAIN,292504,XBUR,32.67203,-108.53969,6995,8/23/2026,F,67,92,15,36,5,9,8,18,,804,0.0,N
CANELO,21303,ACNL,31.54972,-110.51917,4629,8/23/2026,F,66,92,27,79,5,9,8,18,,923,0.03,N
CAPROCK,293104,XCAP,32.92728,-103.85689,4167,8/23/2026,F,72,101,12,43,6,15,9,22,1/1/1 17:00 LMT,976,0.0,N
CARR,21411,ACAA,31.44111,-110.28611,5400,8/23/2026,F,68,94,25,71,2,11,7,23,,941,0.0,N
CASA GRANDE,20906,ACSG,32.99177,-111.53264,1412,8/23/2026,F,83,105,23,59,3,9,5,16,,911,0.0,N
CAVE CREEK,55522232,ACAV,34.0899,-111.8465,3477,8/23/2026,F,71,100,20,62,1,7,5,17,,811,0.0,N
CEDAR RIDGE,55523718,ACED,32.59872,-110.76231,4735,8/23/2026,F,73,95,24,60,6,10,9,18,,841,0.0,N
CHERRY,20511,ACHE,34.59661,-112.04761,5147,8/23/2026,F,61,91,26,75,2,5,6,15,,896,0.0,N
CHUPADERA,292102,XCHU,33.77294,-106.0985,5580,8/23/2026,F,66,97,13,47,3,7,5,9,,972,0.0,N
CIBOLA,20121,ACBL,33.28,-114.68489,252,8/23/2026,F,86,110,23,66,3,10,8,21,,913,0.0,N
CIMARRON,290401,XCIM,36.60611,-105.12028,8806,8/23/2026,F,51,81,23,77,2,9,3,13,,654,0.06,N
CIPRIANO,55522238,ARIP,32.4235,-114.16211,1042,8/23/2026,F,85,106,28,66,3,14,7,23,,932,0.0,N
COLUMBINE,21005,ACOL,32.70389,-109.91389,9521,8/23/2026,F,54,75,31,69,2,5,9,15,,646,0.0,N
COSMIC,293004,XCOS,32.77925,-105.81989,9172,8/23/2026,F,61,80,21,37,2,7,7,17,,910,0.0,N
COYOTE,290202,XCOY,36.07333,-106.65739,8704,8/23/2026,F,53,83,23,66,5,11,7,16,,786,0.02,N
CROWN KING,20502,ACRO,34.20336,-112.34561,6173,8/23/2026,F,64,87,30,65,2,5,6,13,,791,0.01,N
CUBA,290705,XCUB,35.942,-107.07739,6890,8/23/2026,F,59,90,16,56,2,9,3,13,,897,0.0,N
DATIL,292012,XDAT,34.29256,-107.768,8431,8/23/2026,F,56,82,24,60,3,9,5,13,,717,0.05,N
DEADMAN PEAK,290203,XDEA,36.4229,-106.772,8389,8/23/2026,F,57,85,15,55,2,11,3,16,,833,0.0,N
DEVILS HILLS,55522251,ADVH,32.42483,-113.79011,836,8/23/2026,F,84,107,26,70,2,10,6,21,,926,0.0,N
DRIPPING SPRINGS,292903,XDRI,32.32225,-106.58661,5814,8/23/2026,F,75,96,12,23,1,6,6,17,,989,0.0,N
DRY LAKE,21009,ADRL,33.35982,-109.83306,7405,8/23/2026,F,64,89,20,47,3,7,8,16,,764,0.0,N
DRY PARK,20212,ADRY,36.45308,-112.23819,8700,8/23/2026,F,54,76,29,59,2,7,5,13,,797,0.01,N
DULCE #2,290205,XDUL,36.93519,-107.00011,6805,8/23/2026,F,51,91,18,86,1,13,1,17,,877,0.0,N
DUNKEN,292302,XDUN,32.82467,-105.18261,5431,8/23/2026,F,69,97,14,34,3,13,5,17,1/3/1 17:00 LMT,895,0.0,N
DUTCH KID,55522257,ADUT,35.12931,-112.28219,6505,8/23/2026,F,55,85,28,78,3,7,6,16,,842,0.0,N
EIGHT MILE DRAW,292301,XEIG,33.65064,-104.32139,3626,8/23/2026,F,71,105,11,41,5,9,7,13,,967,0.0,N
EMPIRE,21205,AEMP,31.78347,-110.64325,4650,8/23/2026,F,67,93,27,81,2,7,6,17,,922,0.0,N
FLAGSTAFF,20209,AFLG,35.14111,-111.6725,6903,8/23/2026,F,52,82,28,80,0,3,5,13,,775,0.01,N
FORT YUMA,20102,AFYM,32.65222,-114.63417,185,8/23/2026,F,86,108,26,70,3,10,7,19,,925,0.0,N
FOUR SPRINGS,20227,AFOU,36.79367,-112.04239,6560,8/23/2026,F,66,83,23,44,2,6,6,14,,653,0.04,N
FRAZIER WELLS,20213,AFRA,35.84551,-113.05501,6796,8/23/2026,F,65,82,27,49,2,8,5,13,,764,0.05,N
FTHL YDMA,55522271,AFTH,32.48658,-114.4635,331,8/23/2026,F,86,108,27,73,6,15,9,22,,931,0.0,N
GILA CENTER RAWS,292011,XGIL,33.22375,-108.24031,5767,8/23/2026,F,56,94,14,72,2,8,3,11,,948,0.0,N
GLOBE,20601,AGLO,33.32694,-110.76694,4137,8/23/2026,F,77,97,22,47,5,8,9,19,,905,0.01,N
GOLDFIELD,21505,AGOL,33.55531,-111.6145,1367,8/23/2026,F,85,108,20,52,1,7,2,13,,870,0.0,N
GOODWIN MESA,20507,AGOO,34.77614,-113.3375,4311,8/23/2026,F,72,96,22,53,2,10,5,14,,895,0.03,N
GRANTS,291302,XGRA,35.24278,-107.66528,8620,8/23/2026,F,54,82,22,67,2,7,3,9,,756,0.0,N
GREENBASE,20284,AGRB,35.27619,-112.06325,6923,8/23/2026,F,51,81,31,86,1,6,5,14,,783,0.04,N
GREER,20404,AGRE,34.05853,-109.44097,8240,8/23/2026,F,56,77,31,60,2,6,5,11,,745,0.0,N
GUNSIGHT,20223,AGUN,36.70464,-112.5835,5284,8/23/2026,F,68,92,19,42,2,7,6,18,,840,0.06,N
GUTHRIE,21104,AGUT,32.88203,-109.30931,6324,8/23/2026,F,71,92,15,35,3,15,9,26,,865,0.0,N
HACHITA VALLEY,292702,XHAC,31.702,-108.34169,4290,8/23/2026,F,69,102,11,49,3,7,5,10,,973,0.0,N
HAPPY JACK,20291,AHJK,34.61797,-111.34239,6812,8/23/2026,F,53,82,31,83,0,3,3,15,,673,0.05,N
HAVASU,20118,AHAV,34.80758,-114.53456,475,8/23/2026,F,86,112,18,52,2,7,6,15,,872,0.0,N
HEADQUARTERS,21409,ACHR,32.00611,-109.35694,5400,8/23/2026,F,67,96,17,57,2,6,6,13,,948,0.02,N
HEBER,20301,AHBR,34.39778,-110.56444,6635,8/23/2026,F,59,84,27,65,1,5,5,15,,849,0.02,N
HILLTOP,20609,AHIL,33.61119,-110.41461,5732,8/23/2026,F,61,92,23,68,2,5,5,14,,917,0.0,N
HOPI,20312,AHPI,35.86292,-110.61495,5579,8/23/2026,F,62,93,17,58,2,10,6,22,,847,0.0,N
HOPKINS,21302,AHPK,31.67528,-110.88,7120,8/23/2026,F,65,84,34,63,5,9,8,14,,877,0.01,N
HORSE CAMP CANYON,20903,AHOR,32.93656,-110.4935,4014,8/23/2026,F,75,98,20,56,3,11,8,24,,876,0.0,N
HUMBUG CREEK,20508,AHUM,34.11,-112.3,5250,8/23/2026,F,73,90,29,50,2,13,6,22,,850,0.0,N
HURRICANE,20117,AHUR,36.69908,-113.20731,5445,8/23/2026,F,67,91,19,45,7,10,11,23,,904,0.0,N
IRON SPRINGS,20501,AIRO,34.59361,-112.51139,5385,8/23/2026,F,63,87,29,68,1,5,3,15,,875,0.08,N
JARITA MESA,290204,XJAR,36.55597,-106.10306,8864,8/23/2026,F,55,83,23,66,2,11,3,16,,714,0.04,N
JEMEZ,290702,XJEM,35.84114,-106.61969,8248,8/23/2026,F,56,86,21,62,3,13,5,17,,677,0.0,N
LAGUNA,293304,XLAG,35.05197,-107.42028,5805,8/23/2026,F,65,94,15,54,2,14,3,19,,912,0.01,N
LAKESIDE,20303,ALAK,34.16283,-109.87639,7267,8/23/2026,F,58,83,29,65,2,5,5,13,,756,0.02,N
LIMESTONE CANYON,20309,ALIM,34.17786,-110.27663,7102,8/23/2026,F,63,88,24,54,2,7,6,11,,921,0.0,N
LINDBERGH HILL,20220,ALBE,36.28556,-112.07861,8800,8/23/2026,F,53,77,30,64,2,7,6,11,,816,0.05,N
LUNA,292004,XLUN,33.82289,-108.94311,7088,8/23/2026,F,53,87,19,75,1,7,1,9,,777,0.01,N
MAGDALENA,292104,XMAG,33.85061,-107.539,8495,8/23/2026,F,57,82,21,53,3,8,5,11,,790,0.0,N
MALPAIS LAVA FLOW,293301,XMAL,34.85181,-108.17461,7514,8/23/2026,F,55,86,21,72,1,13,1,17,,740,0.03,N
MAYHILL,293002,XMAY,32.90947,-105.46981,6599,8/23/2026,F,59,92,15,48,2,5,8,13,1/3/1 17:00 LMT,767,0.0,N
MCGREGGOR RANGE,292901,XMCG,32.43133,-105.62181,4832,8/23/2026,F,68,101,12,38,5,7,6,11,,985,0.0,N
MELROSE RANGE,291901,XMEL,34.28422,-103.71497,4263,8/23/2026,F,72,102,12,41,6,10,8,15,1/5/1 17:00 LMT,948,0.0,N
MESCAL,293003,XMES,33.15803,-105.76881,6227,8/23/2026,F,57,89,18,51,2,7,6,14,,966,0.0,N
MIDNIGHT,55522315,XMID,36.77819,-105.34131,10815,8/23/2026,F,44,74,24,89,2,7,3,9,,929,0.04,N
MILLS CANYON,291101,XMIL,36.05453,-104.32511,5881,8/23/2026,F,58,94,18,78,3,15,5,21,,956,0.0,N
MOGOLLON,292013,XMOG,33.39064,-108.80819,7602,8/23/2026,F,63,89,18,41,2,7,3,9,,852,0.0,N
MOHAWK DUNES,55522318,AMOD,32.68878,-113.74889,524,8/23/2026,F,84,108,25,70,2,8,7,16,,926,0.0,N
MORMON LAKE,20215,AMOL,34.90972,-111.43842,7094,8/23/2026,F,53,82,28,77,1,2,3,11,,689,0.11,N
MOSS BASIN,20115,AMOS,35.03397,-113.89406,5920,8/23/2026,F,67,87,30,55,3,8,7,14,,712,0.1,N
MOUNTAINAIR,291501,XMOU,34.52081,-106.26269,6593,8/23/2026,F,61,92,15,54,2,7,3,9,,793,0.0,N
MOUNTAIN LION,20310,AFAP,33.69511,-109.71078,7269,8/23/2026,F,57,84,24,60,1,2,5,9,,759,0.0,N
MOUNT LOGAN,20107,AMTL,36.35306,-113.19917,7605,8/23/2026,F,64,79,27,43,5,8,10,21,,875,0.04,N
MULESHOE RANCH,21007,AMUL,32.40383,-110.272,4475,8/23/2026,F,70,96,22,66,2,9,7,21,,868,0.0,N
MUSIC MOUNTAIN,20119,AMUS,35.61497,-113.79428,5375,8/23/2026,F,70,92,22,46,7,10,11,18,,907,0.0,N
NAVAJO MONUMENT,20307,ANAV,36.67667,-110.54389,7204,8/23/2026,F,60,85,22,56,2,7,6,10,,735,0.03,N
NEVERSHINE,55522326,ANEV,36.24753,-113.88851,2165,8/23/2026,F,85,104,15,28,6,10,9,14,1/1/1 17:00 LMT,905,0.0,N
NIXON FLATS,20113,ANIX,36.38833,-113.15806,6500,8/23/2026,F,61,84,24,54,1,6,3,16,,876,0.02,N
NOON CREEK,21010,ANOO,32.66778,-109.78806,4925,8/23/2026,F,70,99,14,44,5,11,9,21,,839,0.0,N
OAK CREEK,20219,AOAK,34.94686,-111.75444,4804,8/23/2026,F,65,95,21,57,1,5,7,13,,834,0.0,N
OAK FLATS,291402,XOAK,35.00614,-106.31583,7675,8/23/2026,F,59,89,18,60,2,7,3,9,,811,0.0,N
OATMAN,21502,AOAT,33.04994,-113.13867,1715,8/23/2026,F,85,107,23,63,3,11,7,17,,831,0.0,N
OLAF KNOLLS,20108,AOLA,36.50725,-113.81589,2974,8/23/2026,F,82,103,14,27,5,10,11,22,,922,0.0,N
PADUCA,293202,XPAD,32.17983,-103.722,3534,8/23/2026,F,74,102,15,45,7,15,10,24,,970,0.0,N
PARIA POINT,20226,APAR,36.72753,-111.822,7106,8/23/2026,F,64,84,23,45,2,5,6,16,,731,0.06,N
PAYSON,20602,APAY,34.24614,-111.2935,5064,8/23/2026,F,64,92,25,68,0,7,2,14,,825,0.0,N
PECOS,291202,XPEC,35.54558,-105.49439,8229,8/23/2026,F,61,85,22,50,3,8,5,11,,606,0.0,N
PELONA MOUNTAIN,292009,XPEL,33.69375,-108.06161,7955,8/23/2026,F,59,84,18,54,3,9,5,13,,835,0.0,N
PICACHO PEAK,55522341,APIC,32.66314,-111.42154,1750,8/23/2026,F,80,101,24,63,2,8,5,14,,898,0.0,N
PINE,20612,APNE,34.37181,-111.4555,5313,8/23/2026,F,62,92,26,65,2,7,5,13,,823,0.0,N
PINEDALE,55522344,APND,34.30617,-110.23661,6461,8/23/2026,F,62,86,24,60,2,6,5,14,,873,0.02,N
PINEY HILL,20402,APIN,35.76111,-109.16719,8061,8/23/2026,F,58,79,26,60,2,5,6,13,,759,0.06,N
PLEASANT VALLEY,20603,APLE,34.08858,-110.94225,5232,8/23/2026,F,63,93,22,66,1,5,3,14,,839,0.0,N
PROMONTORY,20221,APRO,34.36528,-111.01444,7842,8/23/2026,F,59,79,35,58,1,3,6,10,,764,0.0,N
QUEEN,293105,XQUN,32.20361,-104.69031,5642,8/23/2026,F,70,96,13,34,6,8,14,17,1/6/1 17:00 LMT,973,0.0,N
RAMAH,293305,XRAM,34.81947,-108.29439,7645,8/23/2026,F,55,86,21,72,1,11,1,16,,734,0.0,N
RED CANYON,55523735,XRDC,34.62289,-106.40831,8070,8/23/2026,F,59,80,19,46,5,7,7,9,,818,0.0,N
RED LAKE,20610,ARED,34.18133,-110.78919,6524,8/23/2026,F,57,87,28,78,0,3,3,11,,813,0.0,N
RESERVE,292005,XRES,33.71489,-108.777,5846,8/23/2026,F,58,93,15,67,1,7,1,9,,938,0.0,N
RINCON,21207,ARIN,32.20639,-110.54861,8209,8/23/2026,F,60,76,38,67,5,9,8,15,,867,0.03,N
RUCKER,21414,ARUC,31.76111,-109.34861,5700,8/23/2026,F,62,91,15,65,2,5,6,15,,952,0.0,N
SAGUARO,21202,ASAG,32.31111,-110.81861,2758,8/23/2026,F,78,104,22,65,2,7,5,17,,848,0.01,N
SAN ANDRES,292904,XSAA,32.58008,-106.52719,6137,8/23/2026,F,70,94,13,28,1,5,5,15,,987,0.0,N
SAN CARLOS #1,20608,ASCA,33.37165,-110.45683,2830,8/23/2026,F,77,106,15,47,2,9,6,19,,867,0.0,N
SANDIA LAB,291408,XSLB,35.00406,-106.41148,6321,8/23/2026,F,64,91,19,56,2,8,3,11,,837,0.0,N
SANDIA LAKES,290706,XSLK,35.22967,-106.59061,5027,8/23/2026,F,65,99,16,63,2,10,3,15,,854,0.0,N
SANTA FE WATERSHED,290901,XSFW,35.68686,-105.86031,7749,8/23/2026,F,55,86,19,67,3,9,5,13,,879,0.0,N
SASABE,21206,ASAS,31.69169,-111.44811,3500,8/23/2026,F,71,99,26,91,2,8,6,18,,914,0.04,N
SCOUT CAMP,21208,ASOL,32.39806,-110.725,7554,8/23/2026,F,63,82,36,68,3,9,9,16,,760,0.03,N
SELLS,21209,ASES,31.91014,-111.89743,2262,8/23/2026,F,78,102,26,77,2,7,6,16,,919,0.02,N
SEVILLETA,292105,XSEV,34.35844,-106.6895,5246,8/23/2026,F,67,97,14,53,2,7,3,9,,915,0.0,N
SHADOW RIM,20611,ASHA,34.40586,-111.28319,5660,8/23/2026,F,62,93,24,65,0,5,3,11,,771,0.02,N
SLAUGHTER,292008,XSLA,34.06056,-108.44472,8680,8/23/2026,F,56,81,25,60,2,7,3,9,,809,0.01,N
SMITH PEAK,21501,ASMI,34.11486,-113.34733,2386,8/23/2026,F,85,103,22,42,3,6,8,17,,913,0.0,N
SMOKEY BEAR,292203,XSMO,33.35019,-105.686,7194,8/23/2026,F,52,90,19,66,3,8,5,11,,843,0.0,N
SOWATS,55523737,ASOW,36.48242,-112.42281,7038,8/23/2026,F,59,84,23,56,5,8,8,13,,727,0.09,N
STANTON,20509,ASTA,34.16403,-112.73486,3600,8/23/2026,F,79,96,25,44,5,10,9,19,,924,0.01,N
STONE LAKE,290201,XSTO,36.73161,-106.86581,7436,8/23/2026,F,54,89,16,72,1,11,1,16,,856,0.0,N
STRAY HORSE,21106,ASTH,33.55253,-109.31719,7956,8/23/2026,F,62,81,21,45,3,13,8,19,,910,0.0,N
SUNSET POINT,20510,ASUN,34.18847,-112.13467,3380,8/23/2026,F,76,99,22,50,2,11,7,22,,877,0.0,N
TANKS,55522384,ATNK,33.67314,-110.57431,5801,8/23/2026,F,63,90,23,63,3,8,8,18,,874,0.0,N
TAOS PUEBLO RAWS,55522385,XTAP,36.41461,-105.55689,7135,8/23/2026,F,57,89,21,70,1,11,1,16,,908,0.02,N
T BAR,55523738,XTBA,33.51789,-108.52419,8047,8/23/2026,F,54,83,20,62,1,6,1,8,,853,0.0,N
TONTO BASIN,20606,ATON,33.86861,-111.31333,2414,8/23/2026,F,78,104,20,52,1,8,5,19,,852,0.01,N
TOWER,290801,XTOW,35.77899,-106.26611,6529,8/23/2026,F,62,93,17,60,5,13,7,17,,854,0.0,N
TRAIL CABIN,21105,ATRA,33.26478,-109.36789,6250,8/23/2026,F,67,92,15,44,5,8,8,17,,915,0.0,N
TRUCHAS,290210,XTRU,36.059,-105.7695,8353,8/23/2026,F,48,83,20,83,2,9,3,13,,879,0.0,N
TRUXTON CANYON,20120,ATRU,35.78013,-113.79563,5304,8/23/2026,F,74,89,23,40,5,9,8,21,,881,0.03,N
TUSAYAN,20207,ATUS,35.98833,-112.12056,6570,8/23/2026,F,51,85,24,80,0,2,3,9,,810,0.01,N
TWEEDS POINT,20109,ATWE,36.58186,-113.732,5334,8/23/2026,F,77,92,18,29,8,13,15,28,,926,0.0,N
UNION PASS,20116,AUNI,35.23233,-114.38194,3590,8/23/2026,F,82,97,22,37,2,8,6,21,,889,0.0,N
VERDE,20503,AVER,34.54917,-111.84417,3101,8/23/2026,F,70,101,21,73,1,3,5,11,,797,0.0,N
WARM SPRINGS CANYON,20216,AWAR,36.70117,-112.22689,7953,8/23/2026,F,56,79,27,55,5,8,8,13,,594,0.03,N
WASHINGTON PASS,290101,XWAS,36.0765,-108.8615,9384,8/23/2026,F,57,77,28,57,2,7,3,9,,671,0.03,N
WILD RIVERS,290307,XWDR,36.69469,-105.66872,7530,8/23/2026,F,50,86,19,83,2,14,3,19,,934,0.0,N
YELLOW JOHN MOUNTAIN,20217,AYEL,36.155,-113.54944,6160,8/23/2026,F,56,88,23,63,2,5,7,16,,802,0.0,N
ZUNI BUTTES,290603,XZUB,35.13919,-108.94131,6649,8/23/2026,F,58,92,17,70,1,10,1,15,,913,0.0,N
10K,55522198,X10K,35.2085,-106.43586,10065,8/23/2026,F,54,77,23,60,3,8,5,11,,782,0.0,N
AHAKHAV PRESERVE,21503,AAHA,34.13222,-114.32917,363,8/23/2026,F,86,109,23,54,2,8,7,18,,866,0.0,N
ALBINO CANYON,290102,XALB,36.97661,-107.62892,7173,8/23/2026,F,60,90,17,65,1,15,1,21,,886,0.0,N
ALPINE,20401,AALP,33.84272,-109.11161,8207,8/23/2026,F,56,80,26,62,2,5,6,13,,886,0.0,N
BAKERS TANK,55522210,AHBB,32.61528,-114.00836,563,8/23/2026,F,84,106,26,68,3,9,7,19,,927,0.0,N
BARTLEY,291002,XBAR,35.90875,-105.38769,9192,8/23/2026,F,57,79,25,58,2,10,3,15,,773,0.0,N
BATDRAW,293101,XBAD,32.17861,-104.44056,4425,8/23/2026,F,76,101,13,31,5,11,10,21,,950,0.0,N
BEAVERHEAD,292001,XBEA,33.42353,-108.11019,6750,8/23/2026,F,53,90,18,75,2,8,3,11,,922,0.0,N
BELMONT,21504,ABEL,33.67411,-112.92281,1813,8/23/2026,F,82,105,22,59,3,7,8,15,,914,0.0,N
BLACK HILLS,21008,ABLA,33.08203,-109.95119,3262,8/23/2026,F,79,104,13,39,5,8,9,19,,827,0.0,N
BLACK MESA,290305,XBLM,36.03708,-106.04964,5762,8/23/2026,F,60,94,18,67,2,11,3,16,,930,0.0,N
BLACK ROCK,20114,ABRK,36.79436,-113.75056,7224,8/23/2026,F,68,83,22,36,2,5,10,17,,898,0.0,N
BLUEWATER RIDGE,293303,XBLR,35.19411,-108.16336,8274,8/23/2026,F,57,82,25,60,2,8,3,11,,732,0.06,N
BOSQUE,292103,XBOS,33.82064,-106.88169,4523,8/23/2026,F,65,100,13,57,2,11,3,16,,937,0.0,N
BRIGHT ANGEL,20211,ACAN,36.20472,-112.06222,8134,8/23/2026,F,57,80,27,55,2,9,5,14,,815,0.0,N
BRUSHY MOUNTAIN,291301,XBRU,34.72,-107.8484,8789,8/23/2026,F,57,83,22,59,2,14,3,19,,753,0.0,N
BUCKSKIN MTN,20224,ABUC,36.91808,-112.19981,6334,8/23/2026,F,66,86,22,44,2,7,6,18,,764,0.0,N
BURRO MOUNTAIN,292504,XBUR,32.67203,-108.53969,6995,8/23/2026,F,67,92,15,36,5,9,8,18,,804,0.0,N
CANELO,21303,ACNL,31.54972,-110.51917,4629,8/23/2026,F,66,92,27,79,5,9,8,18,,923,0.03,N
CAPROCK,293104,XCAP,32.92728,-103.85689,4167,8/23/2026,F,72,101,12,43,6,15,9,22,1/1/1 17:00 LMT,976,0.0,N
CARR,21411,ACAA,31.44111,-110.28611,5400,8/23/2026,F,68,94,25,71,2,11,7,23,,941,0.0,N
CASA GRANDE,20906,ACSG,32.99177,-111.53264,1412,8/23/2026,F,83,105,23,59,3,9,5,16,,911,0.0,N
CAVE CREEK,55522232,ACAV,34.0899,-111.8465,3477,8/23/2026,F,71,100,20,62,1,7,5,17,,811,0.0,N
CEDAR RIDGE,55523718,ACED,32.59872,-110.76231,4735,8/23/2026,F,73,95,24,60,6,10,9,18,,841,0.0,N
CHERRY,20511,ACHE,34.59661,-112.04761,5147,8/23/2026,F,61,91,26,75,2,5,6,15,,896,0.0,N
CHUPADERA,292102,XCHU,33.77294,-106.0985,5580,8/23/2026,F,66,97,13,47,3,7,5,9,,972,0.0,N
CIBOLA,20121,ACBL,33.28,-114.68489,252,8/23/2026,F,86,110,23,66,3,10,8,21,,913,0.0,N
CIMARRON,290401,XCIM,36.60611,-105.12028,8806,8/23/2026,F,51,81,23,77,2,9,3,13,,654,0.06,N
CIPRIANO,55522238,ARIP,32.4235,-114.16211,1042,8/23/2026,F,85,106,28,66,3,14,7,23,,932,0.0,N
COLUMBINE,21005,ACOL,32.70389,-109.91389,9521,8/23/2026,F,54,75,31,69,2,5,9,15,,646,0.0,N
COSMIC,293004,XCOS,32.77925,-105.81989,9172,8/23/2026,F,61,80,21,37,2,7,7,17,,910,0.0,N
COYOTE,290202,XCOY,36.07333,-106.65739,8704,8/23/2026,F,53,83,23,66,5,11,7,16,,786,0.02,N
CROWN KING,20502,ACRO,34.20336,-112.34561,6173,8/23/2026,F,64,87,30,65,2,5,6,13,,791,0.01,N
CUBA,290705,XCUB,35.942,-107.07739,6890,8/23/2026,F,59,90,16,56,2,9,3,13,,897,0.0,N
DATIL,292012,XDAT,34.29256,-107.768,8431,8/23/2026,F,56,82,24,60,3,9,5,13,,717,0.05,N
DEADMAN PEAK,290203,XDEA,36.4229,-106.772,8389,8/23/2026,F,57,85,15,55,2,11,3,16,,833,0.0,N
DEVILS HILLS,55522251,ADVH,32.42483,-113.79011,836,8/23/2026,F,84,107,26,70,2,10,6,21,,926,0.0,N
DRIPPING SPRINGS,292903,XDRI,32.32225,-106.58661,5814,8/23/2026,F,75,96,12,23,1,6,6,17,,989,0.0,N
DRY LAKE,21009,ADRL,33.35982,-109.83306,7405,8/23/2026,F,64,89,20,47,3,7,8,16,,764,0.0,N
DRY PARK,20212,ADRY,36.45308,-112.23819,8700,8/23/2026,F,54,76,29,59,2,7,5,13,,797,0.01,N
DULCE #2,290205,XDUL,36.93519,-107.00011,6805,8/23/2026,F,51,91,18,86,1,13,1,17,,877,0.0,N
DUNKEN,292302,XDUN,32.82467,-105.18261,5431,8/23/2026,F,69,97,14,34,3,13,5,17,1/3/1 17:00 LMT,895,0.0,N
DUTCH KID,55522257,ADUT,35.12931,-112.28219,6505,8/23/2026,F,55,85,28,78,3,7,6,16,,842,0.0,N
EIGHT MILE DRAW,292301,XEIG,33.65064,-104.32139,3626,8/23/2026,F,71,105,11,41,5,9,7,13,,967,0.0,N
EMPIRE,21205,AEMP,31.78347,-110.64325,4650,8/23/2026,F,67,93,27,81,2,7,6,17,,922,0.0,N
FLAGSTAFF,20209,AFLG,35.14111,-111.6725,6903,8/23/2026,F,52,82,28,80,0,3,5,13,,775,0.01,N
FORT YUMA,20102,AFYM,32.65222,-114.63417,185,8/23/2026,F,86,108,26,70,3,10,7,19,,925,0.0,N
FOUR SPRINGS,20227,AFOU,36.79367,-112.04239,6560,8/23/2026,F,66,83,23,44,2,6,6,14,,653,0.04,N
FRAZIER WELLS,20213,AFRA,35.84551,-113.05501,6796,8/23/2026,F,65,82,27,49,2,8,5,13,,764,0.05,N
FTHL YDMA,55522271,AFTH,32.48658,-114.4635,331,8/23/2026,F,86,108,27,73,6,15,9,22,,931,0.0,N
GILA CENTER RAWS,292011,XGIL,33.22375,-108.24031,5767,8/23/2026,F,56,94,14,72,2,8,3,11,,948,0.0,N
GLOBE,20601,AGLO,33.32694,-110.76694,4137,8/23/2026,F,77,97,22,47,5,8,9,19,,905,0.01,N
GOLDFIELD,21505,AGOL,33.55531,-111.6145,1367,8/23/2026,F,85,108,20,52,1,7,2,13,,870,0.0,N
GOODWIN MESA,20507,AGOO,34.77614,-113.3375,4311,8/23/2026,F,72,96,22,53,2,10,5,14,,895,0.03,N
GRANTS,291302,XGRA,35.24278,-107.66528,8620,8/23/2026,F,54,82,22,67,2,7,3,9,,756,0.0,N
GREENBASE,20284,AGRB,35.27619,-112.06325,6923,8/23/2026,F,51,81,31,86,1,6,5,14,,783,0.04,N
GREER,20404,AGRE,34.05853,-109.44097,8240,8/23/2026,F,56,77,31,60,2,6,5,11,,745,0.0,N
GUNSIGHT,20223,AGUN,36.70464,-112.5835,5284,8/23/2026,F,68,92,19,42,2,7,6,18,,840,0.06,N
GUTHRIE,21104,AGUT,32.88203,-109.30931,6324,8/23/2026,F,71,92,15,35,3,15,9,26,,865,0.0,N
HACHITA VALLEY,292702,XHAC,31.702,-108.34169,4290,8/23/2026,F,69,102,11,49,3,7,5,10,,973,0.0,N
HAPPY JACK,20291,AHJK,34.61797,-111.34239,6812,8/23/2026,F,53,82,31,83,0,3,3,15,,673,0.05,N
HAVASU,20118,AHAV,34.80758,-114.53456,475,8/23/2026,F,86,112,18,52,2,7,6,15,,872,0.0,N
HEADQUARTERS,21409,ACHR,32.00611,-109.35694,5400,8/23/2026,F,67,96,17,57,2,6,6,13,,948,0.02,N
HEBER,20301,AHBR,34.39778,-110.56444,6635,8/23/2026,F,59,84,27,65,1,5,5,15,,849,0.02,N
HILLTOP,20609,AHIL,33.61119,-110.41461,5732,8/23/2026,F,61,92,23,68,2,5,5,14,,917,0.0,N
HOPI,20312,AHPI,35.86292,-110.61495,5579,8/23/2026,F,62,93,17,58,2,10,6,22,,847,0.0,N
HOPKINS,21302,AHPK,31.67528,-110.88,7120,8/23/2026,F,65,84,34,63,5,9,8,14,,877,0.01,N
HORSE CAMP CANYON,20903,AHOR,32.93656,-110.4935,4014,8/23/2026,F,75,98,20,56,3,11,8,24,,876,0.0,N
HUMBUG CREEK,20508,AHUM,34.11,-112.3,5250,8/23/2026,F,73,90,29,50,2,13,6,22,,850,0.0,N
HURRICANE,20117,AHUR,36.69908,-113.20731,5445,8/23/2026,F,67,91,19,45,7,10,11,23,,904,0.0,N
IRON SPRINGS,20501,AIRO,34.59361,-112.51139,5385,8/23/2026,F,63,87,29,68,1,5,3,15,,875,0.08,N
JARITA MESA,290204,XJAR,36.55597,-106.10306,8864,8/23/2026,F,55,83,23,66,2,11,3,16,,714,0.04,N
JEMEZ,290702,XJEM,35.84114,-106.61969,8248,8/23/2026,F,56,86,21,62,3,13,5,17,,677,0.0,N
LAGUNA,293304,XLAG,35.05197,-107.42028,5805,8/23/2026,F,65,94,15,54,2,14,3,19,,912,0.01,N
LAKESIDE,20303,ALAK,34.16283,-109.87639,7267,8/23/2026,F,58,83,29,65,2,5,5,13,,756,0.02,N
LIMESTONE CANYON,20309,ALIM,34.17786,-110.27663,7102,8/23/2026,F,63,88,24,54,2,7,6,11,,921,0.0,N
LINDBERGH HILL,20220,ALBE,36.28556,-112.07861,8800,8/23/2026,F,53,77,30,64,2,7,6,11,,816,0.05,N
LUNA,292004,XLUN,33.82289,-108.94311,7088,8/23/2026,F,53,87,19,75,1,7,1,9,,777,0.01,N
MAGDALENA,292104,XMAG,33.85061,-107.539,8495,8/23/2026,F,57,82,21,53,3,8,5,11,,790,0.0,N
MALPAIS LAVA FLOW,293301,XMAL,34.85181,-108.17461,7514,8/23/2026,F,55,86,21,72,1,13,1,17,,740,0.03,N
MAYHILL,293002,XMAY,32.90947,-105.46981,6599,8/23/2026,F,59,92,15,48,2,5,8,13,1/3/1 17:00 LMT,767,0.0,N
MCGREGGOR RANGE,292901,XMCG,32.43133,-105.62181,4832,8/23/2026,F,68,101,12,38,5,7,6,11,,985,0.0,N
MELROSE RANGE,291901,XMEL,34.28422,-103.71497,4263,8/23/2026,F,72,102,12,41,6,10,8,15,1/5/1 17:00 LMT,948,0.0,N
MESCAL,293003,XMES,33.15803,-105.76881,6227,8/23/2026,F,57,89,18,51,2,7,6,14,,966,0.0,N
MIDNIGHT,55522315,XMID,36.77819,-105.34131,10815,8/23/2026,F,44,74,24,89,2,7,3,9,,929,0.04,N
MILLS CANYON,291101,XMIL,36.05453,-104.32511,5881,8/23/2026,F,58,94,18,78,3,15,5,21,,956,0.0,N
MOGOLLON,292013,XMOG,33.39064,-108.80819,7602,8/23/2026,F,63,89,18,41,2,7,3,9,,852,0.0,N
MOHAWK DUNES,55522318,AMOD,32.68878,-113.74889,524,8/23/2026,F,84,108,25,70,2,8,7,16,,926,0.0,N
MORMON LAKE,20215,AMOL,34.90972,-111.43842,7094,8/23/2026,F,53,82,28,77,1,2,3,11,,689,0.11,N
MOSS BASIN,20115,AMOS,35.03397,-113.89406,5920,8/23/2026,F,67,87,30,55,3,8,7,14,,712,0.1,N
MOUNTAINAIR,291501,XMOU,34.52081,-106.26269,6593,8/23/2026,F,61,92,15,54,2,7,3,9,,793,0.0,N
MOUNTAIN LION,20310,AFAP,33.69511,-109.71078,7269,8/23/2026,F,57,84,24,60,1,2,5,9,,759,0.0,N
MOUNT LOGAN,20107,AMTL,36.35306,-113.19917,7605,8/23/2026,F,64,79,27,43,5,8,10,21,,875,0.04,N
MULESHOE RANCH,21007,AMUL,32.40383,-110.272,4475,8/23/2026,F,70,96,22,66,2,9,7,21,,868,0.0,N
MUSIC MOUNTAIN,20119,AMUS,35.61497,-113.79428,5375,8/23/2026,F,70,92,22,46,7,10,11,18,,907,0.0,N
NAVAJO MONUMENT,20307,ANAV,36.67667,-110.54389,7204,8/23/2026,F,60,85,22,56,2,7,6,10,,735,0.03,N
NEVERSHINE,55522326,ANEV,36.24753,-113.88851,2165,8/23/2026,F,85,104,15,28,6,10,9,14,1/1/1 17:00 LMT,905,0.0,N
NIXON FLATS,20113,ANIX,36.38833,-113.15806,6500,8/23/2026,F,61,84,24,54,1,6,3,16,,876,0.02,N
NOON CREEK,21010,ANOO,32.66778,-109.78806,4925,8/23/2026,F,70,99,14,44,5,11,9,21,,839,0.0,N
OAK CREEK,20219,AOAK,34.94686,-111.75444,4804,8/23/2026,F,65,95,21,57,1,5,7,13,,834,0.0,N
OAK FLATS,291402,XOAK,35.00614,-106.31583,7675,8/23/2026,F,59,89,18,60,2,7,3,9,,811,0.0,N
OATMAN,21502,AOAT,33.04994,-113.13867,1715,8/23/2026,F,85,107,23,63,3,11,7,17,,831,0.0,N
OLAF KNOLLS,20108,AOLA,36.50725,-113.81589,2974,8/23/2026,F,82,103,14,27,5,10,11,22,,922,0.0,N
PADUCA,293202,XPAD,32.17983,-103.722,3534,8/23/2026,F,74,102,15,45,7,15,10,24,,970,0.0,N
PARIA POINT,20226,APAR,36.72753,-111.822,7106,8/23/2026,F,64,84,23,45,2,5,6,16,,731,0.06,N
PAYSON,20602,APAY,34.24614,-111.2935,5064,8/23/2026,F,64,92,25,68,0,7,2,14,,825,0.0,N
PECOS,291202,XPEC,35.54558,-105.49439,8229,8/23/2026,F,61,85,22,50,3,8,5,11,,606,0.0,N
PELONA MOUNTAIN,292009,XPEL,33.69375,-108.06161,7955,8/23/2026,F,59,84,18,54,3,9,5,13,,835,0.0,N
PICACHO PEAK,55522341,APIC,32.66314,-111.42154,1750,8/23/2026,F,80,101,24,63,2,8,5,14,,898,0.0,N
PINE,20612,APNE,34.37181,-111.4555,5313,8/23/2026,F,62,92,26,65,2,7,5,13,,823,0.0,N
PINEDALE,55522344,APND,34.30617,-110.23661,6461,8/23/2026,F,62,86,24,60,2,6,5,14,,873,0.02,N
PINEY HILL,20402,APIN,35.76111,-109.16719,8061,8/23/2026,F,58,79,26,60,2,5,6,13,,759,0.06,N
PLEASANT VALLEY,20603,APLE,34.08858,-110.94225,5232,8/23/2026,F,63,93,22,66,1,5,3,14,,839,0.0,N
PROMONTORY,20221,APRO,34.36528,-111.01444,7842,8/23/2026,F,59,79,35,58,1,3,6,10,,764,0.0,N
QUEEN,293105,XQUN,32.20361,-104.69031,5642,8/23/2026,F,70,96,13,34,6,8,14,17,1/6/1 17:00 LMT,973,0.0,N
RAMAH,293305,XRAM,34.81947,-108.29439,7645,8/23/2026,F,55,86,21,72,1,11,1,16,,734,0.0,N
RED CANYON,55523735,XRDC,34.62289,-106.40831,8070,8/23/2026,F,59,80,19,46,5,7,7,9,,818,0.0,N
RED LAKE,20610,ARED,34.18133,-110.78919,6524,8/23/2026,F,57,87,28,78,0,3,3,11,,813,0.0,N
RESERVE,292005,XRES,33.71489,-108.777,5846,8/23/2026,F,58,93,15,67,1,7,1,9,,938,0.0,N
RINCON,21207,ARIN,32.20639,-110.54861,8209,8/23/2026,F,60,76,38,67,5,9,8,15,,867,0.03,N
RUCKER,21414,ARUC,31.76111,-109.34861,5700,8/23/2026,F,62,91,15,65,2,5,6,15,,952,0.0,N
SAGUARO,21202,ASAG,32.31111,-110.81861,2758,8/23/2026,F,78,104,22,65,2,7,5,17,,848,0.01,N
SAN ANDRES,292904,XSAA,32.58008,-106.52719,6137,8/23/2026,F,70,94,13,28,1,5,5,15,,987,0.0,N
SAN CARLOS #1,20608,ASCA,33.37165,-110.45683,2830,8/23/2026,F,77,106,15,47,2,9,6,19,,867,0.0,N
SANDIA LAB,291408,XSLB,35.00406,-106.41148,6321,8/23/2026,F,64,91,19,56,2,8,3,11,,837,0.0,N
SANDIA LAKES,290706,XSLK,35.22967,-106.59061,5027,8/23/2026,F,65,99,16,63,2,10,3,15,,854,0.0,N
SANTA FE WATERSHED,290901,XSFW,35.68686,-105.86031,7749,8/23/2026,F,55,86,19,67,3,9,5,13,,879,0.0,N
SASABE,21206,ASAS,31.69169,-111.44811,3500,8/23/2026,F,71,99,26,91,2,8,6,18,,914,0.04,N
SCOUT CAMP,21208,ASOL,32.39806,-110.725,7554,8/23/2026,F,63,82,36,68,3,9,9,16,,760,0.03,N
SELLS,21209,ASES,31.91014,-111.89743,2262,8/23/2026,F,78,102,26,77,2,7,6,16,,919,0.02,N
SEVILLETA,292105,XSEV,34.35844,-106.6895,5246,8/23/2026,F,67,97,14,53,2,7,3,9,,915,0.0,N
SHADOW RIM,20611,ASHA,34.40586,-111.28319,5660,8/23/2026,F,62,93,24,65,0,5,3,11,,771,0.02,N
SLAUGHTER,292008,XSLA,34.06056,-108.44472,8680,8/23/2026,F,56,81,25,60,2,7,3,9,,809,0.01,N
SMITH PEAK,21501,ASMI,34.11486,-113.34733,2386,8/23/2026,F,85,103,22,42,3,6,8,17,,913,0.0,N
SMOKEY BEAR,292203,XSMO,33.35019,-105.686,7194,8/23/2026,F,52,90,19,66,3,8,5,11,,843,0.0,N
SOWATS,55523737,ASOW,36.48242,-112.42281,7038,8/23/2026,F,59,84,23,56,5,8,8,13,,727,0.09,N
STANTON,20509,ASTA,34.16403,-112.73486,3600,8/23/2026,F,79,96,25,44,5,10,9,19,,924,0.01,N
STONE LAKE,290201,XSTO,36.73161,-106.86581,7436,8/23/2026,F,54,89,16,72,1,11,1,16,,856,0.0,N
STRAY HORSE,21106,ASTH,33.55253,-109.31719,7956,8/23/2026,F,62,81,21,45,3,13,8,19,,910,0.0,N
SUNSET POINT,20510,ASUN,34.18847,-112.13467,3380,8/23/2026,F,76,99,22,50,2,11,7,22,,877,0.0,N
TANKS,55522384,ATNK,33.67314,-110.57431,5801,8/23/2026,F,63,90,23,63,3,8,8,18,,874,0.0,N
TAOS PUEBLO RAWS,55522385,XTAP,36.41461,-105.55689,7135,8/23/2026,F,57,89,21,70,1,11,1,16,,908,0.02,N
T BAR,55523738,XTBA,33.51789,-108.52419,8047,8/23/2026,F,54,83,20,62,1,6,1,8,,853,0.0,N
TONTO BASIN,20606,ATON,33.86861,-111.31333,2414,8/23/2026,F,78,104,20,52,1,8,5,19,,852,0.01,N
TOWER,290801,XTOW,35.77899,-106.26611,6529,8/23/2026,F,62,93,17,60,5,13,7,17,,854,0.0,N
TRAIL CABIN,21105,ATRA,33.26478,-109.36789,6250,8/23/2026,F,67,92,15,44,5,8,8,17,,915,0.0,N
TRUCHAS,290210,XTRU,36.059,-105.7695,8353,8/23/2026,F,48,83,20,83,2,9,3,13,,879,0.0,N
TRUXTON CANYON,20120,ATRU,35.78013,-113.79563,5304,8/23/2026,F,74,89,23,40,5,9,8,21,,881,0.03,N
TUSAYAN,20207,ATUS,35.98833,-112.12056,6570,8/23/2026,F,51,85,24,80,0,2,3,9,,810,0.01,N
TWEEDS POINT,20109,ATWE,36.58186,-113.732,5334,8/23/2026,F,77,92,18,29,8,13,15,28,,926,0.0,N
UNION PASS,20116,AUNI,35.23233,-114.38194,3590,8/23/2026,F,82,97,22,37,2,8,6,21,,889,0.0,N
VERDE,20503,AVER,34.54917,-111.84417,3101,8/23/2026,F,70,101,21,73,1,3,5,11,,797,0.0,N
WARM SPRINGS CANYON,20216,AWAR,36.70117,-112.22689,7953,8/23/2026,F,56,79,27,55,5,8,8,13,,594,0.03,N
WASHINGTON PASS,290101,XWAS,36.0765,-108.8615,9384,8/23/2026,F,57,77,28,57,2,7,3,9,,671,0.03,N
WILD RIVERS,290307,XWDR,36.69469,-105.66872,7530,8/23/2026,F,50,86,19,83,2,14,3,19,,934,0.0,N
YELLOW JOHN MOUNTAIN,20217,AYEL,36.155,-113.54944,6160,8/23/2026,F,56,88,23,63,2,5,7,16,,802,0.0,N
ZUNI BUTTES,290603,XZUB,35.13919,-108.94131,6649,8/23/2026,F,58,92,17,70,1,10,1,15,,913,0.0,N
10K,55522198,X10K,35.2085,-106.43586,10065,8/23/2026,F,54,77,23,60,3,8,5,11,,782,0.0,N
AHAKHAV PRESERVE,21503,AAHA,34.13222,-114.32917,363,8/23/2026,F,86,109,23,54,2,8,7,18,,866,0.0,N
ALBINO CANYON,290102,XALB,36.97661,-107.62892,7173,8/23/2026,F,60,90,17,65,1,15,1,21,,886,0.0,N
ALPINE,20401,AALP,33.84272,-109.11161,8207,8/23/2026,F,56,80,26,62,2,5,6,13,,886,0.0,N
BAKERS TANK,55522210,AHBB,32.61528,-114.00836,563,8/23/2026,F,84,106,26,68,3,9,7,19,,927,0.0,N
BARTLEY,291002,XBAR,35.90875,-105.38769,9192,8/23/2026,F,57,79,25,58,2,10,3,15,,773,0.0,N
BATDRAW,293101,XBAD,32.17861,-104.44056,4425,8/23/2026,F,76,101,13,31,5,11,10,21,,950,0.0,N
BEAVERHEAD,292001,XBEA,33.42353,-108.11019,6750,8/23/2026,F,53,90,18,75,2,8,3,11,,922,0.0,N
BELMONT,21504,ABEL,33.67411,-112.92281,1813,8/23/2026,F,82,105,22,59,3,7,8,15,,914,0.0,N
BLACK HILLS,21008,ABLA,33.08203,-109.95119,3262,8/23/2026,F,79,104,13,39,5,8,9,19,,827,0.0,N
BLACK MESA,290305,XBLM,36.03708,-106.04964,5762,8/23/2026,F,60,94,18,67,2,11,3,16,,930,0.0,N
BLACK ROCK,20114,ABRK,36.79436,-113.75056,7224,8/23/2026,F,68,83,22,36,2,5,10,17,,898,0.0,N
BLUEWATER RIDGE,293303,XBLR,35.19411,-108.16336,8274,8/23/2026,F,57,82,25,60,2,8,3,11,,732,0.06,N
BOSQUE,292103,XBOS,33.82064,-106.88169,4523,8/23/2026,F,65,100,13,57,2,11,3,16,,937,0.0,N
BRIGHT ANGEL,20211,ACAN,36.20472,-112.06222,8134,8/23/2026,F,57,80,27,55,2,9,5,14,,815,0.0,N
BRUSHY MOUNTAIN,291301,XBRU,34.72,-107.8484,8789,8/23/2026,F,57,83,22,59,2,14,3,19,,753,0.0,N
BUCKSKIN MTN,20224,ABUC,36.91808,-112.19981,6334,8/23/2026,F,66,86,22,44,2,7,6,18,,764,0.0,N
BURRO MOUNTAIN,292504,XBUR,32.67203,-108.53969,6995,8/23/2026,F,67,92,15,36,5,9,8,18,,804,0.0,N
CANELO,21303,ACNL,31.54972,-110.51917,4629,8/23/2026,F,66,92,27,79,5,9,8,18,,923,0.03,N
CAPROCK,293104,XCAP,32.92728,-103.85689,4167,8/23/2026,F,72,101,12,43,6,15,9,22,1/1/1 17:00 LMT,976,0.0,N
CARR,21411,ACAA,31.44111,-110.28611,5400,8/23/2026,F,68,94,25,71,2,11,7,23,,941,0.0,N
CASA GRANDE,20906,ACSG,32.99177,-111.53264,1412,8/23/2026,F,83,105,23,59,3,9,5,16,,911,0.0,N
CAVE CREEK,55522232,ACAV,34.0899,-111.8465,3477,8/23/2026,F,71,100,20,62,1,7,5,17,,811,0.0,N
CEDAR RIDGE,55523718,ACED,32.59872,-110.76231,4735,8/23/2026,F,73,95,24,60,6,10,9,18,,841,0.0,N
CHERRY,20511,ACHE,34.59661,-112.04761,5147,8/23/2026,F,61,91,26,75,2,5,6,15,,896,0.0,N
CHUPADERA,292102,XCHU,33.77294,-106.0985,5580,8/23/2026,F,66,97,13,47,3,7,5,9,,972,0.0,N
CIBOLA,20121,ACBL,33.28,-114.68489,252,8/23/2026,F,86,110,23,66,3,10,8,21,,913,0.0,N
CIMARRON,290401,XCIM,36.60611,-105.12028,8806,8/23/2026,F,51,81,23,77,2,9,3,13,,654,0.06,N
CIPRIANO,55522238,ARIP,32.4235,-114.16211,1042,8/23/2026,F,85,106,28,66,3,14,7,23,,932,0.0,N
COLUMBINE,21005,ACOL,32.70389,-109.91389,9521,8/23/2026,F,54,75,31,69,2,5,9,15,,646,0.0,N
COSMIC,293004,XCOS,32.77925,-105.81989,9172,8/23/2026,F,61,80,21,37,2,7,7,17,,910,0.0,N
COYOTE,290202,XCOY,36.07333,-106.65739,8704,8/23/2026,F,53,83,23,66,5,11,7,16,,786,0.02,N
CROWN KING,20502,ACRO,34.20336,-112.34561,6173,8/23/2026,F,64,87,30,65,2,5,6,13,,791,0.01,N
CUBA,290705,XCUB,35.942,-107.07739,6890,8/23/2026,F,59,90,16,56,2,9,3,13,,897,0.0,N
DATIL,292012,XDAT,34.29256,-107.768,8431,8/23/2026,F,56,82,24,60,3,9,5,13,,717,0.05,N
DEADMAN PEAK,290203,XDEA,36.4229,-106.772,8389,8/23/2026,F,57,85,15,55,2,11,3,16,,833,0.0,N
DEVILS HILLS,55522251,ADVH,32.42483,-113.79011,836,8/23/2026,F,84,107,26,70,2,10,6,21,,926,0.0,N
DRIPPING SPRINGS,292903,XDRI,32.32225,-106.58661,5814,8/23/2026,F,75,96,12,23,1,6,6,17,,989,0.0,N
DRY LAKE,21009,ADRL,33.35982,-109.83306,7405,8/23/2026,F,64,89,20,47,3,7,8,16,,764,0.0,N
DRY PARK,20212,ADRY,36.45308,-112.23819,8700,8/23/2026,F,54,76,29,59,2,7,5,13,,797,0.01,N
DULCE #2,290205,XDUL,36.93519,-107.00011,6805,8/23/2026,F,51,91,18,86,1,13,1,17,,877,0.0,N
DUNKEN,292302,XDUN,32.82467,-105.18261,5431,8/23/2026,F,69,97,14,34,3,13,5,17,1/3/1 17:00 LMT,895,0.0,N
DUTCH KID,55522257,ADUT,35.12931,-112.28219,6505,8/23/2026,F,55,85,28,78,3,7,6,16,,842,0.0,N
EIGHT MILE DRAW,292301,XEIG,33.65064,-104.32139,3626,8/23/2026,F,71,105,11,41,5,9,7,13,,967,0.0,N
EMPIRE,21205,AEMP,31.78347,-110.64325,4650,8/23/2026,F,67,93,27,81,2,7,6,17,,922,0.0,N
FLAGSTAFF,20209,AFLG,35.14111,-111.6725,6903,8/23/2026,F,52,82,28,80,0,3,5,13,,775,0.01,N
FORT YUMA,20102,AFYM,32.65222,-114.63417,185,8/23/2026,F,86,108,26,70,3,10,7,19,,925,0.0,N
FOUR SPRINGS,20227,AFOU,36.79367,-112.04239,6560,8/23/2026,F,66,83,23,44,2,6,6,14,,653,0.04,N
FRAZIER WELLS,20213,AFRA,35.84551,-113.05501,6796,8/23/2026,F,65,82,27,49,2,8,5,13,,764,0.05,N
FTHL YDMA,55522271,AFTH,32.48658,-114.4635,331,8/23/2026,F,86,108,27,73,6,15,9,22,,931,0.0,N
GILA CENTER RAWS,292011,XGIL,33.22375,-108.24031,5767,8/23/2026,F,56,94,14,72,2,8,3,11,,948,0.0,N
GLOBE,20601,AGLO,33.32694,-110.76694,4137,8/23/2026,F,77,97,22,47,5,8,9,19,,905,0.01,N
GOLDFIELD,21505,AGOL,33.55531,-111.6145,1367,8/23/2026,F,85,108,20,52,1,7,2,13,,870,0.0,N
GOODWIN MESA,20507,AGOO,34.77614,-113.3375,4311,8/23/2026,F,72,96,22,53,2,10,5,14,,895,0.03,N
GRANTS,291302,XGRA,35.24278,-107.66528,8620,8/23/2026,F,54,82,22,67,2,7,3,9,,756,0.0,N
GREENBASE,20284,AGRB,35.27619,-112.06325,6923,8/23/2026,F,51,81,31,86,1,6,5,14,,783,0.04,N
GREER,20404,AGRE,34.05853,-109.44097,8240,8/23/2026,F,56,77,31,60,2,6,5,11,,745,0.0,N
GUNSIGHT,20223,AGUN,36.70464,-112.5835,5284,8/23/2026,F,68,92,19,42,2,7,6,18,,840,0.06,N
GUTHRIE,21104,AGUT,32.88203,-109.30931,6324,8/23/2026,F,71,92,15,35,3,15,9,26,,865,0.0,N
HACHITA VALLEY,292702,XHAC,31.702,-108.34169,4290,8/23/2026,F,69,102,11,49,3,7,5,10,,973,0.0,N
HAPPY JACK,20291,AHJK,34.61797,-111.34239,6812,8/23/2026,F,53,82,31,83,0,3,3,15,,673,0.05,N
HAVASU,20118,AHAV,34.80758,-114.53456,475,8/23/2026,F,86,112,18,52,2,7,6,15,,872,0.0,N
HEADQUARTERS,21409,ACHR,32.00611,-109.35694,5400,8/23/2026,F,67,96,17,57,2,6,6,13,,948,0.02,N
HEBER,20301,AHBR,34.39778,-110.56444,6635,8/23/2026,F,59,84,27,65,1,5,5,15,,849,0.02,N
HILLTOP,20609,AHIL,33.61119,-110.41461,5732,8/23/2026,F,61,92,23,68,2,5,5,14,,917,0.0,N
HOPI,20312,AHPI,35.86292,-110.61495,5579,8/23/2026,F,62,93,17,58,2,10,6,22,,847,0.0,N
HOPKINS,21302,AHPK,31.67528,-110.88,7120,8/23/2026,F,65,84,34,63,5,9,8,14,,877,0.01,N
HORSE CAMP CANYON,20903,AHOR,32.93656,-110.4935,4014,8/23/2026,F,75,98,20,56,3,11,8,24,,876,0.0,N
HUMBUG CREEK,20508,AHUM,34.11,-112.3,5250,8/23/2026,F,73,90,29,50,2,13,6,22,,850,0.0,N
HURRICANE,20117,AHUR,36.69908,-113.20731,5445,8/23/2026,F,67,91,19,45,7,10,11,23,,904,0.0,N
IRON SPRINGS,20501,AIRO,34.59361,-112.51139,5385,8/23/2026,F,63,87,29,68,1,5,3,15,,875,0.08,N
JARITA MESA,290204,XJAR,36.55597,-106.10306,8864,8/23/2026,F,55,83,23,66,2,11,3,16,,714,0.04,N
JEMEZ,290702,XJEM,35.84114,-106.61969,8248,8/23/2026,F,56,86,21,62,3,13,5,17,,677,0.0,N
LAGUNA,293304,XLAG,35.05197,-107.42028,5805,8/23/2026,F,65,94,15,54,2,14,3,19,,912,0.01,N
LAKESIDE,20303,ALAK,34.16283,-109.87639,7267,8/23/2026,F,58,83,29,65,2,5,5,13,,756,0.02,N
LIMESTONE CANYON,20309,ALIM,34.17786,-110.27663,7102,8/23/2026,F,63,88,24,54,2,7,6,11,,921,0.0,N
LINDBERGH HILL,20220,ALBE,36.28556,-112.07861,8800,8/23/2026,F,53,77,30,64,2,7,6,11,,816,0.05,N
LUNA,292004,XLUN,33.82289,-108.94311,7088,8/23/2026,F,53,87,19,75,1,7,1,9,,777,0.01,N
MAGDALENA,292104,XMAG,33.85061,-107.539,8495,8/23/2026,F,57,82,21,53,3,8,5,11,,790,0.0,N
MALPAIS LAVA FLOW,293301,XMAL,34.85181,-108.17461,7514,8/23/2026,F,55,86,21,72,1,13,1,17,,740,0.03,N
MAYHILL,293002,XMAY,32.90947,-105.46981,6599,8/23/2026,F,59,92,15,48,2,5,8,13,1/3/1 17:00 LMT,767,0.0,N
MCGREGGOR RANGE,292901,XMCG,32.43133,-105.62181,4832,8/23/2026,F,68,101,12,38,5,7,6,11,,985,0.0,N
MELROSE RANGE,291901,XMEL,34.28422,-103.71497,4263,8/23/2026,F,72,102,12,41,6,10,8,15,1/5/1 17:00 LMT,948,0.0,N
MESCAL,293003,XMES,33.15803,-105.76881,6227,8/23/2026,F,57,89,18,51,2,7,6,14,,966,0.0,N
MIDNIGHT,55522315,XMID,36.77819,-105.34131,10815,8/23/2026,F,44,74,24,89,2,7,3,9,,929,0.04,N
MILLS CANYON,291101,XMIL,36.05453,-104.32511,5881,8/23/2026,F,58,94,18,78,3,15,5,21,,956,0.0,N
MOGOLLON,292013,XMOG,33.39064,-108.80819,7602,8/23/2026,F,63,89,18,41,2,7,3,9,,852,0.0,N
MOHAWK DUNES,55522318,AMOD,32.68878,-113.74889,524,8/23/2026,F,84,108,25,70,2,8,7,16,,926,0.0,N
MORMON LAKE,20215,AMOL,34.90972,-111.43842,7094,8/23/2026,F,53,82,28,77,1,2,3,11,,689,0.11,N
MOSS BASIN,20115,AMOS,35.03397,-113.89406,5920,8/23/2026,F,67,87,30,55,3,8,7,14,,712,0.1,N
MOUNTAINAIR,291501,XMOU,34.52081,-106.26269,6593,8/23/2026,F,61,92,15,54,2,7,3,9,,793,0.0,N
MOUNTAIN LION,20310,AFAP,33.69511,-109.71078,7269,8/23/2026,F,57,84,24,60,1,2,5,9,,759,0.0,N
MOUNT LOGAN,20107,AMTL,36.35306,-113.19917,7605,8/23/2026,F,64,79,27,43,5,8,10,21,,875,0.04,N
MULESHOE RANCH,21007,AMUL,32.40383,-110.272,4475,8/23/2026,F,70,96,22,66,2,9,7,21,,868,0.0,N
MUSIC MOUNTAIN,20119,AMUS,35.61497,-113.79428,5375,8/23/2026,F,70,92,22,46,7,10,11,18,,907,0.0,N
NAVAJO MONUMENT,20307,ANAV,36.67667,-110.54389,7204,8/23/2026,F,60,85,22,56,2,7,6,10,,735,0.03,N
NEVERSHINE,55522326,ANEV,36.24753,-113.88851,2165,8/23/2026,F,85,104,15,28,6,10,9,14,1/1/1 17:00 LMT,905,0.0,N
NIXON FLATS,20113,ANIX,36.38833,-113.15806,6500,8/23/2026,F,61,84,24,54,1,6,3,16,,876,0.02,N
NOON CREEK,21010,ANOO,32.66778,-109.78806,4925,8/23/2026,F,70,99,14,44,5,11,9,21,,839,0.0,N
OAK CREEK,20219,AOAK,34.94686,-111.75444,4804,8/23/2026,F,65,95,21,57,1,5,7,13,,834,0.0,N
OAK FLATS,291402,XOAK,35.00614,-106.31583,7675,8/23/2026,F,59,89,18,60,2,7,3,9,,811,0.0,N
OATMAN,21502,AOAT,33.04994,-113.13867,1715,8/23/2026,F,85,107,23,63,3,11,7,17,,831,0.0,N
OLAF KNOLLS,20108,AOLA,36.50725,-113.81589,2974,8/23/2026,F,82,103,14,27,5,10,11,22,,922,0.0,N
PADUCA,293202,XPAD,32.17983,-103.722,3534,8/23/2026,F,74,102,15,45,7,15,10,24,,970,0.0,N
PARIA POINT,20226,APAR,36.72753,-111.822,7106,8/23/2026,F,64,84,23,45,2,5,6,16,,731,0.06,N
PAYSON,20602,APAY,34.24614,-111.2935,5064,8/23/2026,F,64,92,25,68,0,7,2,14,,825,0.0,N
PECOS,291202,XPEC,35.54558,-105.49439,8229,8/23/2026,F,61,85,22,50,3,8,5,11,,606,0.0,N
PELONA MOUNTAIN,292009,XPEL,33.69375,-108.06161,7955,8/23/2026,F,59,84,18,54,3,9,5,13,,835,0.0,N
PICACHO PEAK,55522341,APIC,32.66314,-111.42154,1750,8/23/2026,F,80,101,24,63,2,8,5,14,,898,0.0,N
PINE,20612,APNE,34.37181,-111.4555,5313,8/23/2026,F,62,92,26,65,2,7,5,13,,823,0.0,N
PINEDALE,55522344,APND,34.30617,-110.23661,6461,8/23/2026,F,62,86,24,60,2,6,5,14,,873,0.02,N
PINEY HILL,20402,APIN,35.76111,-109.16719,8061,8/23/2026,F,58,79,26,60,2,5,6,13,,759,0.06,N
PLEASANT VALLEY,20603,APLE,34.08858,-110.94225,5232,8/23/2026,F,63,93,22,66,1,5,3,14,,839,0.0,N
PROMONTORY,20221,APRO,34.36528,-111.01444,7842,8/23/2026,F,59,79,35,58,1,3,6,10,,764,0.0,N
QUEEN,293105,XQUN,32.20361,-104.69031,5642,8/23/2026,F,70,96,13,34,6,8,14,17,1/6/1 17:00 LMT,973,0.0,N
RAMAH,293305,XRAM,34.81947,-108.29439,7645,8/23/2026,F,55,86,21,72,1,11,1,16,,734,0.0,N
RED CANYON,55523735,XRDC,34.62289,-106.40831,8070,8/23/2026,F,59,80,19,46,5,7,7,9,,818,0.0,N
RED LAKE,20610,ARED,34.18133,-110.78919,6524,8/23/2026,F,57,87,28,78,0,3,3,11,,813,0.0,N
RESERVE,292005,XRES,33.71489,-108.777,5846,8/23/2026,F,58,93,15,67,1,7,1,9,,938,0.0,N
RINCON,21207,ARIN,32.20639,-110.54861,8209,8/23/2026,F,60,76,38,67,5,9,8,15,,867,0.03,N
RUCKER,21414,ARUC,31.76111,-109.34861,5700,8/23/2026,F,62,91,15,65,2,5,6,15,,952,0.0,N
SAGUARO,21202,ASAG,32.31111,-110.81861,2758,8/23/2026,F,78,104,22,65,2,7,5,17,,848,0.01,N
SAN ANDRES,292904,XSAA,32.58008,-106.52719,6137,8/23/2026,F,70,94,13,28,1,5,5,15,,987,0.0,N
SAN CARLOS #1,20608,ASCA,33.37165,-110.45683,2830,8/23/2026,F,77,106,15,47,2,9,6,19,,867,0.0,N
SANDIA LAB,291408,XSLB,35.00406,-106.41148,6321,8/23/2026,F,64,91,19,56,2,8,3,11,,837,0.0,N
SANDIA LAKES,290706,XSLK,35.22967,-106.59061,5027,8/23/2026,F,65,99,16,63,2,10,3,15,,854,0.0,N
SANTA FE WATERSHED,290901,XSFW,35.68686,-105.86031,7749,8/23/2026,F,55,86,19,67,3,9,5,13,,879,0.0,N
SASABE,21206,ASAS,31.69169,-111.44811,3500,8/23/2026,F,71,99,26,91,2,8,6,18,,914,0.04,N
SCOUT CAMP,21208,ASOL,32.39806,-110.725,7554,8/23/2026,F,63,82,36,68,3,9,9,16,,760,0.03,N
SELLS,21209,ASES,31.91014,-111.89743,2262,8/23/2026,F,78,102,26,77,2,7,6,16,,919,0.02,N
SEVILLETA,292105,XSEV,34.35844,-106.6895,5246,8/23/2026,F,67,97,14,53,2,7,3,9,,915,0.0,N
SHADOW RIM,20611,ASHA,34.40586,-111.28319,5660,8/23/2026,F,62,93,24,65,0,5,3,11,,771,0.02,N
SLAUGHTER,292008,XSLA,34.06056,-108.44472,8680,8/23/2026,F,56,81,25,60,2,7,3,9,,809,0.01,N
SMITH PEAK,21501,ASMI,34.11486,-113.34733,2386,8/23/2026,F,85,103,22,42,3,6,8,17,,913,0.0,N
SMOKEY BEAR,292203,XSMO,33.35019,-105.686,7194,8/23/2026,F,52,90,19,66,3,8,5,11,,843,0.0,N
SOWATS,55523737,ASOW,36.48242,-112.42281,7038,8/23/2026,F,59,84,23,56,5,8,8,13,,727,0.09,N
STANTON,20509,ASTA,34.16403,-112.73486,3600,8/23/2026,F,79,96,25,44,5,10,9,19,,924,0.01,N
STONE LAKE,290201,XSTO,36.73161,-106.86581,7436,8/23/2026,F,54,89,16,72,1,11,1,16,,856,0.0,N
STRAY HORSE,21106,ASTH,33.55253,-109.31719,7956,8/23/2026,F,62,81,21,45,3,13,8,19,,910,0.0,N
SUNSET POINT,20510,ASUN,34.18847,-112.13467,3380,8/23/2026,F,76,99,22,50,2,11,7,22,,877,0.0,N
TANKS,55522384,ATNK,33.67314,-110.57431,5801,8/23/2026,F,63,90,23,63,3,8,8,18,,874,0.0,N
TAOS PUEBLO RAWS,55522385,XTAP,36.41461,-105.55689,7135,8/23/2026,F,57,89,21,70,1,11,1,16,,908,0.02,N
T BAR,55523738,XTBA,33.51789,-108.52419,8047,8/23/2026,F,54,83,20,62,1,6,1,8,,853,0.0,N
TONTO BASIN,20606,ATON,33.86861,-111.31333,2414,8/23/2026,F,78,104,20,52,1,8,5,19,,852,0.01,N
TOWER,290801,XTOW,35.77899,-106.26611,6529,8/23/2026,F,62,93,17,60,5,13,7,17,,854,0.0,N
TRAIL CABIN,21105,ATRA,33.26478,-109.36789,6250,8/23/2026,F,67,92,15,44,5,8,8,17,,915,0.0,N
TRUCHAS,290210,XTRU,36.059,-105.7695,8353,8/23/2026,F,48,83,20,83,2,9,3,13,,879,0.0,N
TRUXTON CANYON,20120,ATRU,35.78013,-113.79563,5304,8/23/2026,F,74,89,23,40,5,9,8,21,,881,0.03,N
TUSAYAN,20207,ATUS,35.98833,-112.12056,6570,8/23/2026,F,51,85,24,80,0,2,3,9,,810,0.01,N
TWEEDS POINT,20109,ATWE,36.58186,-113.732,5334,8/23/2026,F,77,92,18,29,8,13,15,28,,926,0.0,N
UNION PASS,20116,AUNI,35.23233,-114.38194,3590,8/23/2026,F,82,97,22,37,2,8,6,21,,889,0.0,N
VERDE,20503,AVER,34.54917,-111.84417,3101,8/23/2026,F,70,101,21,73,1,3,5,11,,797,0.0,N
WARM SPRINGS CANYON,20216,AWAR,36.70117,-112.22689,7953,8/23/2026,F,56,79,27,55,5,8,8,13,,594,0.03,N
WASHINGTON PASS,290101,XWAS,36.0765,-108.8615,9384,8/23/2026,F,57,77,28,57,2,7,3,9,,671,0.03,N
WILD RIVERS,290307,XWDR,36.69469,-105.66872,7530,8/23/2026,F,50,86,19,83,2,14,3,19,,934,0.0,N
YELLOW JOHN MOUNTAIN,20217,AYEL,36.155,-113.54944,6160,8/23/2026,F,56,88,23,63,2,5,7,16,,802,0.0,N
ZUNI BUTTES,290603,XZUB,35.13919,-108.94131,6649,8/23/2026,F,58,92,17,70,1,10,1,15,,913,0.0,N
10K,55522198,X10K,35.2085,-106.43586,10065,8/23/2026,F,54,77,23,60,3,8,5,11,,782,0.0,N
AHAKHAV PRESERVE,21503,AAHA,34.13222,-114.32917,363,8/23/2026,F,86,109,23,54,2,8,7,18,,866,0.0,N
ALBINO CANYON,290102,XALB,36.97661,-107.62892,7173,8/23/2026,F,60,90,17,65,1,15,1,21,,886,0.0,N
ALPINE,20401,AALP,33.84272,-109.11161,8207,8/23/2026,F,56,80,26,62,2,5,6,13,,886,0.0,N
BAKERS TANK,55522210,AHBB,32.61528,-114.00836,563,8/23/2026,F,84,106,26,68,3,9,7,19,,927,0.0,N
BARTLEY,291002,XBAR,35.90875,-105.38769,9192,8/23/2026,F,57,79,25,58,2,10,3,15,,773,0.0,N
BATDRAW,293101,XBAD,32.17861,-104.44056,4425,8/23/2026,F,76,101,13,31,5,11,10,21,,950,0.0,N
BEAVERHEAD,292001,XBEA,33.42353,-108.11019,6750,8/23/2026,F,53,90,18,75,2,8,3,11,,922,0.0,N
BELMONT,21504,ABEL,33.67411,-112.92281,1813,8/23/2026,F,82,105,22,59,3,7,8,15,,914,0.0,N
BLACK HILLS,21008,ABLA,33.08203,-109.95119,3262,8/23/2026,F,79,104,13,39,5,8,9,19,,827,0.0,N
BLACK MESA,290305,XBLM,36.03708,-106.04964,5762,8/23/2026,F,60,94,18,67,2,11,3,16,,930,0.0,N
BLACK ROCK,20114,ABRK,36.79436,-113.75056,7224,8/23/2026,F,68,83,22,36,2,5,10,17,,898,0.0,N
BLUEWATER RIDGE,293303,XBLR,35.19411,-108.16336,8274,8/23/2026,F,57,82,25,60,2,8,3,11,,732,0.06,N
BOSQUE,292103,XBOS,33.82064,-106.88169,4523,8/23/2026,F,65,100,13,57,2,11,3,16,,937,0.0,N
BRIGHT ANGEL,20211,ACAN,36.20472,-112.06222,8134,8/23/2026,F,57,80,27,55,2,9,5,14,,815,0.0,N
BRUSHY MOUNTAIN,291301,XBRU,34.72,-107.8484,8789,8/23/2026,F,57,83,22,59,2,14,3,19,,753,0.0,N
BUCKSKIN MTN,20224,ABUC,36.91808,-112.19981,6334,8/23/2026,F,66,86,22,44,2,7,6,18,,764,0.0,N
BURRO MOUNTAIN,292504,XBUR,32.67203,-108.53969,6995,8/23/2026,F,67,92,15,36,5,9,8,18,,804,0.0,N
CANELO,21303,ACNL,31.54972,-110.51917,4629,8/23/2026,F,66,92,27,79,5,9,8,18,,923,0.03,N
CAPROCK,293104,XCAP,32.92728,-103.85689,4167,8/23/2026,F,72,101,12,43,6,15,9,22,1/1/1 17:00 LMT,976,0.0,N
CARR,21411,ACAA,31.44111,-110.28611,5400,8/23/2026,F,68,94,25,71,2,11,7,23,,941,0.0,N
CASA GRANDE,20906,ACSG,32.99177,-111.53264,1412,8/23/2026,F,83,105,23,59,3,9,5,16,,911,0.0,N
CAVE CREEK,55522232,ACAV,34.0899,-111.8465,3477,8/23/2026,F,71,100,20,62,1,7,5,17,,811,0.0,N
CEDAR RIDGE,55523718,ACED,32.59872,-110.76231,4735,8/23/2026,F,73,95,24,60,6,10,9,18,,841,0.0,N
CHERRY,20511,ACHE,34.59661,-112.04761,5147,8/23/2026,F,61,91,26,75,2,5,6,15,,896,0.0,N
CHUPADERA,292102,XCHU,33.77294,-106.0985,5580,8/23/2026,F,66,97,13,47,3,7,5,9,,972,0.0,N
CIBOLA,20121,ACBL,33.28,-114.68489,252,8/23/2026,F,86,110,23,66,3,10,8,21,,913,0.0,N
CIMARRON,290401,XCIM,36.60611,-105.12028,8806,8/23/2026,F,51,81,23,77,2,9,3,13,,654,0.06,N
CIPRIANO,55522238,ARIP,32.4235,-114.16211,1042,8/23/2026,F,85,106,28,66,3,14,7,23,,932,0.0,N
COLUMBINE,21005,ACOL,32.70389,-109.91389,9521,8/23/2026,F,54,75,31,69,2,5,9,15,,646,0.0,N
COSMIC,293004,XCOS,32.77925,-105.81989,9172,8/23/2026,F,61,80,21,37,2,7,7,17,,910,0.0,N
COYOTE,290202,XCOY,36.07333,-106.65739,8704,8/23/2026,F,53,83,23,66,5,11,7,16,,786,0.02,N
CROWN KING,20502,ACRO,34.20336,-112.34561,6173,8/23/2026,F,64,87,30,65,2,5,6,13,,791,0.01,N
CUBA,290705,XCUB,35.942,-107.07739,6890,8/23/2026,F,59,90,16,56,2,9,3,13,,897,0.0,N
DATIL,292012,XDAT,34.29256,-107.768,8431,8/23/2026,F,56,82,24,60,3,9,5,13,,717,0.05,N
DEADMAN PEAK,290203,XDEA,36.4229,-106.772,8389,8/23/2026,F,57,85,15,55,2,11,3,16,,833,0.0,N
DEVILS HILLS,55522251,ADVH,32.42483,-113.79011,836,8/23/2026,F,84,107,26,70,2,10,6,21,,926,0.0,N
DRIPPING SPRINGS,292903,XDRI,32.32225,-106.58661,5814,8/23/2026,F,75,96,12,23,1,6,6,17,,989,0.0,N
DRY LAKE,21009,ADRL,33.35982,-109.83306,7405,8/23/2026,F,64,89,20,47,3,7,8,16,,764,0.0,N
DRY PARK,20212,ADRY,36.45308,-112.23819,8700,8/23/2026,F,54,76,29,59,2,7,5,13,,797,0.01,N
DULCE #2,290205,XDUL,36.93519,-107.00011,6805,8/23/2026,F,51,91,18,86,1,13,1,17,,877,0.0,N
DUNKEN,292302,XDUN,32.82467,-105.18261,5431,8/23/2026,F,69,97,14,34,3,13,5,17,1/3/1 17:00 LMT,895,0.0,N
DUTCH KID,55522257,ADUT,35.12931,-112.28219,6505,8/23/2026,F,55,85,28,78,3,7,6,16,,842,0.0,N
EIGHT MILE DRAW,292301,XEIG,33.65064,-104.32139,3626,8/23/2026,F,71,105,11,41,5,9,7,13,,967,0.0,N
EMPIRE,21205,AEMP,31.78347,-110.64325,4650,8/23/2026,F,67,93,27,81,2,7,6,17,,922,0.0,N
FLAGSTAFF,20209,AFLG,35.14111,-111.6725,6903,8/23/2026,F,52,82,28,80,0,3,5,13,,775,0.01,N
FORT YUMA,20102,AFYM,32.65222,-114.63417,185,8/23/2026,F,86,108,26,70,3,10,7,19,,925,0.0,N
FOUR SPRINGS,20227,AFOU,36.79367,-112.04239,6560,8/23/2026,F,66,83,23,44,2,6,6,14,,653,0.04,N
FRAZIER WELLS,20213,AFRA,35.84551,-113.05501,6796,8/23/2026,F,65,82,27,49,2,8,5,13,,764,0.05,N
FTHL YDMA,55522271,AFTH,32.48658,-114.4635,331,8/23/2026,F,86,108,27,73,6,15,9,22,,931,0.0,N
GILA CENTER RAWS,292011,XGIL,33.22375,-108.24031,5767,8/23/2026,F,56,94,14,72,2,8,3,11,,948,0.0,N
GLOBE,20601,AGLO,33.32694,-110.76694,4137,8/23/2026,F,77,97,22,47,5,8,9,19,,905,0.01,N
GOLDFIELD,21505,AGOL,33.55531,-111.6145,1367,8/23/2026,F,85,108,20,52,1,7,2,13,,870,0.0,N
GOODWIN MESA,20507,AGOO,34.77614,-113.3375,4311,8/23/2026,F,72,96,22,53,2,10,5,14,,895,0.03,N
GRANTS,291302,XGRA,35.24278,-107.66528,8620,8/23/2026,F,54,82,22,67,2,7,3,9,,756,0.0,N
GREENBASE,20284,AGRB,35.27619,-112.06325,6923,8/23/2026,F,51,81,31,86,1,6,5,14,,783,0.04,N
GREER,20404,AGRE,34.05853,-109.44097,8240,8/23/2026,F,56,77,31,60,2,6,5,11,,745,0.0,N
GUNSIGHT,20223,AGUN,36.70464,-112.5835,5284,8/23/2026,F,68,92,19,42,2,7,6,18,,840,0.06,N
GUTHRIE,21104,AGUT,32.88203,-109.30931,6324,8/23/2026,F,71,92,15,35,3,15,9,26,,865,0.0,N
HACHITA VALLEY,292702,XHAC,31.702,-108.34169,4290,8/23/2026,F,69,102,11,49,3,7,5,10,,973,0.0,N
HAPPY JACK,20291,AHJK,34.61797,-111.34239,6812,8/23/2026,F,53,82,31,83,0,3,3,15,,673,0.05,N
HAVASU,20118,AHAV,34.80758,-114.53456,475,8/23/2026,F,86,112,18,52,2,7,6,15,,872,0.0,N
HEADQUARTERS,21409,ACHR,32.00611,-109.35694,5400,8/23/2026,F,67,96,17,57,2,6,6,13,,948,0.02,N
HEBER,20301,AHBR,34.39778,-110.56444,6635,8/23/2026,F,59,84,27,65,1,5,5,15,,849,0.02,N
HILLTOP,20609,AHIL,33.61119,-110.41461,5732,8/23/2026,F,61,92,23,68,2,5,5,14,,917,0.0,N
HOPI,20312,AHPI,35.86292,-110.61495,5579,8/23/2026,F,62,93,17,58,2,10,6,22,,847,0.0,N
HOPKINS,21302,AHPK,31.67528,-110.88,7120,8/23/2026,F,65,84,34,63,5,9,8,14,,877,0.01,N
HORSE CAMP CANYON,20903,AHOR,32.93656,-110.4935,4014,8/23/2026,F,75,98,20,56,3,11,8,24,,876,0.0,N
HUMBUG CREEK,20508,AHUM,34.11,-112.3,5250,8/23/2026,F,73,90,29,50,2,13,6,22,,850,0.0,N
HURRICANE,20117,AHUR,36.69908,-113.20731,5445,8/23/2026,F,67,91,19,45,7,10,11,23,,904,0.0,N
IRON SPRINGS,20501,AIRO,34.59361,-112.51139,5385,8/23/2026,F,63,87,29,68,1,5,3,15,,875,0.08,N
JARITA MESA,290204,XJAR,36.55597,-106.10306,8864,8/23/2026,F,55,83,23,66,2,11,3,16,,714,0.04,N
JEMEZ,290702,XJEM,35.84114,-106.61969,8248,8/23/2026,F,56,86,21,62,3,13,5,17,,677,0.0,N
LAGUNA,293304,XLAG,35.05197,-107.42028,5805,8/23/2026,F,65,94,15,54,2,14,3,19,,912,0.01,N
LAKESIDE,20303,ALAK,34.16283,-109.87639,7267,8/23/2026,F,58,83,29,65,2,5,5,13,,756,0.02,N
LIMESTONE CANYON,20309,ALIM,34.17786,-110.27663,7102,8/23/2026,F,63,88,24,54,2,7,6,11,,921,0.0,N
LINDBERGH HILL,20220,ALBE,36.28556,-112.07861,8800,8/23/2026,F,53,77,30,64,2,7,6,11,,816,0.05,N
LUNA,292004,XLUN,33.82289,-108.94311,7088,8/23/2026,F,53,87,19,75,1,7,1,9,,777,0.01,N
MAGDALENA,292104,XMAG,33.85061,-107.539,8495,8/23/2026,F,57,82,21,53,3,8,5,11,,790,0.0,N
MALPAIS LAVA FLOW,293301,XMAL,34.85181,-108.17461,7514,8/23/2026,F,55,86,21,72,1,13,1,17,,740,0.03,N
MAYHILL,293002,XMAY,32.90947,-105.46981,6599,8/23/2026,F,59,92,15,48,2,5,8,13,1/3/1 17:00 LMT,767,0.0,N
MCGREGGOR RANGE,292901,XMCG,32.43133,-105.62181,4832,8/23/2026,F,68,101,12,38,5,7,6,11,,985,0.0,N
MELROSE RANGE,291901,XMEL,34.28422,-103.71497,4263,8/23/2026,F,72,102,12,41,6,10,8,15,1/5/1 17:00 LMT,948,0.0,N
MESCAL,293003,XMES,33.15803,-105.76881,6227,8/23/2026,F,57,89,18,51,2,7,6,14,,966,0.0,N
MIDNIGHT,55522315,XMID,36.77819,-105.34131,10815,8/23/2026,F,44,74,24,89,2,7,3,9,,929,0.04,N
MILLS CANYON,291101,XMIL,36.05453,-104.32511,5881,8/23/2026,F,58,94,18,78,3,15,5,21,,956,0.0,N
MOGOLLON,292013,XMOG,33.39064,-108.80819,7602,8/23/2026,F,63,89,18,41,2,7,3,9,,852,0.0,N
MOHAWK DUNES,55522318,AMOD,32.68878,-113.74889,524,8/23/2026,F,84,108,25,70,2,8,7,16,,926,0.0,N
MORMON LAKE,20215,AMOL,34.90972,-111.43842,7094,8/23/2026,F,53,82,28,77,1,2,3,11,,689,0.11,N
MOSS BASIN,20115,AMOS,35.03397,-113.89406,5920,8/23/2026,F,67,87,30,55,3,8,7,14,,712,0.1,N
MOUNTAINAIR,291501,XMOU,34.52081,-106.26269,6593,8/23/2026,F,61,92,15,54,2,7,3,9,,793,0.0,N
MOUNTAIN LION,20310,AFAP,33.69511,-109.71078,7269,8/23/2026,F,57,84,24,60,1,2,5,9,,759,0.0,N
MOUNT LOGAN,20107,AMTL,36.35306,-113.19917,7605,8/23/2026,F,64,79,27,43,5,8,10,21,,875,0.04,N
MULESHOE RANCH,21007,AMUL,32.40383,-110.272,4475,8/23/2026,F,70,96,22,66,2,9,7,21,,868,0.0,N
MUSIC MOUNTAIN,20119,AMUS,35.61497,-113.79428,5375,8/23/2026,F,70,92,22,46,7,10,11,18,,907,0.0,N
NAVAJO MONUMENT,20307,ANAV,36.67667,-110.54389,7204,8/23/2026,F,60,85,22,56,2,7,6,10,,735,0.03,N
NEVERSHINE,55522326,ANEV,36.24753,-113.88851,2165,8/23/2026,F,85,104,15,28,6,10,9,14,1/1/1 17:00 LMT,905,0.0,N
NIXON FLATS,20113,ANIX,36.38833,-113.15806,6500,8/23/2026,F,61,84,24,54,1,6,3,16,,876,0.02,N
NOON CREEK,21010,ANOO,32.66778,-109.78806,4925,8/23/2026,F,70,99,14,44,5,11,9,21,,839,0.0,N
OAK CREEK,20219,AOAK,34.94686,-111.75444,4804,8/23/2026,F,65,95,21,57,1,5,7,13,,834,0.0,N
OAK FLATS,291402,XOAK,35.00614,-106.31583,7675,8/23/2026,F,59,89,18,60,2,7,3,9,,811,0.0,N
OATMAN,21502,AOAT,33.04994,-113.13867,1715,8/23/2026,F,85,107,23,63,3,11,7,17,,831,0.0,N
OLAF KNOLLS,20108,AOLA,36.50725,-113.81589,2974,8/23/2026,F,82,103,14,27,5,10,11,22,,922,0.0,N
PADUCA,293202,XPAD,32.17983,-103.722,3534,8/23/2026,F,74,102,15,45,7,15,10,24,,970,0.0,N
PARIA POINT,20226,APAR,36.72753,-111.822,7106,8/23/2026,F,64,84,23,45,2,5,6,16,,731,0.06,N
PAYSON,20602,APAY,34.24614,-111.2935,5064,8/23/2026,F,64,92,25,68,0,7,2,14,,825,0.0,N
PECOS,291202,XPEC,35.54558,-105.49439,8229,8/23/2026,F,61,85,22,50,3,8,5,11,,606,0.0,N
PELONA MOUNTAIN,292009,XPEL,33.69375,-108.06161,7955,8/23/2026,F,59,84,18,54,3,9,5,13,,835,0.0,N
PICACHO PEAK,55522341,APIC,32.66314,-111.42154,1750,8/23/2026,F,80,101,24,63,2,8,5,14,,898,0.0,N
PINE,20612,APNE,34.37181,-111.4555,5313,8/23/2026,F,62,92,26,65,2,7,5,13,,823,0.0,N
PINEDALE,55522344,APND,34.30617,-110.23661,6461,8/23/2026,F,62,86,24,60,2,6,5,14,,873,0.02,N
PINEY HILL,20402,APIN,35.76111,-109.16719,8061,8/23/2026,F,58,79,26,60,2,5,6,13,,759,0.06,N
PLEASANT VALLEY,20603,APLE,34.08858,-110.94225,5232,8/23/2026,F,63,93,22,66,1,5,3,14,,839,0.0,N
PROMONTORY,20221,APRO,34.36528,-111.01444,7842,8/23/2026,F,59,79,35,58,1,3,6,10,,764,0.0,N
QUEEN,293105,XQUN,32.20361,-104.69031,5642,8/23/2026,F,70,96,13,34,6,8,14,17,1/6/1 17:00 LMT,973,0.0,N
RAMAH,293305,XRAM,34.81947,-108.29439,7645,8/23/2026,F,55,86,21,72,1,11,1,16,,734,0.0,N
RED CANYON,55523735,XRDC,34.62289,-106.40831,8070,8/23/2026,F,59,80,19,46,5,7,7,9,,818,0.0,N
RED LAKE,20610,ARED,34.18133,-110.78919,6524,8/23/2026,F,57,87,28,78,0,3,3,11,,813,0.0,N
RESERVE,292005,XRES,33.71489,-108.777,5846,8/23/2026,F,58,93,15,67,1,7,1,9,,938,0.0,N
RINCON,21207,ARIN,32.20639,-110.54861,8209,8/23/2026,F,60,76,38,67,5,9,8,15,,867,0.03,N
RUCKER,21414,ARUC,31.76111,-109.34861,5700,8/23/2026,F,62,91,15,65,2,5,6,15,,952,0.0,N
SAGUARO,21202,ASAG,32.31111,-110.81861,2758,8/23/2026,F,78,104,22,65,2,7,5,17,,848,0.01,N
SAN ANDRES,292904,XSAA,32.58008,-106.52719,6137,8/23/2026,F,70,94,13,28,1,5,5,15,,987,0.0,N
SAN CARLOS #1,20608,ASCA,33.37165,-110.45683,2830,8/23/2026,F,77,106,15,47,2,9,6,19,,867,0.0,N
SANDIA LAB,291408,XSLB,35.00406,-106.41148,6321,8/23/2026,F,64,91,19,56,2,8,3,11,,837,0.0,N
SANDIA LAKES,290706,XSLK,35.22967,-106.59061,5027,8/23/2026,F,65,99,16,63,2,10,3,15,,854,0.0,N
SANTA FE WATERSHED,290901,XSFW,35.68686,-105.86031,7749,8/23/2026,F,55,86,19,67,3,9,5,13,,879,0.0,N
SASABE,21206,ASAS,31.69169,-111.44811,3500,8/23/2026,F,71,99,26,91,2,8,6,18,,914,0.04,N
SCOUT CAMP,21208,ASOL,32.39806,-110.725,7554,8/23/2026,F,63,82,36,68,3,9,9,16,,760,0.03,N
SELLS,21209,ASES,31.91014,-111.89743,2262,8/23/2026,F,78,102,26,77,2,7,6,16,,919,0.02,N
SEVILLETA,292105,XSEV,34.35844,-106.6895,5246,8/23/2026,F,67,97,14,53,2,7,3,9,,915,0.0,N
SHADOW RIM,20611,ASHA,34.40586,-111.28319,5660,8/23/2026,F,62,93,24,65,0,5,3,11,,771,0.02,N
SLAUGHTER,292008,XSLA,34.06056,-108.44472,8680,8/23/2026,F,56,81,25,60,2,7,3,9,,809,0.01,N
SMITH PEAK,21501,ASMI,34.11486,-113.34733,2386,8/23/2026,F,85,103,22,42,3,6,8,17,,913,0.0,N
SMOKEY BEAR,292203,XSMO,33.35019,-105.686,7194,8/23/2026,F,52,90,19,66,3,8,5,11,,843,0.0,N
SOWATS,55523737,ASOW,36.48242,-112.42281,7038,8/23/2026,F,59,84,23,56,5,8,8,13,,727,0.09,N
STANTON,20509,ASTA,34.16403,-112.73486,3600,8/23/2026,F,79,96,25,44,5,10,9,19,,924,0.01,N
STONE LAKE,290201,XSTO,36.73161,-106.86581,7436,8/23/2026,F,54,89,16,72,1,11,1,16,,856,0.0,N
STRAY HORSE,21106,ASTH,33.55253,-109.31719,7956,8/23/2026,F,62,81,21,45,3,13,8,19,,910,0.0,N
SUNSET POINT,20510,ASUN,34.18847,-112.13467,3380,8/23/2026,F,76,99,22,50,2,11,7,22,,877,0.0,N
TANKS,55522384,ATNK,33.67314,-110.57431,5801,8/23/2026,F,63,90,23,63,3,8,8,18,,874,0.0,N
TAOS PUEBLO RAWS,55522385,XTAP,36.41461,-105.55689,7135,8/23/2026,F,57,89,21,70,1,11,1,16,,908,0.02,N
T BAR,55523738,XTBA,33.51789,-108.52419,8047,8/23/2026,F,54,83,20,62,1,6,1,8,,853,0.0,N
TONTO BASIN,20606,ATON,33.86861,-111.31333,2414,8/23/2026,F,78,104,20,52,1,8,5,19,,852,0.01,N
TOWER,290801,XTOW,35.77899,-106.26611,6529,8/23/2026,F,62,93,17,60,5,13,7,17,,854,0.0,N
TRAIL CABIN,21105,ATRA,33.26478,-109.36789,6250,8/23/2026,F,67,92,15,44,5,8,8,17,,915,0.0,N
TRUCHAS,290210,XTRU,36.059,-105.7695,8353,8/23/2026,F,48,83,20,83,2,9,3,13,,879,0.0,N
TRUXTON CANYON,20120,ATRU,35.78013,-113.79563,5304,8/23/2026,F,74,89,23,40,5,9,8,21,,881,0.03,N
TUSAYAN,20207,ATUS,35.98833,-112.12056,6570,8/23/2026,F,51,85,24,80,0,2,3,9,,810,0.01,N
TWEEDS POINT,20109,ATWE,36.58186,-113.732,5334,8/23/2026,F,77,92,18,29,8,13,15,28,,926,0.0,N
UNION PASS,20116,AUNI,35.23233,-114.38194,3590,8/23/2026,F,82,97,22,37,2,8,6,21,,889,0.0,N
VERDE,20503,AVER,34.54917,-111.84417,3101,8/23/2026,F,70,101,21,73,1,3,5,11,,797,0.0,N
WARM SPRINGS CANYON,20216,AWAR,36.70117,-112.22689,7953,8/23/2026,F,56,79,27,55,5,8,8,13,,594,0.03,N
WASHINGTON PASS,290101,XWAS,36.0765,-108.8615,9384,8/23/2026,F,57,77,28,57,2,7,3,9,,671,0.03,N
WILD RIVERS,290307,XWDR,36.69469,-105.66872,7530,8/23/2026,F,50,86,19,83,2,14,3,19,,934,0.0,N
YELLOW JOHN MOUNTAIN,20217,AYEL,36.155,-113.54944,6160,8/23/2026,F,56,88,23,63,2,5,7,16,,802,0.0,N
ZUNI BUTTES,290603,XZUB,35.13919,-108.94131,6649,8/23/2026,F,58,92,17,70,1,10,1,15,,913,0.0,N
10K,55522198,X10K,35.2085,-106.43586,10065,8/23/2026,F,54,77,23,60,3,8,5,11,,782,0.0,N
AHAKHAV PRESERVE,21503,AAHA,34.13222,-114.32917,363,8/23/2026,F,86,109,23,54,2,8,7,18,,866,0.0,N
ALBINO CANYON,290102,XALB,36.97661,-107.62892,7173,8/23/2026,F,60,90,17,65,1,15,1,21,,886,0.0,N
ALPINE,20401,AALP,33.84272,-109.11161,8207,8/23/2026,F,56,80,26,62,2,5,6,13,,886,0.0,N
BAKERS TANK,55522210,AHBB,32.61528,-114.00836,563,8/23/2026,F,84,106,26,68,3,9,7,19,,927,0.0,N
BARTLEY,291002,XBAR,35.90875,-105.38769,9192,8/23/2026,F,57,79,25,58,2,10,3,15,,773,0.0,N
BATDRAW,293101,XBAD,32.17861,-104.44056,4425,8/23/2026,F,76,101,13,31,5,11,10,21,,950,0.0,N
BEAVERHEAD,292001,XBEA,33.42353,-108.11019,6750,8/23/2026,F,53,90,18,75,2,8,3,11,,922,0.0,N
BELMONT,21504,ABEL,33.67411,-112.92281,1813,8/23/2026,F,82,105,22,59,3,7,8,15,,914,0.0,N
BLACK HILLS,21008,ABLA,33.08203,-109.95119,3262,8/23/2026,F,79,104,13,39,5,8,9,19,,827,0.0,N
BLACK MESA,290305,XBLM,36.03708,-106.04964,5762,8/23/2026,F,60,94,18,67,2,11,3,16,,930,0.0,N
BLACK ROCK,20114,ABRK,36.79436,-113.75056,7224,8/23/2026,F,68,83,22,36,2,5,10,17,,898,0.0,N
BLUEWATER RIDGE,293303,XBLR,35.19411,-108.16336,8274,8/23/2026,F,57,82,25,60,2,8,3,11,,732,0.06,N
BOSQUE,292103,XBOS,33.82064,-106.88169,4523,8/23/2026,F,65,100,13,57,2,11,3,16,,937,0.0,N
BRIGHT ANGEL,20211,ACAN,36.20472,-112.06222,8134,8/23/2026,F,57,80,27,55,2,9,5,14,,815,0.0,N
BRUSHY MOUNTAIN,291301,XBRU,34.72,-107.8484,8789,8/23/2026,F,57,83,22,59,2,14,3,19,,753,0.0,N
BUCKSKIN MTN,20224,ABUC,36.91808,-112.19981,6334,8/23/2026,F,66,86,22,44,2,7,6,18,,764,0.0,N
BURRO MOUNTAIN,292504,XBUR,32.67203,-108.53969,6995,8/23/2026,F,67,92,15,36,5,9,8,18,,804,0.0,N
CANELO,21303,ACNL,31.54972,-110.51917,4629,8/23/2026,F,66,92,27,79,5,9,8,18,,923,0.03,N
CAPROCK,293104,XCAP,32.92728,-103.85689,4167,8/23/2026,F,72,101,12,43,6,15,9,22,1/1/1 17:00 LMT,976,0.0,N
CARR,21411,ACAA,31.44111,-110.28611,5400,8/23/2026,F,68,94,25,71,2,11,7,23,,941,0.0,N
CASA GRANDE,20906,ACSG,32.99177,-111.53264,1412,8/23/2026,F,83,105,23,59,3,9,5,16,,911,0.0,N
CAVE CREEK,55522232,ACAV,34.0899,-111.8465,3477,8/23/2026,F,71,100,20,62,1,7,5,17,,811,0.0,N
CEDAR RIDGE,55523718,ACED,32.59872,-110.76231,4735,8/23/2026,F,73,95,24,60,6,10,9,18,,841,0.0,N
CHERRY,20511,ACHE,34.59661,-112.04761,5147,8/23/2026,F,61,91,26,75,2,5,6,15,,896,0.0,N
CHUPADERA,292102,XCHU,33.77294,-106.0985,5580,8/23/2026,F,66,97,13,47,3,7,5,9,,972,0.0,N
CIBOLA,20121,ACBL,33.28,-114.68489,252,8/23/2026,F,86,110,23,66,3,10,8,21,,913,0.0,N
CIMARRON,290401,XCIM,36.60611,-105.12028,8806,8/23/2026,F,51,81,23,77,2,9,3,13,,654,0.06,N
CIPRIANO,55522238,ARIP,32.4235,-114.16211,1042,8/23/2026,F,85,106,28,66,3,14,7,23,,932,0.0,N
COLUMBINE,21005,ACOL,32.70389,-109.91389,9521,8/23/2026,F,54,75,31,69,2,5,9,15,,646,0.0,N
COSMIC,293004,XCOS,32.77925,-105.81989,9172,8/23/2026,F,61,80,21,37,2,7,7,17,,910,0.0,N
COYOTE,290202,XCOY,36.07333,-106.65739,8704,8/23/2026,F,53,83,23,66,5,11,7,16,,786,0.02,N
CROWN KING,20502,ACRO,34.20336,-112.34561,6173,8/23/2026,F,64,87,30,65,2,5,6,13,,791,0.01,N
CUBA,290705,XCUB,35.942,-107.07739,6890,8/23/2026,F,59,90,16,56,2,9,3,13,,897,0.0,N
DATIL,292012,XDAT,34.29256,-107.768,8431,8/23/2026,F,56,82,24,60,3,9,5,13,,717,0.05,N
DEADMAN PEAK,290203,XDEA,36.4229,-106.772,8389,8/23/2026,F,57,85,15,55,2,11,3,16,,833,0.0,N
DEVILS HILLS,55522251,ADVH,32.42483,-113.79011,836,8/23/2026,F,84,107,26,70,2,10,6,21,,926,0.0,N
DRIPPING SPRINGS,292903,XDRI,32.32225,-106.58661,5814,8/23/2026,F,75,96,12,23,1,6,6,17,,989,0.0,N
DRY LAKE,21009,ADRL,33.35982,-109.83306,7405,8/23/2026,F,64,89,20,47,3,7,8,16,,764,0.0,N
DRY PARK,20212,ADRY,36.45308,-112.23819,8700,8/23/2026,F,54,76,29,59,2,7,5,13,,797,0.01,N
DULCE #2,290205,XDUL,36.93519,-107.00011,6805,8/23/2026,F,51,91,18,86,1,13,1,17,,877,0.0,N
DUNKEN,292302,XDUN,32.82467,-105.18261,5431,8/23/2026,F,69,97,14,34,3,13,5,17,1/3/1 17:00 LMT,895,0.0,N
DUTCH KID,55522257,ADUT,35.12931,-112.28219,6505,8/23/2026,F,55,85,28,78,3,7,6,16,,842,0.0,N
EIGHT MILE DRAW,292301,XEIG,33.65064,-104.32139,3626,8/23/2026,F,71,105,11,41,5,9,7,13,,967,0.0,N
EMPIRE,21205,AEMP,31.78347,-110.64325,4650,8/23/2026,F,67,93,27,81,2,7,6,17,,922,0.0,N
FLAGSTAFF,20209,AFLG,35.14111,-111.6725,6903,8/23/2026,F,52,82,28,80,0,3,5,13,,775,0.01,N
FORT YUMA,20102,AFYM,32.65222,-114.63417,185,8/23/2026,F,86,108,26,70,3,10,7,19,,925,0.0,N
FOUR SPRINGS,20227,AFOU,36.79367,-112.04239,6560,8/23/2026,F,66,83,23,44,2,6,6,14,,653,0.04,N
FRAZIER WELLS,20213,AFRA,35.84551,-113.05501,6796,8/23/2026,F,65,82,27,49,2,8,5,13,,764,0.05,N
FTHL YDMA,55522271,AFTH,32.48658,-114.4635,331,8/23/2026,F,86,108,27,73,6,15,9,22,,931,0.0,N
GILA CENTER RAWS,292011,XGIL,33.22375,-108.24031,5767,8/23/2026,F,56,94,14,72,2,8,3,11,,948,0.0,N
GLOBE,20601,AGLO,33.32694,-110.76694,4137,8/23/2026,F,77,97,22,47,5,8,9,19,,905,0.01,N
GOLDFIELD,21505,AGOL,33.55531,-111.6145,1367,8/23/2026,F,85,108,20,52,1,7,2,13,,870,0.0,N
GOODWIN MESA,20507,AGOO,34.77614,-113.3375,4311,8/23/2026,F,72,96,22,53,2,10,5,14,,895,0.03,N
GRANTS,291302,XGRA,35.24278,-107.66528,8620,8/23/2026,F,54,82,22,67,2,7,3,9,,756,0.0,N
GREENBASE,20284,AGRB,35.27619,-112.06325,6923,8/23/2026,F,51,81,31,86,1,6,5,14,,783,0.04,N
GREER,20404,AGRE,34.05853,-109.44097,8240,8/23/2026,F,56,77,31,60,2,6,5,11,,745,0.0,N
GUNSIGHT,20223,AGUN,36.70464,-112.5835,5284,8/23/2026,F,68,92,19,42,2,7,6,18,,840,0.06,N
GUTHRIE,21104,AGUT,32.88203,-109.30931,6324,8/23/2026,F,71,92,15,35,3,15,9,26,,865,0.0,N
HACHITA VALLEY,292702,XHAC,31.702,-108.34169,4290,8/23/2026,F,69,102,11,49,3,7,5,10,,973,0.0,N
HAPPY JACK,20291,AHJK,34.61797,-111.34239,6812,8/23/2026,F,53,82,31,83,0,3,3,15,,673,0.05,N
HAVASU,20118,AHAV,34.80758,-114.53456,475,8/23/2026,F,86,112,18,52,2,7,6,15,,872,0.0,N
HEADQUARTERS,21409,ACHR,32.00611,-109.35694,5400,8/23/2026,F,67,96,17,57,2,6,6,13,,948,0.02,N
HEBER,20301,AHBR,34.39778,-110.56444,6635,8/23/2026,F,59,84,27,65,1,5,5,15,,849,0.02,N
HILLTOP,20609,AHIL,33.61119,-110.41461,5732,8/23/2026,F,61,92,23,68,2,5,5,14,,917,0.0,N
HOPI,20312,AHPI,35.86292,-110.61495,5579,8/23/2026,F,62,93,17,58,2,10,6,22,,847,0.0,N
HOPKINS,21302,AHPK,31.67528,-110.88,7120,8/23/2026,F,65,84,34,63,5,9,8,14,,877,0.01,N
HORSE CAMP CANYON,20903,AHOR,32.93656,-110.4935,4014,8/23/2026,F,75,98,20,56,3,11,8,24,,876,0.0,N
HUMBUG CREEK,20508,AHUM,34.11,-112.3,5250,8/23/2026,F,73,90,29,50,2,13,6,22,,850,0.0,N
HURRICANE,20117,AHUR,36.69908,-113.20731,5445,8/23/2026,F,67,91,19,45,7,10,11,23,,904,0.0,N
IRON SPRINGS,20501,AIRO,34.59361,-112.51139,5385,8/23/2026,F,63,87,29,68,1,5,3,15,,875,0.08,N
JARITA MESA,290204,XJAR,36.55597,-106.10306,8864,8/23/2026,F,55,83,23,66,2,11,3,16,,714,0.04,N
JEMEZ,290702,XJEM,35.84114,-106.61969,8248,8/23/2026,F,56,86,21,62,3,13,5,17,,677,0.0,N
LAGUNA,293304,XLAG,35.05197,-107.42028,5805,8/23/2026,F,65,94,15,54,2,14,3,19,,912,0.01,N
LAKESIDE,20303,ALAK,34.16283,-109.87639,7267,8/23/2026,F,58,83,29,65,2,5,5,13,,756,0.02,N
LIMESTONE CANYON,20309,ALIM,34.17786,-110.27663,7102,8/23/2026,F,63,88,24,54,2,7,6,11,,921,0.0,N
LINDBERGH HILL,20220,ALBE,36.28556,-112.07861,8800,8/23/2026,F,53,77,30,64,2,7,6,11,,816,0.05,N
LUNA,292004,XLUN,33.82289,-108.94311,7088,8/23/2026,F,53,87,19,75,1,7,1,9,,777,0.01,N
MAGDALENA,292104,XMAG,33.85061,-107.539,8495,8/23/2026,F,57,82,21,53,3,8,5,11,,790,0.0,N
MALPAIS LAVA FLOW,293301,XMAL,34.85181,-108.17461,7514,8/23/2026,F,55,86,21,72,1,13,1,17,,740,0.03,N
MAYHILL,293002,XMAY,32.90947,-105.46981,6599,8/23/2026,F,59,92,15,48,2,5,8,13,1/3/1 17:00 LMT,767,0.0,N
MCGREGGOR RANGE,292901,XMCG,32.43133,-105.62181,4832,8/23/2026,F,68,101,12,38,5,7,6,11,,985,0.0,N
MELROSE RANGE,291901,XMEL,34.28422,-103.71497,4263,8/23/2026,F,72,102,12,41,6,10,8,15,1/5/1 17:00 LMT,948,0.0,N
MESCAL,293003,XMES,33.15803,-105.76881,6227,8/23/2026,F,57,89,18,51,2,7,6,14,,966,0.0,N
MIDNIGHT,55522315,XMID,36.77819,-105.34131,10815,8/23/2026,F,44,74,24,89,2,7,3,9,,929,0.04,N
MILLS CANYON,291101,XMIL,36.05453,-104.32511,5881,8/23/2026,F,58,94,18,78,3,15,5,21,,956,0.0,N
MOGOLLON,292013,XMOG,33.39064,-108.80819,7602,8/23/2026,F,63,89,18,41,2,7,3,9,,852,0.0,N
MOHAWK DUNES,55522318,AMOD,32.68878,-113.74889,524,8/23/2026,F,84,108,25,70,2,8,7,16,,926,0.0,N
MORMON LAKE,20215,AMOL,34.90972,-111.43842,7094,8/23/2026,F,53,82,28,77,1,2,3,11,,689,0.11,N
MOSS BASIN,20115,AMOS,35.03397,-113.89406,5920,8/23/2026,F,67,87,30,55,3,8,7,14,,712,0.1,N
MOUNTAINAIR,291501,XMOU,34.52081,-106.26269,6593,8/23/2026,F,61,92,15,54,2,7,3,9,,793,0.0,N
MOUNTAIN LION,20310,AFAP,33.69511,-109.71078,7269,8/23/2026,F,57,84,24,60,1,2,5,9,,759,0.0,N
MOUNT LOGAN,20107,AMTL,36.35306,-113.19917,7605,8/23/2026,F,64,79,27,43,5,8,10,21,,875,0.04,N
MULESHOE RANCH,21007,AMUL,32.40383,-110.272,4475,8/23/2026,F,70,96,22,66,2,9,7,21,,868,0.0,N
MUSIC MOUNTAIN,20119,AMUS,35.61497,-113.79428,5375,8/23/2026,F,70,92,22,46,7,10,11,18,,907,0.0,N
NAVAJO MONUMENT,20307,ANAV,36.67667,-110.54389,7204,8/23/2026,F,60,85,22,56,2,7,6,10,,735,0.03,N
NEVERSHINE,55522326,ANEV,36.24753,-113.88851,2165,8/23/2026,F,85,104,15,28,6,10,9,14,1/1/1 17:00 LMT,905,0.0,N
NIXON FLATS,20113,ANIX,36.38833,-113.15806,6500,8/23/2026,F,61,84,24,54,1,6,3,16,,876,0.02,N
NOON CREEK,21010,ANOO,32.66778,-109.78806,4925,8/23/2026,F,70,99,14,44,5,11,9,21,,839,0.0,N
OAK CREEK,20219,AOAK,34.94686,-111.75444,4804,8/23/2026,F,65,95,21,57,1,5,7,13,,834,0.0,N
OAK FLATS,291402,XOAK,35.00614,-106.31583,7675,8/23/2026,F,59,89,18,60,2,7,3,9,,811,0.0,N
OATMAN,21502,AOAT,33.04994,-113.13867,1715,8/23/2026,F,85,107,23,63,3,11,7,17,,831,0.0,N
OLAF KNOLLS,20108,AOLA,36.50725,-113.81589,2974,8/23/2026,F,82,103,14,27,5,10,11,22,,922,0.0,N
PADUCA,293202,XPAD,32.17983,-103.722,3534,8/23/2026,F,74,102,15,45,7,15,10,24,,970,0.0,N
PARIA POINT,20226,APAR,36.72753,-111.822,7106,8/23/2026,F,64,84,23,45,2,5,6,16,,731,0.06,N
PAYSON,20602,APAY,34.24614,-111.2935,5064,8/23/2026,F,64,92,25,68,0,7,2,14,,825,0.0,N
PECOS,291202,XPEC,35.54558,-105.49439,8229,8/23/2026,F,61,85,22,50,3,8,5,11,,606,0.0,N
PELONA MOUNTAIN,292009,XPEL,33.69375,-108.06161,7955,8/23/2026,F,59,84,18,54,3,9,5,13,,835,0.0,N
PICACHO PEAK,55522341,APIC,32.66314,-111.42154,1750,8/23/2026,F,80,101,24,63,2,8,5,14,,898,0.0,N
PINE,20612,APNE,34.37181,-111.4555,5313,8/23/2026,F,62,92,26,65,2,7,5,13,,823,0.0,N
PINEDALE,55522344,APND,34.30617,-110.23661,6461,8/23/2026,F,62,86,24,60,2,6,5,14,,873,0.02,N
PINEY HILL,20402,APIN,35.76111,-109.16719,8061,8/23/2026,F,58,79,26,60,2,5,6,13,,759,0.06,N
PLEASANT VALLEY,20603,APLE,34.08858,-110.94225,5232,8/23/2026,F,63,93,22,66,1,5,3,14,,839,0.0,N
PROMONTORY,20221,APRO,34.36528,-111.01444,7842,8/23/2026,F,59,79,35,58,1,3,6,10,,764,0.0,N
QUEEN,293105,XQUN,32.20361,-104.69031,5642,8/23/2026,F,70,96,13,34,6,8,14,17,1/6/1 17:00 LMT,973,0.0,N
RAMAH,293305,XRAM,34.81947,-108.29439,7645,8/23/2026,F,55,86,21,72,1,11,1,16,,734,0.0,N
RED CANYON,55523735,XRDC,34.62289,-106.40831,8070,8/23/2026,F,59,80,19,46,5,7,7,9,,818,0.0,N
RED LAKE,20610,ARED,34.18133,-110.78919,6524,8/23/2026,F,57,87,28,78,0,3,3,11,,813,0.0,N
RESERVE,292005,XRES,33.71489,-108.777,5846,8/23/2026,F,58,93,15,67,1,7,1,9,,938,0.0,N
RINCON,21207,ARIN,32.20639,-110.54861,8209,8/23/2026,F,60,76,38,67,5,9,8,15,,867,0.03,N
RUCKER,21414,ARUC,31.76111,-109.34861,5700,8/23/2026,F,62,91,15,65,2,5,6,15,,952,0.0,N
SAGUARO,21202,ASAG,32.31111,-110.81861,2758,8/23/2026,F,78,104,22,65,2,7,5,17,,848,0.01,N
SAN ANDRES,292904,XSAA,32.58008,-106.52719,6137,8/23/2026,F,70,94,13,28,1,5,5,15,,987,0.0,N
SAN CARLOS #1,20608,ASCA,33.37165,-110.45683,2830,8/23/2026,F,77,106,15,47,2,9,6,19,,867,0.0,N
SANDIA LAB,291408,XSLB,35.00406,-106.41148,6321,8/23/2026,F,64,91,19,56,2,8,3,11,,837,0.0,N
SANDIA LAKES,290706,XSLK,35.22967,-106.59061,5027,8/23/2026,F,65,99,16,63,2,10,3,15,,854,0.0,N
SANTA FE WATERSHED,290901,XSFW,35.68686,-105.86031,7749,8/23/2026,F,55,86,19,67,3,9,5,13,,879,0.0,N
SASABE,21206,ASAS,31.69169,-111.44811,3500,8/23/2026,F,71,99,26,91,2,8,6,18,,914,0.04,N
SCOUT CAMP,21208,ASOL,32.39806,-110.725,7554,8/23/2026,F,63,82,36,68,3,9,9,16,,760,0.03,N
SELLS,21209,ASES,31.91014,-111.89743,2262,8/23/2026,F,78,102,26,77,2,7,6,16,,919,0.02,N
SEVILLETA,292105,XSEV,34.35844,-106.6895,5246,8/23/2026,F,67,97,14,53,2,7,3,9,,915,0.0,N
SHADOW RIM,20611,ASHA,34.40586,-111.28319,5660,8/23/2026,F,62,93,24,65,0,5,3,11,,771,0.02,N
SLAUGHTER,292008,XSLA,34.06056,-108.44472,8680,8/23/2026,F,56,81,25,60,2,7,3,9,,809,0.01,N
SMITH PEAK,21501,ASMI,34.11486,-113.34733,2386,8/23/2026,F,85,103,22,42,3,6,8,17,,913,0.0,N
SMOKEY BEAR,292203,XSMO,33.35019,-105.686,7194,8/23/2026,F,52,90,19,66,3,8,5,11,,843,0.0,N
SOWATS,55523737,ASOW,36.48242,-112.42281,7038,8/23/2026,F,59,84,23,56,5,8,8,13,,727,0.09,N
STANTON,20509,ASTA,34.16403,-112.73486,3600,8/23/2026,F,79,96,25,44,5,10,9,19,,924,0.01,N
STONE LAKE,290201,XSTO,36.73161,-106.86581,7436,8/23/2026,F,54,89,16,72,1,11,1,16,,856,0.0,N
STRAY HORSE,21106,ASTH,33.55253,-109.31719,7956,8/23/2026,F,62,81,21,45,3,13,8,19,,910,0.0,N
SUNSET POINT,20510,ASUN,34.18847,-112.13467,3380,8/23/2026,F,76,99,22,50,2,11,7,22,,877,0.0,N
TANKS,55522384,ATNK,33.67314,-110.57431,5801,8/23/2026,F,63,90,23,63,3,8,8,18,,874,0.0,N
TAOS PUEBLO RAWS,55522385,XTAP,36.41461,-105.55689,7135,8/23/2026,F,57,89,21,70,1,11,1,16,,908,0.02,N
T BAR,55523738,XTBA,33.51789,-108.52419,8047,8/23/2026,F,54,83,20,62,1,6,1,8,,853,0.0,N
TONTO BASIN,20606,ATON,33.86861,-111.31333,2414,8/23/2026,F,78,104,20,52,1,8,5,19,,852,0.01,N
TOWER,290801,XTOW,35.77899,-106.26611,6529,8/23/2026,F,62,93,17,60,5,13,7,17,,854,0.0,N
TRAIL CABIN,21105,ATRA,33.26478,-109.36789,6250,8/23/2026,F,67,92,15,44,5,8,8,17,,915,0.0,N
TRUCHAS,290210,XTRU,36.059,-105.7695,8353,8/23/2026,F,48,83,20,83,2,9,3,13,,879,0.0,N
TRUXTON CANYON,20120,ATRU,35.78013,-113.79563,5304,8/23/2026,F,74,89,23,40,5,9,8,21,,881,0.03,N
TUSAYAN,20207,ATUS,35.98833,-112.12056,6570,8/23/2026,F,51,85,24,80,0,2,3,9,,810,0.01,N
TWEEDS POINT,20109,ATWE,36.58186,-113.732,5334,8/23/2026,F,77,92,18,29,8,13,15,28,,926,0.0,N
UNION PASS,20116,AUNI,35.23233,-114.38194,3590,8/23/2026,F,82,97,22,37,2,8,6,21,,889,0.0,N
VERDE,20503,AVER,34.54917,-111.84417,3101,8/23/2026,F,70,101,21,73,1,3,5,11,,797,0.0,N
WARM SPRINGS CANYON,20216,AWAR,36.70117,-112.22689,7953,8/23/2026,F,56,79,27,55,5,8,8,13,,594,0.03,N
WASHINGTON PASS,290101,XWAS,36.0765,-108.8615,9384,8/23/2026,F,57,77,28,57,2,7,3,9,,671,0.03,N
WILD RIVERS,290307,XWDR,36.69469,-105.66872,7530,8/23/2026,F,50,86,19,83,2,14,3,19,,934,0.0,N
YELLOW JOHN MOUNTAIN,20217,AYEL,36.155,-113.54944,6160,8/23/2026,F,56,88,23,63,2,5,7,16,,802,0.0,N
ZUNI BUTTES,290603,XZUB,35.13919,-108.94131,6649,8/23/2026,F,58,92,17,70,1,10,1,15,,913,0.0,N
10K,55522198,X10K,35.2085,-106.43586,10065,8/23/2026,F,54,77,23,60,3,8,5,11,,782,0.0,N
AHAKHAV PRESERVE,21503,AAHA,34.13222,-114.32917,363,8/23/2026,F,86,109,23,54,2,8,7,18,,866,0.0,N
ALBINO CANYON,290102,XALB,36.97661,-107.62892,7173,8/23/2026,F,60,90,17,65,1,15,1,21,,886,0.0,N
ALPINE,20401,AALP,33.84272,-109.11161,8207,8/23/2026,F,56,80,26,62,2,5,6,13,,886,0.0,N
BAKERS TANK,55522210,AHBB,32.61528,-114.00836,563,8/23/2026,F,84,106,26,68,3,9,7,19,,927,0.0,N
BARTLEY,291002,XBAR,35.90875,-105.38769,9192,8/23/2026,F,57,79,25,58,2,10,3,15,,773,0.0,N
BATDRAW,293101,XBAD,32.17861,-104.44056,4425,8/23/2026,F,76,101,13,31,5,11,10,21,,950,0.0,N
BEAVERHEAD,292001,XBEA,33.42353,-108.11019,6750,8/23/2026,F,53,90,18,75,2,8,3,11,,922,0.0,N
BELMONT,21504,ABEL,33.67411,-112.92281,1813,8/23/2026,F,82,105,22,59,3,7,8,15,,914,0.0,N
BLACK HILLS,21008,ABLA,33.08203,-109.95119,3262,8/23/2026,F,79,104,13,39,5,8,9,19,,827,0.0,N
BLACK MESA,290305,XBLM,36.03708,-106.04964,5762,8/23/2026,F,60,94,18,67,2,11,3,16,,930,0.0,N
BLACK ROCK,20114,ABRK,36.79436,-113.75056,7224,8/23/2026,F,68,83,22,36,2,5,10,17,,898,0.0,N
BLUEWATER RIDGE,293303,XBLR,35.19411,-108.16336,8274,8/23/2026,F,57,82,25,60,2,8,3,11,,732,0.06,N
BOSQUE,292103,XBOS,33.82064,-106.88169,4523,8/23/2026,F,65,100,13,57,2,11,3,16,,937,0.0,N
BRIGHT ANGEL,20211,ACAN,36.20472,-112.06222,8134,8/23/2026,F,57,80,27,55,2,9,5,14,,815,0.0,N
BRUSHY MOUNTAIN,291301,XBRU,34.72,-107.8484,8789,8/23/2026,F,57,83,22,59,2,14,3,19,,753,0.0,N
BUCKSKIN MTN,20224,ABUC,36.91808,-112.19981,6334,8/23/2026,F,66,86,22,44,2,7,6,18,,764,0.0,N
BURRO MOUNTAIN,292504,XBUR,32.67203,-108.53969,6995,8/23/2026,F,67,92,15,36,5,9,8,18,,804,0.0,N
CANELO,21303,ACNL,31.54972,-110.51917,4629,8/23/2026,F,66,92,27,79,5,9,8,18,,923,0.03,N
CAPROCK,293104,XCAP,32.92728,-103.85689,4167,8/23/2026,F,72,101,12,43,6,15,9,22,1/1/1 17:00 LMT,976,0.0,N
CARR,21411,ACAA,31.44111,-110.28611,5400,8/23/2026,F,68,94,25,71,2,11,7,23,,941,0.0,N
CASA GRANDE,20906,ACSG,32.99177,-111.53264,1412,8/23/2026,F,83,105,23,59,3,9,5,16,,911,0.0,N
CAVE CREEK,55522232,ACAV,34.0899,-111.8465,3477,8/23/2026,F,71,100,20,62,1,7,5,17,,811,0.0,N
CEDAR RIDGE,55523718,ACED,32.59872,-110.76231,4735,8/23/2026,F,73,95,24,60,6,10,9,18,,841,0.0,N
CHERRY,20511,ACHE,34.59661,-112.04761,5147,8/23/2026,F,61,91,26,75,2,5,6,15,,896,0.0,N
CHUPADERA,292102,XCHU,33.77294,-106.0985,5580,8/23/2026,F,66,97,13,47,3,7,5,9,,972,0.0,N
CIBOLA,20121,ACBL,33.28,-114.68489,252,8/23/2026,F,86,110,23,66,3,10,8,21,,913,0.0,N
CIMARRON,290401,XCIM,36.60611,-105.12028,8806,8/23/2026,F,51,81,23,77,2,9,3,13,,654,0.06,N
CIPRIANO,55522238,ARIP,32.4235,-114.16211,1042,8/23/2026,F,85,106,28,66,3,14,7,23,,932,0.0,N
COLUMBINE,21005,ACOL,32.70389,-109.91389,9521,8/23/2026,F,54,75,31,69,2,5,9,15,,646,0.0,N
COSMIC,293004,XCOS,32.77925,-105.81989,9172,8/23/2026,F,61,80,21,37,2,7,7,17,,910,0.0,N
COYOTE,290202,XCOY,36.07333,-106.65739,8704,8/23/2026,F,53,83,23,66,5,11,7,16,,786,0.02,N
CROWN KING,20502,ACRO,34.20336,-112.34561,6173,8/23/2026,F,64,87,30,65,2,5,6,13,,791,0.01,N
CUBA,290705,XCUB,35.942,-107.07739,6890,8/23/2026,F,59,90,16,56,2,9,3,13,,897,0.0,N
DATIL,292012,XDAT,34.29256,-107.768,8431,8/23/2026,F,56,82,24,60,3,9,5,13,,717,0.05,N
DEADMAN PEAK,290203,XDEA,36.4229,-106.772,8389,8/23/2026,F,57,85,15,55,2,11,3,16,,833,0.0,N
DEVILS HILLS,55522251,ADVH,32.42483,-113.79011,836,8/23/2026,F,84,107,26,70,2,10,6,21,,926,0.0,N
DRIPPING SPRINGS,292903,XDRI,32.32225,-106.58661,5814,8/23/2026,F,75,96,12,23,1,6,6,17,,989,0.0,N
DRY LAKE,21009,ADRL,33.35982,-109.83306,7405,8/23/2026,F,64,89,20,47,3,7,8,16,,764,0.0,N
DRY PARK,20212,ADRY,36.45308,-112.23819,8700,8/23/2026,F,54,76,29,59,2,7,5,13,,797,0.01,N
DULCE #2,290205,XDUL,36.93519,-107.00011,6805,8/23/2026,F,51,91,18,86,1,13,1,17,,877,0.0,N
DUNKEN,292302,XDUN,32.82467,-105.18261,5431,8/23/2026,F,69,97,14,34,3,13,5,17,1/3/1 17:00 LMT,895,0.0,N
DUTCH KID,55522257,ADUT,35.12931,-112.28219,6505,8/23/2026,F,55,85,28,78,3,7,6,16,,842,0.0,N
EIGHT MILE DRAW,292301,XEIG,33.65064,-104.32139,3626,8/23/2026,F,71,105,11,41,5,9,7,13,,967,0.0,N
EMPIRE,21205,AEMP,31.78347,-110.64325,4650,8/23/2026,F,67,93,27,81,2,7,6,17,,922,0.0,N
FLAGSTAFF,20209,AFLG,35.14111,-111.6725,6903,8/23/2026,F,52,82,28,80,0,3,5,13,,775,0.01,N
FORT YUMA,20102,AFYM,32.65222,-114.63417,185,8/23/2026,F,86,108,26,70,3,10,7,19,,925,0.0,N
FOUR SPRINGS,20227,AFOU,36.79367,-112.04239,6560,8/23/2026,F,66,83,23,44,2,6,6,14,,653,0.04,N
FRAZIER WELLS,20213,AFRA,35.84551,-113.05501,6796,8/23/2026,F,65,82,27,49,2,8,5,13,,764,0.05,N
FTHL YDMA,55522271,AFTH,32.48658,-114.4635,331,8/23/2026,F,86,108,27,73,6,15,9,22,,931,0.0,N
GILA CENTER RAWS,292011,XGIL,33.22375,-108.24031,5767,8/23/2026,F,56,94,14,72,2,8,3,11,,948,0.0,N
GLOBE,20601,AGLO,33.32694,-110.76694,4137,8/23/2026,F,77,97,22,47,5,8,9,19,,905,0.01,N
GOLDFIELD,21505,AGOL,33.55531,-111.6145,1367,8/23/2026,F,85,108,20,52,1,7,2,13,,870,0.0,N
GOODWIN MESA,20507,AGOO,34.77614,-113.3375,4311,8/23/2026,F,72,96,22,53,2,10,5,14,,895,0.03,N
GRANTS,291302,XGRA,35.24278,-107.66528,8620,8/23/2026,F,54,82,22,67,2,7,3,9,,756,0.0,N
GREENBASE,20284,AGRB,35.27619,-112.06325,6923,8/23/2026,F,51,81,31,86,1,6,5,14,,783,0.04,N
GREER,20404,AGRE,34.05853,-109.44097,8240,8/23/2026,F,56,77,31,60,2,6,5,11,,745,0.0,N
GUNSIGHT,20223,AGUN,36.70464,-112.5835,5284,8/23/2026,F,68,92,19,42,2,7,6,18,,840,0.06,N
GUTHRIE,21104,AGUT,32.88203,-109.30931,6324,8/23/2026,F,71,92,15,35,3,15,9,26,,865,0.0,N
HACHITA VALLEY,292702,XHAC,31.702,-108.34169,4290,8/23/2026,F,69,102,11,49,3,7,5,10,,973,0.0,N
HAPPY JACK,20291,AHJK,34.61797,-111.34239,6812,8/23/2026,F,53,82,31,83,0,3,3,15,,673,0.05,N
HAVASU,20118,AHAV,34.80758,-114.53456,475,8/23/2026,F,86,112,18,52,2,7,6,15,,872,0.0,N
HEADQUARTERS,21409,ACHR,32.00611,-109.35694,5400,8/23/2026,F,67,96,17,57,2,6,6,13,,948,0.02,N
HEBER,20301,AHBR,34.39778,-110.56444,6635,8/23/2026,F,59,84,27,65,1,5,5,15,,849,0.02,N
HILLTOP,20609,AHIL,33.61119,-110.41461,5732,8/23/2026,F,61,92,23,68,2,5,5,14,,917,0.0,N
HOPI,20312,AHPI,35.86292,-110.61495,5579,8/23/2026,F,62,93,17,58,2,10,6,22,,847,0.0,N
HOPKINS,21302,AHPK,31.67528,-110.88,7120,8/23/2026,F,65,84,34,63,5,9,8,14,,877,0.01,N
HORSE CAMP CANYON,20903,AHOR,32.93656,-110.4935,4014,8/23/2026,F,75,98,20,56,3,11,8,24,,876,0.0,N
HUMBUG CREEK,20508,AHUM,34.11,-112.3,5250,8/23/2026,F,73,90,29,50,2,13,6,22,,850,0.0,N
HURRICANE,20117,AHUR,36.69908,-113.20731,5445,8/23/2026,F,67,91,19,45,7,10,11,23,,904,0.0,N
IRON SPRINGS,20501,AIRO,34.59361,-112.51139,5385,8/23/2026,F,63,87,29,68,1,5,3,15,,875,0.08,N
JARITA MESA,290204,XJAR,36.55597,-106.10306,8864,8/23/2026,F,55,83,23,66,2,11,3,16,,714,0.04,N
JEMEZ,290702,XJEM,35.84114,-106.61969,8248,8/23/2026,F,56,86,21,62,3,13,5,17,,677,0.0,N
LAGUNA,293304,XLAG,35.05197,-107.42028,5805,8/23/2026,F,65,94,15,54,2,14,3,19,,912,0.01,N
LAKESIDE,20303,ALAK,34.16283,-109.87639,7267,8/23/2026,F,58,83,29,65,2,5,5,13,,756,0.02,N
LIMESTONE CANYON,20309,ALIM,34.17786,-110.27663,7102,8/23/2026,F,63,88,24,54,2,7,6,11,,921,0.0,N
LINDBERGH HILL,20220,ALBE,36.28556,-112.07861,8800,8/23/2026,F,53,77,30,64,2,7,6,11,,816,0.05,N
LUNA,292004,XLUN,33.82289,-108.94311,7088,8/23/2026,F,53,87,19,75,1,7,1,9,,777,0.01,N
MAGDALENA,292104,XMAG,33.85061,-107.539,8495,8/23/2026,F,57,82,21,53,3,8,5,11,,790,0.0,N
MALPAIS LAVA FLOW,293301,XMAL,34.85181,-108.17461,7514,8/23/2026,F,55,86,21,72,1,13,1,17,,740,0.03,N
MAYHILL,293002,XMAY,32.90947,-105.46981,6599,8/23/2026,F,59,92,15,48,2,5,8,13,1/3/1 17:00 LMT,767,0.0,N
MCGREGGOR RANGE,292901,XMCG,32.43133,-105.62181,4832,8/23/2026,F,68,101,12,38,5,7,6,11,,985,0.0,N
MELROSE RANGE,291901,XMEL,34.28422,-103.71497,4263,8/23/2026,F,72,102,12,41,6,10,8,15,1/5/1 17:00 LMT,948,0.0,N
MESCAL,293003,XMES,33.15803,-105.76881,6227,8/23/2026,F,57,89,18,51,2,7,6,14,,966,0.0,N
MIDNIGHT,55522315,XMID,36.77819,-105.34131,10815,8/23/2026,F,44,74,24,89,2,7,3,9,,929,0.04,N
MILLS CANYON,291101,XMIL,36.05453,-104.32511,5881,8/23/2026,F,58,94,18,78,3,15,5,21,,956,0.0,N
MOGOLLON,292013,XMOG,33.39064,-108.80819,7602,8/23/2026,F,63,89,18,41,2,7,3,9,,852,0.0,N
MOHAWK DUNES,55522318,AMOD,32.68878,-113.74889,524,8/23/2026,F,84,108,25,70,2,8,7,16,,926,0.0,N
MORMON LAKE,20215,AMOL,34.90972,-111.43842,7094,8/23/2026,F,53,82,28,77,1,2,3,11,,689,0.11,N
MOSS BASIN,20115,AMOS,35.03397,-113.89406,5920,8/23/2026,F,67,87,30,55,3,8,7,14,,712,0.1,N
MOUNTAINAIR,291501,XMOU,34.52081,-106.26269,6593,8/23/2026,F,61,92,15,54,2,7,3,9,,793,0.0,N
MOUNTAIN LION,20310,AFAP,33.69511,-109.71078,7269,8/23/2026,F,57,84,24,60,1,2,5,9,,759,0.0,N
MOUNT LOGAN,20107,AMTL,36.35306,-113.19917,7605,8/23/2026,F,64,79,27,43,5,8,10,21,,875,0.04,N
MULESHOE RANCH,21007,AMUL,32.40383,-110.272,4475,8/23/2026,F,70,96,22,66,2,9,7,21,,868,0.0,N
MUSIC MOUNTAIN,20119,AMUS,35.61497,-113.79428,5375,8/23/2026,F,70,92,22,46,7,10,11,18,,907,0.0,N
NAVAJO MONUMENT,20307,ANAV,36.67667,-110.54389,7204,8/23/2026,F,60,85,22,56,2,7,6,10,,735,0.03,N
NEVERSHINE,55522326,ANEV,36.24753,-113.88851,2165,8/23/2026,F,85,104,15,28,6,10,9,14,1/1/1 17:00 LMT,905,0.0,N
NIXON FLATS,20113,ANIX,36.38833,-113.15806,6500,8/23/2026,F,61,84,24,54,1,6,3,16,,876,0.02,N
NOON CREEK,21010,ANOO,32.66778,-109.78806,4925,8/23/2026,F,70,99,14,44,5,11,9,21,,839,0.0,N
OAK CREEK,20219,AOAK,34.94686,-111.75444,4804,8/23/2026,F,65,95,21,57,1,5,7,13,,834,0.0,N
OAK FLATS,291402,XOAK,35.00614,-106.31583,7675,8/23/2026,F,59,89,18,60,2,7,3,9,,811,0.0,N
OATMAN,21502,AOAT,33.04994,-113.13867,1715,8/23/2026,F,85,107,23,63,3,11,7,17,,831,0.0,N
OLAF KNOLLS,20108,AOLA,36.50725,-113.81589,2974,8/23/2026,F,82,103,14,27,5,10,11,22,,922,0.0,N
PADUCA,293202,XPAD,32.17983,-103.722,3534,8/23/2026,F,74,102,15,45,7,15,10,24,,970,0.0,N
PARIA POINT,20226,APAR,36.72753,-111.822,7106,8/23/2026,F,64,84,23,45,2,5,6,16,,731,0.06,N
PAYSON,20602,APAY,34.24614,-111.2935,5064,8/23/2026,F,64,92,25,68,0,7,2,14,,825,0.0,N
PECOS,291202,XPEC,35.54558,-105.49439,8229,8/23/2026,F,61,85,22,50,3,8,5,11,,606,0.0,N
PELONA MOUNTAIN,292009,XPEL,33.69375,-108.06161,7955,8/23/2026,F,59,84,18,54,3,9,5,13,,835,0.0,N
PICACHO PEAK,55522341,APIC,32.66314,-111.42154,1750,8/23/2026,F,80,101,24,63,2,8,5,14,,898,0.0,N
PINE,20612,APNE,34.37181,-111.4555,5313,8/23/2026,F,62,92,26,65,2,7,5,13,,823,0.0,N
PINEDALE,55522344,APND,34.30617,-110.23661,6461,8/23/2026,F,62,86,24,60,2,6,5,14,,873,0.02,N
PINEY HILL,20402,APIN,35.76111,-109.16719,8061,8/23/2026,F,58,79,26,60,2,5,6,13,,759,0.06,N
PLEASANT VALLEY,20603,APLE,34.08858,-110.94225,5232,8/23/2026,F,63,93,22,66,1,5,3,14,,839,0.0,N
PROMONTORY,20221,APRO,34.36528,-111.01444,7842,8/23/2026,F,59,79,35,58,1,3,6,10,,764,0.0,N
QUEEN,293105,XQUN,32.20361,-104.69031,5642,8/23/2026,F,70,96,13,34,6,8,14,17,1/6/1 17:00 LMT,973,0.0,N
RAMAH,293305,XRAM,34.81947,-108.29439,7645,8/23/2026,F,55,86,21,72,1,11,1,16,,734,0.0,N
RED CANYON,55523735,XRDC,34.62289,-106.40831,8070,8/23/2026,F,59,80,19,46,5,7,7,9,,818,0.0,N
RED LAKE,20610,ARED,34.18133,-110.78919,6524,8/23/2026,F,57,87,28,78,0,3,3,11,,813,0.0,N
RESERVE,292005,XRES,33.71489,-108.777,5846,8/23/2026,F,58,93,15,67,1,7,1,9,,938,0.0,N
RINCON,21207,ARIN,32.20639,-110.54861,8209,8/23/2026,F,60,76,38,67,5,9,8,15,,867,0.03,N
RUCKER,21414,ARUC,31.76111,-109.34861,5700,8/23/2026,F,62,91,15,65,2,5,6,15,,952,0.0,N
SAGUARO,21202,ASAG,32.31111,-110.81861,2758,8/23/2026,F,78,104,22,65,2,7,5,17,,848,0.01,N
SAN ANDRES,292904,XSAA,32.58008,-106.52719,6137,8/23/2026,F,70,94,13,28,1,5,5,15,,987,0.0,N
SAN CARLOS #1,20608,ASCA,33.37165,-110.45683,2830,8/23/2026,F,77,106,15,47,2,9,6,19,,867,0.0,N
SANDIA LAB,291408,XSLB,35.00406,-106.41148,6321,8/23/2026,F,64,91,19,56,2,8,3,11,,837,0.0,N
SANDIA LAKES,290706,XSLK,35.22967,-106.59061,5027,8/23/2026,F,65,99,16,63,2,10,3,15,,854,0.0,N
SANTA FE WATERSHED,290901,XSFW,35.68686,-105.86031,7749,8/23/2026,F,55,86,19,67,3,9,5,13,,879,0.0,N
SASABE,21206,ASAS,31.69169,-111.44811,3500,8/23/2026,F,71,99,26,91,2,8,6,18,,914,0.04,N
SCOUT CAMP,21208,ASOL,32.39806,-110.725,7554,8/23/2026,F,63,82,36,68,3,9,9,16,,760,0.03,N
SELLS,21209,ASES,31.91014,-111.89743,2262,8/23/2026,F,78,102,26,77,2,7,6,16,,919,0.02,N
SEVILLETA,292105,XSEV,34.35844,-106.6895,5246,8/23/2026,F,67,97,14,53,2,7,3,9,,915,0.0,N
SHADOW RIM,20611,ASHA,34.40586,-111.28319,5660,8/23/2026,F,62,93,24,65,0,5,3,11,,771,0.02,N
SLAUGHTER,292008,XSLA,34.06056,-108.44472,8680,8/23/2026,F,56,81,25,60,2,7,3,9,,809,0.01,N
SMITH PEAK,21501,ASMI,34.11486,-113.34733,2386,8/23/2026,F,85,103,22,42,3,6,8,17,,913,0.0,N
SMOKEY BEAR,292203,XSMO,33.35019,-105.686,7194,8/23/2026,F,52,90,19,66,3,8,5,11,,843,0.0,N
SOWATS,55523737,ASOW,36.48242,-112.42281,7038,8/23/2026,F,59,84,23,56,5,8,8,13,,727,0.09,N
STANTON,20509,ASTA,34.16403,-112.73486,3600,8/23/2026,F,79,96,25,44,5,10,9,19,,924,0.01,N
STONE LAKE,290201,XSTO,36.73161,-106.86581,7436,8/23/2026,F,54,89,16,72,1,11,1,16,,856,0.0,N
STRAY HORSE,21106,ASTH,33.55253,-109.31719,7956,8/23/2026,F,62,81,21,45,3,13,8,19,,910,0.0,N
SUNSET POINT,20510,ASUN,34.18847,-112.13467,3380,8/23/2026,F,76,99,22,50,2,11,7,22,,877,0.0,N
TANKS,55522384,ATNK,33.67314,-110.57431,5801,8/23/2026,F,63,90,23,63,3,8,8,18,,874,0.0,N
TAOS PUEBLO RAWS,55522385,XTAP,36.41461,-105.55689,7135,8/23/2026,F,57,89,21,70,1,11,1,16,,908,0.02,N
T BAR,55523738,XTBA,33.51789,-108.52419,8047,8/23/2026,F,54,83,20,62,1,6,1,8,,853,0.0,N
TONTO BASIN,20606,ATON,33.86861,-111.31333,2414,8/23/2026,F,78,104,20,52,1,8,5,19,,852,0.01,N
TOWER,290801,XTOW,35.77899,-106.26611,6529,8/23/2026,F,62,93,17,60,5,13,7,17,,854,0.0,N
TRAIL CABIN,21105,ATRA,33.26478,-109.36789,6250,8/23/2026,F,67,92,15,44,5,8,8,17,,915,0.0,N
TRUCHAS,290210,XTRU,36.059,-105.7695,8353,8/23/2026,F,48,83,20,83,2,9,3,13,,879,0.0,N
TRUXTON CANYON,20120,ATRU,35.78013,-113.79563,5304,8/23/2026,F,74,89,23,40,5,9,8,21,,881,0.03,N
TUSAYAN,20207,ATUS,35.98833,-112.12056,6570,8/23/2026,F,51,85,24,80,0,2,3,9,,810,0.01,N
TWEEDS POINT,20109,ATWE,36.58186,-113.732,5334,8/23/2026,F,77,92,18,29,8,13,15,28,,926,0.0,N
UNION PASS,20116,AUNI,35.23233,-114.38194,3590,8/23/2026,F,82,97,22,37,2,8,6,21,,889,0.0,N
VERDE,20503,AVER,34.54917,-111.84417,3101,8/23/2026,F,70,101,21,73,1,3,5,11,,797,0.0,N
WARM SPRINGS CANYON,20216,AWAR,36.70117,-112.22689,7953,8/23/2026,F,56,79,27,55,5,8,8,13,,594,0.03,N
WASHINGTON PASS,290101,XWAS,36.0765,-108.8615,9384,8/23/2026,F,57,77,28,57,2,7,3,9,,671,0.03,N
WILD RIVERS,290307,XWDR,36.69469,-105.66872,7530,8/23/2026,F,50,86,19,83,2,14,3,19,,934,0.0,N
YELLOW JOHN MOUNTAIN,20217,AYEL,36.155,-113.54944,6160,8/23/2026,F,56,88,23,63,2,5,7,16,,802,0.0,N
ZUNI BUTTES,290603,XZUB,35.13919,-108.94131,6649,8/23/2026,F,58,92,17,70,1,10,1,15,,913,0.0,N
10K,55522198,X10K,35.2085,-106.43586,10065,8/23/2026,F,54,77,23,60,3,8,5,11,,782,0.0,N
AHAKHAV PRESERVE,21503,AAHA,34.13222,-114.32917,363,8/23/2026,F,86,109,23,54,2,8,7,18,,866,0.0,N
ALBINO CANYON,290102,XALB,36.97661,-107.62892,7173,8/23/2026,F,60,90,17,65,1,15,1,21,,886,0.0,N
ALPINE,20401,AALP,33.84272,-109.11161,8207,8/23/2026,F,56,80,26,62,2,5,6,13,,886,0.0,N
BAKERS TANK,55522210,AHBB,32.61528,-114.00836,563,8/23/2026,F,84,106,26,68,3,9,7,19,,927,0.0,N
BARTLEY,291002,XBAR,35.90875,-105.38769,9192,8/23/2026,F,57,79,25,58,2,10,3,15,,773,0.0,N
BATDRAW,293101,XBAD,32.17861,-104.44056,4425,8/23/2026,F,76,101,13,31,5,11,10,21,,950,0.0,N
BEAVERHEAD,292001,XBEA,33.42353,-108.11019,6750,8/23/2026,F,53,90,18,75,2,8,3,11,,922,0.0,N
BELMONT,21504,ABEL,33.67411,-112.92281,1813,8/23/2026,F,82,105,22,59,3,7,8,15,,914,0.0,N
BLACK HILLS,21008,ABLA,33.08203,-109.95119,3262,8/23/2026,F,79,104,13,39,5,8,9,19,,827,0.0,N
BLACK MESA,290305,XBLM,36.03708,-106.04964,5762,8/23/2026,F,60,94,18,67,2,11,3,16,,930,0.0,N
BLACK ROCK,20114,ABRK,36.79436,-113.75056,7224,8/23/2026,F,68,83,22,36,2,5,10,17,,898,0.0,N
BLUEWATER RIDGE,293303,XBLR,35.19411,-108.16336,8274,8/23/2026,F,57,82,25,60,2,8,3,11,,732,0.06,N
BOSQUE,292103,XBOS,33.82064,-106.88169,4523,8/23/2026,F,65,100,13,57,2,11,3,16,,937,0.0,N
BRIGHT ANGEL,20211,ACAN,36.20472,-112.06222,8134,8/23/2026,F,57,80,27,55,2,9,5,14,,815,0.0,N
BRUSHY MOUNTAIN,291301,XBRU,34.72,-107.8484,8789,8/23/2026,F,57,83,22,59,2,14,3,19,,753,0.0,N
BUCKSKIN MTN,20224,ABUC,36.91808,-112.19981,6334,8/23/2026,F,66,86,22,44,2,7,6,18,,764,0.0,N
BURRO MOUNTAIN,292504,XBUR,32.67203,-108.53969,6995,8/23/2026,F,67,92,15,36,5,9,8,18,,804,0.0,N
CANELO,21303,ACNL,31.54972,-110.51917,4629,8/23/2026,F,66,92,27,79,5,9,8,18,,923,0.03,N
CAPROCK,293104,XCAP,32.92728,-103.85689,4167,8/23/2026,F,72,101,12,43,6,15,9,22,1/1/1 17:00 LMT,976,0.0,N
CARR,21411,ACAA,31.44111,-110.28611,5400,8/23/2026,F,68,94,25,71,2,11,7,23,,941,0.0,N
CASA GRANDE,20906,ACSG,32.99177,-111.53264,1412,8/23/2026,F,83,105,23,59,3,9,5,16,,911,0.0,N
CAVE CREEK,55522232,ACAV,34.0899,-111.8465,3477,8/23/2026,F,71,100,20,62,1,7,5,17,,811,0.0,N
CEDAR RIDGE,55523718,ACED,32.59872,-110.76231,4735,8/23/2026,F,73,95,24,60,6,10,9,18,,841,0.0,N
CHERRY,20511,ACHE,34.59661,-112.04761,5147,8/23/2026,F,61,91,26,75,2,5,6,15,,896,0.0,N
CHUPADERA,292102,XCHU,33.77294,-106.0985,5580,8/23/2026,F,66,97,13,47,3,7,5,9,,972,0.0,N
CIBOLA,20121,ACBL,33.28,-114.68489,252,8/23/2026,F,86,110,23,66,3,10,8,21,,913,0.0,N
CIMARRON,290401,XCIM,36.60611,-105.12028,8806,8/23/2026,F,51,81,23,77,2,9,3,13,,654,0.06,N
CIPRIANO,55522238,ARIP,32.4235,-114.16211,1042,8/23/2026,F,85,106,28,66,3,14,7,23,,932,0.0,N
COLUMBINE,21005,ACOL,32.70389,-109.91389,9521,8/23/2026,F,54,75,31,69,2,5,9,15,,646,0.0,N
COSMIC,293004,XCOS,32.77925,-105.81989,9172,8/23/2026,F,61,80,21,37,2,7,7,17,,910,0.0,N
COYOTE,290202,XCOY,36.07333,-106.65739,8704,8/23/2026,F,53,83,23,66,5,11,7,16,,786,0.02,N
CROWN KING,20502,ACRO,34.20336,-112.34561,6173,8/23/2026,F,64,87,30,65,2,5,6,13,,791,0.01,N
CUBA,290705,XCUB,35.942,-107.07739,6890,8/23/2026,F,59,90,16,56,2,9,3,13,,897,0.0,N
DATIL,292012,XDAT,34.29256,-107.768,8431,8/23/2026,F,56,82,24,60,3,9,5,13,,717,0.05,N
DEADMAN PEAK,290203,XDEA,36.4229,-106.772,8389,8/23/2026,F,57,85,15,55,2,11,3,16,,833,0.0,N
DEVILS HILLS,55522251,ADVH,32.42483,-113.79011,836,8/23/2026,F,84,107,26,70,2,10,6,21,,926,0.0,N
DRIPPING SPRINGS,292903,XDRI,32.32225,-106.58661,5814,8/23/2026,F,75,96,12,23,1,6,6,17,,989,0.0,N
DRY LAKE,21009,ADRL,33.35982,-109.83306,7405,8/23/2026,F,64,89,20,47,3,7,8,16,,764,0.0,N
DRY PARK,20212,ADRY,36.45308,-112.23819,8700,8/23/2026,F,54,76,29,59,2,7,5,13,,797,0.01,N
DULCE #2,290205,XDUL,36.93519,-107.00011,6805,8/23/2026,F,51,91,18,86,1,13,1,17,,877,0.0,N
DUNKEN,292302,XDUN,32.82467,-105.18261,5431,8/23/2026,F,69,97,14,34,3,13,5,17,1/3/1 17:00 LMT,895,0.0,N
DUTCH KID,55522257,ADUT,35.12931,-112.28219,6505,8/23/2026,F,55,85,28,78,3,7,6,16,,842,0.0,N
EIGHT MILE DRAW,292301,XEIG,33.65064,-104.32139,3626,8/23/2026,F,71,105,11,41,5,9,7,13,,967,0.0,N
EMPIRE,21205,AEMP,31.78347,-110.64325,4650,8/23/2026,F,67,93,27,81,2,7,6,17,,922,0.0,N
FLAGSTAFF,20209,AFLG,35.14111,-111.6725,6903,8/23/2026,F,52,82,28,80,0,3,5,13,,775,0.01,N
FORT YUMA,20102,AFYM,32.65222,-114.63417,185,8/23/2026,F,86,108,26,70,3,10,7,19,,925,0.0,N
FOUR SPRINGS,20227,AFOU,36.79367,-112.04239,6560,8/23/2026,F,66,83,23,44,2,6,6,14,,653,0.04,N
FRAZIER WELLS,20213,AFRA,35.84551,-113.05501,6796,8/23/2026,F,65,82,27,49,2,8,5,13,,764,0.05,N
FTHL YDMA,55522271,AFTH,32.48658,-114.4635,331,8/23/2026,F,86,108,27,73,6,15,9,22,,931,0.0,N
GILA CENTER RAWS,292011,XGIL,33.22375,-108.24031,5767,8/23/2026,F,56,94,14,72,2,8,3,11,,948,0.0,N
GLOBE,20601,AGLO,33.32694,-110.76694,4137,8/23/2026,F,77,97,22,47,5,8,9,19,,905,0.01,N
GOLDFIELD,21505,AGOL,33.55531,-111.6145,1367,8/23/2026,F,85,108,20,52,1,7,2,13,,870,0.0,N
GOODWIN MESA,20507,AGOO,34.77614,-113.3375,4311,8/23/2026,F,72,96,22,53,2,10,5,14,,895,0.03,N
GRANTS,291302,XGRA,35.24278,-107.66528,8620,8/23/2026,F,54,82,22,67,2,7,3,9,,756,0.0,N
GREENBASE,20284,AGRB,35.27619,-112.06325,6923,8/23/2026,F,51,81,31,86,1,6,5,14,,783,0.04,N
GREER,20404,AGRE,34.05853,-109.44097,8240,8/23/2026,F,56,77,31,60,2,6,5,11,,745,0.0,N
GUNSIGHT,20223,AGUN,36.70464,-112.5835,5284,8/23/2026,F,68,92,19,42,2,7,6,18,,840,0.06,N
GUTHRIE,21104,AGUT,32.88203,-109.30931,6324,8/23/2026,F,71,92,15,35,3,15,9,26,,865,0.0,N
HACHITA VALLEY,292702,XHAC,31.702,-108.34169,4290,8/23/2026,F,69,102,11,49,3,7,5,10,,973,0.0,N
HAPPY JACK,20291,AHJK,34.61797,-111.34239,6812,8/23/2026,F,53,82,31,83,0,3,3,15,,673,0.05,N
HAVASU,20118,AHAV,34.80758,-114.53456,475,8/23/2026,F,86,112,18,52,2,7,6,15,,872,0.0,N
HEADQUARTERS,21409,ACHR,32.00611,-109.35694,5400,8/23/2026,F,67,96,17,57,2,6,6,13,,948,0.02,N
HEBER,20301,AHBR,34.39778,-110.56444,6635,8/23/2026,F,59,84,27,65,1,5,5,15,,849,0.02,N
HILLTOP,20609,AHIL,33.61119,-110.41461,5732,8/23/2026,F,61,92,23,68,2,5,5,14,,917,0.0,N
HOPI,20312,AHPI,35.86292,-110.61495,5579,8/23/2026,F,62,93,17,58,2,10,6,22,,847,0.0,N
HOPKINS,21302,AHPK,31.67528,-110.88,7120,8/23/2026,F,65,84,34,63,5,9,8,14,,877,0.01,N
HORSE CAMP CANYON,20903,AHOR,32.93656,-110.4935,4014,8/23/2026,F,75,98,20,56,3,11,8,24,,876,0.0,N
HUMBUG CREEK,20508,AHUM,34.11,-112.3,5250,8/23/2026,F,73,90,29,50,2,13,6,22,,850,0.0,N
HURRICANE,20117,AHUR,36.69908,-113.20731,5445,8/23/2026,F,67,91,19,45,7,10,11,23,,904,0.0,N
IRON SPRINGS,20501,AIRO,34.59361,-112.51139,5385,8/23/2026,F,63,87,29,68,1,5,3,15,,875,0.08,N
JARITA MESA,290204,XJAR,36.55597,-106.10306,8864,8/23/2026,F,55,83,23,66,2,11,3,16,,714,0.04,N
JEMEZ,290702,XJEM,35.84114,-106.61969,8248,8/23/2026,F,56,86,21,62,3,13,5,17,,677,0.0,N
LAGUNA,293304,XLAG,35.05197,-107.42028,5805,8/23/2026,F,65,94,15,54,2,14,3,19,,912,0.01,N
LAKESIDE,20303,ALAK,34.16283,-109.87639,7267,8/23/2026,F,58,83,29,65,2,5,5,13,,756,0.02,N
LIMESTONE CANYON,20309,ALIM,34.17786,-110.27663,7102,8/23/2026,F,63,88,24,54,2,7,6,11,,921,0.0,N
LINDBERGH HILL,20220,ALBE,36.28556,-112.07861,8800,8/23/2026,F,53,77,30,64,2,7,6,11,,816,0.05,N
LUNA,292004,XLUN,33.82289,-108.94311,7088,8/23/2026,F,53,87,19,75,1,7,1,9,,777,0.01,N
MAGDALENA,292104,XMAG,33.85061,-107.539,8495,8/23/2026,F,57,82,21,53,3,8,5,11,,790,0.0,N
MALPAIS LAVA FLOW,293301,XMAL,34.85181,-108.17461,7514,8/23/2026,F,55,86,21,72,1,13,1,17,,740,0.03,N
MAYHILL,293002,XMAY,32.90947,-105.46981,6599,8/23/2026,F,59,92,15,48,2,5,8,13,1/3/1 17:00 LMT,767,0.0,N
MCGREGGOR RANGE,292901,XMCG,32.43133,-105.62181,4832,8/23/2026,F,68,101,12,38,5,7,6,11,,985,0.0,N
MELROSE RANGE,291901,XMEL,34.28422,-103.71497,4263,8/23/2026,F,72,102,12,41,6,10,8,15,1/5/1 17:00 LMT,948,0.0,N
MESCAL,293003,XMES,33.15803,-105.76881,6227,8/23/2026,F,57,89,18,51,2,7,6,14,,966,0.0,N
MIDNIGHT,55522315,XMID,36.77819,-105.34131,10815,8/23/2026,F,44,74,24,89,2,7,3,9,,929,0.04,N
MILLS CANYON,291101,XMIL,36.05453,-104.32511,5881,8/23/2026,F,58,94,18,78,3,15,5,21,,956,0.0,N
MOGOLLON,292013,XMOG,33.39064,-108.80819,7602,8/23/2026,F,63,89,18,41,2,7,3,9,,852,0.0,N
MOHAWK DUNES,55522318,AMOD,32.68878,-113.74889,524,8/23/2026,F,84,108,25,70,2,8,7,16,,926,0.0,N
MORMON LAKE,20215,AMOL,34.90972,-111.43842,7094,8/23/2026,F,53,82,28,77,1,2,3,11,,689,0.11,N
MOSS BASIN,20115,AMOS,35.03397,-113.89406,5920,8/23/2026,F,67,87,30,55,3,8,7,14,,712,0.1,N
MOUNTAINAIR,291501,XMOU,34.52081,-106.26269,6593,8/23/2026,F,61,92,15,54,2,7,3,9,,793,0.0,N
MOUNTAIN LION,20310,AFAP,33.69511,-109.71078,7269,8/23/2026,F,57,84,24,60,1,2,5,9,,759,0.0,N
MOUNT LOGAN,20107,AMTL,36.35306,-113.19917,7605,8/23/2026,F,64,79,27,43,5,8,10,21,,875,0.04,N
MULESHOE RANCH,21007,AMUL,32.40383,-110.272,4475,8/23/2026,F,70,96,22,66,2,9,7,21,,868,0.0,N
MUSIC MOUNTAIN,20119,AMUS,35.61497,-113.79428,5375,8/23/2026,F,70,92,22,46,7,10,11,18,,907,0.0,N
NAVAJO MONUMENT,20307,ANAV,36.67667,-110.54389,7204,8/23/2026,F,60,85,22,56,2,7,6,10,,735,0.03,N
NEVERSHINE,55522326,ANEV,36.24753,-113.88851,2165,8/23/2026,F,85,104,15,28,6,10,9,14,1/1/1 17:00 LMT,905,0.0,N
NIXON FLATS,20113,ANIX,36.38833,-113.15806,6500,8/23/2026,F,61,84,24,54,1,6,3,16,,876,0.02,N
NOON CREEK,21010,ANOO,32.66778,-109.78806,4925,8/23/2026,F,70,99,14,44,5,11,9,21,,839,0.0,N
OAK CREEK,20219,AOAK,34.94686,-111.75444,4804,8/23/2026,F,65,95,21,57,1,5,7,13,,834,0.0,N
OAK FLATS,291402,XOAK,35.00614,-106.31583,7675,8/23/2026,F,59,89,18,60,2,7,3,9,,811,0.0,N
OATMAN,21502,AOAT,33.04994,-113.13867,1715,8/23/2026,F,85,107,23,63,3,11,7,17,,831,0.0,N
OLAF KNOLLS,20108,AOLA,36.50725,-113.81589,2974,8/23/2026,F,82,103,14,27,5,10,11,22,,922,0.0,N
PADUCA,293202,XPAD,32.17983,-103.722,3534,8/23/2026,F,74,102,15,45,7,15,10,24,,970,0.0,N
PARIA POINT,20226,APAR,36.72753,-111.822,7106,8/23/2026,F,64,84,23,45,2,5,6,16,,731,0.06,N
PAYSON,20602,APAY,34.24614,-111.2935,5064,8/23/2026,F,64,92,25,68,0,7,2,14,,825,0.0,N
PECOS,291202,XPEC,35.54558,-105.49439,8229,8/23/2026,F,61,85,22,50,3,8,5,11,,606,0.0,N
PELONA MOUNTAIN,292009,XPEL,33.69375,-108.06161,7955,8/23/2026,F,59,84,18,54,3,9,5,13,,835,0.0,N
PICACHO PEAK,55522341,APIC,32.66314,-111.42154,1750,8/23/2026,F,80,101,24,63,2,8,5,14,,898,0.0,N
PINE,20612,APNE,34.37181,-111.4555,5313,8/23/2026,F,62,92,26,65,2,7,5,13,,823,0.0,N
PINEDALE,55522344,APND,34.30617,-110.23661,6461,8/23/2026,F,62,86,24,60,2,6,5,14,,873,0.02,N
PINEY HILL,20402,APIN,35.76111,-109.16719,8061,8/23/2026,F,58,79,26,60,2,5,6,13,,759,0.06,N
PLEASANT VALLEY,20603,APLE,34.08858,-110.94225,5232,8/23/2026,F,63,93,22,66,1,5,3,14,,839,0.0,N
PROMONTORY,20221,APRO,34.36528,-111.01444,7842,8/23/2026,F,59,79,35,58,1,3,6,10,,764,0.0,N
QUEEN,293105,XQUN,32.20361,-104.69031,5642,8/23/2026,F,70,96,13,34,6,8,14,17,1/6/1 17:00 LMT,973,0.0,N
RAMAH,293305,XRAM,34.81947,-108.29439,7645,8/23/2026,F,55,86,21,72,1,11,1,16,,734,0.0,N
RED CANYON,55523735,XRDC,34.62289,-106.40831,8070,8/23/2026,F,59,80,19,46,5,7,7,9,,818,0.0,N
RED LAKE,20610,ARED,34.18133,-110.78919,6524,8/23/2026,F,57,87,28,78,0,3,3,11,,813,0.0,N
RESERVE,292005,XRES,33.71489,-108.777,5846,8/23/2026,F,58,93,15,67,1,7,1,9,,938,0.0,N
RINCON,21207,ARIN,32.20639,-110.54861,8209,8/23/2026,F,60,76,38,67,5,9,8,15,,867,0.03,N
RUCKER,21414,ARUC,31.76111,-109.34861,5700,8/23/2026,F,62,91,15,65,2,5,6,15,,952,0.0,N
SAGUARO,21202,ASAG,32.31111,-110.81861,2758,8/23/2026,F,78,104,22,65,2,7,5,17,,848,0.01,N
SAN ANDRES,292904,XSAA,32.58008,-106.52719,6137,8/23/2026,F,70,94,13,28,1,5,5,15,,987,0.0,N
SAN CARLOS #1,20608,ASCA,33.37165,-110.45683,2830,8/23/2026,F,77,106,15,47,2,9,6,19,,867,0.0,N
SANDIA LAB,291408,XSLB,35.00406,-106.41148,6321,8/23/2026,F,64,91,19,56,2,8,3,11,,837,0.0,N
SANDIA LAKES,290706,XSLK,35.22967,-106.59061,5027,8/23/2026,F,65,99,16,63,2,10,3,15,,854,0.0,N
SANTA FE WATERSHED,290901,XSFW,35.68686,-105.86031,7749,8/23/2026,F,55,86,19,67,3,9,5,13,,879,0.0,N
SASABE,21206,ASAS,31.69169,-111.44811,3500,8/23/2026,F,71,99,26,91,2,8,6,18,,914,0.04,N
SCOUT CAMP,21208,ASOL,32.39806,-110.725,7554,8/23/2026,F,63,82,36,68,3,9,9,16,,760,0.03,N
SELLS,21209,ASES,31.91014,-111.89743,2262,8/23/2026,F,78,102,26,77,2,7,6,16,,919,0.02,N
SEVILLETA,292105,XSEV,34.35844,-106.6895,5246,8/23/2026,F,67,97,14,53,2,7,3,9,,915,0.0,N
SHADOW RIM,20611,ASHA,34.40586,-111.28319,5660,8/23/2026,F,62,93,24,65,0,5,3,11,,771,0.02,N
SLAUGHTER,292008,XSLA,34.06056,-108.44472,8680,8/23/2026,F,56,81,25,60,2,7,3,9,,809,0.01,N
SMITH PEAK,21501,ASMI,34.11486,-113.34733,2386,8/23/2026,F,85,103,22,42,3,6,8,17,,913,0.0,N
SMOKEY BEAR,292203,XSMO,33.35019,-105.686,7194,8/23/2026,F,52,90,19,66,3,8,5,11,,843,0.0,N
SOWATS,55523737,ASOW,36.48242,-112.42281,7038,8/23/2026,F,59,84,23,56,5,8,8,13,,727,0.09,N
STANTON,20509,ASTA,34.16403,-112.73486,3600,8/23/2026,F,79,96,25,44,5,10,9,19,,924,0.01,N
STONE LAKE,290201,XSTO,36.73161,-106.86581,7436,8/23/2026,F,54,89,16,72,1,11,1,16,,856,0.0,N
STRAY HORSE,21106,ASTH,33.55253,-109.31719,7956,8/23/2026,F,62,81,21,45,3,13,8,19,,910,0.0,N
SUNSET POINT,20510,ASUN,34.18847,-112.13467,3380,8/23/2026,F,76,99,22,50,2,11,7,22,,877,0.0,N
TANKS,55522384,ATNK,33.67314,-110.57431,5801,8/23/2026,F,63,90,23,63,3,8,8,18,,874,0.0,N
TAOS PUEBLO RAWS,55522385,XTAP,36.41461,-105.55689,7135,8/23/2026,F,57,89,21,70,1,11,1,16,,908,0.02,N
T BAR,55523738,XTBA,33.51789,-108.52419,8047,8/23/2026,F,54,83,20,62,1,6,1,8,,853,0.0,N
TONTO BASIN,20606,ATON,33.86861,-111.31333,2414,8/23/2026,F,78,104,20,52,1,8,5,19,,852,0.01,N
TOWER,290801,XTOW,35.77899,-106.26611,6529,8/23/2026,F,62,93,17,60,5,13,7,17,,854,0.0,N
TRAIL CABIN,21105,ATRA,33.26478,-109.36789,6250,8/23/2026,F,67,92,15,44,5,8,8,17,,915,0.0,N
TRUCHAS,290210,XTRU,36.059,-105.7695,8353,8/23/2026,F,48,83,20,83,2,9,3,13,,879,0.0,N
TRUXTON CANYON,20120,ATRU,35.78013,-113.79563,5304,8/23/2026,F,74,89,23,40,5,9,8,21,,881,0.03,N
TUSAYAN,20207,ATUS,35.98833,-112.12056,6570,8/23/2026,F,51,85,24,80,0,2,3,9,,810,0.01,N
TWEEDS POINT,20109,ATWE,36.58186,-113.732,5334,8/23/2026,F,77,92,18,29,8,13,15,28,,926,0.0,N
UNION PASS,20116,AUNI,35.23233,-114.38194,3590,8/23/2026,F,82,97,22,37,2,8,6,21,,889,0.0,N
VERDE,20503,AVER,34.54917,-111.84417,3101,8/23/2026,F,70,101,21,73,1,3,5,11,,797,0.0,N
WARM SPRINGS CANYON,20216,AWAR,36.70117,-112.22689,7953,8/23/2026,F,56,79,27,55,5,8,8,13,,594,0.03,N
WASHINGTON PASS,290101,XWAS,36.0765,-108.8615,9384,8/23/2026,F,57,77,28,57,2,7,3,9,,671,0.03,N
WILD RIVERS,290307,XWDR,36.69469,-105.66872,7530,8/23/2026,F,50,86,19,83,2,14,3,19,,934,0.0,N
YELLOW JOHN MOUNTAIN,20217,AYEL,36.155,-113.54944,6160,8/23/2026,F,56,88,23,63,2,5,7,16,,802,0.0,N
ZUNI BUTTES,290603,XZUB,35.13919,-108.94131,6649,8/23/2026,F,58,92,17,70,1,10,1,15,,913,0.0,N
10K,55522198,X10K,35.2085,-106.43586,10065,8/23/2026,F,54,77,23,60,3,8,5,11,,782,0.0,N
AHAKHAV PRESERVE,21503,AAHA,34.13222,-114.32917,363,8/23/2026,F,86,109,23,54,2,8,7,18,,866,0.0,N
ALBINO CANYON,290102,XALB,36.97661,-107.62892,7173,8/23/2026,F,60,90,17,65,1,15,1,21,,886,0.0,N
ALPINE,20401,AALP,33.84272,-109.11161,8207,8/23/2026,F,56,80,26,62,2,5,6,13,,886,0.0,N
BAKERS TANK,55522210,AHBB,32.61528,-114.00836,563,8/23/2026,F,84,106,26,68,3,9,7,19,,927,0.0,N
BARTLEY,291002,XBAR,35.90875,-105.38769,9192,8/23/2026,F,57,79,25,58,2,10,3,15,,773,0.0,N
BATDRAW,293101,XBAD,32.17861,-104.44056,4425,8/23/2026,F,76,101,13,31,5,11,10,21,,950,0.0,N
BEAVERHEAD,292001,XBEA,33.42353,-108.11019,6750,8/23/2026,F,53,90,18,75,2,8,3,11,,922,0.0,N
BELMONT,21504,ABEL,33.67411,-112.92281,1813,8/23/2026,F,82,105,22,59,3,7,8,15,,914,0.0,N
BLACK HILLS,21008,ABLA,33.08203,-109.95119,3262,8/23/2026,F,79,104,13,39,5,8,9,19,,827,0.0,N
BLACK MESA,290305,XBLM,36.03708,-106.04964,5762,8/23/2026,F,60,94,18,67,2,11,3,16,,930,0.0,N
BLACK ROCK,20114,ABRK,36.79436,-113.75056,7224,8/23/2026,F,68,83,22,36,2,5,10,17,,898,0.0,N
BLUEWATER RIDGE,293303,XBLR,35.19411,-108.16336,8274,8/23/2026,F,57,82,25,60,2,8,3,11,,732,0.06,N
BOSQUE,292103,XBOS,33.82064,-106.88169,4523,8/23/2026,F,65,100,13,57,2,11,3,16,,937,0.0,N
BRIGHT ANGEL,20211,ACAN,36.20472,-112.06222,8134,8/23/2026,F,57,80,27,55,2,9,5,14,,815,0.0,N
BRUSHY MOUNTAIN,291301,XBRU,34.72,-107.8484,8789,8/23/2026,F,57,83,22,59,2,14,3,19,,753,0.0,N
BUCKSKIN MTN,20224,ABUC,36.91808,-112.19981,6334,8/23/2026,F,66,86,22,44,2,7,6,18,,764,0.0,N
BURRO MOUNTAIN,292504,XBUR,32.67203,-108.53969,6995,8/23/2026,F,67,92,15,36,5,9,8,18,,804,0.0,N
CANELO,21303,ACNL,31.54972,-110.51917,4629,8/23/2026,F,66,92,27,79,5,9,8,18,,923,0.03,N
CAPROCK,293104,XCAP,32.92728,-103.85689,4167,8/23/2026,F,72,101,12,43,6,15,9,22,1/1/1 17:00 LMT,976,0.0,N
CARR,21411,ACAA,31.44111,-110.28611,5400,8/23/2026,F,68,94,25,71,2,11,7,23,,941,0.0,N
CASA GRANDE,20906,ACSG,32.99177,-111.53264,1412,8/23/2026,F,83,105,23,59,3,9,5,16,,911,0.0,N
CAVE CREEK,55522232,ACAV,34.0899,-111.8465,3477,8/23/2026,F,71,100,20,62,1,7,5,17,,811,0.0,N
CEDAR RIDGE,55523718,ACED,32.59872,-110.76231,4735,8/23/2026,F,73,95,24,60,6,10,9,18,,841,0.0,N
CHERRY,20511,ACHE,34.59661,-112.04761,5147,8/23/2026,F,61,91,26,75,2,5,6,15,,896,0.0,N
CHUPADERA,292102,XCHU,33.77294,-106.0985,5580,8/23/2026,F,66,97,13,47,3,7,5,9,,972,0.0,N
CIBOLA,20121,ACBL,33.28,-114.68489,252,8/23/2026,F,86,110,23,66,3,10,8,21,,913,0.0,N
CIMARRON,290401,XCIM,36.60611,-105.12028,8806,8/23/2026,F,51,81,23,77,2,9,3,13,,654,0.06,N
CIPRIANO,55522238,ARIP,32.4235,-114.16211,1042,8/23/2026,F,85,106,28,66,3,14,7,23,,932,0.0,N
COLUMBINE,21005,ACOL,32.70389,-109.91389,9521,8/23/2026,F,54,75,31,69,2,5,9,15,,646,0.0,N
COSMIC,293004,XCOS,32.77925,-105.81989,9172,8/23/2026,F,61,80,21,37,2,7,7,17,,910,0.0,N
COYOTE,290202,XCOY,36.07333,-106.65739,8704,8/23/2026,F,53,83,23,66,5,11,7,16,,786,0.02,N
CROWN KING,20502,ACRO,34.20336,-112.34561,6173,8/23/2026,F,64,87,30,65,2,5,6,13,,791,0.01,N
CUBA,290705,XCUB,35.942,-107.07739,6890,8/23/2026,F,59,90,16,56,2,9,3,13,,897,0.0,N
DATIL,292012,XDAT,34.29256,-107.768,8431,8/23/2026,F,56,82,24,60,3,9,5,13,,717,0.05,N
DEADMAN PEAK,290203,XDEA,36.4229,-106.772,8389,8/23/2026,F,57,85,15,55,2,11,3,16,,833,0.0,N
DEVILS HILLS,55522251,ADVH,32.42483,-113.79011,836,8/23/2026,F,84,107,26,70,2,10,6,21,,926,0.0,N
DRIPPING SPRINGS,292903,XDRI,32.32225,-106.58661,5814,8/23/2026,F,75,96,12,23,1,6,6,17,,989,0.0,N
DRY LAKE,21009,ADRL,33.35982,-109.83306,7405,8/23/2026,F,64,89,20,47,3,7,8,16,,764,0.0,N
DRY PARK,20212,ADRY,36.45308,-112.23819,8700,8/23/2026,F,54,76,29,59,2,7,5,13,,797,0.01,N
DULCE #2,290205,XDUL,36.93519,-107.00011,6805,8/23/2026,F,51,91,18,86,1,13,1,17,,877,0.0,N
DUNKEN,292302,XDUN,32.82467,-105.18261,5431,8/23/2026,F,69,97,14,34,3,13,5,17,1/3/1 17:00 LMT,895,0.0,N
DUTCH KID,55522257,ADUT,35.12931,-112.28219,6505,8/23/2026,F,55,85,28,78,3,7,6,16,,842,0.0,N
EIGHT MILE DRAW,292301,XEIG,33.65064,-104.32139,3626,8/23/2026,F,71,105,11,41,5,9,7,13,,967,0.0,N
EMPIRE,21205,AEMP,31.78347,-110.64325,4650,8/23/2026,F,67,93,27,81,2,7,6,17,,922,0.0,N
FLAGSTAFF,20209,AFLG,35.14111,-111.6725,6903,8/23/2026,F,52,82,28,80,0,3,5,13,,775,0.01,N
FORT YUMA,20102,AFYM,32.65222,-114.63417,185,8/23/2026,F,86,108,26,70,3,10,7,19,,925,0.0,N
FOUR SPRINGS,20227,AFOU,36.79367,-112.04239,6560,8/23/2026,F,66,83,23,44,2,6,6,14,,653,0.04,N
FRAZIER WELLS,20213,AFRA,35.84551,-113.05501,6796,8/23/2026,F,65,82,27,49,2,8,5,13,,764,0.05,N
FTHL YDMA,55522271,AFTH,32.48658,-114.4635,331,8/23/2026,F,86,108,27,73,6,15,9,22,,931,0.0,N
GILA CENTER RAWS,292011,XGIL,33.22375,-108.24031,5767,8/23/2026,F,56,94,14,72,2,8,3,11,,948,0.0,N
GLOBE,20601,AGLO,33.32694,-110.76694,4137,8/23/2026,F,77,97,22,47,5,8,9,19,,905,0.01,N
GOLDFIELD,21505,AGOL,33.55531,-111.6145,1367,8/23/2026,F,85,108,20,52,1,7,2,13,,870,0.0,N
GOODWIN MESA,20507,AGOO,34.77614,-113.3375,4311,8/23/2026,F,72,96,22,53,2,10,5,14,,895,0.03,N
GRANTS,291302,XGRA,35.24278,-107.66528,8620,8/23/2026,F,54,82,22,67,2,7,3,9,,756,0.0,N
GREENBASE,20284,AGRB,35.27619,-112.06325,6923,8/23/2026,F,51,81,31,86,1,6,5,14,,783,0.04,N
GREER,20404,AGRE,34.05853,-109.44097,8240,8/23/2026,F,56,77,31,60,2,6,5,11,,745,0.0,N
GUNSIGHT,20223,AGUN,36.70464,-112.5835,5284,8/23/2026,F,68,92,19,42,2,7,6,18,,840,0.06,N
GUTHRIE,21104,AGUT,32.88203,-109.30931,6324,8/23/2026,F,71,92,15,35,3,15,9,26,,865,0.0,N
HACHITA VALLEY,292702,XHAC,31.702,-108.34169,4290,8/23/2026,F,69,102,11,49,3,7,5,10,,973,0.0,N
HAPPY JACK,20291,AHJK,34.61797,-111.34239,6812,8/23/2026,F,53,82,31,83,0,3,3,15,,673,0.05,N
HAVASU,20118,AHAV,34.80758,-114.53456,475,8/23/2026,F,86,112,18,52,2,7,6,15,,872,0.0,N
HEADQUARTERS,21409,ACHR,32.00611,-109.35694,5400,8/23/2026,F,67,96,17,57,2,6,6,13,,948,0.02,N
HEBER,20301,AHBR,34.39778,-110.56444,6635,8/23/2026,F,59,84,27,65,1,5,5,15,,849,0.02,N
HILLTOP,20609,AHIL,33.61119,-110.41461,5732,8/23/2026,F,61,92,23,68,2,5,5,14,,917,0.0,N
HOPI,20312,AHPI,35.86292,-110.61495,5579,8/23/2026,F,62,93,17,58,2,10,6,22,,847,0.0,N
HOPKINS,21302,AHPK,31.67528,-110.88,7120,8/23/2026,F,65,84,34,63,5,9,8,14,,877,0.01,N
HORSE CAMP CANYON,20903,AHOR,32.93656,-110.4935,4014,8/23/2026,F,75,98,20,56,3,11,8,24,,876,0.0,N
HUMBUG CREEK,20508,AHUM,34.11,-112.3,5250,8/23/2026,F,73,90,29,50,2,13,6,22,,850,0.0,N
HURRICANE,20117,AHUR,36.69908,-113.20731,5445,8/23/2026,F,67,91,19,45,7,10,11,23,,904,0.0,N
IRON SPRINGS,20501,AIRO,34.59361,-112.51139,5385,8/23/2026,F,63,87,29,68,1,5,3,15,,875,0.08,N
JARITA MESA,290204,XJAR,36.55597,-106.10306,8864,8/23/2026,F,55,83,23,66,2,11,3,16,,714,0.04,N
JEMEZ,290702,XJEM,35.84114,-106.61969,8248,8/23/2026,F,56,86,21,62,3,13,5,17,,677,0.0,N
LAGUNA,293304,XLAG,35.05197,-107.42028,5805,8/23/2026,F,65,94,15,54,2,14,3,19,,912,0.01,N
LAKESIDE,20303,ALAK,34.16283,-109.87639,7267,8/23/2026,F,58,83,29,65,2,5,5,13,,756,0.02,N
LIMESTONE CANYON,20309,ALIM,34.17786,-110.27663,7102,8/23/2026,F,63,88,24,54,2,7,6,11,,921,0.0,N
LINDBERGH HILL,20220,ALBE,36.28556,-112.07861,8800,8/23/2026,F,53,77,30,64,2,7,6,11,,816,0.05,N
LUNA,292004,XLUN,33.82289,-108.94311,7088,8/23/2026,F,53,87,19,75,1,7,1,9,,777,0.01,N
MAGDALENA,292104,XMAG,33.85061,-107.539,8495,8/23/2026,F,57,82,21,53,3,8,5,11,,790,0.0,N
MALPAIS LAVA FLOW,293301,XMAL,34.85181,-108.17461,7514,8/23/2026,F,55,86,21,72,1,13,1,17,,740,0.03,N
MAYHILL,293002,XMAY,32.90947,-105.46981,6599,8/23/2026,F,59,92,15,48,2,5,8,13,1/3/1 17:00 LMT,767,0.0,N
MCGREGGOR RANGE,292901,XMCG,32.43133,-105.62181,4832,8/23/2026,F,68,101,12,38,5,7,6,11,,985,0.0,N
MELROSE RANGE,291901,XMEL,34.28422,-103.71497,4263,8/23/2026,F,72,102,12,41,6,10,8,15,1/5/1 17:00 LMT,948,0.0,N
MESCAL,293003,XMES,33.15803,-105.76881,6227,8/23/2026,F,57,89,18,51,2,7,6,14,,966,0.0,N
MIDNIGHT,55522315,XMID,36.77819,-105.34131,10815,8/23/2026,F,44,74,24,89,2,7,3,9,,929,0.04,N
MILLS CANYON,291101,XMIL,36.05453,-104.32511,5881,8/23/2026,F,58,94,18,78,3,15,5,21,,956,0.0,N
MOGOLLON,292013,XMOG,33.39064,-108.80819,7602,8/23/2026,F,63,89,18,41,2,7,3,9,,852,0.0,N
MOHAWK DUNES,55522318,AMOD,32.68878,-113.74889,524,8/23/2026,F,84,108,25,70,2,8,7,16,,926,0.0,N
MORMON LAKE,20215,AMOL,34.90972,-111.43842,7094,8/23/2026,F,53,82,28,77,1,2,3,11,,689,0.11,N
MOSS BASIN,20115,AMOS,35.03397,-113.89406,5920,8/23/2026,F,67,87,30,55,3,8,7,14,,712,0.1,N
MOUNTAINAIR,291501,XMOU,34.52081,-106.26269,6593,8/23/2026,F,61,92,15,54,2,7,3,9,,793,0.0,N
MOUNTAIN LION,20310,AFAP,33.69511,-109.71078,7269,8/23/2026,F,57,84,24,60,1,2,5,9,,759,0.0,N
MOUNT LOGAN,20107,AMTL,36.35306,-113.19917,7605,8/23/2026,F,64,79,27,43,5,8,10,21,,875,0.04,N
MULESHOE RANCH,21007,AMUL,32.40383,-110.272,4475,8/23/2026,F,70,96,22,66,2,9,7,21,,868,0.0,N
MUSIC MOUNTAIN,20119,AMUS,35.61497,-113.79428,5375,8/23/2026,F,70,92,22,46,7,10,11,18,,907,0.0,N
NAVAJO MONUMENT,20307,ANAV,36.67667,-110.54389,7204,8/23/2026,F,60,85,22,56,2,7,6,10,,735,0.03,N
NEVERSHINE,55522326,ANEV,36.24753,-113.88851,2165,8/23/2026,F,85,104,15,28,6,10,9,14,1/1/1 17:00 LMT,905,0.0,N
NIXON FLATS,20113,ANIX,36.38833,-113.15806,6500,8/23/2026,F,61,84,24,54,1,6,3,16,,876,0.02,N
NOON CREEK,21010,ANOO,32.66778,-109.78806,4925,8/23/2026,F,70,99,14,44,5,11,9,21,,839,0.0,N
OAK CREEK,20219,AOAK,34.94686,-111.75444,4804,8/23/2026,F,65,95,21,57,1,5,7,13,,834,0.0,N
OAK FLATS,291402,XOAK,35.00614,-106.31583,7675,8/23/2026,F,59,89,18,60,2,7,3,9,,811,0.0,N
OATMAN,21502,AOAT,33.04994,-113.13867,1715,8/23/2026,F,85,107,23,63,3,11,7,17,,831,0.0,N
OLAF KNOLLS,20108,AOLA,36.50725,-113.81589,2974,8/23/2026,F,82,103,14,27,5,10,11,22,,922,0.0,N
PADUCA,293202,XPAD,32.17983,-103.722,3534,8/23/2026,F,74,102,15,45,7,15,10,24,,970,0.0,N
PARIA POINT,20226,APAR,36.72753,-111.822,7106,8/23/2026,F,64,84,23,45,2,5,6,16,,731,0.06,N
PAYSON,20602,APAY,34.24614,-111.2935,5064,8/23/2026,F,64,92,25,68,0,7,2,14,,825,0.0,N
PECOS,291202,XPEC,35.54558,-105.49439,8229,8/23/2026,F,61,85,22,50,3,8,5,11,,606,0.0,N
PELONA MOUNTAIN,292009,XPEL,33.69375,-108.06161,7955,8/23/2026,F,59,84,18,54,3,9,5,13,,835,0.0,N
PICACHO PEAK,55522341,APIC,32.66314,-111.42154,1750,8/23/2026,F,80,101,24,63,2,8,5,14,,898,0.0,N
PINE,20612,APNE,34.37181,-111.4555,5313,8/23/2026,F,62,92,26,65,2,7,5,13,,823,0.0,N
PINEDALE,55522344,APND,34.30617,-110.23661,6461,8/23/2026,F,62,86,24,60,2,6,5,14,,873,0.02,N
PINEY HILL,20402,APIN,35.76111,-109.16719,8061,8/23/2026,F,58,79,26,60,2,5,6,13,,759,0.06,N
PLEASANT VALLEY,20603,APLE,34.08858,-110.94225,5232,8/23/2026,F,63,93,22,66,1,5,3,14,,839,0.0,N
PROMONTORY,20221,APRO,34.36528,-111.01444,7842,8/23/2026,F,59,79,35,58,1,3,6,10,,764,0.0,N
QUEEN,293105,XQUN,32.20361,-104.69031,5642,8/23/2026,F,70,96,13,34,6,8,14,17,1/6/1 17:00 LMT,973,0.0,N
RAMAH,293305,XRAM,34.81947,-108.29439,7645,8/23/2026,F,55,86,21,72,1,11,1,16,,734,0.0,N
RED CANYON,55523735,XRDC,34.62289,-106.40831,8070,8/23/2026,F,59,80,19,46,5,7,7,9,,818,0.0,N
RED LAKE,20610,ARED,34.18133,-110.78919,6524,8/23/2026,F,57,87,28,78,0,3,3,11,,813,0.0,N
RESERVE,292005,XRES,33.71489,-108.777,5846,8/23/2026,F,58,93,15,67,1,7,1,9,,938,0.0,N
RINCON,21207,ARIN,32.20639,-110.54861,8209,8/23/2026,F,60,76,38,67,5,9,8,15,,867,0.03,N
RUCKER,21414,ARUC,31.76111,-109.34861,5700,8/23/2026,F,62,91,15,65,2,5,6,15,,952,0.0,N
SAGUARO,21202,ASAG,32.31111,-110.81861,2758,8/23/2026,F,78,104,22,65,2,7,5,17,,848,0.01,N
SAN ANDRES,292904,XSAA,32.58008,-106.52719,6137,8/23/2026,F,70,94,13,28,1,5,5,15,,987,0.0,N
SAN CARLOS #1,20608,ASCA,33.37165,-110.45683,2830,8/23/2026,F,77,106,15,47,2,9,6,19,,867,0.0,N
SANDIA LAB,291408,XSLB,35.00406,-106.41148,6321,8/23/2026,F,64,91,19,56,2,8,3,11,,837,0.0,N
SANDIA LAKES,290706,XSLK,35.22967,-106.59061,5027,8/23/2026,F,65,99,16,63,2,10,3,15,,854,0.0,N
SANTA FE WATERSHED,290901,XSFW,35.68686,-105.86031,7749,8/23/2026,F,55,86,19,67,3,9,5,13,,879,0.0,N
SASABE,21206,ASAS,31.69169,-111.44811,3500,8/23/2026,F,71,99,26,91,2,8,6,18,,914,0.04,N
SCOUT CAMP,21208,ASOL,32.39806,-110.725,7554,8/23/2026,F,63,82,36,68,3,9,9,16,,760,0.03,N
SELLS,21209,ASES,31.91014,-111.89743,2262,8/23/2026,F,78,102,26,77,2,7,6,16,,919,0.02,N
SEVILLETA,292105,XSEV,34.35844,-106.6895,5246,8/23/2026,F,67,97,14,53,2,7,3,9,,915,0.0,N
SHADOW RIM,20611,ASHA,34.40586,-111.28319,5660,8/23/2026,F,62,93,24,65,0,5,3,11,,771,0.02,N
SLAUGHTER,292008,XSLA,34.06056,-108.44472,8680,8/23/2026,F,56,81,25,60,2,7,3,9,,809,0.01,N
SMITH PEAK,21501,ASMI,34.11486,-113.34733,2386,8/23/2026,F,85,103,22,42,3,6,8,17,,913,0.0,N
SMOKEY BEAR,292203,XSMO,33.35019,-105.686,7194,8/23/2026,F,52,90,19,66,3,8,5,11,,843,0.0,N
SOWATS,55523737,ASOW,36.48242,-112.42281,7038,8/23/2026,F,59,84,23,56,5,8,8,13,,727,0.09,N
STANTON,20509,ASTA,34.16403,-112.73486,3600,8/23/2026,F,79,96,25,44,5,10,9,19,,924,0.01,N
STONE LAKE,290201,XSTO,36.73161,-106.86581,7436,8/23/2026,F,54,89,16,72,1,11,1,16,,856,0.0,N
STRAY HORSE,21106,ASTH,33.55253,-109.31719,7956,8/23/2026,F,62,81,21,45,3,13,8,19,,910,0.0,N
SUNSET POINT,20510,ASUN,34.18847,-112.13467,3380,8/23/2026,F,76,99,22,50,2,11,7,22,,877,0.0,N
TANKS,55522384,ATNK,33.67314,-110.57431,5801,8/23/2026,F,63,90,23,63,3,8,8,18,,874,0.0,N
TAOS PUEBLO RAWS,55522385,XTAP,36.41461,-105.55689,7135,8/23/2026,F,57,89,21,70,1,11,1,16,,908,0.02,N
T BAR,55523738,XTBA,33.51789,-108.52419,8047,8/23/2026,F,54,83,20,62,1,6,1,8,,853,0.0,N
TONTO BASIN,20606,ATON,33.86861,-111.31333,2414,8/23/2026,F,78,104,20,52,1,8,5,19,,852,0.01,N
TOWER,290801,XTOW,35.77899,-106.26611,6529,8/23/2026,F,62,93,17,60,5,13,7,17,,854,0.0,N
TRAIL CABIN,21105,ATRA,33.26478,-109.36789,6250,8/23/2026,F,67,92,15,44,5,8,8,17,,915,0.0,N
TRUCHAS,290210,XTRU,36.059,-105.7695,8353,8/23/2026,F,48,83,20,83,2,9,3,13,,879,0.0,N
TRUXTON CANYON,20120,ATRU,35.78013,-113.79563,5304,8/23/2026,F,74,89,23,40,5,9,8,21,,881,0.03,N
TUSAYAN,20207,ATUS,35.98833,-112.12056,6570,8/23/2026,F,51,85,24,80,0,2,3,9,,810,0.01,N
TWEEDS POINT,20109,ATWE,36.58186,-113.732,5334,8/23/2026,F,77,92,18,29,8,13,15,28,,926,0.0,N
UNION PASS,20116,AUNI,35.23233,-114.38194,3590,8/23/2026,F,82,97,22,37,2,8,6,21,,889,0.0,N
VERDE,20503,AVER,34.54917,-111.84417,3101,8/23/2026,F,70,101,21,73,1,3,5,11,,797,0.0,N
WARM SPRINGS CANYON,20216,AWAR,36.70117,-112.22689,7953,8/23/2026,F,56,79,27,55,5,8,8,13,,594,0.03,N
WASHINGTON PASS,290101,XWAS,36.0765,-108.8615,9384,8/23/2026,F,57,77,28,57,2,7,3,9,,671,0.03,N
WILD RIVERS,290307,XWDR,36.69469,-105.66872,7530,8/23/2026,F,50,86,19,83,2,14,3,19,,934,0.0,N
YELLOW JOHN MOUNTAIN,20217,AYEL,36.155,-113.54944,6160,8/23/2026,F,56,88,23,63,2,5,7,16,,802,0.0,N
ZUNI BUTTES,290603,XZUB,35.13919,-108.94131,6649,8/23/2026,F,58,92,17,70,1,10,1,15,,913,0.0,N
10K,55522198,X10K,35.2085,-106.43586,10065,8/23/2026,F,54,77,23,60,3,8,5,11,,782,0.0,N
AHAKHAV PRESERVE,21503,AAHA,34.13222,-114.32917,363,8/23/2026,F,86,109,23,54,2,8,7,18,,866,0.0,N
ALBINO CANYON,290102,XALB,36.97661,-107.62892,7173,8/23/2026,F,60,90,17,65,1,15,1,21,,886,0.0,N
ALPINE,20401,AALP,33.84272,-109.11161,8207,8/23/2026,F,56,80,26,62,2,5,6,13,,886,0.0,N
BAKERS TANK,55522210,AHBB,32.61528,-114.00836,563,8/23/2026,F,84,106,26,68,3,9,7,19,,927,0.0,N
BARTLEY,291002,XBAR,35.90875,-105.38769,9192,8/23/2026,F,57,79,25,58,2,10,3,15,,773,0.0,N
BATDRAW,293101,XBAD,32.17861,-104.44056,4425,8/23/2026,F,76,101,13,31,5,11,10,21,,950,0.0,N
BEAVERHEAD,292001,XBEA,33.42353,-108.11019,6750,8/23/2026,F,53,90,18,75,2,8,3,11,,922,0.0,N
BELMONT,21504,ABEL,33.67411,-112.92281,1813,8/23/2026,F,82,105,22,59,3,7,8,15,,914,0.0,N
BLACK HILLS,21008,ABLA,33.08203,-109.95119,3262,8/23/2026,F,79,104,13,39,5,8,9,19,,827,0.0,N
BLACK MESA,290305,XBLM,36.03708,-106.04964,5762,8/23/2026,F,60,94,18,67,2,11,3,16,,930,0.0,N
BLACK ROCK,20114,ABRK,36.79436,-113.75056,7224,8/23/2026,F,68,83,22,36,2,5,10,17,,898,0.0,N
BLUEWATER RIDGE,293303,XBLR,35.19411,-108.16336,8274,8/23/2026,F,57,82,25,60,2,8,3,11,,732,0.06,N
BOSQUE,292103,XBOS,33.82064,-106.88169,4523,8/23/2026,F,65,100,13,57,2,11,3,16,,937,0.0,N
BRIGHT ANGEL,20211,ACAN,36.20472,-112.06222,8134,8/23/2026,F,57,80,27,55,2,9,5,14,,815,0.0,N
BRUSHY MOUNTAIN,291301,XBRU,34.72,-107.8484,8789,8/23/2026,F,57,83,22,59,2,14,3,19,,753,0.0,N
BUCKSKIN MTN,20224,ABUC,36.91808,-112.19981,6334,8/23/2026,F,66,86,22,44,2,7,6,18,,764,0.0,N
BURRO MOUNTAIN,292504,XBUR,32.67203,-108.53969,6995,8/23/2026,F,67,92,15,36,5,9,8,18,,804,0.0,N
CANELO,21303,ACNL,31.54972,-110.51917,4629,8/23/2026,F,66,92,27,79,5,9,8,18,,923,0.03,N
CAPROCK,293104,XCAP,32.92728,-103.85689,4167,8/23/2026,F,72,101,12,43,6,15,9,22,1/1/1 17:00 LMT,976,0.0,N
CARR,21411,ACAA,31.44111,-110.28611,5400,8/23/2026,F,68,94,25,71,2,11,7,23,,941,0.0,N
CASA GRANDE,20906,ACSG,32.99177,-111.53264,1412,8/23/2026,F,83,105,23,59,3,9,5,16,,911,0.0,N
CAVE CREEK,55522232,ACAV,34.0899,-111.8465,3477,8/23/2026,F,71,100,20,62,1,7,5,17,,811,0.0,N
CEDAR RIDGE,55523718,ACED,32.59872,-110.76231,4735,8/23/2026,F,73,95,24,60,6,10,9,18,,841,0.0,N
CHERRY,20511,ACHE,34.59661,-112.04761,5147,8/23/2026,F,61,91,26,75,2,5,6,15,,896,0.0,N
CHUPADERA,292102,XCHU,33.77294,-106.0985,5580,8/23/2026,F,66,97,13,47,3,7,5,9,,972,0.0,N
CIBOLA,20121,ACBL,33.28,-114.68489,252,8/23/2026,F,86,110,23,66,3,10,8,21,,913,0.0,N
CIMARRON,290401,XCIM,36.60611,-105.12028,8806,8/23/2026,F,51,81,23,77,2,9,3,13,,654,0.06,N
CIPRIANO,55522238,ARIP,32.4235,-114.16211,1042,8/23/2026,F,85,106,28,66,3,14,7,23,,932,0.0,N
COLUMBINE,21005,ACOL,32.70389,-109.91389,9521,8/23/2026,F,54,75,31,69,2,5,9,15,,646,0.0,N
COSMIC,293004,XCOS,32.77925,-105.81989,9172,8/23/2026,F,61,80,21,37,2,7,7,17,,910,0.0,N
COYOTE,290202,XCOY,36.07333,-106.65739,8704,8/23/2026,F,53,83,23,66,5,11,7,16,,786,0.02,N
CROWN KING,20502,ACRO,34.20336,-112.34561,6173,8/23/2026,F,64,87,30,65,2,5,6,13,,791,0.01,N
CUBA,290705,XCUB,35.942,-107.07739,6890,8/23/2026,F,59,90,16,56,2,9,3,13,,897,0.0,N
DATIL,292012,XDAT,34.29256,-107.768,8431,8/23/2026,F,56,82,24,60,3,9,5,13,,717,0.05,N
DEADMAN PEAK,290203,XDEA,36.4229,-106.772,8389,8/23/2026,F,57,85,15,55,2,11,3,16,,833,0.0,N
DEVILS HILLS,55522251,ADVH,32.42483,-113.79011,836,8/23/2026,F,84,107,26,70,2,10,6,21,,926,0.0,N
DRIPPING SPRINGS,292903,XDRI,32.32225,-106.58661,5814,8/23/2026,F,75,96,12,23,1,6,6,17,,989,0.0,N
DRY LAKE,21009,ADRL,33.35982,-109.83306,7405,8/23/2026,F,64,89,20,47,3,7,8,16,,764,0.0,N
DRY PARK,20212,ADRY,36.45308,-112.23819,8700,8/23/2026,F,54,76,29,59,2,7,5,13,,797,0.01,N
DULCE #2,290205,XDUL,36.93519,-107.00011,6805,8/23/2026,F,51,91,18,86,1,13,1,17,,877,0.0,N
DUNKEN,292302,XDUN,32.82467,-105.18261,5431,8/23/2026,F,69,97,14,34,3,13,5,17,1/3/1 17:00 LMT,895,0.0,N
DUTCH KID,55522257,ADUT,35.12931,-112.28219,6505,8/23/2026,F,55,85,28,78,3,7,6,16,,842,0.0,N
EIGHT MILE DRAW,292301,XEIG,33.65064,-104.32139,3626,8/23/2026,F,71,105,11,41,5,9,7,13,,967,0.0,N
EMPIRE,21205,AEMP,31.78347,-110.64325,4650,8/23/2026,F,67,93,27,81,2,7,6,17,,922,0.0,N
FLAGSTAFF,20209,AFLG,35.14111,-111.6725,6903,8/23/2026,F,52,82,28,80,0,3,5,13,,775,0.01,N
FORT YUMA,20102,AFYM,32.65222,-114.63417,185,8/23/2026,F,86,108,26,70,3,10,7,19,,925,0.0,N
FOUR SPRINGS,20227,AFOU,36.79367,-112.04239,6560,8/23/2026,F,66,83,23,44,2,6,6,14,,653,0.04,N
FRAZIER WELLS,20213,AFRA,35.84551,-113.05501,6796,8/23/2026,F,65,82,27,49,2,8,5,13,,764,0.05,N
FTHL YDMA,55522271,AFTH,32.48658,-114.4635,331,8/23/2026,F,86,108,27,73,6,15,9,22,,931,0.0,N
GILA CENTER RAWS,292011,XGIL,33.22375,-108.24031,5767,8/23/2026,F,56,94,14,72,2,8,3,11,,948,0.0,N
GLOBE,20601,AGLO,33.32694,-110.76694,4137,8/23/2026,F,77,97,22,47,5,8,9,19,,905,0.01,N
GOLDFIELD,21505,AGOL,33.55531,-111.6145,1367,8/23/2026,F,85,108,20,52,1,7,2,13,,870,0.0,N
GOODWIN MESA,20507,AGOO,34.77614,-113.3375,4311,8/23/2026,F,72,96,22,53,2,10,5,14,,895,0.03,N
GRANTS,291302,XGRA,35.24278,-107.66528,8620,8/23/2026,F,54,82,22,67,2,7,3,9,,756,0.0,N
GREENBASE,20284,AGRB,35.27619,-112.06325,6923,8/23/2026,F,51,81,31,86,1,6,5,14,,783,0.04,N
GREER,20404,AGRE,34.05853,-109.44097,8240,8/23/2026,F,56,77,31,60,2,6,5,11,,745,0.0,N
GUNSIGHT,20223,AGUN,36.70464,-112.5835,5284,8/23/2026,F,68,92,19,42,2,7,6,18,,840,0.06,N
GUTHRIE,21104,AGUT,32.88203,-109.30931,6324,8/23/2026,F,71,92,15,35,3,15,9,26,,865,0.0,N
HACHITA VALLEY,292702,XHAC,31.702,-108.34169,4290,8/23/2026,F,69,102,11,49,3,7,5,10,,973,0.0,N
HAPPY JACK,20291,AHJK,34.61797,-111.34239,6812,8/23/2026,F,53,82,31,83,0,3,3,15,,673,0.05,N
HAVASU,20118,AHAV,34.80758,-114.53456,475,8/23/2026,F,86,112,18,52,2,7,6,15,,872,0.0,N
HEADQUARTERS,21409,ACHR,32.00611,-109.35694,5400,8/23/2026,F,67,96,17,57,2,6,6,13,,948,0.02,N
HEBER,20301,AHBR,34.39778,-110.56444,6635,8/23/2026,F,59,84,27,65,1,5,5,15,,849,0.02,N
HILLTOP,20609,AHIL,33.61119,-110.41461,5732,8/23/2026,F,61,92,23,68,2,5,5,14,,917,0.0,N
HOPI,20312,AHPI,35.86292,-110.61495,5579,8/23/2026,F,62,93,17,58,2,10,6,22,,847,0.0,N
HOPKINS,21302,AHPK,31.67528,-110.88,7120,8/23/2026,F,65,84,34,63,5,9,8,14,,877,0.01,N
HORSE CAMP CANYON,20903,AHOR,32.93656,-110.4935,4014,8/23/2026,F,75,98,20,56,3,11,8,24,,876,0.0,N
HUMBUG CREEK,20508,AHUM,34.11,-112.3,5250,8/23/2026,F,73,90,29,50,2,13,6,22,,850,0.0,N
HURRICANE,20117,AHUR,36.69908,-113.20731,5445,8/23/2026,F,67,91,19,45,7,10,11,23,,904,0.0,N
IRON SPRINGS,20501,AIRO,34.59361,-112.51139,5385,8/23/2026,F,63,87,29,68,1,5,3,15,,875,0.08,N
JARITA MESA,290204,XJAR,36.55597,-106.10306,8864,8/23/2026,F,55,83,23,66,2,11,3,16,,714,0.04,N
JEMEZ,290702,XJEM,35.84114,-106.61969,8248,8/23/2026,F,56,86,21,62,3,13,5,17,,677,0.0,N
LAGUNA,293304,XLAG,35.05197,-107.42028,5805,8/23/2026,F,65,94,15,54,2,14,3,19,,912,0.01,N
LAKESIDE,20303,ALAK,34.16283,-109.87639,7267,8/23/2026,F,58,83,29,65,2,5,5,13,,756,0.02,N
LIMESTONE CANYON,20309,ALIM,34.17786,-110.27663,7102,8/23/2026,F,63,88,24,54,2,7,6,11,,921,0.0,N
LINDBERGH HILL,20220,ALBE,36.28556,-112.07861,8800,8/23/2026,F,53,77,30,64,2,7,6,11,,816,0.05,N
LUNA,292004,XLUN,33.82289,-108.94311,7088,8/23/2026,F,53,87,19,75,1,7,1,9,,777,0.01,N
MAGDALENA,292104,XMAG,33.85061,-107.539,8495,8/23/2026,F,57,82,21,53,3,8,5,11,,790,0.0,N
MALPAIS LAVA FLOW,293301,XMAL,34.85181,-108.17461,7514,8/23/2026,F,55,86,21,72,1,13,1,17,,740,0.03,N
MAYHILL,293002,XMAY,32.90947,-105.46981,6599,8/23/2026,F,59,92,15,48,2,5,8,13,1/3/1 17:00 LMT,767,0.0,N
MCGREGGOR RANGE,292901,XMCG,32.43133,-105.62181,4832,8/23/2026,F,68,101,12,38,5,7,6,11,,985,0.0,N
MELROSE RANGE,291901,XMEL,34.28422,-103.71497,4263,8/23/2026,F,72,102,12,41,6,10,8,15,1/5/1 17:00 LMT,948,0.0,N
MESCAL,293003,XMES,33.15803,-105.76881,6227,8/23/2026,F,57,89,18,51,2,7,6,14,,966,0.0,N
MIDNIGHT,55522315,XMID,36.77819,-105.34131,10815,8/23/2026,F,44,74,24,89,2,7,3,9,,929,0.04,N
MILLS CANYON,291101,XMIL,36.05453,-104.32511,5881,8/23/2026,F,58,94,18,78,3,15,5,21,,956,0.0,N
MOGOLLON,292013,XMOG,33.39064,-108.80819,7602,8/23/2026,F,63,89,18,41,2,7,3,9,,852,0.0,N
MOHAWK DUNES,55522318,AMOD,32.68878,-113.74889,524,8/23/2026,F,84,108,25,70,2,8,7,16,,926,0.0,N
MORMON LAKE,20215,AMOL,34.90972,-111.43842,7094,8/23/2026,F,53,82,28,77,1,2,3,11,,689,0.11,N
MOSS BASIN,20115,AMOS,35.03397,-113.89406,5920,8/23/2026,F,67,87,30,55,3,8,7,14,,712,0.1,N
MOUNTAINAIR,291501,XMOU,34.52081,-106.26269,6593,8/23/2026,F,61,92,15,54,2,7,3,9,,793,0.0,N
MOUNTAIN LION,20310,AFAP,33.69511,-109.71078,7269,8/23/2026,F,57,84,24,60,1,2,5,9,,759,0.0,N
MOUNT LOGAN,20107,AMTL,36.35306,-113.19917,7605,8/23/2026,F,64,79,27,43,5,8,10,21,,875,0.04,N
MULESHOE RANCH,21007,AMUL,32.40383,-110.272,4475,8/23/2026,F,70,96,22,66,2,9,7,21,,868,0.0,N
MUSIC MOUNTAIN,20119,AMUS,35.61497,-113.79428,5375,8/23/2026,F,70,92,22,46,7,10,11,18,,907,0.0,N
NAVAJO MONUMENT,20307,ANAV,36.67667,-110.54389,7204,8/23/2026,F,60,85,22,56,2,7,6,10,,735,0.03,N
NEVERSHINE,55522326,ANEV,36.24753,-113.88851,2165,8/23/2026,F,85,104,15,28,6,10,9,14,1/1/1 17:00 LMT,905,0.0,N
NIXON FLATS,20113,ANIX,36.38833,-113.15806,6500,8/23/2026,F,61,84,24,54,1,6,3,16,,876,0.02,N
NOON CREEK,21010,ANOO,32.66778,-109.78806,4925,8/23/2026,F,70,99,14,44,5,11,9,21,,839,0.0,N
OAK CREEK,20219,AOAK,34.94686,-111.75444,4804,8/23/2026,F,65,95,21,57,1,5,7,13,,834,0.0,N
OAK FLATS,291402,XOAK,35.00614,-106.31583,7675,8/23/2026,F,59,89,18,60,2,7,3,9,,811,0.0,N
OATMAN,21502,AOAT,33.04994,-113.13867,1715,8/23/2026,F,85,107,23,63,3,11,7,17,,831,0.0,N
OLAF KNOLLS,20108,AOLA,36.50725,-113.81589,2974,8/23/2026,F,82,103,14,27,5,10,11,22,,922,0.0,N
PADUCA,293202,XPAD,32.17983,-103.722,3534,8/23/2026,F,74,102,15,45,7,15,10,24,,970,0.0,N
PARIA POINT,20226,APAR,36.72753,-111.822,7106,8/23/2026,F,64,84,23,45,2,5,6,16,,731,0.06,N
PAYSON,20602,APAY,34.24614,-111.2935,5064,8/23/2026,F,64,92,25,68,0,7,2,14,,825,0.0,N
PECOS,291202,XPEC,35.54558,-105.49439,8229,8/23/2026,F,61,85,22,50,3,8,5,11,,606,0.0,N
PELONA MOUNTAIN,292009,XPEL,33.69375,-108.06161,7955,8/23/2026,F,59,84,18,54,3,9,5,13,,835,0.0,N
PICACHO PEAK,55522341,APIC,32.66314,-111.42154,1750,8/23/2026,F,80,101,24,63,2,8,5,14,,898,0.0,N
PINE,20612,APNE,34.37181,-111.4555,5313,8/23/2026,F,62,92,26,65,2,7,5,13,,823,0.0,N
PINEDALE,55522344,APND,34.30617,-110.23661,6461,8/23/2026,F,62,86,24,60,2,6,5,14,,873,0.02,N
PINEY HILL,20402,APIN,35.76111,-109.16719,8061,8/23/2026,F,58,79,26,60,2,5,6,13,,759,0.06,N
PLEASANT VALLEY,20603,APLE,34.08858,-110.94225,5232,8/23/2026,F,63,93,22,66,1,5,3,14,,839,0.0,N
PROMONTORY,20221,APRO,34.36528,-111.01444,7842,8/23/2026,F,59,79,35,58,1,3,6,10,,764,0.0,N
QUEEN,293105,XQUN,32.20361,-104.69031,5642,8/23/2026,F,70,96,13,34,6,8,14,17,1/6/1 17:00 LMT,973,0.0,N
RAMAH,293305,XRAM,34.81947,-108.29439,7645,8/23/2026,F,55,86,21,72,1,11,1,16,,734,0.0,N
RED CANYON,55523735,XRDC,34.62289,-106.40831,8070,8/23/2026,F,59,80,19,46,5,7,7,9,,818,0.0,N
RED LAKE,20610,ARED,34.18133,-110.78919,6524,8/23/2026,F,57,87,28,78,0,3,3,11,,813,0.0,N
RESERVE,292005,XRES,33.71489,-108.777,5846,8/23/2026,F,58,93,15,67,1,7,1,9,,938,0.0,N
RINCON,21207,ARIN,32.20639,-110.54861,8209,8/23/2026,F,60,76,38,67,5,9,8,15,,867,0.03,N
RUCKER,21414,ARUC,31.76111,-109.34861,5700,8/23/2026,F,62,91,15,65,2,5,6,15,,952,0.0,N
SAGUARO,21202,ASAG,32.31111,-110.81861,2758,8/23/2026,F,78,104,22,65,2,7,5,17,,848,0.01,N
SAN ANDRES,292904,XSAA,32.58008,-106.52719,6137,8/23/2026,F,70,94,13,28,1,5,5,15,,987,0.0,N
SAN CARLOS #1,20608,ASCA,33.37165,-110.45683,2830,8/23/2026,F,77,106,15,47,2,9,6,19,,867,0.0,N
SANDIA LAB,291408,XSLB,35.00406,-106.41148,6321,8/23/2026,F,64,91,19,56,2,8,3,11,,837,0.0,N
SANDIA LAKES,290706,XSLK,35.22967,-106.59061,5027,8/23/2026,F,65,99,16,63,2,10,3,15,,854,0.0,N
SANTA FE WATERSHED,290901,XSFW,35.68686,-105.86031,7749,8/23/2026,F,55,86,19,67,3,9,5,13,,879,0.0,N
SASABE,21206,ASAS,31.69169,-111.44811,3500,8/23/2026,F,71,99,26,91,2,8,6,18,,914,0.04,N
SCOUT CAMP,21208,ASOL,32.39806,-110.725,7554,8/23/2026,F,63,82,36,68,3,9,9,16,,760,0.03,N
SELLS,21209,ASES,31.91014,-111.89743,2262,8/23/2026,F,78,102,26,77,2,7,6,16,,919,0.02,N
SEVILLETA,292105,XSEV,34.35844,-106.6895,5246,8/23/2026,F,67,97,14,53,2,7,3,9,,915,0.0,N
SHADOW RIM,20611,ASHA,34.40586,-111.28319,5660,8/23/2026,F,62,93,24,65,0,5,3,11,,771,0.02,N
SLAUGHTER,292008,XSLA,34.06056,-108.44472,8680,8/23/2026,F,56,81,25,60,2,7,3,9,,809,0.01,N
SMITH PEAK,21501,ASMI,34.11486,-113.34733,2386,8/23/2026,F,85,103,22,42,3,6,8,17,,913,0.0,N
SMOKEY BEAR,292203,XSMO,33.35019,-105.686,7194,8/23/2026,F,52,90,19,66,3,8,5,11,,843,0.0,N
SOWATS,55523737,ASOW,36.48242,-112.42281,7038,8/23/2026,F,59,84,23,56,5,8,8,13,,727,0.09,N
STANTON,20509,ASTA,34.16403,-112.73486,3600,8/23/2026,F,79,96,25,44,5,10,9,19,,924,0.01,N
STONE LAKE,290201,XSTO,36.73161,-106.86581,7436,8/23/2026,F,54,89,16,72,1,11,1,16,,856,0.0,N
STRAY HORSE,21106,ASTH,33.55253,-109.31719,7956,8/23/2026,F,62,81,21,45,3,13,8,19,,910,0.0,N
SUNSET POINT,20510,ASUN,34.18847,-112.13467,3380,8/23/2026,F,76,99,22,50,2,11,7,22,,877,0.0,N
TANKS,55522384,ATNK,33.67314,-110.57431,5801,8/23/2026,F,63,90,23,63,3,8,8,18,,874,0.0,N
TAOS PUEBLO RAWS,55522385,XTAP,36.41461,-105.55689,7135,8/23/2026,F,57,89,21,70,1,11,1,16,,908,0.02,N
T BAR,55523738,XTBA,33.51789,-108.52419,8047,8/23/2026,F,54,83,20,62,1,6,1,8,,853,0.0,N
TONTO BASIN,20606,ATON,33.86861,-111.31333,2414,8/23/2026,F,78,104,20,52,1,8,5,19,,852,0.01,N
TOWER,290801,XTOW,35.77899,-106.26611,6529,8/23/2026,F,62,93,17,60,5,13,7,17,,854,0.0,N
TRAIL CABIN,21105,ATRA,33.26478,-109.36789,6250,8/23/2026,F,67,92,15,44,5,8,8,17,,915,0.0,N
TRUCHAS,290210,XTRU,36.059,-105.7695,8353,8/23/2026,F,48,83,20,83,2,9,3,13,,879,0.0,N
TRUXTON CANYON,20120,ATRU,35.78013,-113.79563,5304,8/23/2026,F,74,89,23,40,5,9,8,21,,881,0.03,N
TUSAYAN,20207,ATUS,35.98833,-112.12056,6570,8/23/2026,F,51,85,24,80,0,2,3,9,,810,0.01,N
TWEEDS POINT,20109,ATWE,36.58186,-113.732,5334,8/23/2026,F,77,92,18,29,8,13,15,28,,926,0.0,N
UNION PASS,20116,AUNI,35.23233,-114.38194,3590,8/23/2026,F,82,97,22,37,2,8,6,21,,889,0.0,N
VERDE,20503,AVER,34.54917,-111.84417,3101,8/23/2026,F,70,101,21,73,1,3,5,11,,797,0.0,N
WARM SPRINGS CANYON,20216,AWAR,36.70117,-112.22689,7953,8/23/2026,F,56,79,27,55,5,8,8,13,,594,0.03,N
WASHINGTON PASS,290101,XWAS,36.0765,-108.8615,9384,8/23/2026,F,57,77,28,57,2,7,3,9,,671,0.03,N
WILD RIVERS,290307,XWDR,36.69469,-105.66872,7530,8/23/2026,F,50,86,19,83,2,14,3,19,,934,0.0,N
YELLOW JOHN MOUNTAIN,20217,AYEL,36.155,-113.54944,6160,8/23/2026,F,56,88,23,63,2,5,7,16,,802,0.0,N
ZUNI BUTTES,290603,XZUB,35.13919,-108.94131,6649,8/23/2026,F,58,92,17,70,1,10,1,15,,913,0.0,N
