station_name,station_id,wrcc_id,latitude,longitude,elevation,observation_time,observation_time_lst,display_hour,display_hour_lst,nfdr_date,nfdr_time,nfdr_type,fuel_model,fuel_model_version,kbdi,one_hr_tl_fuel_moisture,ten_hr_tl_fuel_moisture,hun_hr_tl_fuel_moisture,thou_hr_tl_fuel_moisture,ignition_component,spread_component,energy_release_component,burning_index,herbaceous_lfi_fuel_moisture,woody_lfi_fuel_moisture,gsi,quality_code
FORT YUMA,20102,AFYM,32.65222,-114.63417,185,2026-08-23T01:16:14.000Z,2026-08-22T18:16:00.000-07:00,2026-08-23T01:00:00.000Z,2026-08-22T18:00:00.000-07:00,2026-08-22,18,O,V,4,744,2.85,4.05,8.36,9.93,74.98,81.29,10.15,66.09,30.0,60.0,0.0,0
MOUNT LOGAN,20107,AMTL,36.35306,-113.19917,7605,2026-08-23T00:33:25.000Z,2026-08-22T17:33:00.000-07:00,2026-08-23T01:00:00.000Z,2026-08-22T18:00:00.000-07:00,2026-08-22,18,O,V,4,152,5.13,7.09,9.84,11.72,31.79,38.0,4.71,32.71,91.36,99.05,0.5,0
OLAF KNOLLS,20108,AOLA,36.50725,-113.81589,2974,2026-08-23T00:33:35.000Z,2026-08-22T17:33:00.000-07:00,2026-08-23T01:00:00.000Z,2026-08-22T18:00:00.000-07:00,2026-08-22,18,O,V,4,629,2.94,4.11,6.44,8.1,77.56,94.29,10.02,70.34,30.0,60.0,0.02,0
TWEEDS POINT,20109,ATWE,36.58186,-113.732,5334,2026-08-23T00:33:55.000Z,2026-08-22T17:33:00.000-07:00,2026-08-23T01:00:00.000Z,2026-08-22T18:00:00.000-07:00,2026-08-22,18,O,V,4,553,3.96,5.13,7.58,9.3,67.87,155.56,8.58,82.47,30.0,60.0,0.04,0
NIXON FLATS,20113,ANIX,36.38833,-113.15806,6500,2026-08-23T00:50:15.000Z,2026-08-22T17:50:00.000-07:00,2026-08-23T01:00:00.000Z,2026-08-22T18:00:00.000-07:00,2026-08-22,18,O,V,4,302,4.34,8.33,13.77,14.02,36.82,37.28,8.1,41.62,30.0,60.0,0.26,0
BLACK ROCK,20114,ABRK,36.79436,-113.75056,7224,2026-08-23T00:50:05.000Z,2026-08-22T17:50:00.000-07:00,2026-08-23T01:00:00.000Z,2026-08-22T18:00:00.000-07:00,2026-08-22,18,O,V,4,192,5.68,6.34,9.15,11.65,25.54,29.79,5.31,30.91,57.26,77.34,0.39,0
MOSS BASIN,20115,AMOS,35.03397,-113.89406,5920,2026-08-23T01:23:05.000Z,2026-08-22T18:23:00.000-07:00,2026-08-23T01:00:00.000Z,2026-08-22T18:00:00.000-07:00,2026-08-22,18,O,V,4,394,4.66,6.27,11.84,13.45,38.07,45.39,7.7,44.53,30.0,60.0,0.27,0
UNION PASS,20116,AUNI,35.23233,-114.38194,3590,2026-08-23T00:52:35.000Z,2026-08-22T17:52:00.000-07:00,2026-08-23T01:00:00.000Z,2026-08-22T18:00:00.000-07:00,2026-08-22,18,O,V,4,580,3.37,4.3,7.24,8.68,69.72,89.03,9.39,66.49,30.0,60.0,0.03,0
HURRICANE,20117,AHUR,36.69908,-113.20731,5445,2026-08-23T00:34:05.000Z,2026-08-22T17:34:00.000-07:00,2026-08-23T01:00:00.000Z,2026-08-22T18:00:00.000-07:00,2026-08-22,18,O,V,4,407,4.36,7.01,9.75,11.04,59.28,92.5,8.07,63.12,30.0,60.0,0.18,0
HAVASU,20118,AHAV,34.80758,-114.53456,475,2026-08-23T00:52:45.000Z,2026-08-22T17:52:00.000-07:00,2026-08-23T01:00:00.000Z,2026-08-22T18:00:00.000-07:00,2026-08-22,18,O,V,4,653,2.29,4.41,8.19,9.37,79.3,74.11,11.02,65.79,30.0,60.0,0.0,0
MUSIC MOUNTAIN,20119,AMUS,35.61497,-113.79428,5375,2026-08-23T00:52:55.000Z,2026-08-22T17:52:00.000-07:00,2026-08-23T01:00:00.000Z,2026-08-22T18:00:00.000-07:00,2026-08-22,18,O,V,4,547,3.6,5.47,8.89,10.79,54.37,61.74,9.08,55.33,30.0,60.0,0.12,0
TRUXTON CANYON,20120,ATRU,35.78013,-113.79563,5304,2026-08-23T01:14:05.000Z,2026-08-22T18:14:00.000-07:00,2026-08-23T01:00:00.000Z,2026-08-22T18:00:00.000-07:00,2026-08-22,18,O,V,4,267,4.14,5.28,8.44,10.43,38.47,38.0,8.35,42.58,30.0,60.0,0.18,0
CIBOLA,20121,ACBL,33.28,-114.68489,252,2026-08-23T00:48:54.000Z,2026-08-22T17:48:00.000-07:00,2026-08-23T01:00:00.000Z,2026-08-22T18:00:00.000-07:00,2026-08-22,18,O,V,4,748,2.59,4.37,8.26,9.18,66.52,57.94,10.56,57.59,30.0,60.0,0.0,0
TUSAYAN,20207,ATUS,35.98833,-112.12056,6570,2026-08-23T01:08:24.000Z,2026-08-22T18:08:00.000-07:00,2026-08-23T01:00:00.000Z,2026-08-22T18:00:00.000-07:00,2026-08-22,18,O,V,4,348,5.6,8.95,14.7,15.58,12.7,7.2,6.6,17.79,30.0,60.0,0.22,0
FLAGSTAFF,20209,AFLG,35.14111,-111.6725,6903,2026-08-23T01:06:04.000Z,2026-08-22T18:06:00.000-07:00,2026-08-23T01:00:00.000Z,2026-08-22T18:00:00.000-07:00,2026-08-22,18,O,V,4,283,5.92,8.03,13.24,14.88,21.86,23.42,5.25,27.52,53.37,74.87,0.37,0
BRIGHT ANGEL,20211,ACAN,36.20472,-112.06222,8134,2026-08-23T01:07:54.000Z,2026-08-22T18:07:00.000-07:00,2026-08-23T01:00:00.000Z,2026-08-22T18:00:00.000-07:00,2026-08-22,18,O,V,4,265,4.99,7.53,11.02,12.79,20.44,15.29,5.37,22.87,72.39,86.98,0.43,0
DRY PARK,20212,ADRY,36.45308,-112.23819,8700,2026-08-23T00:38:24.000Z,2026-08-22T17:38:00.000-07:00,2026-08-23T01:00:00.000Z,2026-08-22T18:00:00.000-07:00,2026-08-22,18,O,V,4,93,6.28,8.7,12.45,14.54,7.65,3.35,1.93,7.1,148.49,135.4,0.68,0
FRAZIER WELLS,20213,AFRA,35.84551,-113.05501,6796,2026-08-23T01:27:44.000Z,2026-08-22T18:27:00.000-07:00,2026-08-23T01:00:00.000Z,2026-08-22T18:00:00.000-07:00,2026-08-22,18,O,V,4,92,5.1,6.34,10.16,11.78,32.81,39.14,5.9,36.8,55.48,76.21,0.38,0
MORMON LAKE,20215,AMOL,34.90972,-111.43842,7094,2026-08-23T01:03:14.000Z,2026-08-22T18:03:00.000-07:00,2026-08-23T01:00:00.000Z,2026-08-22T18:00:00.000-07:00,2026-08-22,18,O,V,4,282,6.5,9.5,15.29,15.19,25.03,39.23,4.31,31.9,69.54,85.16,0.43,0
WARM SPRINGS CANYON,20216,AWAR,36.70117,-112.22689,7953,2026-08-23T00:47:34.000Z,2026-08-22T17:47:00.000-07:00,2026-08-23T01:00:00.000Z,2026-08-22T18:00:00.000-07:00,2026-08-22,18,O,V,4,345,5.38,8.15,12.7,13.61,16.92,11.72,5.37,20.22,62.98,80.98,0.4,0
YELLOW JOHN MOUNTAIN,20217,AYEL,36.155,-113.54944,6160,2026-08-23T00:50:25.000Z,2026-08-22T17:50:00.000-07:00,2026-08-23T01:00:00.000Z,2026-08-22T18:00:00.000-07:00,2026-08-22,18,O,V,4,283,3.94,7.04,12.38,14.21,35.45,29.98,8.61,38.74,30.0,60.0,0.18,0
OAK CREEK,20219,AOAK,34.94686,-111.75444,4804,2026-08-23T01:03:04.000Z,2026-08-22T18:03:00.000-07:00,2026-08-23T01:00:00.000Z,2026-08-22T18:00:00.000-07:00,2026-08-22,18,O,V,4,574,4.91,6.34,10.42,12.09,29.0,27.4,7.4,34.66,30.0,60.0,0.09,0
LINDBERGH HILL,20220,ALBE,36.28556,-112.07861,8800,2026-08-23T01:08:14.000Z,2026-08-22T18:08:00.000-07:00,2026-08-23T01:00:00.000Z,2026-08-22T18:00:00.000-07:00,2026-08-22,18,O,V,4,395,5.59,7.12,10.96,12.64,17.35,13.93,4.75,20.71,77.73,90.37,0.45,0
PROMONTORY,20221,APRO,34.36528,-111.01444,7842,2026-08-23T00:49:34.000Z,2026-08-22T17:49:00.000-07:00,2026-08-23T01:00:00.000Z,2026-08-22T18:00:00.000-07:00,2026-08-22,18,O,V,4,121,12.02,8.44,12.02,14.17,2.11,2.61,0.28,2.62,169.19,148.57,0.74,0
GUNSIGHT,20223,AGUN,36.70464,-112.5835,5284,2026-08-23T00:34:14.000Z,2026-08-22T17:34:00.000-07:00,2026-08-23T01:00:00.000Z,2026-08-22T18:00:00.000-07:00,2026-08-22,18,O,V,4,522,3.75,6.82,9.91,11.2,42.67,39.63,8.87,44.62,30.0,60.0,0.14,0
BUCKSKIN MTN,20224,ABUC,36.91808,-112.19981,6334,2026-08-23T00:33:45.000Z,2026-08-22T17:33:00.000-07:00,2026-08-23T01:00:00.000Z,2026-08-22T18:00:00.000-07:00,2026-08-22,18,O,V,4,416,3.96,6.29,9.57,11.48,58.74,83.2,8.59,61.87,30.0,60.0,0.2,0
PARIA POINT,20226,APAR,36.72753,-111.822,7106,2026-08-23T01:00:45.000Z,2026-08-22T18:00:00.000-07:00,2026-08-23T01:00:00.000Z,2026-08-22T18:00:00.000-07:00,2026-08-22,18,O,V,4,398,4.73,6.61,10.08,10.9,41.9,55.07,7.61,48.41,30.0,60.0,0.24,0
FOUR SPRINGS,20227,AFOU,36.79367,-112.04239,6560,2026-08-23T01:19:25.000Z,2026-08-22T18:19:00.000-07:00,2026-08-23T01:00:00.000Z,2026-08-22T18:00:00.000-07:00,2026-08-22,18,O,V,4,284,4.54,6.38,10.25,10.78,26.5,20.98,7.84,31.48,30.0,60.0,0.25,0
GREENBASE,20284,AGRB,35.27619,-112.06325,6923,2026-08-23T01:16:34.000Z,2026-08-22T18:16:00.000-07:00,2026-08-23T01:00:00.000Z,2026-08-22T18:00:00.000-07:00,2026-08-22,18,O,V,4,223,5.87,9.75,15.96,17.45,20.98,21.61,4.95,25.82,63.49,81.31,0.41,0
HAPPY JACK,20291,AHJK,34.61797,-111.34239,6812,2026-08-23T01:02:04.000Z,2026-08-22T18:02:00.000-07:00,2026-08-23T01:00:00.000Z,2026-08-22T18:00:00.000-07:00,2026-08-22,18,O,V,4,381,8.04,9.23,14.61,16.25,17.29,32.79,3.46,26.55,61.12,79.8,0.4,0
HEBER,20301,AHBR,34.39778,-110.56444,6635,2026-08-23T01:03:04.000Z,2026-08-22T18:03:00.000-07:00,2026-08-23T01:00:00.000Z,2026-08-22T18:00:00.000-07:00,2026-08-22,18,O,V,4,219,13.25,9.95,13.87,15.62,2.31,5.27,0.89,6.13,30.5,60.32,0.3,0
LAKESIDE,20303,ALAK,34.16283,-109.87639,7267,2026-08-23T01:00:14.000Z,2026-08-22T18:00:00.000-07:00,2026-08-23T01:00:00.000Z,2026-08-22T18:00:00.000-07:00,2026-08-22,18,O,V,4,15,10.31,12.73,16.95,17.32,4.59,5.61,2.1,9.36,74.34,88.21,0.44,0
NAVAJO MONUMENT,20307,ANAV,36.67667,-110.54389,7204,2026-08-23T00:36:34.000Z,2026-08-22T17:36:00.000-07:00,2026-08-23T01:00:00.000Z,2026-08-22T18:00:00.000-07:00,2026-08-22,18,O,V,4,198,6.49,7.24,10.41,11.84,17.55,18.37,5.67,25.51,30.0,60.0,0.14,0
LIMESTONE CANYON,20309,ALIM,34.17786,-110.27663,7102,2026-08-23T01:24:24.000Z,2026-08-22T18:24:00.000-07:00,2026-08-23T01:00:00.000Z,2026-08-22T18:00:00.000-07:00,2026-08-22,18,O,V,4,335,16.52,17.12,11.61,12.9,0.0,0.0,0.0,0.0,34.46,62.84,0.31,0
MOUNTAIN LION,20310,AFAP,33.69511,-109.71078,7269,2026-08-23T01:14:54.000Z,2026-08-22T18:14:00.000-07:00,2026-08-23T01:00:00.000Z,2026-08-22T18:00:00.000-07:00,2026-08-22,18,O,V,4,66,7.66,9.11,14.26,16.23,9.79,9.17,2.37,12.4,125.45,120.74,0.6,0
HOPI,20312,AHPI,35.86292,-110.61495,5579,2026-08-23T01:13:45.000Z,2026-08-22T18:13:00.000-07:00,2026-08-23T01:00:00.000Z,2026-08-22T18:00:00.000-07:00,2026-08-22,18,O,V,4,473,4.93,7.23,12.3,12.33,56.35,205.42,7.37,87.38,30.0,60.0,0.07,0
ALPINE,20401,AALP,33.84272,-109.11161,8207,2026-08-23T01:16:54.000Z,2026-08-22T18:16:00.000-07:00,2026-08-23T01:00:00.000Z,2026-08-22T18:00:00.000-07:00,2026-08-22,18,O,V,4,81,11.84,10.72,14.4,15.92,1.74,1.62,0.49,2.7,140.97,130.62,0.65,0
PINEY HILL,20402,APIN,35.76111,-109.16719,8061,2026-08-23T00:41:24.000Z,2026-08-22T17:41:00.000-07:00,2026-08-23T01:00:00.000Z,2026-08-22T18:00:00.000-07:00,2026-08-22,18,O,V,4,184,11.22,15.28,11.03,12.51,6.76,17.09,1.8,14.57,49.55,72.44,0.36,0
GREER,20404,AGRE,34.05853,-109.44097,8240,2026-08-23T00:35:49.000Z,2026-08-22T17:35:00.000-07:00,2026-08-23T01:00:00.000Z,2026-08-22T18:00:00.000-07:00,2026-08-22,18,O,V,4,55,12.09,16.12,15.18,16.19,1.4,1.01,0.31,1.76,163.34,144.86,0.72,0
IRON SPRINGS,20501,AIRO,34.59361,-112.51139,5385,2026-08-23T01:06:34.000Z,2026-08-22T18:06:00.000-07:00,2026-08-23T01:00:00.000Z,2026-08-22T18:00:00.000-07:00,2026-08-22,18,O,V,4,379,4.57,6.73,11.85,13.71,48.04,66.73,7.81,53.49,30.0,60.0,0.22,0
CROWN KING,20502,ACRO,34.20336,-112.34561,6173,2026-08-23T01:27:34.000Z,2026-08-22T18:27:00.000-07:00,2026-08-23T01:00:00.000Z,2026-08-22T18:00:00.000-07:00,2026-08-22,18,O,V,4,377,4.87,6.62,11.3,12.91,24.96,20.39,7.44,30.33,30.0,60.0,0.25,0
VERDE,20503,AVER,34.54917,-111.84417,3101,2026-08-23T01:05:14.000Z,2026-08-22T18:05:00.000-07:00,2026-08-23T01:00:00.000Z,2026-08-22T18:00:00.000-07:00,2026-08-22,18,O,V,4,551,5.62,6.44,10.85,12.64,39.44,61.6,6.58,47.66,30.0,60.0,0.06,0
GOODWIN MESA,20507,AGOO,34.77614,-113.3375,4311,2026-08-23T01:20:45.000Z,2026-08-22T18:20:00.000-07:00,2026-08-23T01:00:00.000Z,2026-08-22T18:00:00.000-07:00,2026-08-22,18,O,V,4,447,3.63,5.38,10.32,11.86,71.73,114.24,9.03,73.24,30.0,60.0,0.12,0
HUMBUG CREEK,20508,AHUM,34.11,-112.3,5250,2026-08-23T00:48:15.000Z,2026-08-22T17:48:00.000-07:00,2026-08-23T01:00:00.000Z,2026-08-22T18:00:00.000-07:00,2026-08-22,18,O,V,4,257,4.64,5.33,9.31,11.07,39.38,45.44,7.72,44.59,30.0,60.0,0.19,0
STANTON,20509,ASTA,34.16403,-112.73486,3600,2026-08-23T01:01:25.000Z,2026-08-22T18:01:00.000-07:00,2026-08-23T01:00:00.000Z,2026-08-22T18:00:00.000-07:00,2026-08-22,18,O,V,4,542,3.33,4.12,7.44,9.16,59.33,63.76,9.45,57.19,30.0,60.0,0.07,0
SUNSET POINT,20510,ASUN,34.18847,-112.13467,3380,2026-08-23T00:53:15.000Z,2026-08-22T17:53:00.000-07:00,2026-08-23T01:00:00.000Z,2026-08-22T18:00:00.000-07:00,2026-08-22,18,O,V,4,617,3.18,4.48,8.4,9.9,50.12,42.49,9.66,47.95,30.0,60.0,0.04,0
CHERRY,20511,ACHE,34.59661,-112.04761,5147,2026-08-23T01:11:54.000Z,2026-08-22T18:11:00.000-07:00,2026-08-23T01:00:00.000Z,2026-08-22T18:00:00.000-07:00,2026-08-22,18,O,V,4,195,6.33,7.33,12.21,13.54,21.77,24.96,5.84,29.77,30.0,60.0,0.16,0
GLOBE,20601,AGLO,33.32694,-110.76694,4137,2026-08-23T01:06:25.000Z,2026-08-22T18:06:00.000-07:00,2026-08-23T01:00:00.000Z,2026-08-22T18:00:00.000-07:00,2026-08-22,18,O,V,4,513,12.95,17.57,9.43,10.07,4.85,14.6,1.05,10.58,30.0,60.0,0.06,0
PAYSON,20602,APAY,34.24614,-111.2935,5064,2026-08-23T01:11:04.000Z,2026-08-22T18:11:00.000-07:00,2026-08-23T01:00:00.000Z,2026-08-22T18:00:00.000-07:00,2026-08-22,18,O,V,4,379,34.8,6.51,10.42,12.17,0.0,0.0,0.0,0.0,30.0,60.0,0.12,0
PLEASANT VALLEY,20603,APLE,34.08858,-110.94225,5232,2026-08-23T01:00:34.000Z,2026-08-22T18:00:00.000-07:00,2026-08-23T01:00:00.000Z,2026-08-22T18:00:00.000-07:00,2026-08-22,18,O,V,4,295,8.48,8.45,13.32,14.41,9.91,11.8,3.91,17.54,30.0,60.0,0.13,0
TONTO BASIN,20606,ATON,33.86861,-111.31333,2414,2026-08-23T01:11:14.000Z,2026-08-22T18:11:00.000-07:00,2026-08-23T01:00:00.000Z,2026-08-22T18:00:00.000-07:00,2026-08-22,18,O,V,4,597,3.73,5.28,9.02,9.99,33.4,22.77,8.89,34.63,30.0,60.0,0.0,0
SAN CARLOS #1,20608,ASCA,33.37165,-110.45683,2830,2026-08-23T01:14:24.000Z,2026-08-22T18:14:00.000-07:00,2026-08-23T01:00:00.000Z,2026-08-22T18:00:00.000-07:00,2026-08-22,18,O,V,4,606,4.24,4.79,8.06,9.44,53.02,68.85,8.23,55.6,30.0,60.0,0.01,0
HILLTOP,20609,AHIL,33.61119,-110.41461,5732,2026-08-23T00:32:54.000Z,2026-08-22T17:32:00.000-07:00,2026-08-23T01:00:00.000Z,2026-08-22T18:00:00.000-07:00,2026-08-22,18,O,V,4,79,5.84,8.14,14.26,15.89,38.85,71.38,6.35,50.17,30.0,60.0,0.27,0
RED LAKE,20610,ARED,34.18133,-110.78919,6524,2026-08-23T00:59:34.000Z,2026-08-22T17:59:00.000-07:00,2026-08-23T01:00:00.000Z,2026-08-22T18:00:00.000-07:00,2026-08-22,18,O,V,4,89,26.86,19.1,17.68,18.64,0.0,0.0,0.0,0.0,52.52,74.33,0.37,0
SHADOW RIM,20611,ASHA,34.40586,-111.28319,5660,2026-08-23T01:09:14.000Z,2026-08-22T18:09:00.000-07:00,2026-08-23T01:00:00.000Z,2026-08-22T18:00:00.000-07:00,2026-08-22,18,O,V,4,441,34.75,8.51,14.52,15.5,0.0,0.0,0.0,0.0,30.0,60.0,0.18,0
PINE,20612,APNE,34.37181,-111.4555,5313,2026-08-23T01:22:24.000Z,2026-08-22T18:22:00.000-07:00,2026-08-23T01:00:00.000Z,2026-08-22T18:00:00.000-07:00,2026-08-22,18,O,V,4,457,35.0,19.74,11.65,13.0,0.0,0.0,0.0,0.0,30.0,60.0,0.16,0
HORSE CAMP CANYON,20903,AHOR,32.93656,-110.4935,4014,2026-08-23T01:02:55.000Z,2026-08-22T18:02:00.000-07:00,2026-08-23T01:00:00.000Z,2026-08-22T18:00:00.000-07:00,2026-08-22,18,O,V,4,572,34.93,5.43,9.09,10.41,0.0,0.0,0.0,0.0,30.0,60.0,0.06,0
CASA GRANDE,20906,ACSG,32.99177,-111.53264,1412,2026-08-23T01:22:34.000Z,2026-08-22T18:22:00.000-07:00,2026-08-23T01:00:00.000Z,2026-08-22T18:00:00.000-07:00,2026-08-22,18,O,V,4,684,3.13,5.09,10.1,11.36,51.66,42.81,9.75,48.3,30.0,60.0,0.0,0
COLUMBINE,21005,ACOL,32.70389,-109.91389,9521,2026-08-23T01:02:04.000Z,2026-08-22T18:02:00.000-07:00,2026-08-23T01:00:00.000Z,2026-08-22T18:00:00.000-07:00,2026-08-22,18,O,V,4,34,7.82,9.5,15.5,17.92,1.45,0.23,0.07,0.46,240.83,194.16,0.97,0
MULESHOE RANCH,21007,AMUL,32.40383,-110.272,4475,2026-08-23T01:03:05.000Z,2026-08-22T18:03:00.000-07:00,2026-08-23T01:00:00.000Z,2026-08-22T18:00:00.000-07:00,2026-08-22,18,O,V,4,367,34.95,7.52,10.42,12.2,0.0,0.0,0.0,0.0,30.0,60.0,0.11,0
BLACK HILLS,21008,ABLA,33.08203,-109.95119,3262,2026-08-23T00:53:35.000Z,2026-08-22T17:53:00.000-07:00,2026-08-23T01:00:00.000Z,2026-08-22T18:00:00.000-07:00,2026-08-22,18,O,V,4,661,2.98,4.43,7.3,8.91,81.51,140.56,9.96,84.3,30.0,60.0,0.03,0
DRY LAKE,21009,ADRL,33.35982,-109.83306,7405,2026-08-23T01:27:34.000Z,2026-08-22T18:27:00.000-07:00,2026-08-23T01:00:00.000Z,2026-08-22T18:00:00.000-07:00,2026-08-22,18,O,V,4,382,6.6,7.5,10.55,12.84,13.71,12.43,4.89,19.91,46.91,70.76,0.35,0
NOON CREEK,21010,ANOO,32.66778,-109.78806,4925,2026-08-23T00:37:04.000Z,2026-08-22T17:37:00.000-07:00,2026-08-23T01:00:00.000Z,2026-08-22T18:00:00.000-07:00,2026-08-22,18,O,V,4,458,4.31,5.37,8.55,10.42,23.95,15.21,8.13,27.6,30.0,60.0,0.1,0
GUTHRIE,21104,AGUT,32.88203,-109.30931,6324,2026-08-23T01:03:45.000Z,2026-08-22T18:03:00.000-07:00,2026-08-23T01:00:00.000Z,2026-08-22T18:00:00.000-07:00,2026-08-22,18,O,V,4,401,6.68,5.89,8.72,10.58,40.83,190.99,5.49,73.81,30.0,60.0,0.23,0
TRAIL CABIN,21105,ATRA,33.26478,-109.36789,6250,2026-08-23T00:35:39.000Z,2026-08-22T17:35:00.000-07:00,2026-08-23T01:00:00.000Z,2026-08-22T18:00:00.000-07:00,2026-08-22,18,O,V,4,414,34.78,7.98,10.57,12.11,0.0,0.0,0.0,0.0,30.0,60.0,0.16,0
STRAY HORSE,21106,ASTH,33.55253,-109.31719,7956,2026-08-23T01:19:04.000Z,2026-08-22T18:19:00.000-07:00,2026-08-23T01:00:00.000Z,2026-08-22T18:00:00.000-07:00,2026-08-22,18,O,V,4,110,8.7,8.47,10.97,12.42,9.73,13.62,1.76,12.99,128.49,122.68,0.61,0
SAGUARO,21202,ASAG,32.31111,-110.81861,2758,2026-08-23T01:08:04.000Z,2026-08-22T18:08:00.000-07:00,2026-08-23T01:00:00.000Z,2026-08-22T18:00:00.000-07:00,2026-08-22,18,O,V,4,424,4.41,6.23,11.15,11.97,20.05,10.39,8.01,23.0,30.0,60.0,0.01,0
EMPIRE,21205,AEMP,31.78347,-110.64325,4650,2026-08-23T00:53:55.000Z,2026-08-22T17:53:00.000-07:00,2026-08-23T01:00:00.000Z,2026-08-22T18:00:00.000-07:00,2026-08-22,18,O,V,4,278,5.56,7.2,13.07,14.95,28.72,33.83,6.65,36.35,30.0,60.0,0.17,0
SASABE,21206,ASAS,31.69169,-111.44811,3500,2026-08-23T01:05:44.000Z,2026-08-22T18:05:00.000-07:00,2026-08-23T01:00:00.000Z,2026-08-22T18:00:00.000-07:00,2026-08-22,18,O,V,4,624,24.12,18.87,14.18,14.45,0.0,0.0,0.0,0.0,30.0,60.0,0.05,0
RINCON,21207,ARIN,32.20639,-110.54861,8209,2026-08-23T00:37:35.000Z,2026-08-22T17:37:00.000-07:00,2026-08-23T01:00:00.000Z,2026-08-22T18:00:00.000-07:00,2026-08-22,18,O,V,4,14,9.78,8.32,11.78,14.57,1.58,0.51,0.32,1.31,192.08,163.14,0.82,0
SCOUT CAMP,21208,ASOL,32.39806,-110.725,7554,2026-08-23T00:37:14.000Z,2026-08-22T17:37:00.000-07:00,2026-08-23T01:00:00.000Z,2026-08-22T18:00:00.000-07:00,2026-08-22,18,O,V,4,84,5.94,6.56,9.85,12.46,10.85,5.92,1.9,9.16,151.69,137.44,0.69,0
SELLS,21209,ASES,31.91014,-111.89743,2262,2026-08-23T01:14:14.000Z,2026-08-22T18:14:00.000-07:00,2026-08-23T01:00:00.000Z,2026-08-22T18:00:00.000-07:00,2026-08-22,18,O,V,4,508,4.5,5.43,9.77,11.59,63.63,230.79,7.89,95.14,30.0,60.0,0.02,0
HOPKINS,21302,AHPK,31.67528,-110.88,7120,2026-08-23T01:19:24.000Z,2026-08-22T18:19:00.000-07:00,2026-08-23T01:00:00.000Z,2026-08-22T18:00:00.000-07:00,2026-08-22,18,O,V,4,481,16.57,21.58,10.23,12.52,0.0,0.0,0.0,0.0,30.0,60.0,0.28,0
CANELO,21303,ACNL,31.54972,-110.51917,4629,2026-08-23T01:08:54.000Z,2026-08-22T18:08:00.000-07:00,2026-08-23T01:00:00.000Z,2026-08-22T18:00:00.000-07:00,2026-08-22,18,O,V,4,116,8.71,15.1,13.32,14.87,13.19,22.1,3.73,22.91,30.0,60.0,0.27,0
HEADQUARTERS,21409,ACHR,32.00611,-109.35694,5400,2026-08-23T00:37:05.000Z,2026-08-22T17:37:00.000-07:00,2026-08-23T01:00:00.000Z,2026-08-22T18:00:00.000-07:00,2026-08-22,18,O,V,4,464,3.75,6.79,11.19,12.52,53.42,60.63,8.87,54.27,30.0,60.0,0.15,0
CARR,21411,ACAA,31.44111,-110.28611,5400,2026-08-23T01:19:14.000Z,2026-08-22T18:19:00.000-07:00,2026-08-23T01:00:00.000Z,2026-08-22T18:00:00.000-07:00,2026-08-22,18,O,V,4,75,34.81,6.31,10.16,12.64,0.0,0.0,0.0,0.0,31.38,60.88,0.3,0
RUCKER,21414,ARUC,31.76111,-109.34861,5700,2026-08-23T00:57:04.000Z,2026-08-22T17:57:00.000-07:00,2026-08-23T01:00:00.000Z,2026-08-22T18:00:00.000-07:00,2026-08-22,18,O,V,4,49,34.92,6.46,11.42,14.59,0.0,0.0,0.0,0.0,62.89,80.93,0.4,0
SMITH PEAK,21501,ASMI,34.11486,-113.34733,2386,2026-08-23T00:53:05.000Z,2026-08-22T17:53:00.000-07:00,2026-08-23T01:00:00.000Z,2026-08-22T18:00:00.000-07:00,2026-08-22,18,O,V,4,654,2.92,3.67,6.83,8.35,72.91,80.49,10.05,65.48,30.0,60.0,0.02,0
OATMAN,21502,AOAT,33.04994,-113.13867,1715,2026-08-23T00:52:35.000Z,2026-08-22T17:52:00.000-07:00,2026-08-23T01:00:00.000Z,2026-08-22T18:00:00.000-07:00,2026-08-22,18,O,V,4,634,2.87,3.75,7.13,8.18,85.33,110.31,10.13,75.98,30.0,60.0,0.0,0
AHAKHAV PRESERVE,21503,AAHA,34.13222,-114.32917,363,2026-08-23T01:26:44.000Z,2026-08-22T18:26:00.000-07:00,2026-08-23T01:00:00.000Z,2026-08-22T18:00:00.000-07:00,2026-08-22,18,O,V,4,745,2.81,4.76,9.28,10.47,42.79,25.66,10.22,39.01,30.0,60.0,0.0,0
BELMONT,21504,ABEL,33.67411,-112.92281,1813,2026-08-23T01:01:45.000Z,2026-08-22T18:01:00.000-07:00,2026-08-23T01:00:00.000Z,2026-08-22T18:00:00.000-07:00,2026-08-22,18,O,V,4,690,2.71,3.65,6.89,8.69,63.67,56.84,10.36,56.6,30.0,60.0,0.01,0
GOLDFIELD,21505,AGOL,33.55531,-111.6145,1367,2026-08-23T01:23:14.000Z,2026-08-22T18:23:00.000-07:00,2026-08-23T01:00:00.000Z,2026-08-22T18:00:00.000-07:00,2026-08-22,18,O,V,4,680,2.83,4.76,10.01,10.95,49.05,34.46,10.19,44.61,30.0,60.0,0.0,0
WASHINGTON PASS,290101,XWAS,36.0765,-108.8615,9384,2026-08-23T00:41:14.000Z,2026-08-22T17:41:00.000-07:00,2026-08-23T01:00:00.000Z,2026-08-22T18:00:00.000-07:00,2026-08-22,18,O,V,4,248,14.93,19.53,11.81,13.15,0.16,0.05,0.02,0.11,109.52,110.6,0.55,0
ALBINO CANYON,290102,XALB,36.97661,-107.62892,7173,2026-08-23T01:26:05.000Z,2026-08-22T18:26:00.000-07:00,2026-08-23T01:00:00.000Z,2026-08-22T18:00:00.000-07:00,2026-08-22,18,O,V,4,481,23.71,15.37,8.87,9.72,0.0,0.0,0.0,0.0,30.0,60.0,0.03,0
STONE LAKE,290201,XSTO,36.73161,-106.86581,7436,2026-08-23T00:33:34.000Z,2026-08-22T17:33:00.000-07:00,2026-08-23T01:00:00.000Z,2026-08-22T18:00:00.000-07:00,2026-08-22,18,O,V,4,484,7.31,8.75,11.76,12.08,10.35,8.63,4.9,16.85,30.0,60.0,0.06,0
COYOTE,290202,XCOY,36.07333,-106.65739,8704,2026-08-23T00:48:54.000Z,2026-08-22T17:48:00.000-07:00,2026-08-23T01:00:00.000Z,2026-08-22T18:00:00.000-07:00,2026-08-22,18,O,V,4,247,16.14,23.78,15.6,13.97,0.0,0.0,0.0,0.0,42.57,68.0,0.34,0
DEADMAN PEAK,290203,XDEA,36.4229,-106.772,8389,2026-08-23T01:07:54.000Z,2026-08-22T18:07:00.000-07:00,2026-08-23T01:00:00.000Z,2026-08-22T18:00:00.000-07:00,2026-08-22,18,O,V,4,489,10.43,15.94,10.76,11.76,8.28,19.22,2.52,17.93,30.0,60.0,0.01,0
JARITA MESA,290204,XJAR,36.55597,-106.10306,8864,2026-08-23T01:16:04.000Z,2026-08-22T18:16:00.000-07:00,2026-08-23T01:00:00.000Z,2026-08-22T18:00:00.000-07:00,2026-08-22,18,O,V,4,194,7.35,9.26,12.32,13.06,8.66,6.56,4.86,14.8,30.0,60.0,0.29,0
DULCE #2,290205,XDUL,36.93519,-107.00011,6805,2026-08-23T01:28:24.000Z,2026-08-22T18:28:00.000-07:00,2026-08-23T01:00:00.000Z,2026-08-22T18:00:00.000-07:00,2026-08-22,18,O,V,4,404,34.42,18.0,12.3,12.89,0.0,0.0,0.0,0.0,30.0,60.0,0.05,0
TRUCHAS,290210,XTRU,36.059,-105.7695,8353,2026-08-23T01:11:14.000Z,2026-08-22T18:11:00.000-07:00,2026-08-23T01:00:00.000Z,2026-08-22T18:00:00.000-07:00,2026-08-22,18,O,V,4,246,10.7,12.37,14.93,14.53,5.42,9.81,2.35,12.74,30.0,60.0,0.16,0
BLACK MESA,290305,XBLM,36.03708,-106.04964,5762,2026-08-23T00:34:24.000Z,2026-08-22T17:34:00.000-07:00,2026-08-23T01:00:00.000Z,2026-08-22T18:00:00.000-07:00,2026-08-22,18,O,V,4,610,5.32,7.1,11.1,11.45,40.37,62.85,6.91,49.21,30.0,60.0,0.0,0
WILD RIVERS,290307,XWDR,36.69469,-105.66872,7530,2026-08-23T00:49:55.000Z,2026-08-22T17:49:00.000-07:00,2026-08-23T01:00:00.000Z,2026-08-22T18:00:00.000-07:00,2026-08-22,18,O,V,4,518,8.64,9.36,13.04,13.72,14.76,28.74,3.79,26.03,30.0,60.0,0.0,0
CIMARRON,290401,XCIM,36.60611,-105.12028,8806,2026-08-23T01:09:54.000Z,2026-08-22T18:09:00.000-07:00,2026-08-23T01:00:00.000Z,2026-08-22T18:00:00.000-07:00,2026-08-22,18,O,V,4,217,8.56,9.12,13.28,14.98,4.32,2.67,2.15,6.72,119.49,116.95,0.58,0
ZUNI BUTTES,290603,XZUB,35.13919,-108.94131,6649,2026-08-23T00:42:54.000Z,2026-08-22T17:42:00.000-07:00,2026-08-23T01:00:00.000Z,2026-08-22T18:00:00.000-07:00,2026-08-22,18,O,V,4,222,27.09,23.78,12.47,13.46,0.0,0.0,0.0,0.0,30.0,60.0,0.07,0
JEMEZ,290702,XJEM,35.84114,-106.61969,8248,2026-08-23T01:08:44.000Z,2026-08-22T18:08:00.000-07:00,2026-08-23T01:00:00.000Z,2026-08-22T18:00:00.000-07:00,2026-08-22,18,O,V,4,311,9.18,9.89,13.72,13.97,5.79,5.93,3.38,11.95,30.0,60.0,0.24,0
CUBA,290705,XCUB,35.942,-107.07739,6890,2026-08-23T00:41:05.000Z,2026-08-22T17:41:00.000-07:00,2026-08-23T01:00:00.000Z,2026-08-22T18:00:00.000-07:00,2026-08-22,18,O,V,4,471,8.17,8.5,11.82,12.96,16.26,29.49,4.16,27.5,30.0,60.0,0.07,0
SANDIA LAKES,290706,XSLK,35.22967,-106.59061,5027,2026-08-23T00:42:44.000Z,2026-08-22T17:42:00.000-07:00,2026-08-23T01:00:00.000Z,2026-08-22T18:00:00.000-07:00,2026-08-22,18,O,V,4,676,4.72,7.33,11.02,11.02,30.2,27.81,7.62,35.37,30.0,60.0,0.0,0
TOWER,290801,XTOW,35.77899,-106.26611,6529,2026-08-23T01:08:24.000Z,2026-08-22T18:08:00.000-07:00,2026-08-23T01:00:00.000Z,2026-08-22T18:00:00.000-07:00,2026-08-22,18,O,V,4,529,5.9,6.68,10.76,11.17,43.92,94.17,6.29,56.73,30.0,60.0,0.02,0
SANTA FE WATERSHED,290901,XSFW,35.68686,-105.86031,7749,2026-08-23T00:53:04.000Z,2026-08-22T17:53:00.000-07:00,2026-08-23T01:00:00.000Z,2026-08-22T18:00:00.000-07:00,2026-08-22,18,O,V,4,367,11.0,9.82,13.99,13.96,6.94,17.89,2.16,16.17,30.0,60.0,0.2,0
BARTLEY,291002,XBAR,35.90875,-105.38769,9192,2026-08-23T01:04:14.000Z,2026-08-22T18:04:00.000-07:00,2026-08-23T01:00:00.000Z,2026-08-22T18:00:00.000-07:00,2026-08-22,18,O,V,4,130,14.16,16.56,13.4,13.83,0.58,0.52,0.19,1.03,110.18,111.03,0.56,0
MILLS CANYON,291101,XMIL,36.05453,-104.32511,5881,2026-08-23T01:05:54.000Z,2026-08-22T18:05:00.000-07:00,2026-08-23T01:00:00.000Z,2026-08-22T18:00:00.000-07:00,2026-08-22,18,O,V,4,537,34.9,6.77,10.15,12.28,0.0,0.0,0.0,0.0,30.0,60.0,0.09,0
PECOS,291202,XPEC,35.54558,-105.49439,8229,2026-08-23T01:14:04.000Z,2026-08-22T18:14:00.000-07:00,2026-08-23T01:00:00.000Z,2026-08-22T18:00:00.000-07:00,2026-08-22,18,O,V,4,79,21.2,21.33,12.48,12.7,0.0,0.0,0.0,0.0,47.65,71.23,0.36,0
BRUSHY MOUNTAIN,291301,XBRU,34.72,-107.8484,8789,2026-08-23T00:49:44.000Z,2026-08-22T17:49:00.000-07:00,2026-08-23T01:00:00.000Z,2026-08-22T18:00:00.000-07:00,2026-08-22,18,O,V,4,209,15.02,21.03,13.13,14.36,0.0,0.0,0.0,0.0,65.09,82.33,0.41,0
GRANTS,291302,XGRA,35.24278,-107.66528,8620,2026-08-23T01:16:24.000Z,2026-08-22T18:16:00.000-07:00,2026-08-23T01:00:00.000Z,2026-08-22T18:00:00.000-07:00,2026-08-22,18,O,V,4,124,11.46,11.09,14.99,15.08,3.06,4.53,1.54,7.34,81.44,92.73,0.46,0
OAK FLATS,291402,XOAK,35.00614,-106.31583,7675,2026-08-23T01:04:04.000Z,2026-08-22T18:04:00.000-07:00,2026-08-23T01:00:00.000Z,2026-08-22T18:00:00.000-07:00,2026-08-22,18,O,V,4,450,6.99,7.83,11.96,12.98,12.83,12.72,5.19,20.69,30.0,60.0,0.15,0
SANDIA LAB,291408,XSLB,35.00406,-106.41148,6321,2026-08-23T00:53:34.000Z,2026-08-22T17:53:00.000-07:00,2026-08-23T01:00:00.000Z,2026-08-22T18:00:00.000-07:00,2026-08-22,18,O,V,4,258,6.93,6.99,9.91,10.62,22.94,39.27,5.25,34.91,30.0,60.0,0.11,0
MOUNTAINAIR,291501,XMOU,34.52081,-106.26269,6593,2026-08-23T01:05:54.000Z,2026-08-22T18:05:00.000-07:00,2026-08-23T01:00:00.000Z,2026-08-22T18:00:00.000-07:00,2026-08-22,18,O,V,4,470,6.44,6.85,11.45,12.88,36.43,79.87,5.72,50.38,30.0,60.0,0.08,0
MELROSE RANGE,291901,XMEL,34.28422,-103.71497,4263,2026-08-23T01:14:11.000Z,2026-08-22T18:14:00.000-07:00,2026-08-23T01:00:00.000Z,2026-08-22T18:00:00.000-07:00,2026-08-22,18,O,V,4,651,4.22,5.57,9.43,10.15,65.24,183.97,8.24,87.44,30.0,60.0,0.0,0
BEAVERHEAD,292001,XBEA,33.42353,-108.11019,6750,2026-08-23T01:08:14.000Z,2026-08-22T18:08:00.000-07:00,2026-08-23T01:00:00.000Z,2026-08-22T18:00:00.000-07:00,2026-08-22,18,O,V,4,177,17.43,16.14,16.78,17.45,0.0,0.0,0.0,0.0,30.0,60.0,0.23,0
LUNA,292004,XLUN,33.82289,-108.94311,7088,2026-08-23T01:07:14.000Z,2026-08-22T18:07:00.000-07:00,2026-08-23T01:00:00.000Z,2026-08-22T18:00:00.000-07:00,2026-08-22,18,O,V,4,259,12.35,13.49,17.87,18.02,2.77,4.97,1.38,7.3,30.0,60.0,0.29,0
RESERVE,292005,XRES,33.71489,-108.777,5846,2026-08-23T01:08:14.000Z,2026-08-22T18:08:00.000-07:00,2026-08-23T01:00:00.000Z,2026-08-22T18:00:00.000-07:00,2026-08-22,18,O,V,4,454,13.73,11.4,16.37,16.4,1.53,2.76,0.65,3.93,30.0,60.0,0.1,0
SLAUGHTER,292008,XSLA,34.06056,-108.44472,8680,2026-08-23T01:12:54.000Z,2026-08-22T18:12:00.000-07:00,2026-08-23T01:00:00.000Z,2026-08-22T18:00:00.000-07:00,2026-08-22,18,O,V,4,20,19.15,18.36,14.86,16.13,0.0,0.0,0.0,0.0,137.54,128.44,0.64,0
PELONA MOUNTAIN,292009,XPEL,33.69375,-108.06161,7955,2026-08-23T00:38:25.000Z,2026-08-22T17:38:00.000-07:00,2026-08-23T01:00:00.000Z,2026-08-22T18:00:00.000-07:00,2026-08-22,18,O,V,4,235,8.71,8.49,11.75,13.65,16.47,39.18,2.85,26.33,77.68,90.34,0.45,0
GILA CENTER RAWS,292011,XGIL,33.22375,-108.24031,5767,2026-08-23T01:13:04.000Z,2026-08-22T18:13:00.000-07:00,2026-08-23T01:00:00.000Z,2026-08-22T18:00:00.000-07:00,2026-08-22,18,O,V,4,270,15.09,17.98,14.63,16.13,0.0,0.0,0.0,0.0,30.0,60.0,0.11,0
DATIL,292012,XDAT,34.29256,-107.768,8431,2026-08-23T01:11:04.000Z,2026-08-22T18:11:00.000-07:00,2026-08-23T01:00:00.000Z,2026-08-22T18:00:00.000-07:00,2026-08-22,18,O,V,4,176,11.76,10.43,13.73,14.66,5.92,17.63,1.31,12.77,89.82,98.07,0.49,0
MOGOLLON,292013,XMOG,33.39064,-108.80819,7602,2026-08-23T01:13:15.000Z,2026-08-22T18:13:00.000-07:00,2026-08-23T01:00:00.000Z,2026-08-22T18:00:00.000-07:00,2026-08-22,18,O,V,4,159,19.67,17.19,11.11,12.67,0.0,0.0,0.0,0.0,54.78,75.77,0.38,0
CHUPADERA,292102,XCHU,33.77294,-106.0985,5580,2026-08-23T00:39:45.000Z,2026-08-22T17:39:00.000-07:00,2026-08-23T01:00:00.000Z,2026-08-22T18:00:00.000-07:00,2026-08-22,18,O,V,4,515,3.97,6.8,10.5,10.94,67.76,124.52,8.57,74.41,30.0,60.0,0.01,0
BOSQUE,292103,XBOS,33.82064,-106.88169,4523,2026-08-23T00:50:24.000Z,2026-08-22T17:50:00.000-07:00,2026-08-23T01:00:00.000Z,2026-08-22T18:00:00.000-07:00,2026-08-22,18,O,V,4,668,3.99,6.77,11.09,11.91,45.46,48.37,8.54,48.08,30.0,60.0,0.0,0
MAGDALENA,292104,XMAG,33.85061,-107.539,8495,2026-08-23T01:03:54.000Z,2026-08-22T18:03:00.000-07:00,2026-08-23T01:00:00.000Z,2026-08-22T18:00:00.000-07:00,2026-08-22,18,O,V,4,55,9.44,9.03,12.17,14.0,6.12,7.3,1.86,10.0,115.27,114.26,0.57,0
SEVILLETA,292105,XSEV,34.35844,-106.6895,5246,2026-08-23T01:11:44.000Z,2026-08-22T18:11:00.000-07:00,2026-08-23T01:00:00.000Z,2026-08-22T18:00:00.000-07:00,2026-08-22,18,O,V,4,555,17.6,18.61,11.63,11.67,0.0,0.0,0.0,0.0,30.0,60.0,0.0,0
SMOKEY BEAR,292203,XSMO,33.35019,-105.686,7194,2026-08-23T01:00:04.000Z,2026-08-22T18:00:00.000-07:00,2026-08-23T01:00:00.000Z,2026-08-22T18:00:00.000-07:00,2026-08-22,18,O,V,4,95,7.04,8.59,14.92,16.6,13.15,12.68,5.15,20.57,30.0,60.0,0.28,0
EIGHT MILE DRAW,292301,XEIG,33.65064,-104.32139,3626,2026-08-23T00:37:25.000Z,2026-08-22T17:37:00.000-07:00,2026-08-23T01:00:00.000Z,2026-08-22T18:00:00.000-07:00,2026-08-22,18,O,V,4,603,3.37,5.55,8.69,9.24,76.41,149.68,9.39,84.45,30.0,60.0,0.0,0
DUNKEN,292302,XDUN,32.82467,-105.18261,5431,2026-08-23T00:36:15.000Z,2026-08-22T17:36:00.000-07:00,2026-08-23T01:00:00.000Z,2026-08-22T18:00:00.000-07:00,2026-08-22,18,O,V,4,484,3.74,5.7,8.72,9.8,69.74,159.46,8.88,84.75,30.0,60.0,0.02,0
BURRO MOUNTAIN,292504,XBUR,32.67203,-108.53969,6995,2026-08-23T00:59:44.000Z,2026-08-22T17:59:00.000-07:00,2026-08-23T01:00:00.000Z,2026-08-22T18:00:00.000-07:00,2026-08-22,18,O,V,4,286,6.03,6.49,9.5,11.77,41.79,93.41,6.14,55.92,30.0,60.0,0.21,0
HACHITA VALLEY,292702,XHAC,31.702,-108.34169,4290,2026-08-23T00:40:54.000Z,2026-08-22T17:40:00.000-07:00,2026-08-23T01:00:00.000Z,2026-08-22T18:00:00.000-07:00,2026-08-22,18,O,V,4,588,3.12,4.88,7.95,10.39,73.47,92.07,9.76,68.74,30.0,60.0,0.04,0
MCGREGGOR RANGE,292901,XMCG,32.43133,-105.62181,4832,2026-08-23T00:37:35.000Z,2026-08-22T17:37:00.000-07:00,2026-08-23T01:00:00.000Z,2026-08-22T18:00:00.000-07:00,2026-08-22,18,O,V,4,595,3.54,4.93,7.68,9.77,73.12,130.79,9.16,78.48,30.0,60.0,0.01,0
DRIPPING SPRINGS,292903,XDRI,32.32225,-106.58661,5814,2026-08-23T01:26:15.000Z,2026-08-22T18:26:00.000-07:00,2026-08-23T01:00:00.000Z,2026-08-22T18:00:00.000-07:00,2026-08-22,18,O,V,4,444,3.89,4.68,7.55,9.73,45.2,48.89,8.68,48.67,30.0,60.0,0.12,0
SAN ANDRES,292904,XSAA,32.58008,-106.52719,6137,2026-08-23T01:01:54.000Z,2026-08-22T18:01:00.000-07:00,2026-08-23T01:00:00.000Z,2026-08-22T18:00:00.000-07:00,2026-08-22,18,O,V,4,489,4.15,4.97,7.9,9.97,42.99,47.58,8.34,47.19,30.0,60.0,0.09,0
MAYHILL,293002,XMAY,32.90947,-105.46981,6599,2026-08-23T01:01:54.000Z,2026-08-22T18:01:00.000-07:00,2026-08-23T01:00:00.000Z,2026-08-22T18:00:00.000-07:00,2026-08-22,18,O,V,4,462,4.59,7.23,12.1,14.29,34.3,36.41,7.78,40.41,30.0,60.0,0.14,0
MESCAL,293003,XMES,33.15803,-105.76881,6227,2026-08-23T00:41:24.000Z,2026-08-22T17:41:00.000-07:00,2026-08-23T01:00:00.000Z,2026-08-22T18:00:00.000-07:00,2026-08-22,18,O,V,4,210,6.13,8.2,14.38,16.6,24.9,32.34,5.68,33.12,37.64,64.86,0.32,0
COSMIC,293004,XCOS,32.77925,-105.81989,9172,2026-08-23T01:15:24.000Z,2026-08-22T18:15:00.000-07:00,2026-08-23T01:00:00.000Z,2026-08-22T18:00:00.000-07:00,2026-08-22,18,O,V,4,38,8.02,8.96,13.05,14.36,2.3,0.62,0.35,1.48,203.17,170.2,0.85,0
BATDRAW,293101,XBAD,32.17861,-104.44056,4425,2026-08-23T00:52:34.000Z,2026-08-22T17:52:00.000-07:00,2026-08-23T01:00:00.000Z,2026-08-22T18:00:00.000-07:00,2026-08-22,18,O,V,4,562,3.8,4.8,7.14,8.32,69.54,126.85,8.8,75.96,30.0,60.0,0.0,0
CAPROCK,293104,XCAP,32.92728,-103.85689,4167,2026-08-23T00:40:45.000Z,2026-08-22T17:40:00.000-07:00,2026-08-23T01:00:00.000Z,2026-08-22T18:00:00.000-07:00,2026-08-22,18,O,V,4,488,3.59,5.15,7.67,9.01,72.77,129.97,9.09,77.96,30.0,60.0,0.0,0
QUEEN,293105,XQUN,32.20361,-104.69031,5642,2026-08-23T01:13:14.000Z,2026-08-22T18:13:00.000-07:00,2026-08-23T01:00:00.000Z,2026-08-22T18:00:00.000-07:00,2026-08-22,18,O,V,4,365,4.52,5.41,8.2,10.0,51.24,78.71,7.87,57.91,30.0,60.0,0.06,0
PADUCA,293202,XPAD,32.17983,-103.722,3534,2026-08-23T00:39:54.000Z,2026-08-22T17:39:00.000-07:00,2026-08-23T01:00:00.000Z,2026-08-22T18:00:00.000-07:00,2026-08-22,18,O,V,4,602,3.65,5.43,8.21,9.08,72.68,114.08,9.01,73.13,30.0,60.0,0.0,0
MALPAIS LAVA FLOW,293301,XMAL,34.85181,-108.17461,7514,2026-08-23T01:25:55.000Z,2026-08-22T18:25:00.000-07:00,2026-08-23T01:00:00.000Z,2026-08-22T18:00:00.000-07:00,2026-08-22,18,O,V,4,177,10.79,12.04,16.44,16.06,9.49,29.88,2.29,21.04,30.0,60.0,0.25,0
BLUEWATER RIDGE,293303,XBLR,35.19411,-108.16336,8274,2026-08-23T01:05:44.000Z,2026-08-22T18:05:00.000-07:00,2026-08-23T01:00:00.000Z,2026-08-22T18:00:00.000-07:00,2026-08-22,18,O,V,4,209,25.48,16.07,12.79,13.53,0.0,0.0,0.0,0.0,82.2,93.22,0.47,0
LAGUNA,293304,XLAG,35.05197,-107.42028,5805,2026-08-23T00:33:44.000Z,2026-08-22T17:33:00.000-07:00,2026-08-23T01:00:00.000Z,2026-08-22T18:00:00.000-07:00,2026-08-22,18,O,V,4,543,6.93,7.3,9.85,10.11,39.9,152.93,5.25,65.25,30.0,60.0,0.01,0
RAMAH,293305,XRAM,34.81947,-108.29439,7645,2026-08-23T00:34:44.000Z,2026-08-22T17:34:00.000-07:00,2026-08-23T01:00:00.000Z,2026-08-22T18:00:00.000-07:00,2026-08-22,18,O,V,4,310,10.09,9.6,13.85,15.71,10.13,25.79,2.74,21.35,30.0,60.0,0.26,0
10K,55522198,X10K,35.2085,-106.43586,10065,2026-08-23T00:38:19.000Z,2026-08-22T17:38:00.000-07:00,2026-08-23T01:00:00.000Z,2026-08-22T18:00:00.000-07:00,2026-08-22,18,O,V,4,202,34.44,8.85,12.57,13.73,0.0,0.0,0.0,0.0,129.08,123.05,0.62,0
BAKERS TANK,55522210,AHBB,32.61528,-114.00836,563,2026-08-23T01:07:14.000Z,2026-08-22T18:07:00.000-07:00,2026-08-23T01:00:00.000Z,2026-08-22T18:00:00.000-07:00,2026-08-22,18,O,V,4,738,2.66,3.73,7.14,7.97,90.15,147.22,10.45,88.02,30.0,60.0,0.0,0
CAVE CREEK,55522232,ACAV,34.0899,-111.8465,3477,2026-08-23T01:20:39.000Z,2026-08-22T18:20:00.000-07:00,2026-08-23T01:00:00.000Z,2026-08-22T18:00:00.000-07:00,2026-08-22,18,O,V,4,537,3.04,4.69,8.68,9.86,38.9,24.85,9.88,37.84,30.0,60.0,0.03,0
CIPRIANO,55522238,ARIP,32.4235,-114.16211,1042,2026-08-23T00:59:08.000Z,2026-08-22T17:59:00.000-07:00,2026-08-23T01:00:00.000Z,2026-08-22T18:00:00.000-07:00,2026-08-22,18,O,V,4,710,2.58,3.82,7.77,8.94,79.84,84.6,10.56,68.57,30.0,60.0,0.0,0
DEVILS HILLS,55522251,ADVH,32.42483,-113.79011,836,2026-08-23T01:23:19.000Z,2026-08-22T18:23:00.000-07:00,2026-08-23T01:00:00.000Z,2026-08-22T18:00:00.000-07:00,2026-08-22,18,O,V,4,734,2.61,3.53,7.09,8.39,90.12,166.27,10.52,93.38,30.0,60.0,0.0,0
DUTCH KID,55522257,ADUT,35.12931,-112.28219,6505,2026-08-23T00:38:59.000Z,2026-08-22T17:38:00.000-07:00,2026-08-23T01:00:00.000Z,2026-08-22T18:00:00.000-07:00,2026-08-22,18,O,V,4,106,5.62,9.77,15.99,16.8,15.08,9.45,6.59,20.13,30.0,60.0,0.28,0
FTHL YDMA,55522271,AFTH,32.48658,-114.4635,331,2026-08-23T00:38:44.000Z,2026-08-22T17:38:00.000-07:00,2026-08-23T01:00:00.000Z,2026-08-22T18:00:00.000-07:00,2026-08-22,18,O,V,4,744,2.7,4.37,9.73,11.27,89.31,113.04,10.38,77.73,30.0,60.0,0.0,0
MIDNIGHT,55522315,XMID,36.77819,-105.34131,10815,2026-08-23T00:37:59.000Z,2026-08-22T17:37:00.000-07:00,2026-08-23T01:00:00.000Z,2026-08-22T18:00:00.000-07:00,2026-08-22,18,O,V,4,156,31.56,28.59,16.34,16.94,0.0,0.0,0.0,0.0,197.38,166.51,0.83,0
MOHAWK DUNES,55522318,AMOD,32.68878,-113.74889,524,2026-08-23T01:23:09.000Z,2026-08-22T18:23:00.000-07:00,2026-08-23T01:00:00.000Z,2026-08-22T18:00:00.000-07:00,2026-08-22,18,O,V,4,747,2.64,3.89,7.81,8.44,90.08,130.46,10.48,83.37,30.0,60.0,0.0,0
NEVERSHINE,55522326,ANEV,36.24753,-113.88851,2165,2026-08-23T01:03:51.000Z,2026-08-22T18:03:00.000-07:00,2026-08-23T01:00:00.000Z,2026-08-22T18:00:00.000-07:00,2026-08-22,18,O,V,4,679,2.36,3.58,5.82,7.68,89.26,102.73,10.9,76.06,30.0,60.0,0.0,0
PICACHO PEAK,55522341,APIC,32.66314,-111.42154,1750,2026-08-23T01:17:49.000Z,2026-08-22T18:17:00.000-07:00,2026-08-23T01:00:00.000Z,2026-08-22T18:00:00.000-07:00,2026-08-22,18,O,V,4,723,2.99,4.67,8.38,9.57,65.56,66.69,9.94,59.76,30.0,60.0,0.0,0
PINEDALE,55522344,APND,34.30617,-110.23661,6461,2026-08-23T00:38:39.000Z,2026-08-22T17:38:00.000-07:00,2026-08-23T01:00:00.000Z,2026-08-22T18:00:00.000-07:00,2026-08-22,18,O,V,4,257,34.58,20.13,14.06,14.11,0.0,0.0,0.0,0.0,30.0,60.0,0.25,0
TANKS,55522384,ATNK,33.67314,-110.57431,5801,2026-08-23T00:38:49.000Z,2026-08-22T17:38:00.000-07:00,2026-08-23T01:00:00.000Z,2026-08-22T18:00:00.000-07:00,2026-08-22,18,O,V,4,297,6.78,7.78,13.15,14.41,29.67,57.74,5.4,42.23,30.0,60.0,0.3,0
TAOS PUEBLO RAWS,55522385,XTAP,36.41461,-105.55689,7135,2026-08-23T01:13:34.000Z,2026-08-22T18:13:00.000-07:00,2026-08-23T01:00:00.000Z,2026-08-22T18:00:00.000-07:00,2026-08-22,18,O,V,4,453,6.04,7.23,11.22,12.36,16.09,13.37,6.14,22.85,30.0,60.0,0.03,0
CEDAR RIDGE,55523718,ACED,32.59872,-110.76231,4735,2026-08-23T00:37:19.000Z,2026-08-22T17:37:00.000-07:00,2026-08-23T01:00:00.000Z,2026-08-22T18:00:00.000-07:00,2026-08-22,18,O,V,4,320,5.61,6.09,9.31,10.74,24.9,26.05,6.6,32.12,30.0,60.0,0.13,0
RED CANYON,55523735,XRDC,34.62289,-106.40831,8070,2026-08-23T00:38:29.000Z,2026-08-22T17:38:00.000-07:00,2026-08-23T01:00:00.000Z,2026-08-22T18:00:00.000-07:00,2026-08-22,18,O,V,4,377,35.0,31.7,11.57,11.77,0.0,0.0,0.0,0.0,30.0,60.0,0.27,0
SOWATS,55523737,ASOW,36.48242,-112.42281,7038,2026-08-23T00:39:09.000Z,2026-08-22T17:39:00.000-07:00,2026-08-23T01:00:00.000Z,2026-08-22T18:00:00.000-07:00,2026-08-22,18,O,V,4,154,4.82,7.06,10.26,12.86,25.16,20.47,7.5,30.49,30.0,60.0,0.29,0
T BAR,55523738,XTBA,33.51789,-108.52419,8047,2026-08-23T00:39:19.000Z,2026-08-22T17:39:00.000-07:00,2026-08-23T01:00:00.000Z,2026-08-22T18:00:00.000-07:00,2026-08-22,18,O,V,4,22,26.49,15.33,17.04,18.25,0.0,0.0,0.0,0.0,118.49,116.31,0.58,0
FORT YUMA,20102,AFYM,32.65222,-114.63417,185,2026-08-23T02:16:14.000Z,2026-08-22T19:16:00.000-07:00,2026-08-23T02:00:00.000Z,2026-08-22T19:00:00.000-07:00,2026-08-22,19,O,V,4,744,3.17,4.02,8.26,9.89,32.43,17.31,9.68,31.74,30.0,60.0,0.0,0
MOUNT LOGAN,20107,AMTL,36.35306,-113.19917,7605,2026-08-23T01:33:25.000Z,2026-08-22T18:33:00.000-07:00,2026-08-23T02:00:00.000Z,2026-08-22T19:00:00.000-07:00,2026-08-22,19,O,V,4,152,5.14,6.84,9.79,11.7,31.54,37.97,4.7,32.67,91.36,99.05,0.5,0
OLAF KNOLLS,20108,AOLA,36.50725,-113.81589,2974,2026-08-23T01:33:35.000Z,2026-08-22T18:33:00.000-07:00,2026-08-23T02:00:00.000Z,2026-08-22T19:00:00.000-07:00,2026-08-22,19,O,V,4,629,3.03,3.94,6.38,8.08,75.64,93.17,9.89,69.53,30.0,60.0,0.02,0
TWEEDS POINT,20109,ATWE,36.58186,-113.732,5334,2026-08-23T01:33:55.000Z,2026-08-22T18:33:00.000-07:00,2026-08-23T02:00:00.000Z,2026-08-22T19:00:00.000-07:00,2026-08-22,19,O,V,4,553,4.09,4.96,7.54,9.28,61.85,95.03,8.42,65.17,30.0,60.0,0.04,0
NIXON FLATS,20113,ANIX,36.38833,-113.15806,6500,2026-08-23T01:50:15.000Z,2026-08-22T18:50:00.000-07:00,2026-08-23T02:00:00.000Z,2026-08-22T19:00:00.000-07:00,2026-08-22,19,O,V,4,302,4.46,7.96,13.61,13.97,22.42,15.0,7.95,27.15,30.0,60.0,0.26,0
BLACK ROCK,20114,ABRK,36.79436,-113.75056,7224,2026-08-23T01:50:05.000Z,2026-08-22T18:50:00.000-07:00,2026-08-23T02:00:00.000Z,2026-08-22T19:00:00.000-07:00,2026-08-22,19,O,V,4,192,5.93,6.38,9.11,11.63,26.95,36.88,5.1,33.47,57.26,77.34,0.39,0
MOSS BASIN,20115,AMOS,35.03397,-113.89406,5920,2026-08-23T02:00:00.000Z,2026-08-22T19:23:00.000-07:00,2026-08-23T02:00:00.000Z,2026-08-22T19:00:00.000-07:00,2026-08-22,19,F,V,4,394,4.91,5.8,11.24,13.25,39.92,54.26,7.4,47.45,30.0,60.0,0.27,0
UNION PASS,20116,AUNI,35.23233,-114.38194,3590,2026-08-23T01:52:35.000Z,2026-08-22T18:52:00.000-07:00,2026-08-23T02:00:00.000Z,2026-08-22T19:00:00.000-07:00,2026-08-22,19,O,V,4,580,3.44,4.23,7.18,8.66,67.46,88.28,9.29,65.92,30.0,60.0,0.03,0
HURRICANE,20117,AHUR,36.69908,-113.20731,5445,2026-08-23T01:34:05.000Z,2026-08-22T18:34:00.000-07:00,2026-08-23T02:00:00.000Z,2026-08-22T19:00:00.000-07:00,2026-08-22,19,O,V,4,407,4.4,6.69,9.67,11.02,62.49,133.77,8.02,74.57,30.0,60.0,0.18,0
HAVASU,20118,AHAV,34.80758,-114.53456,475,2026-08-23T01:52:45.000Z,2026-08-22T18:52:00.000-07:00,2026-08-23T02:00:00.000Z,2026-08-22T19:00:00.000-07:00,2026-08-22,19,O,V,4,653,2.53,4.15,8.06,9.33,59.69,46.65,10.65,52.33,30.0,60.0,0.0,0
MUSIC MOUNTAIN,20119,AMUS,35.61497,-113.79428,5375,2026-08-23T01:52:55.000Z,2026-08-22T18:52:00.000-07:00,2026-08-23T02:00:00.000Z,2026-08-22T19:00:00.000-07:00,2026-08-22,19,O,V,4,547,4.05,5.3,8.82,10.77,34.32,29.65,8.47,38.25,30.0,60.0,0.12,0
TRUXTON CANYON,20120,ATRU,35.78013,-113.79563,5304,2026-08-23T02:14:05.000Z,2026-08-22T19:14:00.000-07:00,2026-08-23T02:00:00.000Z,2026-08-22T19:00:00.000-07:00,2026-08-22,19,O,V,4,267,4.58,5.3,8.39,10.41,34.68,36.47,7.8,40.49,30.0,60.0,0.18,0
CIBOLA,20121,ACBL,33.28,-114.68489,252,2026-08-23T01:48:54.000Z,2026-08-22T18:48:00.000-07:00,2026-08-23T02:00:00.000Z,2026-08-22T19:00:00.000-07:00,2026-08-22,19,O,V,4,748,3.04,4.18,8.14,9.14,46.2,33.44,9.87,43.35,30.0,60.0,0.0,0
TUSAYAN,20207,ATUS,35.98833,-112.12056,6570,2026-08-23T02:08:24.000Z,2026-08-22T19:08:00.000-07:00,2026-08-23T02:00:00.000Z,2026-08-22T19:00:00.000-07:00,2026-08-22,19,O,V,4,348,6.53,8.78,14.58,15.57,10.34,6.83,5.64,16.15,30.0,60.0,0.22,0
FLAGSTAFF,20209,AFLG,35.14111,-111.6725,6903,2026-08-23T02:06:04.000Z,2026-08-22T19:06:00.000-07:00,2026-08-23T02:00:00.000Z,2026-08-22T19:00:00.000-07:00,2026-08-22,19,O,V,4,283,6.8,8.02,13.14,14.87,18.0,22.52,4.52,25.24,53.37,74.87,0.37,0
BRIGHT ANGEL,20211,ACAN,36.20472,-112.06222,8134,2026-08-23T02:07:54.000Z,2026-08-22T19:07:00.000-07:00,2026-08-23T02:00:00.000Z,2026-08-22T19:00:00.000-07:00,2026-08-22,19,O,V,4,265,5.71,7.43,10.96,12.78,14.64,10.46,4.81,18.26,72.39,86.98,0.43,0
DRY PARK,20212,ADRY,36.45308,-112.23819,8700,2026-08-23T01:38:24.000Z,2026-08-22T18:38:00.000-07:00,2026-08-23T02:00:00.000Z,2026-08-22T19:00:00.000-07:00,2026-08-22,19,O,V,4,93,7.1,8.42,12.35,14.52,5.92,2.86,1.54,5.96,148.49,135.4,0.68,0
FRAZIER WELLS,20213,AFRA,35.84551,-113.05501,6796,2026-08-23T02:00:00.000Z,2026-08-22T19:27:00.000-07:00,2026-08-23T02:00:00.000Z,2026-08-22T19:00:00.000-07:00,2026-08-22,19,F,V,4,92,6.13,7.13,10.53,11.86,33.72,63.49,4.99,42.56,55.48,76.21,0.38,0
MORMON LAKE,20215,AMOL,34.90972,-111.43842,7094,2026-08-23T02:03:14.000Z,2026-08-22T19:03:00.000-07:00,2026-08-23T02:00:00.000Z,2026-08-22T19:00:00.000-07:00,2026-08-22,19,O,V,4,282,7.91,9.47,15.16,15.2,27.04,78.22,3.4,39.28,69.54,85.16,0.43,0
WARM SPRINGS CANYON,20216,AWAR,36.70117,-112.22689,7953,2026-08-23T01:47:34.000Z,2026-08-22T18:47:00.000-07:00,2026-08-23T02:00:00.000Z,2026-08-22T19:00:00.000-07:00,2026-08-22,19,O,V,4,345,5.87,7.88,12.6,13.6,12.48,7.88,4.97,16.26,62.98,80.98,0.4,0
YELLOW JOHN MOUNTAIN,20217,AYEL,36.155,-113.54944,6160,2026-08-23T01:50:25.000Z,2026-08-22T18:50:00.000-07:00,2026-08-23T02:00:00.000Z,2026-08-22T19:00:00.000-07:00,2026-08-22,19,O,V,4,283,4.52,6.78,12.25,14.17,26.25,21.02,7.87,31.56,30.0,60.0,0.18,0
OAK CREEK,20219,AOAK,34.94686,-111.75444,4804,2026-08-23T02:03:04.000Z,2026-08-22T19:03:00.000-07:00,2026-08-23T02:00:00.000Z,2026-08-22T19:00:00.000-07:00,2026-08-22,19,O,V,4,574,5.4,6.35,10.35,12.07,18.74,13.91,6.83,24.46,30.0,60.0,0.09,0
LINDBERGH HILL,20220,ALBE,36.28556,-112.07861,8800,2026-08-23T02:08:14.000Z,2026-08-22T19:08:00.000-07:00,2026-08-23T02:00:00.000Z,2026-08-22T19:00:00.000-07:00,2026-08-22,19,O,V,4,395,6.42,7.17,10.91,12.62,8.81,5.01,4.18,12.2,77.73,90.37,0.45,0
PROMONTORY,20221,APRO,34.36528,-111.01444,7842,2026-08-23T01:49:34.000Z,2026-08-22T18:49:00.000-07:00,2026-08-23T02:00:00.000Z,2026-08-22T19:00:00.000-07:00,2026-08-22,19,O,V,4,121,12.64,8.36,12.2,14.33,0.83,0.54,0.22,1.13,169.19,148.57,0.74,0
GUNSIGHT,20223,AGUN,36.70464,-112.5835,5284,2026-08-23T01:34:14.000Z,2026-08-22T18:34:00.000-07:00,2026-08-23T02:00:00.000Z,2026-08-22T19:00:00.000-07:00,2026-08-22,19,O,V,4,522,4.11,6.52,9.82,11.18,29.68,21.87,8.4,33.11,30.0,60.0,0.14,0
BUCKSKIN MTN,20224,ABUC,36.91808,-112.19981,6334,2026-08-23T01:33:45.000Z,2026-08-22T18:33:00.000-07:00,2026-08-23T02:00:00.000Z,2026-08-22T19:00:00.000-07:00,2026-08-22,19,O,V,4,416,4.25,6.03,9.5,11.46,50.25,68.75,8.21,55.5,30.0,60.0,0.2,0
PARIA POINT,20226,APAR,36.72753,-111.822,7106,2026-08-23T02:00:45.000Z,2026-08-22T19:00:00.000-07:00,2026-08-23T02:00:00.000Z,2026-08-22T19:00:00.000-07:00,2026-08-22,19,O,V,4,398,4.94,6.4,10.01,10.89,31.68,35.37,7.36,38.87,30.0,60.0,0.24,0
FOUR SPRINGS,20227,AFOU,36.79367,-112.04239,6560,2026-08-23T02:19:25.000Z,2026-08-22T19:19:00.000-07:00,2026-08-23T02:00:00.000Z,2026-08-22T19:00:00.000-07:00,2026-08-22,19,O,V,4,284,5.1,6.27,10.18,10.77,34.31,43.77,7.17,42.36,30.0,60.0,0.25,0
GREENBASE,20284,AGRB,35.27619,-112.06325,6923,2026-08-23T02:16:34.000Z,2026-08-22T19:16:00.000-07:00,2026-08-23T02:00:00.000Z,2026-08-22T19:00:00.000-07:00,2026-08-22,19,O,V,4,223,7.84,9.67,15.8,17.45,9.99,10.52,3.55,15.91,63.49,81.31,0.41,0
HAPPY JACK,20291,AHJK,34.61797,-111.34239,6812,2026-08-23T02:02:04.000Z,2026-08-22T19:02:00.000-07:00,2026-08-23T02:00:00.000Z,2026-08-22T19:00:00.000-07:00,2026-08-22,19,O,V,4,381,9.8,9.26,14.51,16.23,5.49,6.67,2.45,10.87,61.12,79.8,0.4,0
HEBER,20301,AHBR,34.39778,-110.56444,6635,2026-08-23T02:03:04.000Z,2026-08-22T19:03:00.000-07:00,2026-08-23T02:00:00.000Z,2026-08-22T19:00:00.000-07:00,2026-08-22,19,O,V,4,219,14.06,10.57,13.83,15.61,1.22,2.13,0.48,3.03,30.5,60.32,0.3,0
LAKESIDE,20303,ALAK,34.16283,-109.87639,7267,2026-08-23T02:00:14.000Z,2026-08-22T19:00:00.000-07:00,2026-08-23T02:00:00.000Z,2026-08-22T19:00:00.000-07:00,2026-08-22,19,O,V,4,15,11.96,12.8,16.98,17.33,2.43,3.44,1.36,6.12,74.34,88.21,0.44,0
NAVAJO MONUMENT,20307,ANAV,36.67667,-110.54389,7204,2026-08-23T01:36:34.000Z,2026-08-22T18:36:00.000-07:00,2026-08-23T02:00:00.000Z,2026-08-22T19:00:00.000-07:00,2026-08-22,19,O,V,4,198,6.88,7.26,10.36,11.83,15.87,18.01,5.3,24.5,30.0,60.0,0.14,0
LIMESTONE CANYON,20309,ALIM,34.17786,-110.27663,7102,2026-08-23T02:00:00.000Z,2026-08-22T19:24:00.000-07:00,2026-08-23T02:00:00.000Z,2026-08-22T19:00:00.000-07:00,2026-08-22,19,F,V,4,335,17.18,12.42,11.35,12.75,0.0,0.0,0.0,0.0,34.46,62.84,0.31,0
MOUNTAIN LION,20310,AFAP,33.69511,-109.71078,7269,2026-08-23T02:14:54.000Z,2026-08-22T19:14:00.000-07:00,2026-08-23T02:00:00.000Z,2026-08-22T19:00:00.000-07:00,2026-08-22,19,O,V,4,66,9.27,9.11,14.16,16.2,5.0,4.48,1.61,7.47,125.45,120.74,0.6,0
HOPI,20312,AHPI,35.86292,-110.61495,5579,2026-08-23T02:13:45.000Z,2026-08-22T19:13:00.000-07:00,2026-08-23T02:00:00.000Z,2026-08-22T19:00:00.000-07:00,2026-08-22,19,O,V,4,473,6.44,7.36,12.22,12.36,42.1,142.69,5.73,65.79,30.0,60.0,0.07,0
ALPINE,20401,AALP,33.84272,-109.11161,8207,2026-08-23T02:16:54.000Z,2026-08-22T19:16:00.000-07:00,2026-08-23T02:00:00.000Z,2026-08-22T19:00:00.000-07:00,2026-08-22,19,O,V,4,81,12.41,10.67,14.33,15.91,1.19,0.98,0.39,1.95,140.97,130.62,0.65,0
PINEY HILL,20402,APIN,35.76111,-109.16719,8061,2026-08-23T01:41:24.000Z,2026-08-22T18:41:00.000-07:00,2026-08-23T02:00:00.000Z,2026-08-22T19:00:00.000-07:00,2026-08-22,19,O,V,4,184,34.2,15.48,11.04,12.51,0.0,0.0,0.0,0.0,49.55,72.44,0.36,0
GREER,20404,AGRE,34.05853,-109.44097,8240,2026-08-23T01:35:49.000Z,2026-08-22T18:35:00.000-07:00,2026-08-23T02:00:00.000Z,2026-08-22T19:00:00.000-07:00,2026-08-22,19,O,V,4,55,10.83,15.14,15.08,16.2,2.65,2.33,0.46,3.1,163.34,144.86,0.72,0
IRON SPRINGS,20501,AIRO,34.59361,-112.51139,5385,2026-08-23T02:06:34.000Z,2026-08-22T19:06:00.000-07:00,2026-08-23T02:00:00.000Z,2026-08-22T19:00:00.000-07:00,2026-08-22,19,O,V,4,379,4.83,6.52,11.73,13.67,24.82,20.46,7.49,30.47,30.0,60.0,0.22,0
CROWN KING,20502,ACRO,34.20336,-112.34561,6173,2026-08-23T02:00:00.000Z,2026-08-22T19:27:00.000-07:00,2026-08-23T02:00:00.000Z,2026-08-22T19:00:00.000-07:00,2026-08-22,19,F,V,4,377,6.01,6.48,11.02,12.82,28.5,41.22,6.16,38.45,30.0,60.0,0.25,0
VERDE,20503,AVER,34.54917,-111.84417,3101,2026-08-23T02:05:14.000Z,2026-08-22T19:05:00.000-07:00,2026-08-23T02:00:00.000Z,2026-08-22T19:00:00.000-07:00,2026-08-22,19,O,V,4,551,6.28,6.49,10.75,12.61,36.93,69.6,5.89,47.91,30.0,60.0,0.06,0
GOODWIN MESA,20507,AGOO,34.77614,-113.3375,4311,2026-08-23T02:00:00.000Z,2026-08-22T19:20:00.000-07:00,2026-08-23T02:00:00.000Z,2026-08-22T19:00:00.000-07:00,2026-08-22,19,F,V,4,447,4.08,4.99,10.0,11.75,66.18,108.74,8.43,69.37,30.0,60.0,0.12,0
HUMBUG CREEK,20508,AHUM,34.11,-112.3,5250,2026-08-23T01:48:15.000Z,2026-08-22T18:48:00.000-07:00,2026-08-23T02:00:00.000Z,2026-08-22T19:00:00.000-07:00,2026-08-22,19,O,V,4,257,4.78,5.33,9.23,11.04,41.83,54.81,7.55,48.1,30.0,60.0,0.19,0
STANTON,20509,ASTA,34.16403,-112.73486,3600,2026-08-23T02:01:25.000Z,2026-08-22T19:01:00.000-07:00,2026-08-23T02:00:00.000Z,2026-08-22T19:00:00.000-07:00,2026-08-22,19,O,V,4,542,3.75,4.12,7.37,9.13,53.51,60.66,8.87,54.3,30.0,60.0,0.07,0
SUNSET POINT,20510,ASUN,34.18847,-112.13467,3380,2026-08-23T01:53:15.000Z,2026-08-22T18:53:00.000-07:00,2026-08-23T02:00:00.000Z,2026-08-22T19:00:00.000-07:00,2026-08-22,19,O,V,4,617,3.45,4.34,8.31,9.87,52.29,51.49,9.29,51.43,30.0,60.0,0.04,0
CHERRY,20511,ACHE,34.59661,-112.04761,5147,2026-08-23T02:11:54.000Z,2026-08-22T19:11:00.000-07:00,2026-08-23T02:00:00.000Z,2026-08-22T19:00:00.000-07:00,2026-08-22,19,O,V,4,195,7.2,7.4,12.1,13.51,17.55,23.89,5.0,27.17,30.0,60.0,0.16,0
GLOBE,20601,AGLO,33.32694,-110.76694,4137,2026-08-23T02:06:25.000Z,2026-08-22T19:06:00.000-07:00,2026-08-23T02:00:00.000Z,2026-08-22T19:00:00.000-07:00,2026-08-22,19,O,V,4,513,10.51,16.27,9.46,10.14,10.17,24.68,2.47,19.95,30.0,60.0,0.06,0
PAYSON,20602,APAY,34.24614,-111.2935,5064,2026-08-23T02:11:04.000Z,2026-08-22T19:11:00.000-07:00,2026-08-23T02:00:00.000Z,2026-08-22T19:00:00.000-07:00,2026-08-22,19,O,V,4,379,35.0,19.39,10.39,12.24,0.0,0.0,0.0,0.0,30.0,60.0,0.12,0
PLEASANT VALLEY,20603,APLE,34.08858,-110.94225,5232,2026-08-23T02:00:34.000Z,2026-08-22T19:00:00.000-07:00,2026-08-23T02:00:00.000Z,2026-08-22T19:00:00.000-07:00,2026-08-22,19,O,V,4,295,9.07,8.49,13.23,14.38,14.97,35.08,3.46,27.38,30.0,60.0,0.13,0
TONTO BASIN,20606,ATON,33.86861,-111.31333,2414,2026-08-23T02:11:14.000Z,2026-08-22T19:11:00.000-07:00,2026-08-23T02:00:00.000Z,2026-08-22T19:00:00.000-07:00,2026-08-22,19,O,V,4,597,4.87,5.33,8.94,9.97,58.69,158.03,7.45,77.81,30.0,60.0,0.0,0
SAN CARLOS #1,20608,ASCA,33.37165,-110.45683,2830,2026-08-23T02:14:24.000Z,2026-08-22T19:14:00.000-07:00,2026-08-23T02:00:00.000Z,2026-08-22T19:00:00.000-07:00,2026-08-22,19,O,V,4,606,4.77,4.76,8.0,9.42,59.97,115.38,7.56,67.8,30.0,60.0,0.01,0
HILLTOP,20609,AHIL,33.61119,-110.41461,5732,2026-08-23T01:32:54.000Z,2026-08-22T18:32:00.000-07:00,2026-08-23T02:00:00.000Z,2026-08-22T19:00:00.000-07:00,2026-08-22,19,O,V,4,79,7.41,8.11,14.12,15.84,27.94,65.77,4.81,42.53,30.0,60.0,0.27,0
RED LAKE,20610,ARED,34.18133,-110.78919,6524,2026-08-23T01:59:34.000Z,2026-08-22T18:59:00.000-07:00,2026-08-23T02:00:00.000Z,2026-08-22T19:00:00.000-07:00,2026-08-22,19,O,V,4,89,22.02,20.14,17.96,18.72,0.0,0.0,0.0,0.0,52.52,74.33,0.37,0
SHADOW RIM,20611,ASHA,34.40586,-111.28319,5660,2026-08-23T02:09:14.000Z,2026-08-22T19:09:00.000-07:00,2026-08-23T02:00:00.000Z,2026-08-22T19:00:00.000-07:00,2026-08-22,19,O,V,4,441,34.99,18.9,14.61,15.48,0.0,0.0,0.0,0.0,30.0,60.0,0.18,0
PINE,20612,APNE,34.37181,-111.4555,5313,2026-08-23T02:00:00.000Z,2026-08-22T19:22:00.000-07:00,2026-08-23T02:00:00.000Z,2026-08-22T19:00:00.000-07:00,2026-08-22,19,F,V,4,457,6.55,6.62,10.76,12.81,23.01,31.94,5.62,32.76,30.0,60.0,0.16,0
HORSE CAMP CANYON,20903,AHOR,32.93656,-110.4935,4014,2026-08-23T02:02:55.000Z,2026-08-22T19:02:00.000-07:00,2026-08-23T02:00:00.000Z,2026-08-22T19:00:00.000-07:00,2026-08-22,19,O,V,4,572,23.24,10.46,9.05,10.4,0.0,0.0,0.0,0.0,30.0,60.0,0.06,0
CASA GRANDE,20906,ACSG,32.99177,-111.53264,1412,2026-08-23T02:00:00.000Z,2026-08-22T19:22:00.000-07:00,2026-08-23T02:00:00.000Z,2026-08-22T19:00:00.000-07:00,2026-08-22,19,F,V,4,684,3.6,4.47,9.53,11.16,51.37,50.57,9.08,50.47,30.0,60.0,0.0,0
COLUMBINE,21005,ACOL,32.70389,-109.91389,9521,2026-08-23T02:02:04.000Z,2026-08-22T19:02:00.000-07:00,2026-08-23T02:00:00.000Z,2026-08-22T19:00:00.000-07:00,2026-08-22,19,O,V,4,34,9.69,9.63,15.42,17.9,0.76,0.13,0.05,0.3,240.83,194.16,0.97,0
MULESHOE RANCH,21007,AMUL,32.40383,-110.272,4475,2026-08-23T02:03:05.000Z,2026-08-22T19:03:00.000-07:00,2026-08-23T02:00:00.000Z,2026-08-22T19:00:00.000-07:00,2026-08-22,19,O,V,4,367,23.38,17.57,10.53,12.18,0.0,0.0,0.0,0.0,30.0,60.0,0.11,0
BLACK HILLS,21008,ABLA,33.08203,-109.95119,3262,2026-08-23T01:53:35.000Z,2026-08-22T18:53:00.000-07:00,2026-08-23T02:00:00.000Z,2026-08-22T19:00:00.000-07:00,2026-08-22,19,O,V,4,661,3.81,4.41,7.24,8.89,66.77,97.89,8.79,67.37,30.0,60.0,0.03,0
DRY LAKE,21009,ADRL,33.35982,-109.83306,7405,2026-08-23T02:00:00.000Z,2026-08-22T19:27:00.000-07:00,2026-08-23T02:00:00.000Z,2026-08-22T19:00:00.000-07:00,2026-08-22,19,F,V,4,382,7.05,6.81,10.34,12.75,14.81,17.16,4.51,22.26,46.91,70.76,0.35,0
NOON CREEK,21010,ANOO,32.66778,-109.78806,4925,2026-08-23T01:37:04.000Z,2026-08-22T18:37:00.000-07:00,2026-08-23T02:00:00.000Z,2026-08-22T19:00:00.000-07:00,2026-08-22,19,O,V,4,458,6.38,5.45,8.64,10.59,11.1,6.88,5.79,16.4,30.0,60.0,0.1,0
GUTHRIE,21104,AGUT,32.88203,-109.30931,6324,2026-08-23T02:03:45.000Z,2026-08-22T19:03:00.000-07:00,2026-08-23T02:00:00.000Z,2026-08-22T19:00:00.000-07:00,2026-08-22,19,O,V,4,401,7.39,5.92,8.7,10.57,35.92,123.17,4.83,56.87,30.0,60.0,0.23,0
TRAIL CABIN,21105,ATRA,33.26478,-109.36789,6250,2026-08-23T01:35:39.000Z,2026-08-22T18:35:00.000-07:00,2026-08-23T02:00:00.000Z,2026-08-22T19:00:00.000-07:00,2026-08-22,19,O,V,4,414,23.36,11.98,10.41,12.1,0.0,0.0,0.0,0.0,30.0,60.0,0.16,0
STRAY HORSE,21106,ASTH,33.55253,-109.31719,7956,2026-08-23T02:19:04.000Z,2026-08-22T19:19:00.000-07:00,2026-08-23T02:00:00.000Z,2026-08-22T19:00:00.000-07:00,2026-08-22,19,O,V,4,110,8.9,8.57,11.05,12.41,8.19,10.7,1.67,11.33,128.49,122.68,0.61,0
SAGUARO,21202,ASAG,32.31111,-110.81861,2758,2026-08-23T02:08:04.000Z,2026-08-22T19:08:00.000-07:00,2026-08-23T02:00:00.000Z,2026-08-22T19:00:00.000-07:00,2026-08-22,19,O,V,4,424,5.45,6.29,11.05,11.94,47.48,84.73,6.78,55.94,30.0,60.0,0.01,0
EMPIRE,21205,AEMP,31.78347,-110.64325,4650,2026-08-23T01:53:55.000Z,2026-08-22T18:53:00.000-07:00,2026-08-23T02:00:00.000Z,2026-08-22T19:00:00.000-07:00,2026-08-22,19,O,V,4,278,6.07,7.19,12.95,14.9,19.59,18.8,6.11,26.68,30.0,60.0,0.17,0
SASABE,21206,ASAS,31.69169,-111.44811,3500,2026-08-23T02:05:44.000Z,2026-08-22T19:05:00.000-07:00,2026-08-23T02:00:00.000Z,2026-08-22T19:00:00.000-07:00,2026-08-22,19,O,V,4,624,17.82,18.92,14.07,14.47,0.0,0.0,0.0,0.0,30.0,60.0,0.05,0
RINCON,21207,ARIN,32.20639,-110.54861,8209,2026-08-23T01:37:35.000Z,2026-08-22T18:37:00.000-07:00,2026-08-23T02:00:00.000Z,2026-08-22T19:00:00.000-07:00,2026-08-22,19,O,V,4,14,9.5,8.22,11.72,14.55,1.94,0.75,0.34,1.62,192.08,163.14,0.82,0
SCOUT CAMP,21208,ASOL,32.39806,-110.725,7554,2026-08-23T01:37:14.000Z,2026-08-22T18:37:00.000-07:00,2026-08-23T02:00:00.000Z,2026-08-22T19:00:00.000-07:00,2026-08-22,19,O,V,4,84,6.91,6.39,9.8,12.43,9.18,5.93,1.43,8.06,151.69,137.44,0.69,0
SELLS,21209,ASES,31.91014,-111.89743,2262,2026-08-23T02:14:14.000Z,2026-08-22T19:14:00.000-07:00,2026-08-23T02:00:00.000Z,2026-08-22T19:00:00.000-07:00,2026-08-22,19,O,V,4,508,5.16,5.47,9.66,11.55,35.98,43.58,7.1,42.09,30.0,60.0,0.02,0
HOPKINS,21302,AHPK,31.67528,-110.88,7120,2026-08-23T02:19:24.000Z,2026-08-22T19:19:00.000-07:00,2026-08-23T02:00:00.000Z,2026-08-22T19:00:00.000-07:00,2026-08-22,19,O,V,4,481,14.41,20.53,10.33,12.36,1.41,3.32,0.3,2.99,30.0,60.0,0.28,0
CANELO,21303,ACNL,31.54972,-110.51917,4629,2026-08-23T02:08:54.000Z,2026-08-22T19:08:00.000-07:00,2026-08-23T02:00:00.000Z,2026-08-22T19:00:00.000-07:00,2026-08-22,19,O,V,4,116,8.32,14.36,13.22,14.84,19.91,44.76,4.04,32.88,30.0,60.0,0.27,0
HEADQUARTERS,21409,ACHR,32.00611,-109.35694,5400,2026-08-23T01:37:05.000Z,2026-08-22T18:37:00.000-07:00,2026-08-23T02:00:00.000Z,2026-08-22T19:00:00.000-07:00,2026-08-22,19,O,V,4,464,4.06,6.49,11.06,12.5,29.83,21.97,8.46,33.29,30.0,60.0,0.15,0
CARR,21411,ACAA,31.44111,-110.28611,5400,2026-08-23T02:19:14.000Z,2026-08-22T19:19:00.000-07:00,2026-08-23T02:00:00.000Z,2026-08-22T19:00:00.000-07:00,2026-08-22,19,O,V,4,75,24.14,10.2,10.13,12.62,0.0,0.0,0.0,0.0,31.38,60.88,0.3,0
RUCKER,21414,ARUC,31.76111,-109.34861,5700,2026-08-23T01:57:04.000Z,2026-08-22T18:57:00.000-07:00,2026-08-23T02:00:00.000Z,2026-08-22T19:00:00.000-07:00,2026-08-22,19,O,V,4,49,35.0,20.92,11.65,14.55,0.0,0.0,0.0,0.0,62.89,80.93,0.4,0
SMITH PEAK,21501,ASMI,34.11486,-113.34733,2386,2026-08-23T01:53:05.000Z,2026-08-22T18:53:00.000-07:00,2026-08-23T02:00:00.000Z,2026-08-22T19:00:00.000-07:00,2026-08-22,19,O,V,4,654,3.23,3.64,6.76,8.32,43.48,32.6,9.59,42.3,30.0,60.0,0.02,0
OATMAN,21502,AOAT,33.04994,-113.13867,1715,2026-08-23T01:52:35.000Z,2026-08-22T18:52:00.000-07:00,2026-08-23T02:00:00.000Z,2026-08-22T19:00:00.000-07:00,2026-08-22,19,O,V,4,634,3.08,3.73,7.05,8.16,82.26,138.7,9.82,83.23,30.0,60.0,0.0,0
AHAKHAV PRESERVE,21503,AAHA,34.13222,-114.32917,363,2026-08-23T02:00:00.000Z,2026-08-22T19:26:00.000-07:00,2026-08-23T02:00:00.000Z,2026-08-22T19:00:00.000-07:00,2026-08-22,19,F,V,4,745,3.66,4.36,8.39,10.14,45.97,40.04,8.99,45.12,30.0,60.0,0.0,0
BELMONT,21504,ABEL,33.67411,-112.92281,1813,2026-08-23T02:01:45.000Z,2026-08-22T19:01:00.000-07:00,2026-08-23T02:00:00.000Z,2026-08-22T19:00:00.000-07:00,2026-08-22,19,O,V,4,690,2.96,3.62,6.82,8.66,59.5,54.9,9.99,54.78,30.0,60.0,0.01,0
GOLDFIELD,21505,AGOL,33.55531,-111.6145,1367,2026-08-23T02:00:00.000Z,2026-08-22T19:23:00.000-07:00,2026-08-23T02:00:00.000Z,2026-08-22T19:00:00.000-07:00,2026-08-22,19,F,V,4,680,3.22,4.13,9.49,10.75,38.01,24.25,9.62,36.96,30.0,60.0,0.0,0
WASHINGTON PASS,290101,XWAS,36.0765,-108.8615,9384,2026-08-23T01:41:14.000Z,2026-08-22T18:41:00.000-07:00,2026-08-23T02:00:00.000Z,2026-08-22T19:00:00.000-07:00,2026-08-22,19,O,V,4,248,12.77,18.22,11.81,13.14,2.57,5.51,0.52,4.88,109.52,110.6,0.55,0
ALBINO CANYON,290102,XALB,36.97661,-107.62892,7173,2026-08-23T02:00:00.000Z,2026-08-22T19:26:00.000-07:00,2026-08-23T02:00:00.000Z,2026-08-22T19:00:00.000-07:00,2026-08-22,19,F,V,4,481,16.66,12.27,9.51,9.92,0.0,0.0,0.0,0.0,30.0,60.0,0.03,0
STONE LAKE,290201,XSTO,36.73161,-106.86581,7436,2026-08-23T01:33:34.000Z,2026-08-22T18:33:00.000-07:00,2026-08-23T02:00:00.000Z,2026-08-22T19:00:00.000-07:00,2026-08-22,19,O,V,4,484,8.03,8.84,11.8,12.08,20.16,45.45,4.28,34.0,30.0,60.0,0.06,0
COYOTE,290202,XCOY,36.07333,-106.65739,8704,2026-08-23T01:48:54.000Z,2026-08-22T18:48:00.000-07:00,2026-08-23T02:00:00.000Z,2026-08-22T19:00:00.000-07:00,2026-08-22,19,O,V,4,247,14.84,22.55,15.34,13.99,0.41,0.38,0.07,0.57,42.57,68.0,0.34,0
DEADMAN PEAK,290203,XDEA,36.4229,-106.772,8389,2026-08-23T02:07:54.000Z,2026-08-22T19:07:00.000-07:00,2026-08-23T02:00:00.000Z,2026-08-22T19:00:00.000-07:00,2026-08-22,19,O,V,4,489,10.25,15.3,10.78,11.83,9.61,25.38,2.64,20.82,30.0,60.0,0.01,0
JARITA MESA,290204,XJAR,36.55597,-106.10306,8864,2026-08-23T02:16:04.000Z,2026-08-22T19:16:00.000-07:00,2026-08-23T02:00:00.000Z,2026-08-22T19:00:00.000-07:00,2026-08-22,19,O,V,4,194,8.29,9.27,12.26,13.06,8.0,8.22,4.06,15.12,30.0,60.0,0.29,0
DULCE #2,290205,XDUL,36.93519,-107.00011,6805,2026-08-23T02:00:00.000Z,2026-08-22T19:28:00.000-07:00,2026-08-23T02:00:00.000Z,2026-08-22T19:00:00.000-07:00,2026-08-22,19,F,V,4,404,16.93,17.62,11.92,12.86,0.0,0.0,0.0,0.0,30.0,60.0,0.05,0
TRUCHAS,290210,XTRU,36.059,-105.7695,8353,2026-08-23T02:11:14.000Z,2026-08-22T19:11:00.000-07:00,2026-08-23T02:00:00.000Z,2026-08-22T19:00:00.000-07:00,2026-08-22,19,O,V,4,246,13.34,12.38,15.09,14.55,2.49,7.08,0.85,6.87,30.0,60.0,0.16,0
BLACK MESA,290305,XBLM,36.03708,-106.04964,5762,2026-08-23T01:34:24.000Z,2026-08-22T18:34:00.000-07:00,2026-08-23T02:00:00.000Z,2026-08-22T19:00:00.000-07:00,2026-08-22,19,O,V,4,610,5.98,7.1,11.02,11.45,29.04,41.29,6.19,38.56,30.0,60.0,0.0,0
WILD RIVERS,290307,XWDR,36.69469,-105.66872,7530,2026-08-23T01:49:55.000Z,2026-08-22T18:49:00.000-07:00,2026-08-23T02:00:00.000Z,2026-08-22T19:00:00.000-07:00,2026-08-22,19,O,V,4,518,8.78,9.47,12.98,13.72,18.62,52.12,3.68,33.78,30.0,60.0,0.0,0
CIMARRON,290401,XCIM,36.60611,-105.12028,8806,2026-08-23T02:09:54.000Z,2026-08-22T19:09:00.000-07:00,2026-08-23T02:00:00.000Z,2026-08-22T19:00:00.000-07:00,2026-08-22,19,O,V,4,217,9.81,9.2,13.23,14.97,5.2,6.71,1.56,8.88,119.49,116.95,0.58,0
ZUNI BUTTES,290603,XZUB,35.13919,-108.94131,6649,2026-08-23T01:42:54.000Z,2026-08-22T18:42:00.000-07:00,2026-08-23T02:00:00.000Z,2026-08-22T19:00:00.000-07:00,2026-08-22,19,O,V,4,222,22.21,23.41,12.62,13.47,0.0,0.0,0.0,0.0,30.0,60.0,0.07,0
JEMEZ,290702,XJEM,35.84114,-106.61969,8248,2026-08-23T02:08:44.000Z,2026-08-22T19:08:00.000-07:00,2026-08-23T02:00:00.000Z,2026-08-22T19:00:00.000-07:00,2026-08-22,19,O,V,4,311,34.09,10.02,13.9,14.05,0.0,0.0,0.0,0.0,30.0,60.0,0.24,0
CUBA,290705,XCUB,35.942,-107.07739,6890,2026-08-23T01:41:05.000Z,2026-08-22T18:41:00.000-07:00,2026-08-23T02:00:00.000Z,2026-08-22T19:00:00.000-07:00,2026-08-22,19,O,V,4,471,8.46,8.47,11.77,12.96,18.63,44.42,3.93,32.35,30.0,60.0,0.07,0
SANDIA LAKES,290706,XSLK,35.22967,-106.59061,5027,2026-08-23T01:42:44.000Z,2026-08-22T18:42:00.000-07:00,2026-08-23T02:00:00.000Z,2026-08-22T19:00:00.000-07:00,2026-08-22,19,O,V,4,676,34.9,7.85,11.13,11.05,0.0,0.0,0.0,0.0,30.0,60.0,0.0,0
TOWER,290801,XTOW,35.77899,-106.26611,6529,2026-08-23T02:08:24.000Z,2026-08-22T19:08:00.000-07:00,2026-08-23T02:00:00.000Z,2026-08-22T19:00:00.000-07:00,2026-08-22,19,O,V,4,529,6.67,6.67,10.7,11.19,22.16,31.75,5.5,32.36,30.0,60.0,0.02,0
SANTA FE WATERSHED,290901,XSFW,35.68686,-105.86031,7749,2026-08-23T01:53:04.000Z,2026-08-22T18:53:00.000-07:00,2026-08-23T02:00:00.000Z,2026-08-22T19:00:00.000-07:00,2026-08-22,19,O,V,4,367,11.35,10.0,13.94,13.94,5.45,12.59,1.95,13.13,30.0,60.0,0.2,0
BARTLEY,291002,XBAR,35.90875,-105.38769,9192,2026-08-23T02:04:14.000Z,2026-08-22T19:04:00.000-07:00,2026-08-23T02:00:00.000Z,2026-08-22T19:00:00.000-07:00,2026-08-22,19,O,V,4,130,12.63,16.02,13.36,13.83,1.71,2.32,0.55,3.36,110.18,111.03,0.56,0
MILLS CANYON,291101,XMIL,36.05453,-104.32511,5881,2026-08-23T02:05:54.000Z,2026-08-22T19:05:00.000-07:00,2026-08-23T02:00:00.000Z,2026-08-22T19:00:00.000-07:00,2026-08-22,19,O,V,4,537,23.37,11.11,10.19,12.26,0.0,0.0,0.0,0.0,30.0,60.0,0.09,0
PECOS,291202,XPEC,35.54558,-105.49439,8229,2026-08-23T02:14:04.000Z,2026-08-22T19:14:00.000-07:00,2026-08-23T02:00:00.000Z,2026-08-22T19:00:00.000-07:00,2026-08-22,19,O,V,4,79,17.51,21.73,12.46,12.7,0.0,0.0,0.0,0.0,47.65,71.23,0.36,0
BRUSHY MOUNTAIN,291301,XBRU,34.72,-107.8484,8789,2026-08-23T01:49:44.000Z,2026-08-22T18:49:00.000-07:00,2026-08-23T02:00:00.000Z,2026-08-22T19:00:00.000-07:00,2026-08-22,19,O,V,4,209,13.43,19.82,13.21,14.44,3.17,11.54,0.74,8.06,65.09,82.33,0.41,0
GRANTS,291302,XGRA,35.24278,-107.66528,8620,2026-08-23T02:16:24.000Z,2026-08-22T19:16:00.000-07:00,2026-08-23T02:00:00.000Z,2026-08-22T19:00:00.000-07:00,2026-08-22,19,O,V,4,124,13.43,11.08,15.06,15.07,1.53,2.78,0.6,3.8,81.44,92.73,0.46,0
OAK FLATS,291402,XOAK,35.00614,-106.31583,7675,2026-08-23T02:04:04.000Z,2026-08-22T19:04:00.000-07:00,2026-08-23T02:00:00.000Z,2026-08-22T19:00:00.000-07:00,2026-08-22,19,O,V,4,450,9.04,7.92,12.13,13.01,11.36,21.66,3.48,21.99,30.0,60.0,0.15,0
SANDIA LAB,291408,XSLB,35.00406,-106.41148,6321,2026-08-23T01:53:34.000Z,2026-08-22T18:53:00.000-07:00,2026-08-23T02:00:00.000Z,2026-08-22T19:00:00.000-07:00,2026-08-22,19,O,V,4,258,9.84,7.07,9.99,10.66,17.7,65.62,2.91,33.73,30.0,60.0,0.11,0
MOUNTAINAIR,291501,XMOU,34.52081,-106.26269,6593,2026-08-23T02:05:54.000Z,2026-08-22T19:05:00.000-07:00,2026-08-23T02:00:00.000Z,2026-08-22T19:00:00.000-07:00,2026-08-22,19,O,V,4,470,8.86,6.93,11.64,12.98,15.38,35.54,3.61,28.09,30.0,60.0,0.08,0
MELROSE RANGE,291901,XMEL,34.28422,-103.71497,4263,2026-08-23T02:14:11.000Z,2026-08-22T19:14:00.000-07:00,2026-08-23T02:00:00.000Z,2026-08-22T19:00:00.000-07:00,2026-08-22,19,O,V,4,651,4.66,5.58,9.36,10.14,15.96,7.74,7.7,19.73,30.0,60.0,0.0,0
BEAVERHEAD,292001,XBEA,33.42353,-108.11019,6750,2026-08-23T02:08:14.000Z,2026-08-22T19:08:00.000-07:00,2026-08-23T02:00:00.000Z,2026-08-22T19:00:00.000-07:00,2026-08-22,19,O,V,4,177,14.51,15.46,16.65,17.45,0.8,1.16,0.25,1.7,30.0,60.0,0.23,0
LUNA,292004,XLUN,33.82289,-108.94311,7088,2026-08-23T02:07:14.000Z,2026-08-22T19:07:00.000-07:00,2026-08-23T02:00:00.000Z,2026-08-22T19:00:00.000-07:00,2026-08-22,19,O,V,4,259,14.79,13.54,18.08,18.06,0.43,0.38,0.1,0.68,30.0,60.0,0.29,0
RESERVE,292005,XRES,33.71489,-108.777,5846,2026-08-23T02:08:14.000Z,2026-08-22T19:08:00.000-07:00,2026-08-23T02:00:00.000Z,2026-08-22T19:00:00.000-07:00,2026-08-22,19,O,V,4,454,14.59,12.09,16.55,16.41,0.86,1.41,0.21,1.71,30.0,60.0,0.1,0
SLAUGHTER,292008,XSLA,34.06056,-108.44472,8680,2026-08-23T02:12:54.000Z,2026-08-22T19:12:00.000-07:00,2026-08-23T02:00:00.000Z,2026-08-22T19:00:00.000-07:00,2026-08-22,19,O,V,4,20,17.12,18.44,14.82,16.05,0.0,0.0,0.0,0.0,137.54,128.44,0.64,0
PELONA MOUNTAIN,292009,XPEL,33.69375,-108.06161,7955,2026-08-23T01:38:25.000Z,2026-08-22T18:38:00.000-07:00,2026-08-23T02:00:00.000Z,2026-08-22T19:00:00.000-07:00,2026-08-22,19,O,V,4,235,9.06,8.59,11.7,13.63,11.03,21.04,2.67,19.21,77.68,90.34,0.45,0
GILA CENTER RAWS,292011,XGIL,33.22375,-108.24031,5767,2026-08-23T02:13:04.000Z,2026-08-22T19:13:00.000-07:00,2026-08-23T02:00:00.000Z,2026-08-22T19:00:00.000-07:00,2026-08-22,19,O,V,4,270,13.77,17.3,14.82,16.22,1.48,2.68,0.62,3.81,30.0,60.0,0.11,0
DATIL,292012,XDAT,34.29256,-107.768,8431,2026-08-23T02:11:04.000Z,2026-08-22T19:11:00.000-07:00,2026-08-23T02:00:00.000Z,2026-08-22T19:00:00.000-07:00,2026-08-22,19,O,V,4,176,11.45,10.52,13.87,14.66,7.57,26.84,1.45,16.24,89.82,98.07,0.49,0
MOGOLLON,292013,XMOG,33.39064,-108.80819,7602,2026-08-23T02:13:15.000Z,2026-08-22T19:13:00.000-07:00,2026-08-23T02:00:00.000Z,2026-08-22T19:00:00.000-07:00,2026-08-22,19,O,V,4,159,15.54,17.41,11.2,12.84,0.0,0.0,0.0,0.0,54.78,75.77,0.38,0
CHUPADERA,292102,XCHU,33.77294,-106.0985,5580,2026-08-23T01:39:45.000Z,2026-08-22T18:39:00.000-07:00,2026-08-23T02:00:00.000Z,2026-08-22T19:00:00.000-07:00,2026-08-22,19,O,V,4,515,4.48,6.54,10.41,10.94,35.69,36.8,7.92,40.96,30.0,60.0,0.01,0
BOSQUE,292103,XBOS,33.82064,-106.88169,4523,2026-08-23T01:50:24.000Z,2026-08-22T18:50:00.000-07:00,2026-08-23T02:00:00.000Z,2026-08-22T19:00:00.000-07:00,2026-08-22,19,O,V,4,668,34.95,7.42,11.22,11.9,0.0,0.0,0.0,0.0,30.0,60.0,0.0,0
MAGDALENA,292104,XMAG,33.85061,-107.539,8495,2026-08-23T02:03:54.000Z,2026-08-22T19:03:00.000-07:00,2026-08-23T02:00:00.000Z,2026-08-22T19:00:00.000-07:00,2026-08-22,19,O,V,4,55,10.4,9.11,12.29,13.98,3.31,3.33,1.41,6.14,115.27,114.26,0.57,0
SEVILLETA,292105,XSEV,34.35844,-106.6895,5246,2026-08-23T02:11:44.000Z,2026-08-22T19:11:00.000-07:00,2026-08-23T02:00:00.000Z,2026-08-22T19:00:00.000-07:00,2026-08-22,19,O,V,4,555,14.26,17.86,11.59,11.64,2.01,5.24,0.37,4.11,30.0,60.0,0.0,0
SMOKEY BEAR,292203,XSMO,33.35019,-105.686,7194,2026-08-23T02:00:04.000Z,2026-08-22T19:00:00.000-07:00,2026-08-23T02:00:00.000Z,2026-08-22T19:00:00.000-07:00,2026-08-22,19,O,V,4,95,8.35,8.72,14.79,16.56,8.08,8.19,4.02,15.02,30.0,60.0,0.28,0
EIGHT MILE DRAW,292301,XEIG,33.65064,-104.32139,3626,2026-08-23T01:37:25.000Z,2026-08-22T18:37:00.000-07:00,2026-08-23T02:00:00.000Z,2026-08-22T19:00:00.000-07:00,2026-08-22,19,O,V,4,603,3.87,5.35,8.61,9.23,65.74,97.28,8.71,66.91,30.0,60.0,0.0,0
DUNKEN,292302,XDUN,32.82467,-105.18261,5431,2026-08-23T01:36:15.000Z,2026-08-22T18:36:00.000-07:00,2026-08-23T02:00:00.000Z,2026-08-22T19:00:00.000-07:00,2026-08-22,19,O,V,4,484,4.08,5.51,8.66,9.79,64.88,138.02,8.43,77.39,30.0,60.0,0.02,0
BURRO MOUNTAIN,292504,XBUR,32.67203,-108.53969,6995,2026-08-23T01:59:44.000Z,2026-08-22T18:59:00.000-07:00,2026-08-23T02:00:00.000Z,2026-08-22T19:00:00.000-07:00,2026-08-22,19,O,V,4,286,7.91,6.58,9.64,11.75,28.33,84.99,4.38,45.83,30.0,60.0,0.21,0
HACHITA VALLEY,292702,XHAC,31.702,-108.34169,4290,2026-08-23T01:40:54.000Z,2026-08-22T18:40:00.000-07:00,2026-08-23T02:00:00.000Z,2026-08-22T19:00:00.000-07:00,2026-08-22,19,O,V,4,588,3.46,4.68,7.88,10.36,50.55,51.39,9.27,51.33,30.0,60.0,0.04,0
MCGREGGOR RANGE,292901,XMCG,32.43133,-105.62181,4832,2026-08-23T01:37:35.000Z,2026-08-22T18:37:00.000-07:00,2026-08-23T02:00:00.000Z,2026-08-22T19:00:00.000-07:00,2026-08-22,19,O,V,4,595,3.83,4.9,7.63,9.75,55.78,71.87,8.77,58.38,30.0,60.0,0.01,0
DRIPPING SPRINGS,292903,XDRI,32.32225,-106.58661,5814,2026-08-23T02:00:00.000Z,2026-08-22T19:26:00.000-07:00,2026-08-23T02:00:00.000Z,2026-08-22T19:00:00.000-07:00,2026-08-22,19,F,V,4,444,4.86,5.05,7.54,9.72,40.43,54.45,7.45,47.67,30.0,60.0,0.12,0
SAN ANDRES,292904,XSAA,32.58008,-106.52719,6137,2026-08-23T02:01:54.000Z,2026-08-22T19:01:00.000-07:00,2026-08-23T02:00:00.000Z,2026-08-22T19:00:00.000-07:00,2026-08-22,19,O,V,4,489,4.47,5.0,7.86,9.96,26.62,21.11,7.93,31.74,30.0,60.0,0.09,0
MAYHILL,293002,XMAY,32.90947,-105.46981,6599,2026-08-23T02:01:54.000Z,2026-08-22T19:01:00.000-07:00,2026-08-23T02:00:00.000Z,2026-08-22T19:00:00.000-07:00,2026-08-22,19,O,V,4,462,4.93,7.04,12.01,14.26,23.81,20.29,7.37,30.13,30.0,60.0,0.14,0
MESCAL,293003,XMES,33.15803,-105.76881,6227,2026-08-23T01:41:24.000Z,2026-08-22T18:41:00.000-07:00,2026-08-23T02:00:00.000Z,2026-08-22T19:00:00.000-07:00,2026-08-22,19,O,V,4,210,7.22,8.18,14.24,16.56,24.27,46.95,4.69,35.98,37.64,64.86,0.32,0
COSMIC,293004,XCOS,32.77925,-105.81989,9172,2026-08-23T02:15:24.000Z,2026-08-22T19:15:00.000-07:00,2026-08-23T02:00:00.000Z,2026-08-22T19:00:00.000-07:00,2026-08-22,19,O,V,4,38,8.3,9.01,12.99,14.34,2.17,0.61,0.33,1.44,203.17,170.2,0.85,0
BATDRAW,293101,XBAD,32.17861,-104.44056,4425,2026-08-23T01:52:34.000Z,2026-08-22T18:52:00.000-07:00,2026-08-23T02:00:00.000Z,2026-08-22T19:00:00.000-07:00,2026-08-22,19,O,V,4,562,4.22,4.82,7.1,8.31,59.56,93.74,8.25,64.14,30.0,60.0,0.0,0
CAPROCK,293104,XCAP,32.92728,-103.85689,4167,2026-08-23T01:40:45.000Z,2026-08-22T18:40:00.000-07:00,2026-08-23T02:00:00.000Z,2026-08-22T19:00:00.000-07:00,2026-08-22,19,O,V,4,488,4.01,5.13,7.62,9.0,53.79,70.42,8.52,57.07,30.0,60.0,0.0,0
QUEEN,293105,XQUN,32.20361,-104.69031,5642,2026-08-23T02:13:14.000Z,2026-08-22T19:13:00.000-07:00,2026-08-23T02:00:00.000Z,2026-08-22T19:00:00.000-07:00,2026-08-22,19,O,V,4,365,5.04,5.51,8.16,9.99,34.56,43.98,7.24,42.64,30.0,60.0,0.06,0
PADUCA,293202,XPAD,32.17983,-103.722,3534,2026-08-23T01:39:54.000Z,2026-08-22T18:39:00.000-07:00,2026-08-23T02:00:00.000Z,2026-08-22T19:00:00.000-07:00,2026-08-22,19,O,V,4,602,4.0,5.26,8.15,9.07,54.37,70.52,8.53,57.17,30.0,60.0,0.0,0
MALPAIS LAVA FLOW,293301,XMAL,34.85181,-108.17461,7514,2026-08-23T02:00:00.000Z,2026-08-22T19:25:00.000-07:00,2026-08-23T02:00:00.000Z,2026-08-22T19:00:00.000-07:00,2026-08-22,19,F,V,4,177,17.43,27.65,14.95,15.96,0.0,0.0,0.0,0.0,30.0,60.0,0.25,0
BLUEWATER RIDGE,293303,XBLR,35.19411,-108.16336,8274,2026-08-23T02:05:44.000Z,2026-08-22T19:05:00.000-07:00,2026-08-23T02:00:00.000Z,2026-08-22T19:00:00.000-07:00,2026-08-22,19,O,V,4,209,19.9,16.23,12.76,13.54,0.0,0.0,0.0,0.0,82.2,93.22,0.47,0
LAGUNA,293304,XLAG,35.05197,-107.42028,5805,2026-08-23T01:33:44.000Z,2026-08-22T18:33:00.000-07:00,2026-08-23T02:00:00.000Z,2026-08-22T19:00:00.000-07:00,2026-08-22,19,O,V,4,543,7.48,7.34,9.81,10.12,27.53,65.53,4.74,42.19,30.0,60.0,0.01,0
RAMAH,293305,XRAM,34.81947,-108.29439,7645,2026-08-23T01:34:44.000Z,2026-08-22T18:34:00.000-07:00,2026-08-23T02:00:00.000Z,2026-08-22T19:00:00.000-07:00,2026-08-22,19,O,V,4,310,10.7,9.59,13.78,15.7,9.72,30.23,2.35,21.39,30.0,60.0,0.26,0
10K,55522198,X10K,35.2085,-106.43586,10065,2026-08-23T01:38:19.000Z,2026-08-22T18:38:00.000-07:00,2026-08-23T02:00:00.000Z,2026-08-22T19:00:00.000-07:00,2026-08-22,19,O,V,4,202,34.97,16.34,12.72,13.72,0.0,0.0,0.0,0.0,129.08,123.05,0.62,0
BAKERS TANK,55522210,AHBB,32.61528,-114.00836,563,2026-08-23T02:07:14.000Z,2026-08-22T19:07:00.000-07:00,2026-08-23T02:00:00.000Z,2026-08-22T19:00:00.000-07:00,2026-08-22,19,O,V,4,738,2.92,3.68,7.05,7.94,67.05,67.38,10.05,60.36,30.0,60.0,0.0,0
CAVE CREEK,55522232,ACAV,34.0899,-111.8465,3477,2026-08-23T02:00:00.000Z,2026-08-22T19:20:00.000-07:00,2026-08-23T02:00:00.000Z,2026-08-22T19:00:00.000-07:00,2026-08-22,19,F,V,4,537,5.07,12.61,8.71,9.85,40.83,53.58,7.21,46.61,30.0,60.0,0.03,0
CIPRIANO,55522238,ARIP,32.4235,-114.16211,1042,2026-08-23T01:59:08.000Z,2026-08-22T18:59:00.000-07:00,2026-08-23T02:00:00.000Z,2026-08-22T19:00:00.000-07:00,2026-08-22,19,O,V,4,710,2.89,3.77,7.68,8.91,73.16,80.8,10.09,65.72,30.0,60.0,0.0,0
DEVILS HILLS,55522251,ADVH,32.42483,-113.79011,836,2026-08-23T02:00:00.000Z,2026-08-22T19:23:00.000-07:00,2026-08-23T02:00:00.000Z,2026-08-22T19:00:00.000-07:00,2026-08-22,19,F,V,4,734,3.3,3.91,7.08,8.38,49.67,41.85,9.5,47.23,30.0,60.0,0.0,0
DUTCH KID,55522257,ADUT,35.12931,-112.28219,6505,2026-08-23T01:38:59.000Z,2026-08-22T18:38:00.000-07:00,2026-08-23T02:00:00.000Z,2026-08-22T19:00:00.000-07:00,2026-08-22,19,O,V,4,106,5.53,9.33,15.76,16.81,21.33,19.43,6.69,28.24,30.0,60.0,0.28,0
FTHL YDMA,55522271,AFTH,32.48658,-114.4635,331,2026-08-23T01:38:44.000Z,2026-08-22T18:38:00.000-07:00,2026-08-23T02:00:00.000Z,2026-08-22T19:00:00.000-07:00,2026-08-22,19,O,V,4,744,2.96,4.17,9.57,11.2,60.62,54.89,9.99,54.78,30.0,60.0,0.0,0
MIDNIGHT,55522315,XMID,36.77819,-105.34131,10815,2026-08-23T01:37:59.000Z,2026-08-22T18:37:00.000-07:00,2026-08-23T02:00:00.000Z,2026-08-22T19:00:00.000-07:00,2026-08-22,19,O,V,4,156,29.62,28.48,16.37,16.94,0.0,0.0,0.0,0.0,197.38,166.51,0.83,0
MOHAWK DUNES,55522318,AMOD,32.68878,-113.74889,524,2026-08-23T02:00:00.000Z,2026-08-22T19:23:00.000-07:00,2026-08-23T02:00:00.000Z,2026-08-22T19:00:00.000-07:00,2026-08-22,19,F,V,4,747,3.12,4.0,7.72,8.41,52.08,42.86,9.76,48.36,30.0,60.0,0.0,0
NEVERSHINE,55522326,ANEV,36.24753,-113.88851,2165,2026-08-23T02:03:51.000Z,2026-08-22T19:03:00.000-07:00,2026-08-23T02:00:00.000Z,2026-08-22T19:00:00.000-07:00,2026-08-22,19,O,V,4,679,2.48,3.44,5.78,7.66,79.61,85.97,10.73,69.56,30.0,60.0,0.0,0
PICACHO PEAK,55522341,APIC,32.66314,-111.42154,1750,2026-08-23T02:17:49.000Z,2026-08-22T19:17:00.000-07:00,2026-08-23T02:00:00.000Z,2026-08-22T19:00:00.000-07:00,2026-08-22,19,O,V,4,723,3.7,4.62,8.29,9.55,69.71,99.13,8.94,68.3,30.0,60.0,0.0,0
PINEDALE,55522344,APND,34.30617,-110.23661,6461,2026-08-23T01:38:39.000Z,2026-08-22T18:38:00.000-07:00,2026-08-23T02:00:00.000Z,2026-08-22T19:00:00.000-07:00,2026-08-22,19,O,V,4,257,25.38,22.18,14.05,14.12,0.0,0.0,0.0,0.0,30.0,60.0,0.25,0
TANKS,55522384,ATNK,33.67314,-110.57431,5801,2026-08-23T01:38:49.000Z,2026-08-22T18:38:00.000-07:00,2026-08-23T02:00:00.000Z,2026-08-22T19:00:00.000-07:00,2026-08-22,19,O,V,4,297,8.32,7.85,13.05,14.38,13.71,22.6,4.04,24.01,30.0,60.0,0.3,0
TAOS PUEBLO RAWS,55522385,XTAP,36.41461,-105.55689,7135,2026-08-23T02:13:34.000Z,2026-08-22T19:13:00.000-07:00,2026-08-23T02:00:00.000Z,2026-08-22T19:00:00.000-07:00,2026-08-22,19,O,V,4,453,6.74,7.38,11.16,12.35,24.01,39.65,5.43,35.63,30.0,60.0,0.03,0
CEDAR RIDGE,55523718,ACED,32.59872,-110.76231,4735,2026-08-23T01:37:19.000Z,2026-08-22T18:37:00.000-07:00,2026-08-23T02:00:00.000Z,2026-08-22T19:00:00.000-07:00,2026-08-22,19,O,V,4,320,6.37,6.14,9.25,10.72,32.86,58.97,5.8,44.08,30.0,60.0,0.13,0
RED CANYON,55523735,XRDC,34.62289,-106.40831,8070,2026-08-23T01:38:29.000Z,2026-08-22T18:38:00.000-07:00,2026-08-23T02:00:00.000Z,2026-08-22T19:00:00.000-07:00,2026-08-22,19,O,V,4,377,26.42,31.44,11.59,11.77,0.0,0.0,0.0,0.0,30.0,60.0,0.27,0
SOWATS,55523737,ASOW,36.48242,-112.42281,7038,2026-08-23T01:39:09.000Z,2026-08-22T18:39:00.000-07:00,2026-08-23T02:00:00.000Z,2026-08-22T19:00:00.000-07:00,2026-08-22,19,O,V,4,154,5.02,6.79,10.18,12.83,23.84,20.16,7.27,29.84,30.0,60.0,0.29,0
T BAR,55523738,XTBA,33.51789,-108.52419,8047,2026-08-23T01:39:19.000Z,2026-08-22T18:39:00.000-07:00,2026-08-23T02:00:00.000Z,2026-08-22T19:00:00.000-07:00,2026-08-22,19,O,V,4,22,21.79,16.68,17.24,18.25,0.0,0.0,0.0,0.0,118.49,116.31,0.58,0
FORT YUMA,20102,AFYM,32.65222,-114.63417,185,2026-08-23T01:16:14.000Z,2026-08-22T18:16:00.000-07:00,2026-08-23T01:00:00.000Z,2026-08-22T18:00:00.000-07:00,2026-08-22,18,O,W,4,744,2.85,4.05,8.36,9.93,58.74,28.64,13.1,46.0,30.0,60.0,0.0,0
MOUNT LOGAN,20107,AMTL,36.35306,-113.19917,7605,2026-08-23T00:33:25.000Z,2026-08-22T17:33:00.000-07:00,2026-08-23T01:00:00.000Z,2026-08-22T18:00:00.000-07:00,2026-08-22,18,O,W,4,152,5.13,7.09,9.84,11.72,26.78,15.48,7.32,26.52,91.36,99.05,0.5,0
OLAF KNOLLS,20108,AOLA,36.50725,-113.81589,2974,2026-08-23T00:33:35.000Z,2026-08-22T17:33:00.000-07:00,2026-08-23T01:00:00.000Z,2026-08-22T18:00:00.000-07:00,2026-08-22,18,O,W,4,629,2.94,4.11,6.44,8.1,60.24,32.66,12.99,48.66,30.0,60.0,0.02,0
TWEEDS POINT,20109,ATWE,36.58186,-113.732,5334,2026-08-23T00:33:55.000Z,2026-08-22T17:33:00.000-07:00,2026-08-23T01:00:00.000Z,2026-08-22T18:00:00.000-07:00,2026-08-22,18,O,W,4,553,3.96,5.13,7.58,9.3,62.64,52.82,11.53,57.47,30.0,60.0,0.04,0
NIXON FLATS,20113,ANIX,36.38833,-113.15806,6500,2026-08-23T00:50:15.000Z,2026-08-22T17:50:00.000-07:00,2026-08-23T01:00:00.000Z,2026-08-22T18:00:00.000-07:00,2026-08-22,18,O,W,4,302,4.34,8.33,13.77,14.02,31.46,15.61,9.99,30.72,30.0,60.0,0.26,0
BLACK ROCK,20114,ABRK,36.79436,-113.75056,7224,2026-08-23T00:50:05.000Z,2026-08-22T17:50:00.000-07:00,2026-08-23T01:00:00.000Z,2026-08-22T18:00:00.000-07:00,2026-08-22,18,O,W,4,192,5.68,6.34,9.15,11.65,21.3,11.9,8.6,25.3,57.26,77.34,0.39,0
MOSS BASIN,20115,AMOS,35.03397,-113.89406,5920,2026-08-23T01:23:05.000Z,2026-08-22T18:23:00.000-07:00,2026-08-23T01:00:00.000Z,2026-08-22T18:00:00.000-07:00,2026-08-22,18,O,W,4,394,4.66,6.27,11.84,13.45,32.14,18.57,10.44,33.95,30.0,60.0,0.27,0
UNION PASS,20116,AUNI,35.23233,-114.38194,3590,2026-08-23T00:52:35.000Z,2026-08-22T17:52:00.000-07:00,2026-08-23T01:00:00.000Z,2026-08-22T18:00:00.000-07:00,2026-08-22,18,O,W,4,580,3.37,4.3,7.24,8.68,54.88,31.67,12.45,47.07,30.0,60.0,0.03,0
HURRICANE,20117,AHUR,36.69908,-113.20731,5445,2026-08-23T00:34:05.000Z,2026-08-22T17:34:00.000-07:00,2026-08-23T01:00:00.000Z,2026-08-22T18:00:00.000-07:00,2026-08-22,18,O,W,4,407,4.36,7.01,9.75,11.04,47.21,33.67,10.44,44.65,30.0,60.0,0.18,0
HAVASU,20118,AHAV,34.80758,-114.53456,475,2026-08-23T00:52:45.000Z,2026-08-22T17:52:00.000-07:00,2026-08-23T01:00:00.000Z,2026-08-22T18:00:00.000-07:00,2026-08-22,18,O,W,4,653,2.29,4.41,8.19,9.37,61.66,25.72,13.55,44.46,30.0,60.0,0.0,0
MUSIC MOUNTAIN,20119,AMUS,35.61497,-113.79428,5375,2026-08-23T00:52:55.000Z,2026-08-22T17:52:00.000-07:00,2026-08-23T01:00:00.000Z,2026-08-22T18:00:00.000-07:00,2026-08-22,18,O,W,4,547,3.6,5.47,8.89,10.79,44.1,23.31,11.75,39.8,30.0,60.0,0.12,0
TRUXTON CANYON,20120,ATRU,35.78013,-113.79563,5304,2026-08-23T01:14:05.000Z,2026-08-22T18:14:00.000-07:00,2026-08-23T01:00:00.000Z,2026-08-22T18:00:00.000-07:00,2026-08-22,18,O,W,4,267,4.14,5.28,8.44,10.43,32.85,15.91,11.3,32.78,30.0,60.0,0.18,0
CIBOLA,20121,ACBL,33.28,-114.68489,252,2026-08-23T00:48:54.000Z,2026-08-22T17:48:00.000-07:00,2026-08-23T01:00:00.000Z,2026-08-22T18:00:00.000-07:00,2026-08-22,18,O,W,4,748,2.59,4.37,8.26,9.18,53.18,21.26,13.25,40.31,30.0,60.0,0.0,0
TUSAYAN,20207,ATUS,35.98833,-112.12056,6570,2026-08-23T01:08:24.000Z,2026-08-22T18:08:00.000-07:00,2026-08-23T01:00:00.000Z,2026-08-22T18:00:00.000-07:00,2026-08-22,18,O,W,4,348,5.6,8.95,14.7,15.58,13.63,4.76,8.71,16.7,30.0,60.0,0.22,0
FLAGSTAFF,20209,AFLG,35.14111,-111.6725,6903,2026-08-23T01:06:04.000Z,2026-08-22T18:06:00.000-07:00,2026-08-23T01:00:00.000Z,2026-08-22T18:00:00.000-07:00,2026-08-22,18,O,W,4,283,5.92,8.03,13.24,14.88,18.74,9.88,7.99,22.45,53.37,74.87,0.37,0
BRIGHT ANGEL,20211,ACAN,36.20472,-112.06222,8134,2026-08-23T01:07:54.000Z,2026-08-22T18:07:00.000-07:00,2026-08-23T01:00:00.000Z,2026-08-22T18:00:00.000-07:00,2026-08-22,18,O,W,4,265,4.99,7.53,11.02,12.79,18.28,7.02,8.18,19.4,72.39,86.98,0.43,0
DRY PARK,20212,ADRY,36.45308,-112.23819,8700,2026-08-23T00:38:24.000Z,2026-08-22T17:38:00.000-07:00,2026-08-23T01:00:00.000Z,2026-08-22T18:00:00.000-07:00,2026-08-22,18,O,W,4,93,6.28,8.7,12.45,14.54,6.04,1.2,3.02,5.44,148.49,135.4,0.68,0
FRAZIER WELLS,20213,AFRA,35.84551,-113.05501,6796,2026-08-23T01:27:44.000Z,2026-08-22T18:27:00.000-07:00,2026-08-23T01:00:00.000Z,2026-08-22T18:00:00.000-07:00,2026-08-22,18,O,W,4,92,5.1,6.34,10.16,11.78,26.65,14.82,9.19,28.86,55.48,76.21,0.38,0
MORMON LAKE,20215,AMOL,34.90972,-111.43842,7094,2026-08-23T01:03:14.000Z,2026-08-22T18:03:00.000-07:00,2026-08-23T01:00:00.000Z,2026-08-22T18:00:00.000-07:00,2026-08-22,18,O,W,4,282,6.5,9.5,15.29,15.19,20.42,14.99,6.4,24.56,69.54,85.16,0.43,0
WARM SPRINGS CANYON,20216,AWAR,36.70117,-112.22689,7953,2026-08-23T00:47:34.000Z,2026-08-22T17:47:00.000-07:00,2026-08-23T01:00:00.000Z,2026-08-22T18:00:00.000-07:00,2026-08-22,18,O,W,4,345,5.38,8.15,12.7,13.61,15.71,5.79,8.04,17.61,62.98,80.98,0.4,0
YELLOW JOHN MOUNTAIN,20217,AYEL,36.155,-113.54944,6160,2026-08-23T00:50:25.000Z,2026-08-22T17:50:00.000-07:00,2026-08-23T01:00:00.000Z,2026-08-22T18:00:00.000-07:00,2026-08-22,18,O,W,4,283,3.94,7.04,12.38,14.21,30.87,13.05,10.81,29.34,30.0,60.0,0.18,0
OAK CREEK,20219,AOAK,34.94686,-111.75444,4804,2026-08-23T01:03:04.000Z,2026-08-22T18:03:00.000-07:00,2026-08-23T01:00:00.000Z,2026-08-22T18:00:00.000-07:00,2026-08-22,18,O,W,4,574,4.91,6.34,10.42,12.09,25.78,12.43,10.19,27.92,30.0,60.0,0.09,0
LINDBERGH HILL,20220,ALBE,36.28556,-112.07861,8800,2026-08-23T01:08:14.000Z,2026-08-22T18:08:00.000-07:00,2026-08-23T01:00:00.000Z,2026-08-22T18:00:00.000-07:00,2026-08-22,18,O,W,4,395,5.59,7.12,10.96,12.64,15.8,6.63,7.56,18.22,77.73,90.37,0.45,0
PROMONTORY,20221,APRO,34.36528,-111.01444,7842,2026-08-23T00:49:34.000Z,2026-08-22T17:49:00.000-07:00,2026-08-23T01:00:00.000Z,2026-08-22T18:00:00.000-07:00,2026-08-22,18,O,W,4,121,12.02,8.44,12.02,14.17,2.43,1.99,1.35,4.74,169.19,148.57,0.74,0
GUNSIGHT,20223,AGUN,36.70464,-112.5835,5284,2026-08-23T00:34:14.000Z,2026-08-22T17:34:00.000-07:00,2026-08-23T01:00:00.000Z,2026-08-22T18:00:00.000-07:00,2026-08-22,18,O,W,4,522,3.75,6.82,9.91,11.2,36.01,16.21,11.07,32.76,30.0,60.0,0.14,0
BUCKSKIN MTN,20224,ABUC,36.91808,-112.19981,6334,2026-08-23T00:33:45.000Z,2026-08-22T17:33:00.000-07:00,2026-08-23T01:00:00.000Z,2026-08-22T18:00:00.000-07:00,2026-08-22,18,O,W,4,416,3.96,6.29,9.57,11.48,46.85,30.38,11.08,43.77,30.0,60.0,0.2,0
PARIA POINT,20226,APAR,36.72753,-111.822,7106,2026-08-23T01:00:45.000Z,2026-08-22T18:00:00.000-07:00,2026-08-23T01:00:00.000Z,2026-08-22T18:00:00.000-07:00,2026-08-22,18,O,W,4,398,4.73,6.61,10.08,10.9,34.81,21.83,10.25,36.27,30.0,60.0,0.24,0
FOUR SPRINGS,20227,AFOU,36.79367,-112.04239,6560,2026-08-23T01:19:25.000Z,2026-08-22T18:19:00.000-07:00,2026-08-23T01:00:00.000Z,2026-08-22T18:00:00.000-07:00,2026-08-22,18,O,W,4,284,4.54,6.38,10.25,10.78,24.24,10.08,10.51,25.7,30.0,60.0,0.25,0
GREENBASE,20284,AGRB,35.27619,-112.06325,6923,2026-08-23T01:16:34.000Z,2026-08-22T18:16:00.000-07:00,2026-08-23T01:00:00.000Z,2026-08-22T18:00:00.000-07:00,2026-08-22,18,O,W,4,223,5.87,9.75,15.96,17.45,18.0,9.13,7.1,20.52,63.49,81.31,0.41,0
HAPPY JACK,20291,AHJK,34.61797,-111.34239,6812,2026-08-23T01:02:04.000Z,2026-08-22T18:02:00.000-07:00,2026-08-23T01:00:00.000Z,2026-08-22T18:00:00.000-07:00,2026-08-22,18,O,W,4,381,8.04,9.23,14.61,16.25,14.36,13.0,5.51,21.48,61.12,79.8,0.4,0
HEBER,20301,AHBR,34.39778,-110.56444,6635,2026-08-23T01:03:04.000Z,2026-08-22T18:03:00.000-07:00,2026-08-23T01:00:00.000Z,2026-08-22T18:00:00.000-07:00,2026-08-22,18,O,W,4,219,13.25,9.95,13.87,15.62,1.72,1.68,1.38,4.43,30.5,60.32,0.3,0
LAKESIDE,20303,ALAK,34.16283,-109.87639,7267,2026-08-23T01:00:14.000Z,2026-08-22T18:00:00.000-07:00,2026-08-23T01:00:00.000Z,2026-08-22T18:00:00.000-07:00,2026-08-22,18,O,W,4,15,10.31,12.73,16.95,17.32,3.35,1.72,1.72,4.95,74.34,88.21,0.44,0
NAVAJO MONUMENT,20307,ANAV,36.67667,-110.54389,7204,2026-08-23T00:36:34.000Z,2026-08-22T17:36:00.000-07:00,2026-08-23T01:00:00.000Z,2026-08-22T18:00:00.000-07:00,2026-08-22,18,O,W,4,198,6.49,7.24,10.41,11.84,16.45,9.26,8.51,22.43,30.0,60.0,0.14,0
LIMESTONE CANYON,20309,ALIM,34.17786,-110.27663,7102,2026-08-23T01:24:24.000Z,2026-08-22T18:24:00.000-07:00,2026-08-23T01:00:00.000Z,2026-08-22T18:00:00.000-07:00,2026-08-22,18,O,W,4,335,16.52,17.12,11.61,12.9,0.0,0.0,0.0,0.0,34.46,62.84,0.31,0
MOUNTAIN LION,20310,AFAP,33.69511,-109.71078,7269,2026-08-23T01:14:54.000Z,2026-08-22T18:14:00.000-07:00,2026-08-23T01:00:00.000Z,2026-08-22T18:00:00.000-07:00,2026-08-22,18,O,W,4,66,7.66,9.11,14.26,16.23,6.53,2.34,2.76,7.11,125.45,120.74,0.6,0
HOPI,20312,AHPI,35.86292,-110.61495,5579,2026-08-23T01:13:45.000Z,2026-08-22T18:13:00.000-07:00,2026-08-23T01:00:00.000Z,2026-08-22T18:00:00.000-07:00,2026-08-22,18,O,W,4,473,4.93,7.23,12.3,12.33,56.35,69.5,9.86,60.68,30.0,60.0,0.07,0
ALPINE,20401,AALP,33.84272,-109.11161,8207,2026-08-23T01:16:54.000Z,2026-08-22T18:16:00.000-07:00,2026-08-23T01:00:00.000Z,2026-08-22T18:00:00.000-07:00,2026-08-22,18,O,W,4,81,11.84,10.72,14.4,15.92,1.74,0.94,1.2,3.18,140.97,130.62,0.65,0
PINEY HILL,20402,APIN,35.76111,-109.16719,8061,2026-08-23T00:41:24.000Z,2026-08-22T17:41:00.000-07:00,2026-08-23T01:00:00.000Z,2026-08-22T18:00:00.000-07:00,2026-08-22,18,O,W,4,184,11.22,15.28,11.03,12.51,4.16,3.71,1.14,5.84,49.55,72.44,0.36,0
GREER,20404,AGRE,34.05853,-109.44097,8240,2026-08-23T00:35:49.000Z,2026-08-22T17:35:00.000-07:00,2026-08-23T01:00:00.000Z,2026-08-22T18:00:00.000-07:00,2026-08-22,18,O,W,4,55,12.09,16.12,15.18,16.19,1.53,0.7,0.37,1.62,163.34,144.86,0.72,0
IRON SPRINGS,20501,AIRO,34.59361,-112.51139,5385,2026-08-23T01:06:34.000Z,2026-08-22T18:06:00.000-07:00,2026-08-23T01:00:00.000Z,2026-08-22T18:00:00.000-07:00,2026-08-22,18,O,W,4,379,4.57,6.73,11.85,13.71,39.25,25.58,10.36,39.19,30.0,60.0,0.22,0
CROWN KING,20502,ACRO,34.20336,-112.34561,6173,2026-08-23T01:27:34.000Z,2026-08-22T18:27:00.000-07:00,2026-08-23T01:00:00.000Z,2026-08-22T18:00:00.000-07:00,2026-08-22,18,O,W,4,377,4.87,6.62,11.3,12.91,22.97,9.91,10.12,25.07,30.0,60.0,0.25,0
VERDE,20503,AVER,34.54917,-111.84417,3101,2026-08-23T01:05:14.000Z,2026-08-22T18:05:00.000-07:00,2026-08-23T01:00:00.000Z,2026-08-22T18:00:00.000-07:00,2026-08-22,18,O,W,4,551,5.62,6.44,10.85,12.64,32.76,24.41,9.52,36.9,30.0,60.0,0.06,0
GOODWIN MESA,20507,AGOO,34.77614,-113.3375,4311,2026-08-23T01:20:45.000Z,2026-08-22T18:20:00.000-07:00,2026-08-23T01:00:00.000Z,2026-08-22T18:00:00.000-07:00,2026-08-22,18,O,W,4,447,3.63,5.38,10.32,11.86,57.36,39.65,11.75,50.81,30.0,60.0,0.12,0
HUMBUG CREEK,20508,AHUM,34.11,-112.3,5250,2026-08-23T00:48:15.000Z,2026-08-22T17:48:00.000-07:00,2026-08-23T01:00:00.000Z,2026-08-22T18:00:00.000-07:00,2026-08-22,18,O,W,4,257,4.64,5.33,9.31,11.07,33.27,18.63,10.81,34.54,30.0,60.0,0.19,0
STANTON,20509,ASTA,34.16403,-112.73486,3600,2026-08-23T01:01:25.000Z,2026-08-22T18:01:00.000-07:00,2026-08-23T01:00:00.000Z,2026-08-22T18:00:00.000-07:00,2026-08-22,18,O,W,4,542,3.33,4.12,7.44,9.16,47.84,23.8,12.58,41.46,30.0,60.0,0.07,0
SUNSET POINT,20510,ASUN,34.18847,-112.13467,3380,2026-08-23T00:53:15.000Z,2026-08-22T17:53:00.000-07:00,2026-08-23T01:00:00.000Z,2026-08-22T18:00:00.000-07:00,2026-08-22,18,O,W,4,617,3.18,4.48,8.4,9.9,41.75,16.92,12.57,35.43,30.0,60.0,0.04,0
CHERRY,20511,ACHE,34.59661,-112.04761,5147,2026-08-23T01:11:54.000Z,2026-08-22T18:11:00.000-07:00,2026-08-23T01:00:00.000Z,2026-08-22T18:00:00.000-07:00,2026-08-22,18,O,W,4,195,6.33,7.33,12.21,13.54,19.66,11.69,8.62,25.13,30.0,60.0,0.16,0
GLOBE,20601,AGLO,33.32694,-110.76694,4137,2026-08-23T01:06:25.000Z,2026-08-22T18:06:00.000-07:00,2026-08-23T01:00:00.000Z,2026-08-22T18:00:00.000-07:00,2026-08-22,18,O,W,4,513,12.95,17.57,9.43,10.07,3.13,3.48,0.29,3.03,30.0,60.0,0.06,0
PAYSON,20602,APAY,34.24614,-111.2935,5064,2026-08-23T01:11:04.000Z,2026-08-22T18:11:00.000-07:00,2026-08-23T01:00:00.000Z,2026-08-22T18:00:00.000-07:00,2026-08-22,18,O,W,4,379,34.8,6.51,10.42,12.17,0.0,0.0,0.0,0.0,30.0,60.0,0.12,0
PLEASANT VALLEY,20603,APLE,34.08858,-110.94225,5232,2026-08-23T01:00:34.000Z,2026-08-22T18:00:00.000-07:00,2026-08-23T01:00:00.000Z,2026-08-22T18:00:00.000-07:00,2026-08-22,18,O,W,4,295,8.48,8.45,13.32,14.41,9.84,6.69,6.48,17.04,30.0,60.0,0.13,0
TONTO BASIN,20606,ATON,33.86861,-111.31333,2414,2026-08-23T01:11:14.000Z,2026-08-22T18:11:00.000-07:00,2026-08-23T01:00:00.000Z,2026-08-22T18:00:00.000-07:00,2026-08-22,18,O,W,4,597,3.73,5.28,9.02,9.99,30.04,10.57,11.69,27.59,30.0,60.0,0.0,0
SAN CARLOS #1,20608,ASCA,33.37165,-110.45683,2830,2026-08-23T01:14:24.000Z,2026-08-22T18:14:00.000-07:00,2026-08-23T01:00:00.000Z,2026-08-22T18:00:00.000-07:00,2026-08-22,18,O,W,4,606,4.24,4.79,8.06,9.44,43.14,26.16,11.4,41.39,30.0,60.0,0.01,0
HILLTOP,20609,AHIL,33.61119,-110.41461,5732,2026-08-23T00:32:54.000Z,2026-08-22T17:32:00.000-07:00,2026-08-23T01:00:00.000Z,2026-08-22T18:00:00.000-07:00,2026-08-22,18,O,W,4,79,5.84,8.14,14.26,15.89,31.91,27.65,8.77,37.64,30.0,60.0,0.27,0
RED LAKE,20610,ARED,34.18133,-110.78919,6524,2026-08-23T00:59:34.000Z,2026-08-22T17:59:00.000-07:00,2026-08-23T01:00:00.000Z,2026-08-22T18:00:00.000-07:00,2026-08-22,18,O,W,4,89,26.86,19.1,17.68,18.64,0.0,0.0,0.0,0.0,52.52,74.33,0.37,0
SHADOW RIM,20611,ASHA,34.40586,-111.28319,5660,2026-08-23T01:09:14.000Z,2026-08-22T18:09:00.000-07:00,2026-08-23T01:00:00.000Z,2026-08-22T18:00:00.000-07:00,2026-08-22,18,O,W,4,441,34.75,8.51,14.52,15.5,0.0,0.0,0.0,0.0,30.0,60.0,0.18,0
PINE,20612,APNE,34.37181,-111.4555,5313,2026-08-23T01:22:24.000Z,2026-08-22T18:22:00.000-07:00,2026-08-23T01:00:00.000Z,2026-08-22T18:00:00.000-07:00,2026-08-22,18,O,W,4,457,35.0,19.74,11.65,13.0,0.0,0.0,0.0,0.0,30.0,60.0,0.16,0
HORSE CAMP CANYON,20903,AHOR,32.93656,-110.4935,4014,2026-08-23T01:02:55.000Z,2026-08-22T18:02:00.000-07:00,2026-08-23T01:00:00.000Z,2026-08-22T18:00:00.000-07:00,2026-08-22,18,O,W,4,572,34.93,5.43,9.09,10.41,0.0,0.0,0.0,0.0,30.0,60.0,0.06,0
CASA GRANDE,20906,ACSG,32.99177,-111.53264,1412,2026-08-23T01:22:34.000Z,2026-08-22T18:22:00.000-07:00,2026-08-23T01:00:00.000Z,2026-08-22T18:00:00.000-07:00,2026-08-22,18,O,W,4,684,3.13,5.09,10.1,11.36,42.91,16.96,12.37,35.21,30.0,60.0,0.0,0
COLUMBINE,21005,ACOL,32.70389,-109.91389,9521,2026-08-23T01:02:04.000Z,2026-08-22T18:02:00.000-07:00,2026-08-23T01:00:00.000Z,2026-08-22T18:00:00.000-07:00,2026-08-22,18,O,W,4,34,7.82,9.5,15.5,17.92,3.49,0.76,1.48,3.19,240.83,194.16,0.97,0
MULESHOE RANCH,21007,AMUL,32.40383,-110.272,4475,2026-08-23T01:03:05.000Z,2026-08-22T18:03:00.000-07:00,2026-08-23T01:00:00.000Z,2026-08-22T18:00:00.000-07:00,2026-08-22,18,O,W,4,367,34.95,7.52,10.42,12.2,0.0,0.0,0.0,0.0,30.0,60.0,0.11,0
BLACK HILLS,21008,ABLA,33.08203,-109.95119,3262,2026-08-23T00:53:35.000Z,2026-08-22T17:53:00.000-07:00,2026-08-23T01:00:00.000Z,2026-08-22T18:00:00.000-07:00,2026-08-22,18,O,W,4,661,2.98,4.43,7.3,8.91,70.45,46.32,12.81,56.78,30.0,60.0,0.03,0
DRY LAKE,21009,ADRL,33.35982,-109.83306,7405,2026-08-23T01:27:34.000Z,2026-08-22T18:27:00.000-07:00,2026-08-23T01:00:00.000Z,2026-08-22T18:00:00.000-07:00,2026-08-22,18,O,W,4,382,6.6,7.5,10.55,12.84,12.89,6.31,7.81,18.08,46.91,70.76,0.35,0
NOON CREEK,21010,ANOO,32.66778,-109.78806,4925,2026-08-23T00:37:04.000Z,2026-08-22T17:37:00.000-07:00,2026-08-23T01:00:00.000Z,2026-08-22T18:00:00.000-07:00,2026-08-22,18,O,W,4,458,4.31,5.37,8.55,10.42,22.88,7.97,11.1,23.66,30.0,60.0,0.1,0
GUTHRIE,21104,AGUT,32.88203,-109.30931,6324,2026-08-23T01:03:45.000Z,2026-08-22T18:03:00.000-07:00,2026-08-23T01:00:00.000Z,2026-08-22T18:00:00.000-07:00,2026-08-22,18,O,W,4,401,6.68,5.89,8.72,10.58,40.83,69.87,8.78,57.68,30.0,60.0,0.23,0
TRAIL CABIN,21105,ATRA,33.26478,-109.36789,6250,2026-08-23T00:35:39.000Z,2026-08-22T17:35:00.000-07:00,2026-08-23T01:00:00.000Z,2026-08-22T18:00:00.000-07:00,2026-08-22,18,O,W,4,414,34.78,7.98,10.57,12.11,0.0,0.0,0.0,0.0,30.0,60.0,0.16,0
STRAY HORSE,21106,ASTH,33.55253,-109.31719,7956,2026-08-23T01:19:04.000Z,2026-08-22T18:19:00.000-07:00,2026-08-23T01:00:00.000Z,2026-08-22T18:00:00.000-07:00,2026-08-22,18,O,W,4,110,8.7,8.47,10.97,12.42,6.3,3.28,2.51,7.93,128.49,122.68,0.61,0
SAGUARO,21202,ASAG,32.31111,-110.81861,2758,2026-08-23T01:08:04.000Z,2026-08-22T18:08:00.000-07:00,2026-08-23T01:00:00.000Z,2026-08-22T18:00:00.000-07:00,2026-08-22,18,O,W,4,424,4.41,6.23,11.15,11.97,20.3,6.12,10.68,20.59,30.0,60.0,0.01,0
EMPIRE,21205,AEMP,31.78347,-110.64325,4650,2026-08-23T00:53:55.000Z,2026-08-22T17:53:00.000-07:00,2026-08-23T01:00:00.000Z,2026-08-22T18:00:00.000-07:00,2026-08-22,18,O,W,4,278,5.56,7.2,13.07,14.95,25.07,14.79,9.32,29.02,30.0,60.0,0.17,0
SASABE,21206,ASAS,31.69169,-111.44811,3500,2026-08-23T01:05:44.000Z,2026-08-22T18:05:00.000-07:00,2026-08-23T01:00:00.000Z,2026-08-22T18:00:00.000-07:00,2026-08-22,18,O,W,4,624,24.12,18.87,14.18,14.45,0.0,0.0,0.0,0.0,30.0,60.0,0.05,0
RINCON,21207,ARIN,32.20639,-110.54861,8209,2026-08-23T00:37:35.000Z,2026-08-22T17:37:00.000-07:00,2026-08-23T01:00:00.000Z,2026-08-22T18:00:00.000-07:00,2026-08-22,18,O,W,4,14,9.78,8.32,11.78,14.57,2.17,0.56,1.7,2.93,192.08,163.14,0.82,0
SCOUT CAMP,21208,ASOL,32.39806,-110.725,7554,2026-08-23T00:37:14.000Z,2026-08-22T17:37:00.000-07:00,2026-08-23T01:00:00.000Z,2026-08-22T18:00:00.000-07:00,2026-08-22,18,O,W,4,84,5.94,6.56,9.85,12.46,8.1,1.9,3.58,7.26,151.69,137.44,0.69,0
SELLS,21209,ASES,31.91014,-111.89743,2262,2026-08-23T01:14:14.000Z,2026-08-22T18:14:00.000-07:00,2026-08-23T01:00:00.000Z,2026-08-22T18:00:00.000-07:00,2026-08-22,18,O,W,4,508,4.5,5.43,9.77,11.59,63.63,76.65,10.9,66.47,30.0,60.0,0.02,0
HOPKINS,21302,AHPK,31.67528,-110.88,7120,2026-08-23T01:19:24.000Z,2026-08-22T18:19:00.000-07:00,2026-08-23T01:00:00.000Z,2026-08-22T18:00:00.000-07:00,2026-08-22,18,O,W,4,481,16.57,21.58,10.23,12.52,0.0,0.0,0.0,0.0,30.0,60.0,0.28,0
CANELO,21303,ACNL,31.54972,-110.51917,4629,2026-08-23T01:08:54.000Z,2026-08-22T18:08:00.000-07:00,2026-08-23T01:00:00.000Z,2026-08-22T18:00:00.000-07:00,2026-08-22,18,O,W,4,116,8.71,15.1,13.32,14.87,12.01,10.51,4.55,17.83,30.0,60.0,0.27,0
HEADQUARTERS,21409,ACHR,32.00611,-109.35694,5400,2026-08-23T00:37:05.000Z,2026-08-22T17:37:00.000-07:00,2026-08-23T01:00:00.000Z,2026-08-22T18:00:00.000-07:00,2026-08-22,18,O,W,4,464,3.75,6.79,11.19,12.52,43.43,23.01,11.08,38.51,30.0,60.0,0.15,0
CARR,21411,ACAA,31.44111,-110.28611,5400,2026-08-23T01:19:14.000Z,2026-08-22T18:19:00.000-07:00,2026-08-23T01:00:00.000Z,2026-08-22T18:00:00.000-07:00,2026-08-22,18,O,W,4,75,34.81,6.31,10.16,12.64,0.0,0.0,0.0,0.0,31.38,60.88,0.3,0
RUCKER,21414,ARUC,31.76111,-109.34861,5700,2026-08-23T00:57:04.000Z,2026-08-22T17:57:00.000-07:00,2026-08-23T01:00:00.000Z,2026-08-22T18:00:00.000-07:00,2026-08-22,18,O,W,4,49,34.92,6.46,11.42,14.59,0.0,0.0,0.0,0.0,62.89,80.93,0.4,0
SMITH PEAK,21501,ASMI,34.11486,-113.34733,2386,2026-08-23T00:53:05.000Z,2026-08-22T17:53:00.000-07:00,2026-08-23T01:00:00.000Z,2026-08-22T18:00:00.000-07:00,2026-08-22,18,O,W,4,654,2.92,3.67,6.83,8.35,57.28,28.52,13.2,46.07,30.0,60.0,0.02,0
OATMAN,21502,AOAT,33.04994,-113.13867,1715,2026-08-23T00:52:35.000Z,2026-08-22T17:52:00.000-07:00,2026-08-23T01:00:00.000Z,2026-08-22T18:00:00.000-07:00,2026-08-22,18,O,W,4,634,2.87,3.75,7.13,8.18,66.2,37.31,13.22,52.17,30.0,60.0,0.0,0
AHAKHAV PRESERVE,21503,AAHA,34.13222,-114.32917,363,2026-08-23T01:26:44.000Z,2026-08-22T18:26:00.000-07:00,2026-08-23T01:00:00.000Z,2026-08-22T18:00:00.000-07:00,2026-08-22,18,O,W,4,745,2.81,4.76,9.28,10.47,37.43,11.27,12.84,29.68,30.0,60.0,0.0,0
BELMONT,21504,ABEL,33.67411,-112.92281,1813,2026-08-23T01:01:45.000Z,2026-08-22T18:01:00.000-07:00,2026-08-23T01:00:00.000Z,2026-08-22T18:00:00.000-07:00,2026-08-22,18,O,W,4,690,2.71,3.65,6.89,8.69,51.19,21.1,13.43,40.42,30.0,60.0,0.01,0
GOLDFIELD,21505,AGOL,33.55531,-111.6145,1367,2026-08-23T01:23:14.000Z,2026-08-22T18:23:00.000-07:00,2026-08-23T01:00:00.000Z,2026-08-22T18:00:00.000-07:00,2026-08-22,18,O,W,4,680,2.83,4.76,10.01,10.95,41.46,14.13,12.82,32.91,30.0,60.0,0.0,0
WASHINGTON PASS,290101,XWAS,36.0765,-108.8615,9384,2026-08-23T00:41:14.000Z,2026-08-22T17:41:00.000-07:00,2026-08-23T01:00:00.000Z,2026-08-22T18:00:00.000-07:00,2026-08-22,18,O,W,4,248,14.93,19.53,11.81,13.15,0.0,0.0,0.0,0.0,109.52,110.6,0.55,0
ALBINO CANYON,290102,XALB,36.97661,-107.62892,7173,2026-08-23T01:26:05.000Z,2026-08-22T18:26:00.000-07:00,2026-08-23T01:00:00.000Z,2026-08-22T18:00:00.000-07:00,2026-08-22,18,O,W,4,481,23.71,15.37,8.87,9.72,0.0,0.0,0.0,0.0,30.0,60.0,0.03,0
STONE LAKE,290201,XSTO,36.73161,-106.86581,7436,2026-08-23T00:33:34.000Z,2026-08-22T17:33:00.000-07:00,2026-08-23T01:00:00.000Z,2026-08-22T18:00:00.000-07:00,2026-08-22,18,O,W,4,484,7.31,8.75,11.76,12.08,10.8,5.4,7.37,16.38,30.0,60.0,0.06,0
COYOTE,290202,XCOY,36.07333,-106.65739,8704,2026-08-23T00:48:54.000Z,2026-08-22T17:48:00.000-07:00,2026-08-23T01:00:00.000Z,2026-08-22T18:00:00.000-07:00,2026-08-22,18,O,W,4,247,16.14,23.78,15.6,13.97,0.0,0.0,0.0,0.0,42.57,68.0,0.34,0
DEADMAN PEAK,290203,XDEA,36.4229,-106.772,8389,2026-08-23T01:07:54.000Z,2026-08-22T18:07:00.000-07:00,2026-08-23T01:00:00.000Z,2026-08-22T18:00:00.000-07:00,2026-08-22,18,O,W,4,489,10.43,15.94,10.76,11.76,7.7,9.56,2.73,13.5,30.0,60.0,0.01,0
JARITA MESA,290204,XJAR,36.55597,-106.10306,8864,2026-08-23T01:16:04.000Z,2026-08-22T18:16:00.000-07:00,2026-08-23T01:00:00.000Z,2026-08-22T18:00:00.000-07:00,2026-08-22,18,O,W,4,194,7.35,9.26,12.32,13.06,9.42,4.46,7.19,14.83,30.0,60.0,0.29,0
DULCE #2,290205,XDUL,36.93519,-107.00011,6805,2026-08-23T01:28:24.000Z,2026-08-22T18:28:00.000-07:00,2026-08-23T01:00:00.000Z,2026-08-22T18:00:00.000-07:00,2026-08-22,18,O,W,4,404,34.42,18.0,12.3,12.89,0.0,0.0,0.0,0.0,30.0,60.0,0.05,0
TRUCHAS,290210,XTRU,36.059,-105.7695,8353,2026-08-23T01:11:14.000Z,2026-08-22T18:11:00.000-07:00,2026-08-23T01:00:00.000Z,2026-08-22T18:00:00.000-07:00,2026-08-22,18,O,W,4,246,10.7,12.37,14.93,14.53,5.56,5.91,3.39,11.95,30.0,60.0,0.16,0
BLACK MESA,290305,XBLM,36.03708,-106.04964,5762,2026-08-23T00:34:24.000Z,2026-08-22T17:34:00.000-07:00,2026-08-23T01:00:00.000Z,2026-08-22T18:00:00.000-07:00,2026-08-22,18,O,W,4,610,5.32,7.1,11.1,11.45,33.38,24.67,9.56,37.15,30.0,60.0,0.0,0
WILD RIVERS,290307,XWDR,36.69469,-105.66872,7530,2026-08-23T00:49:55.000Z,2026-08-22T17:49:00.000-07:00,2026-08-23T01:00:00.000Z,2026-08-22T18:00:00.000-07:00,2026-08-22,18,O,W,4,518,8.64,9.36,13.04,13.72,13.16,13.11,6.09,22.58,30.0,60.0,0.0,0
CIMARRON,290401,XCIM,36.60611,-105.12028,8806,2026-08-23T01:09:54.000Z,2026-08-22T18:09:00.000-07:00,2026-08-23T01:00:00.000Z,2026-08-22T18:00:00.000-07:00,2026-08-22,18,O,W,4,217,8.56,9.12,13.28,14.98,3.43,0.96,2.52,4.53,119.49,116.95,0.58,0
ZUNI BUTTES,290603,XZUB,35.13919,-108.94131,6649,2026-08-23T00:42:54.000Z,2026-08-22T17:42:00.000-07:00,2026-08-23T01:00:00.000Z,2026-08-22T18:00:00.000-07:00,2026-08-22,18,O,W,4,222,27.09,23.78,12.47,13.46,0.0,0.0,0.0,0.0,30.0,60.0,0.07,0
JEMEZ,290702,XJEM,35.84114,-106.61969,8248,2026-08-23T01:08:44.000Z,2026-08-22T18:08:00.000-07:00,2026-08-23T01:00:00.000Z,2026-08-22T18:00:00.000-07:00,2026-08-22,18,O,W,4,311,9.18,9.89,13.72,13.97,6.39,4.15,5.48,12.67,30.0,60.0,0.24,0
CUBA,290705,XCUB,35.942,-107.07739,6890,2026-08-23T00:41:05.000Z,2026-08-22T17:41:00.000-07:00,2026-08-23T01:00:00.000Z,2026-08-22T18:00:00.000-07:00,2026-08-22,18,O,W,4,471,8.17,8.5,11.82,12.96,14.45,13.38,6.72,23.85,30.0,60.0,0.07,0
SANDIA LAKES,290706,XSLK,35.22967,-106.59061,5027,2026-08-23T00:42:44.000Z,2026-08-22T17:42:00.000-07:00,2026-08-23T01:00:00.000Z,2026-08-22T18:00:00.000-07:00,2026-08-22,18,O,W,4,676,4.72,7.33,11.02,11.02,26.73,12.51,10.0,27.76,30.0,60.0,0.0,0
TOWER,290801,XTOW,35.77899,-106.26611,6529,2026-08-23T01:08:24.000Z,2026-08-22T18:08:00.000-07:00,2026-08-23T01:00:00.000Z,2026-08-22T18:00:00.000-07:00,2026-08-22,18,O,W,4,529,5.9,6.68,10.76,11.17,35.51,35.35,9.2,43.08,30.0,60.0,0.02,0
SANTA FE WATERSHED,290901,XSFW,35.68686,-105.86031,7749,2026-08-23T00:53:04.000Z,2026-08-22T17:53:00.000-07:00,2026-08-23T01:00:00.000Z,2026-08-22T18:00:00.000-07:00,2026-08-22,18,O,W,4,367,11.0,9.82,13.99,13.96,6.64,9.39,3.77,15.54,30.0,60.0,0.2,0
BARTLEY,291002,XBAR,35.90875,-105.38769,9192,2026-08-23T01:04:14.000Z,2026-08-22T18:04:00.000-07:00,2026-08-23T01:00:00.000Z,2026-08-22T18:00:00.000-07:00,2026-08-22,18,O,W,4,130,14.16,16.56,13.4,13.83,0.54,0.26,0.0,0.0,110.18,111.03,0.56,0
MILLS CANYON,291101,XMIL,36.05453,-104.32511,5881,2026-08-23T01:05:54.000Z,2026-08-22T18:05:00.000-07:00,2026-08-23T01:00:00.000Z,2026-08-22T18:00:00.000-07:00,2026-08-22,18,O,W,4,537,34.9,6.77,10.15,12.28,0.0,0.0,0.0,0.0,30.0,60.0,0.09,0
PECOS,291202,XPEC,35.54558,-105.49439,8229,2026-08-23T01:14:04.000Z,2026-08-22T18:14:00.000-07:00,2026-08-23T01:00:00.000Z,2026-08-22T18:00:00.000-07:00,2026-08-22,18,O,W,4,79,21.2,21.33,12.48,12.7,0.0,0.0,0.0,0.0,47.65,71.23,0.36,0
BRUSHY MOUNTAIN,291301,XBRU,34.72,-107.8484,8789,2026-08-23T00:49:44.000Z,2026-08-22T17:49:00.000-07:00,2026-08-23T01:00:00.000Z,2026-08-22T18:00:00.000-07:00,2026-08-22,18,O,W,4,209,15.02,21.03,13.13,14.36,0.0,0.0,0.0,0.0,65.09,82.33,0.41,0
GRANTS,291302,XGRA,35.24278,-107.66528,8620,2026-08-23T01:16:24.000Z,2026-08-22T18:16:00.000-07:00,2026-08-23T01:00:00.000Z,2026-08-22T18:00:00.000-07:00,2026-08-22,18,O,W,4,124,11.46,11.09,14.99,15.08,2.19,1.33,1.56,4.2,81.44,92.73,0.46,0
OAK FLATS,291402,XOAK,35.00614,-106.31583,7675,2026-08-23T01:04:04.000Z,2026-08-22T18:04:00.000-07:00,2026-08-23T01:00:00.000Z,2026-08-22T18:00:00.000-07:00,2026-08-22,18,O,W,4,450,6.99,7.83,11.96,12.98,12.63,7.07,7.91,19.16,30.0,60.0,0.15,0
SANDIA LAB,291408,XSLB,35.00406,-106.41148,6321,2026-08-23T00:53:34.000Z,2026-08-22T17:53:00.000-07:00,2026-08-23T01:00:00.000Z,2026-08-22T18:00:00.000-07:00,2026-08-22,18,O,W,4,258,6.93,6.99,9.91,10.62,19.86,16.89,8.21,29.1,30.0,60.0,0.11,0
MOUNTAINAIR,291501,XMOU,34.52081,-106.26269,6593,2026-08-23T01:05:54.000Z,2026-08-22T18:05:00.000-07:00,2026-08-23T01:00:00.000Z,2026-08-22T18:00:00.000-07:00,2026-08-22,18,O,W,4,468,6.44,6.85,11.45,12.88,29.85,30.78,8.68,39.34,30.0,60.0,0.08,0
MELROSE RANGE,291901,XMEL,34.28422,-103.71497,4263,2026-08-23T01:14:11.000Z,2026-08-22T18:14:00.000-07:00,2026-08-23T01:00:00.000Z,2026-08-22T18:00:00.000-07:00,2026-08-22,18,O,W,4,651,4.22,5.57,9.43,10.15,65.18,61.88,11.11,60.76,30.0,60.0,0.0,0
BEAVERHEAD,292001,XBEA,33.42353,-108.11019,6750,2026-08-23T01:08:14.000Z,2026-08-22T18:08:00.000-07:00,2026-08-23T01:00:00.000Z,2026-08-22T18:00:00.000-07:00,2026-08-22,18,O,W,4,177,17.43,16.14,16.78,17.45,0.0,0.0,0.0,0.0,30.0,60.0,0.23,0
LUNA,292004,XLUN,33.82289,-108.94311,7088,2026-08-23T01:07:14.000Z,2026-08-22T18:07:00.000-07:00,2026-08-23T01:00:00.000Z,2026-08-22T18:00:00.000-07:00,2026-08-22,18,O,W,4,259,12.35,13.49,17.87,18.02,2.13,1.69,1.13,4.05,30.0,60.0,0.29,0
RESERVE,292005,XRES,33.71489,-108.777,5846,2026-08-23T01:08:14.000Z,2026-08-22T18:08:00.000-07:00,2026-08-23T01:00:00.000Z,2026-08-22T18:00:00.000-07:00,2026-08-22,18,O,W,4,454,13.73,11.4,16.37,16.4,1.22,1.0,0.98,2.98,30.0,60.0,0.1,0
SLAUGHTER,292008,XSLA,34.06056,-108.44472,8680,2026-08-23T01:12:54.000Z,2026-08-22T18:12:00.000-07:00,2026-08-23T01:00:00.000Z,2026-08-22T18:00:00.000-07:00,2026-08-22,18,O,W,4,20,19.15,18.36,14.86,16.13,0.0,0.0,0.0,0.0,137.54,128.44,0.64,0
PELONA MOUNTAIN,292009,XPEL,33.69375,-108.06161,7955,2026-08-23T00:38:25.000Z,2026-08-22T17:38:00.000-07:00,2026-08-23T01:00:00.000Z,2026-08-22T18:00:00.000-07:00,2026-08-22,18,O,W,4,235,8.71,8.49,11.75,13.65,13.57,15.27,4.39,20.82,77.68,90.34,0.45,0
GILA CENTER RAWS,292011,XGIL,33.22375,-108.24031,5767,2026-08-23T01:13:04.000Z,2026-08-22T18:13:00.000-07:00,2026-08-23T01:00:00.000Z,2026-08-22T18:00:00.000-07:00,2026-08-22,18,O,W,4,270,15.09,17.98,14.63,16.13,0.0,0.0,0.0,0.0,30.0,60.0,0.11,0
DATIL,292012,XDAT,34.29256,-107.768,8431,2026-08-23T01:11:04.000Z,2026-08-22T18:11:00.000-07:00,2026-08-23T01:00:00.000Z,2026-08-22T18:00:00.000-07:00,2026-08-22,18,O,W,4,176,11.76,10.43,13.73,14.66,3.54,3.61,1.52,6.59,89.82,98.07,0.49,0
MOGOLLON,292013,XMOG,33.39064,-108.80819,7602,2026-08-23T01:13:15.000Z,2026-08-22T18:13:00.000-07:00,2026-08-23T01:00:00.000Z,2026-08-22T18:00:00.000-07:00,2026-08-22,18,O,W,4,159,19.67,17.19,11.11,12.67,0.0,0.0,0.0,0.0,54.78,75.77,0.38,0
CHUPADERA,292102,XCHU,33.77294,-106.0985,5580,2026-08-23T00:39:45.000Z,2026-08-22T17:39:00.000-07:00,2026-08-23T01:00:00.000Z,2026-08-22T18:00:00.000-07:00,2026-08-22,18,O,W,4,515,3.97,6.8,10.5,10.94,56.54,43.17,10.88,51.0,30.0,60.0,0.01,0
BOSQUE,292103,XBOS,33.82064,-106.88169,4523,2026-08-23T00:50:24.000Z,2026-08-22T17:50:00.000-07:00,2026-08-23T01:00:00.000Z,2026-08-22T18:00:00.000-07:00,2026-08-22,18,O,W,4,668,3.99,6.77,11.09,11.91,37.81,19.21,10.87,35.12,30.0,60.0,0.0,0
MAGDALENA,292104,XMAG,33.85061,-107.539,8495,2026-08-23T01:03:54.000Z,2026-08-22T18:03:00.000-07:00,2026-08-23T01:00:00.000Z,2026-08-22T18:00:00.000-07:00,2026-08-22,18,O,W,4,55,9.44,9.03,12.17,14.0,4.17,1.94,2.29,5.99,115.27,114.26,0.57,0
SEVILLETA,292105,XSEV,34.35844,-106.6895,5246,2026-08-23T01:11:44.000Z,2026-08-22T18:11:00.000-07:00,2026-08-23T01:00:00.000Z,2026-08-22T18:00:00.000-07:00,2026-08-22,18,O,W,4,555,17.6,18.61,11.63,11.67,0.0,0.0,0.0,0.0,30.0,60.0,0.0,0
SMOKEY BEAR,292203,XSMO,33.35019,-105.686,7194,2026-08-23T01:00:04.000Z,2026-08-22T18:00:00.000-07:00,2026-08-23T01:00:00.000Z,2026-08-22T18:00:00.000-07:00,2026-08-22,18,O,W,4,95,7.04,8.59,14.92,16.6,12.94,7.05,7.64,18.82,30.0,60.0,0.28,0
EIGHT MILE DRAW,292301,XEIG,33.65064,-104.32139,3626,2026-08-23T00:37:25.000Z,2026-08-22T17:37:00.000-07:00,2026-08-23T01:00:00.000Z,2026-08-22T18:00:00.000-07:00,2026-08-22,18,O,W,4,603,3.37,5.55,8.69,9.24,68.44,49.75,11.94,56.81,30.0,60.0,0.0,0
DUNKEN,292302,XDUN,32.82467,-105.18261,5431,2026-08-23T00:36:15.000Z,2026-08-22T17:36:00.000-07:00,2026-08-23T01:00:00.000Z,2026-08-22T18:00:00.000-07:00,2026-08-22,18,O,W,4,484,3.74,5.7,8.72,9.8,64.75,53.45,11.52,57.77,30.0,60.0,0.02,0
BURRO MOUNTAIN,292504,XBUR,32.67203,-108.53969,6995,2026-08-23T00:59:44.000Z,2026-08-22T17:59:00.000-07:00,2026-08-23T01:00:00.000Z,2026-08-22T18:00:00.000-07:00,2026-08-22,18,O,W,4,286,6.03,6.49,9.5,11.77,33.85,35.18,9.15,42.86,30.0,60.0,0.21,0
HACHITA VALLEY,292702,XHAC,31.702,-108.34169,4290,2026-08-23T00:40:54.000Z,2026-08-22T17:40:00.000-07:00,2026-08-23T01:00:00.000Z,2026-08-22T18:00:00.000-07:00,2026-08-22,18,O,W,4,588,3.12,4.88,7.95,10.39,57.33,32.18,12.47,47.45,30.0,60.0,0.04,0
MCGREGGOR RANGE,292901,XMCG,32.43133,-105.62181,4832,2026-08-23T00:37:35.000Z,2026-08-22T17:37:00.000-07:00,2026-08-23T01:00:00.000Z,2026-08-22T18:00:00.000-07:00,2026-08-22,18,O,W,4,595,3.54,4.93,7.68,9.77,61.97,44.54,12.03,54.19,30.0,60.0,0.01,0
DRIPPING SPRINGS,292903,XDRI,32.32225,-106.58661,5814,2026-08-23T01:26:15.000Z,2026-08-22T18:26:00.000-07:00,2026-08-23T01:00:00.000Z,2026-08-22T18:00:00.000-07:00,2026-08-22,18,O,W,4,444,3.89,4.68,7.55,9.73,37.61,19.43,11.78,36.64,30.0,60.0,0.12,0
SAN ANDRES,292904,XSAA,32.58008,-106.52719,6137,2026-08-23T01:01:54.000Z,2026-08-22T18:01:00.000-07:00,2026-08-23T01:00:00.000Z,2026-08-22T18:00:00.000-07:00,2026-08-22,18,O,W,4,489,4.15,4.97,7.9,9.97,35.98,19.13,11.41,35.85,30.0,60.0,0.09,0
MAYHILL,293002,XMAY,32.90947,-105.46981,6599,2026-08-23T01:01:54.000Z,2026-08-22T18:01:00.000-07:00,2026-08-23T01:00:00.000Z,2026-08-22T18:00:00.000-07:00,2026-08-22,18,O,W,4,462,4.59,7.23,12.1,14.29,29.5,15.46,10.16,30.81,30.0,60.0,0.14,0
MESCAL,293003,XMES,33.15803,-105.76881,6227,2026-08-23T00:41:24.000Z,2026-08-22T17:41:00.000-07:00,2026-08-23T01:00:00.000Z,2026-08-22T18:00:00.000-07:00,2026-08-22,18,O,W,4,210,6.13,8.2,14.38,16.6,21.3,13.6,8.28,26.44,37.64,64.86,0.32,0
COSMIC,293004,XCOS,32.77925,-105.81989,9172,2026-08-23T01:15:24.000Z,2026-08-22T18:15:00.000-07:00,2026-08-23T01:00:00.000Z,2026-08-22T18:00:00.000-07:00,2026-08-22,18,O,W,4,65,8.02,8.96,13.05,14.36,3.21,0.69,1.87,3.38,203.17,170.2,0.85,0
BATDRAW,293101,XBAD,32.17861,-104.44056,4425,2026-08-23T00:52:34.000Z,2026-08-22T17:52:00.000-07:00,2026-08-23T01:00:00.000Z,2026-08-22T18:00:00.000-07:00,2026-08-22,18,O,W,4,562,3.8,4.8,7.14,8.32,58.47,43.83,11.82,53.36,30.0,60.0,0.0,0
CAPROCK,293104,XCAP,32.92728,-103.85689,4167,2026-08-23T00:40:45.000Z,2026-08-22T17:40:00.000-07:00,2026-08-23T01:00:00.000Z,2026-08-22T18:00:00.000-07:00,2026-08-22,18,O,W,4,488,3.59,5.15,7.67,9.01,61.55,44.36,11.89,53.8,30.0,60.0,0.0,0
QUEEN,293105,XQUN,32.20361,-104.69031,5642,2026-08-23T01:13:14.000Z,2026-08-22T18:13:00.000-07:00,2026-08-23T01:00:00.000Z,2026-08-22T18:00:00.000-07:00,2026-08-22,18,O,W,4,365,4.52,5.41,8.2,10.0,41.43,29.53,10.89,42.84,30.0,60.0,0.06,0
PADUCA,293202,XPAD,32.17983,-103.722,3534,2026-08-23T00:39:54.000Z,2026-08-22T17:39:00.000-07:00,2026-08-23T01:00:00.000Z,2026-08-22T18:00:00.000-07:00,2026-08-22,18,O,W,4,602,3.65,5.43,8.21,9.08,58.09,39.61,11.72,50.73,30.0,60.0,0.0,0
MALPAIS LAVA FLOW,293301,XMAL,34.85181,-108.17461,7514,2026-08-23T01:25:55.000Z,2026-08-22T18:25:00.000-07:00,2026-08-23T01:00:00.000Z,2026-08-22T18:00:00.000-07:00,2026-08-22,18,O,W,4,177,10.79,12.04,16.44,16.06,8.56,13.97,3.39,17.76,30.0,60.0,0.25,0
BLUEWATER RIDGE,293303,XBLR,35.19411,-108.16336,8274,2026-08-23T01:05:44.000Z,2026-08-22T18:05:00.000-07:00,2026-08-23T01:00:00.000Z,2026-08-22T18:00:00.000-07:00,2026-08-22,18,O,W,4,209,25.48,16.07,12.79,13.53,0.0,0.0,0.0,0.0,82.2,93.22,0.47,0
LAGUNA,293304,XLAG,35.05197,-107.42028,5805,2026-08-23T00:33:44.000Z,2026-08-22T17:33:00.000-07:00,2026-08-23T01:00:00.000Z,2026-08-22T18:00:00.000-07:00,2026-08-22,18,O,W,4,543,6.93,7.3,9.85,10.11,37.54,54.9,8.11,49.78,30.0,60.0,0.01,0
RAMAH,293305,XRAM,34.81947,-108.29439,7645,2026-08-23T00:34:44.000Z,2026-08-22T17:34:00.000-07:00,2026-08-23T01:00:00.000Z,2026-08-22T18:00:00.000-07:00,2026-08-22,18,O,W,4,310,10.09,9.6,13.85,15.71,9.22,12.26,4.74,19.51,30.0,60.0,0.26,0
10K,55522198,X10K,35.2085,-106.43586,10065,2026-08-23T00:38:19.000Z,2026-08-22T17:38:00.000-07:00,2026-08-23T01:00:00.000Z,2026-08-22T18:00:00.000-07:00,2026-08-22,18,O,W,4,202,34.44,8.85,12.57,13.73,0.0,0.0,0.0,0.0,129.08,123.05,0.62,0
BAKERS TANK,55522210,AHBB,32.61528,-114.00836,563,2026-08-23T01:07:14.000Z,2026-08-22T18:07:00.000-07:00,2026-08-23T01:00:00.000Z,2026-08-22T18:00:00.000-07:00,2026-08-22,18,O,W,4,738,2.66,3.73,7.14,7.97,78.94,47.54,13.46,58.8,30.0,60.0,0.0,0
CAVE CREEK,55522232,ACAV,34.0899,-111.8465,3477,2026-08-23T01:20:39.000Z,2026-08-22T18:20:00.000-07:00,2026-08-23T01:00:00.000Z,2026-08-22T18:00:00.000-07:00,2026-08-22,18,O,W,4,537,3.04,4.69,8.68,9.86,34.29,11.09,12.63,29.23,30.0,60.0,0.03,0
CIPRIANO,55522238,ARIP,32.4235,-114.16211,1042,2026-08-23T00:59:08.000Z,2026-08-22T17:59:00.000-07:00,2026-08-23T01:00:00.000Z,2026-08-22T18:00:00.000-07:00,2026-08-22,18,O,W,4,710,2.58,3.82,7.77,8.94,61.96,29.26,13.5,47.1,30.0,60.0,0.0,0
DEVILS HILLS,55522251,ADVH,32.42483,-113.79011,836,2026-08-23T01:23:19.000Z,2026-08-22T18:23:00.000-07:00,2026-08-23T01:00:00.000Z,2026-08-22T18:00:00.000-07:00,2026-08-22,18,O,W,4,734,2.61,3.53,7.09,8.39,83.21,52.85,13.6,62.03,30.0,60.0,0.0,0
DUTCH KID,55522257,ADUT,35.12931,-112.28219,6505,2026-08-23T00:38:59.000Z,2026-08-22T17:38:00.000-07:00,2026-08-23T01:00:00.000Z,2026-08-22T18:00:00.000-07:00,2026-08-22,18,O,W,4,106,5.62,9.77,15.99,16.8,15.5,5.73,8.45,17.93,30.0,60.0,0.28,0
FTHL YDMA,55522271,AFTH,32.48658,-114.4635,331,2026-08-23T00:38:44.000Z,2026-08-22T17:38:00.000-07:00,2026-08-23T01:00:00.000Z,2026-08-22T18:00:00.000-07:00,2026-08-22,18,O,W,4,744,2.7,4.37,9.73,11.27,69.67,37.72,13.13,52.26,30.0,60.0,0.0,0
MIDNIGHT,55522315,XMID,36.77819,-105.34131,10815,2026-08-23T00:37:59.000Z,2026-08-22T17:37:00.000-07:00,2026-08-23T01:00:00.000Z,2026-08-22T18:00:00.000-07:00,2026-08-22,18,O,W,4,156,31.56,28.59,16.34,16.94,0.0,0.0,0.0,0.0,197.38,166.51,0.83,0
MOHAWK DUNES,55522318,AMOD,32.68878,-113.74889,524,2026-08-23T01:23:09.000Z,2026-08-22T18:23:00.000-07:00,2026-08-23T01:00:00.000Z,2026-08-22T18:00:00.000-07:00,2026-08-22,18,O,W,4,747,2.64,3.89,7.81,8.44,74.74,42.68,13.41,55.86,30.0,60.0,0.0,0
NEVERSHINE,55522326,ANEV,36.24753,-113.88851,2165,2026-08-23T01:03:51.000Z,2026-08-22T18:03:00.000-07:00,2026-08-23T01:00:00.000Z,2026-08-22T18:00:00.000-07:00,2026-08-22,18,O,W,4,679,2.36,3.58,5.82,7.68,67.96,34.19,13.84,51.19,30.0,60.0,0.0,0
PICACHO PEAK,55522341,APIC,32.66314,-111.42154,1750,2026-08-23T01:17:49.000Z,2026-08-22T18:17:00.000-07:00,2026-08-23T01:00:00.000Z,2026-08-22T18:00:00.000-07:00,2026-08-22,18,O,W,4,723,2.99,4.67,8.38,9.57,52.26,24.33,12.69,42.04,30.0,60.0,0.0,0
PINEDALE,55522344,APND,34.30617,-110.23661,6461,2026-08-23T00:38:39.000Z,2026-08-22T17:38:00.000-07:00,2026-08-23T01:00:00.000Z,2026-08-22T18:00:00.000-07:00,2026-08-22,18,O,W,4,257,34.58,20.13,14.06,14.11,0.0,0.0,0.0,0.0,30.0,60.0,0.25,0
TANKS,55522384,ATNK,33.67314,-110.57431,5801,2026-08-23T00:38:49.000Z,2026-08-22T17:38:00.000-07:00,2026-08-23T01:00:00.000Z,2026-08-22T18:00:00.000-07:00,2026-08-22,18,O,W,4,297,6.78,7.78,13.15,14.41,24.86,23.28,8.1,33.52,30.0,60.0,0.3,0
TAOS PUEBLO RAWS,55522385,XTAP,36.41461,-105.55689,7135,2026-08-23T01:13:34.000Z,2026-08-22T18:13:00.000-07:00,2026-08-23T01:00:00.000Z,2026-08-22T18:00:00.000-07:00,2026-08-22,18,O,W,4,453,6.04,7.23,11.22,12.36,15.73,7.34,8.9,20.58,30.0,60.0,0.03,0
CEDAR RIDGE,55523718,ACED,32.59872,-110.76231,4735,2026-08-23T00:37:19.000Z,2026-08-22T17:37:00.000-07:00,2026-08-23T01:00:00.000Z,2026-08-22T18:00:00.000-07:00,2026-08-22,18,O,W,4,320,5.61,6.09,9.31,10.74,22.36,12.07,9.65,26.86,30.0,60.0,0.13,0
RED CANYON,55523735,XRDC,34.62289,-106.40831,8070,2026-08-23T00:38:29.000Z,2026-08-22T17:38:00.000-07:00,2026-08-23T01:00:00.000Z,2026-08-22T18:00:00.000-07:00,2026-08-22,18,O,W,4,377,35.0,31.7,11.57,11.77,0.0,0.0,0.0,0.0,30.0,60.0,0.27,0
SOWATS,55523737,ASOW,36.48242,-112.42281,7038,2026-08-23T00:39:09.000Z,2026-08-22T17:39:00.000-07:00,2026-08-23T01:00:00.000Z,2026-08-22T18:00:00.000-07:00,2026-08-22,18,O,W,4,154,4.82,7.06,10.26,12.86,23.11,9.92,10.01,24.96,30.0,60.0,0.29,0
T BAR,55523738,XTBA,33.51789,-108.52419,8047,2026-08-23T00:39:19.000Z,2026-08-22T17:39:00.000-07:00,2026-08-23T01:00:00.000Z,2026-08-22T18:00:00.000-07:00,2026-08-22,18,O,W,4,22,26.49,15.33,17.04,18.25,0.0,0.0,0.0,0.0,118.49,116.31,0.58,0
FORT YUMA,20102,AFYM,32.65222,-114.63417,185,2026-08-23T02:16:14.000Z,2026-08-22T19:16:00.000-07:00,2026-08-23T02:00:00.000Z,2026-08-22T19:00:00.000-07:00,2026-08-22,19,O,W,4,744,3.17,4.02,8.26,9.89,30.12,8.57,12.78,26.11,30.0,60.0,0.0,0
MOUNT LOGAN,20107,AMTL,36.35306,-113.19917,7605,2026-08-23T01:33:25.000Z,2026-08-22T18:33:00.000-07:00,2026-08-23T02:00:00.000Z,2026-08-22T19:00:00.000-07:00,2026-08-22,19,O,W,4,152,5.14,6.84,9.79,11.7,26.58,15.48,7.4,26.64,91.36,99.05,0.5,0
OLAF KNOLLS,20108,AOLA,36.50725,-113.81589,2974,2026-08-23T01:33:35.000Z,2026-08-22T18:33:00.000-07:00,2026-08-23T02:00:00.000Z,2026-08-22T19:00:00.000-07:00,2026-08-22,19,O,W,4,629,3.03,3.94,6.38,8.08,58.93,32.47,12.97,48.5,30.0,60.0,0.02,0
TWEEDS POINT,20109,ATWE,36.58186,-113.732,5334,2026-08-23T01:33:55.000Z,2026-08-22T18:33:00.000-07:00,2026-08-23T02:00:00.000Z,2026-08-22T19:00:00.000-07:00,2026-08-22,19,O,W,4,553,4.09,4.96,7.54,9.28,49.09,34.36,11.48,47.06,30.0,60.0,0.04,0
NIXON FLATS,20113,ANIX,36.38833,-113.15806,6500,2026-08-23T01:50:15.000Z,2026-08-22T18:50:00.000-07:00,2026-08-23T02:00:00.000Z,2026-08-22T19:00:00.000-07:00,2026-08-22,19,O,W,4,302,4.46,7.96,13.61,13.97,21.41,7.85,10.02,22.42,30.0,60.0,0.26,0
BLACK ROCK,20114,ABRK,36.79436,-113.75056,7224,2026-08-23T01:50:05.000Z,2026-08-22T18:50:00.000-07:00,2026-08-23T02:00:00.000Z,2026-08-22T19:00:00.000-07:00,2026-08-22,19,O,W,4,192,5.93,6.38,9.11,11.63,22.06,14.18,8.37,27.09,57.26,77.34,0.39,0
MOSS BASIN,20115,AMOS,35.03397,-113.89406,5920,2026-08-23T02:00:00.000Z,2026-08-22T19:23:00.000-07:00,2026-08-23T02:00:00.000Z,2026-08-22T19:00:00.000-07:00,2026-08-22,19,F,W,4,394,4.91,5.8,11.24,13.25,33.31,21.69,10.39,36.37,30.0,60.0,0.27,0
UNION PASS,20116,AUNI,35.23233,-114.38194,3590,2026-08-23T01:52:35.000Z,2026-08-22T18:52:00.000-07:00,2026-08-23T02:00:00.000Z,2026-08-22T19:00:00.000-07:00,2026-08-22,19,O,W,4,580,3.44,4.23,7.18,8.66,53.21,31.54,12.41,46.91,30.0,60.0,0.03,0
HURRICANE,20117,AHUR,36.69908,-113.20731,5445,2026-08-23T01:34:05.000Z,2026-08-22T18:34:00.000-07:00,2026-08-23T02:00:00.000Z,2026-08-22T19:00:00.000-07:00,2026-08-22,19,O,W,4,407,4.4,6.69,9.67,11.02,54.23,46.68,10.52,52.06,30.0,60.0,0.18,0
HAVASU,20118,AHAV,34.80758,-114.53456,475,2026-08-23T01:52:45.000Z,2026-08-22T18:52:00.000-07:00,2026-08-23T02:00:00.000Z,2026-08-22T19:00:00.000-07:00,2026-08-22,19,O,W,4,653,2.53,4.15,8.06,9.33,48.64,17.78,13.4,37.33,30.0,60.0,0.0,0
MUSIC MOUNTAIN,20119,AMUS,35.61497,-113.79428,5375,2026-08-23T01:52:55.000Z,2026-08-22T18:52:00.000-07:00,2026-08-23T02:00:00.000Z,2026-08-22T19:00:00.000-07:00,2026-08-22,19,O,W,4,547,4.05,5.3,8.82,10.77,30.03,13.03,11.38,30.01,30.0,60.0,0.12,0
TRUXTON CANYON,20120,ATRU,35.78013,-113.79563,5304,2026-08-23T02:14:05.000Z,2026-08-22T19:14:00.000-07:00,2026-08-23T02:00:00.000Z,2026-08-22T19:00:00.000-07:00,2026-08-22,19,O,W,4,267,4.58,5.3,8.39,10.41,29.88,15.55,10.88,31.88,30.0,60.0,0.18,0
CIBOLA,20121,ACBL,33.28,-114.68489,252,2026-08-23T01:48:54.000Z,2026-08-22T18:48:00.000-07:00,2026-08-23T02:00:00.000Z,2026-08-22T19:00:00.000-07:00,2026-08-22,19,O,W,4,748,3.04,4.18,8.14,9.14,39.36,13.93,12.85,32.73,30.0,60.0,0.0,0
TUSAYAN,20207,ATUS,35.98833,-112.12056,6570,2026-08-23T02:08:24.000Z,2026-08-22T19:08:00.000-07:00,2026-08-23T02:00:00.000Z,2026-08-22T19:00:00.000-07:00,2026-08-22,19,O,W,4,348,6.53,8.78,14.58,15.57,11.19,4.6,8.0,15.81,30.0,60.0,0.22,0
FLAGSTAFF,20209,AFLG,35.14111,-111.6725,6903,2026-08-23T02:06:04.000Z,2026-08-22T19:06:00.000-07:00,2026-08-23T02:00:00.000Z,2026-08-22T19:00:00.000-07:00,2026-08-22,19,O,W,4,283,6.8,8.02,13.14,14.87,15.53,9.62,7.24,21.2,53.37,74.87,0.37,0
BRIGHT ANGEL,20211,ACAN,36.20472,-112.06222,8134,2026-08-23T02:07:54.000Z,2026-08-22T19:07:00.000-07:00,2026-08-23T02:00:00.000Z,2026-08-22T19:00:00.000-07:00,2026-08-22,19,O,W,4,265,5.71,7.43,10.96,12.78,13.82,5.35,7.59,16.54,72.39,86.98,0.43,0
DRY PARK,20212,ADRY,36.45308,-112.23819,8700,2026-08-23T01:38:24.000Z,2026-08-22T18:38:00.000-07:00,2026-08-23T02:00:00.000Z,2026-08-22T19:00:00.000-07:00,2026-08-22,19,O,W,4,93,7.1,8.42,12.35,14.52,5.02,1.18,2.81,5.23,148.49,135.4,0.68,0
FRAZIER WELLS,20213,AFRA,35.84551,-113.05501,6796,2026-08-23T02:00:00.000Z,2026-08-22T19:27:00.000-07:00,2026-08-23T02:00:00.000Z,2026-08-22T19:00:00.000-07:00,2026-08-22,19,F,W,4,92,6.13,7.13,10.53,11.86,26.49,22.49,8.02,32.84,55.48,76.21,0.38,0
MORMON LAKE,20215,AMOL,34.90972,-111.43842,7094,2026-08-23T02:03:14.000Z,2026-08-22T19:03:00.000-07:00,2026-08-23T02:00:00.000Z,2026-08-22T19:00:00.000-07:00,2026-08-22,19,O,W,4,282,7.91,9.47,15.16,15.2,21.19,27.57,5.2,29.54,69.54,85.16,0.43,0
WARM SPRINGS CANYON,20216,AWAR,36.70117,-112.22689,7953,2026-08-23T01:47:34.000Z,2026-08-22T18:47:00.000-07:00,2026-08-23T02:00:00.000Z,2026-08-22T19:00:00.000-07:00,2026-08-22,19,O,W,4,345,5.87,7.88,12.6,13.6,12.33,4.41,7.71,15.25,62.98,80.98,0.4,0
YELLOW JOHN MOUNTAIN,20217,AYEL,36.155,-113.54944,6160,2026-08-23T01:50:25.000Z,2026-08-22T18:50:00.000-07:00,2026-08-23T02:00:00.000Z,2026-08-22T19:00:00.000-07:00,2026-08-22,19,O,W,4,283,4.52,6.78,12.25,14.17,23.99,10.08,10.39,25.57,30.0,60.0,0.18,0
OAK CREEK,20219,AOAK,34.94686,-111.75444,4804,2026-08-23T02:03:04.000Z,2026-08-22T19:03:00.000-07:00,2026-08-23T02:00:00.000Z,2026-08-22T19:00:00.000-07:00,2026-08-22,19,O,W,4,574,5.4,6.35,10.35,12.07,18.21,7.55,9.75,21.74,30.0,60.0,0.09,0
LINDBERGH HILL,20220,ALBE,36.28556,-112.07861,8800,2026-08-23T02:08:14.000Z,2026-08-22T19:08:00.000-07:00,2026-08-23T02:00:00.000Z,2026-08-22T19:00:00.000-07:00,2026-08-22,19,O,W,4,395,6.42,7.17,10.91,12.62,9.35,3.24,6.82,12.51,77.73,90.37,0.45,0
PROMONTORY,20221,APRO,34.36528,-111.01444,7842,2026-08-23T01:49:34.000Z,2026-08-22T18:49:00.000-07:00,2026-08-23T02:00:00.000Z,2026-08-22T19:00:00.000-07:00,2026-08-22,19,O,W,4,121,12.64,8.36,12.2,14.33,1.03,0.48,1.24,2.36,169.19,148.57,0.74,0
GUNSIGHT,20223,AGUN,36.70464,-112.5835,5284,2026-08-23T01:34:14.000Z,2026-08-22T18:34:00.000-07:00,2026-08-23T02:00:00.000Z,2026-08-22T19:00:00.000-07:00,2026-08-22,19,O,W,4,522,4.11,6.52,9.82,11.18,26.89,10.31,10.86,26.37,30.0,60.0,0.14,0
BUCKSKIN MTN,20224,ABUC,36.91808,-112.19981,6334,2026-08-23T01:33:45.000Z,2026-08-22T18:33:00.000-07:00,2026-08-23T02:00:00.000Z,2026-08-22T19:00:00.000-07:00,2026-08-22,19,O,W,4,416,4.25,6.03,9.5,11.46,40.83,26.06,10.91,40.48,30.0,60.0,0.2,0
PARIA POINT,20226,APAR,36.72753,-111.822,7106,2026-08-23T02:00:45.000Z,2026-08-22T19:00:00.000-07:00,2026-08-23T02:00:00.000Z,2026-08-22T19:00:00.000-07:00,2026-08-22,19,O,W,4,398,4.94,6.4,10.01,10.89,27.43,15.23,10.14,30.57,30.0,60.0,0.24,0
FOUR SPRINGS,20227,AFOU,36.79367,-112.04239,6560,2026-08-23T02:19:25.000Z,2026-08-22T19:19:00.000-07:00,2026-08-23T02:00:00.000Z,2026-08-22T19:00:00.000-07:00,2026-08-22,19,O,W,4,284,5.1,6.27,10.18,10.77,29.18,18.18,10.04,33.02,30.0,60.0,0.25,0
GREENBASE,20284,AGRB,35.27619,-112.06325,6923,2026-08-23T02:16:34.000Z,2026-08-22T19:16:00.000-07:00,2026-08-23T02:00:00.000Z,2026-08-22T19:00:00.000-07:00,2026-08-22,19,O,W,4,223,7.84,9.67,15.8,17.45,9.44,5.4,5.46,14.28,63.49,81.31,0.41,0
HAPPY JACK,20291,AHJK,34.61797,-111.34239,6812,2026-08-23T02:02:04.000Z,2026-08-22T19:02:00.000-07:00,2026-08-23T02:00:00.000Z,2026-08-22T19:00:00.000-07:00,2026-08-22,19,O,W,4,381,9.8,9.26,14.51,16.23,5.54,3.91,3.89,10.52,61.12,79.8,0.4,0
HEBER,20301,AHBR,34.39778,-110.56444,6635,2026-08-23T02:03:04.000Z,2026-08-22T19:03:00.000-07:00,2026-08-23T02:00:00.000Z,2026-08-22T19:00:00.000-07:00,2026-08-22,19,O,W,4,219,14.06,10.57,13.83,15.61,0.99,0.8,0.99,2.71,30.5,60.32,0.3,0
LAKESIDE,20303,ALAK,34.16283,-109.87639,7267,2026-08-23T02:00:14.000Z,2026-08-22T19:00:00.000-07:00,2026-08-23T02:00:00.000Z,2026-08-22T19:00:00.000-07:00,2026-08-22,19,O,W,4,15,11.96,12.8,16.98,17.33,1.78,1.06,1.17,3.33,74.34,88.21,0.44,0
NAVAJO MONUMENT,20307,ANAV,36.67667,-110.54389,7204,2026-08-23T01:36:34.000Z,2026-08-22T18:36:00.000-07:00,2026-08-23T02:00:00.000Z,2026-08-22T19:00:00.000-07:00,2026-08-22,19,O,W,4,198,6.88,7.26,10.36,11.83,14.92,9.13,8.17,21.88,30.0,60.0,0.14,0
LIMESTONE CANYON,20309,ALIM,34.17786,-110.27663,7102,2026-08-23T02:00:00.000Z,2026-08-22T19:24:00.000-07:00,2026-08-23T02:00:00.000Z,2026-08-22T19:00:00.000-07:00,2026-08-22,19,F,W,4,335,17.18,12.42,11.35,12.75,0.0,0.0,0.0,0.0,34.46,62.84,0.31,0
MOUNTAIN LION,20310,AFAP,33.69511,-109.71078,7269,2026-08-23T02:14:54.000Z,2026-08-22T19:14:00.000-07:00,2026-08-23T02:00:00.000Z,2026-08-22T19:00:00.000-07:00,2026-08-22,19,O,W,4,66,9.27,9.11,14.16,16.2,3.68,1.39,2.24,5.07,125.45,120.74,0.6,0
HOPI,20312,AHPI,35.86292,-110.61495,5579,2026-08-23T02:13:45.000Z,2026-08-22T19:13:00.000-07:00,2026-08-23T02:00:00.000Z,2026-08-22T19:00:00.000-07:00,2026-08-22,19,O,W,4,473,6.44,7.36,12.22,12.36,38.31,51.35,8.51,49.35,30.0,60.0,0.07,0
ALPINE,20401,AALP,33.84272,-109.11161,8207,2026-08-23T02:16:54.000Z,2026-08-22T19:16:00.000-07:00,2026-08-23T02:00:00.000Z,2026-08-22T19:00:00.000-07:00,2026-08-22,19,O,W,4,81,12.41,10.67,14.33,15.91,1.27,0.65,1.08,2.55,140.97,130.62,0.65,0
PINEY HILL,20402,APIN,35.76111,-109.16719,8061,2026-08-23T01:41:24.000Z,2026-08-22T18:41:00.000-07:00,2026-08-23T02:00:00.000Z,2026-08-22T19:00:00.000-07:00,2026-08-22,19,O,W,4,184,34.2,15.48,11.04,12.51,0.0,0.0,0.0,0.0,49.55,72.44,0.36,0
GREER,20404,AGRE,34.05853,-109.44097,8240,2026-08-23T01:35:49.000Z,2026-08-22T18:35:00.000-07:00,2026-08-23T02:00:00.000Z,2026-08-22T19:00:00.000-07:00,2026-08-22,19,O,W,4,55,10.83,15.14,15.08,16.2,2.69,1.38,0.71,2.99,163.34,144.86,0.72,0
IRON SPRINGS,20501,AIRO,34.59361,-112.51139,5385,2026-08-23T02:06:34.000Z,2026-08-22T19:06:00.000-07:00,2026-08-23T02:00:00.000Z,2026-08-22T19:00:00.000-07:00,2026-08-22,19,O,W,4,379,4.83,6.52,11.73,13.67,22.83,9.93,10.2,25.18,30.0,60.0,0.22,0
CROWN KING,20502,ACRO,34.20336,-112.34561,6173,2026-08-23T02:00:00.000Z,2026-08-22T19:27:00.000-07:00,2026-08-23T02:00:00.000Z,2026-08-22T19:00:00.000-07:00,2026-08-22,19,F,W,4,377,6.01,6.48,11.02,12.82,24.51,17.5,9.17,31.11,30.0,60.0,0.25,0
VERDE,20503,AVER,34.54917,-111.84417,3101,2026-08-23T02:05:14.000Z,2026-08-22T19:05:00.000-07:00,2026-08-23T02:00:00.000Z,2026-08-22T19:00:00.000-07:00,2026-08-22,19,O,W,4,551,6.28,6.49,10.75,12.61,30.53,27.31,8.93,37.73,30.0,60.0,0.06,0
GOODWIN MESA,20507,AGOO,34.77614,-113.3375,4311,2026-08-23T02:00:00.000Z,2026-08-22T19:20:00.000-07:00,2026-08-23T02:00:00.000Z,2026-08-22T19:00:00.000-07:00,2026-08-22,19,F,W,4,447,4.08,4.99,10.0,11.75,52.25,38.65,11.47,49.66,30.0,60.0,0.12,0
HUMBUG CREEK,20508,AHUM,34.11,-112.3,5250,2026-08-23T01:48:15.000Z,2026-08-22T18:48:00.000-07:00,2026-08-23T02:00:00.000Z,2026-08-22T19:00:00.000-07:00,2026-08-22,19,O,W,4,257,4.78,5.33,9.23,11.04,34.85,21.84,10.67,36.95,30.0,60.0,0.19,0
STANTON,20509,ASTA,34.16403,-112.73486,3600,2026-08-23T02:01:25.000Z,2026-08-22T19:01:00.000-07:00,2026-08-23T02:00:00.000Z,2026-08-22T19:00:00.000-07:00,2026-08-22,19,O,W,4,542,3.75,4.12,7.37,9.13,43.65,23.18,12.15,40.32,30.0,60.0,0.07,0
SUNSET POINT,20510,ASUN,34.18847,-112.13467,3380,2026-08-23T01:53:15.000Z,2026-08-22T18:53:00.000-07:00,2026-08-23T02:00:00.000Z,2026-08-22T19:00:00.000-07:00,2026-08-22,19,O,W,4,617,3.45,4.34,8.31,9.87,43.0,19.99,12.37,37.97,30.0,60.0,0.04,0
CHERRY,20511,ACHE,34.59661,-112.04761,5147,2026-08-23T02:11:54.000Z,2026-08-22T19:11:00.000-07:00,2026-08-23T02:00:00.000Z,2026-08-22T19:00:00.000-07:00,2026-08-22,19,O,W,4,195,7.2,7.4,12.1,13.51,15.95,11.33,7.86,23.74,30.0,60.0,0.16,0
GLOBE,20601,AGLO,33.32694,-110.76694,4137,2026-08-23T02:06:25.000Z,2026-08-22T19:06:00.000-07:00,2026-08-23T02:00:00.000Z,2026-08-22T19:00:00.000-07:00,2026-08-22,19,O,W,4,513,10.51,16.27,9.46,10.14,9.2,11.61,2.57,14.35,30.0,60.0,0.06,0
PAYSON,20602,APAY,34.24614,-111.2935,5064,2026-08-23T02:11:04.000Z,2026-08-22T19:11:00.000-07:00,2026-08-23T02:00:00.000Z,2026-08-22T19:00:00.000-07:00,2026-08-22,19,O,W,4,379,35.0,19.39,10.39,12.24,0.0,0.0,0.0,0.0,30.0,60.0,0.12,0
PLEASANT VALLEY,20603,APLE,34.08858,-110.94225,5232,2026-08-23T02:00:34.000Z,2026-08-22T19:00:00.000-07:00,2026-08-23T02:00:00.000Z,2026-08-22T19:00:00.000-07:00,2026-08-22,19,O,W,4,295,9.07,8.49,13.23,14.38,13.14,15.52,5.97,24.17,30.0,60.0,0.13,0
TONTO BASIN,20606,ATON,33.86861,-111.31333,2414,2026-08-23T02:11:14.000Z,2026-08-22T19:11:00.000-07:00,2026-08-23T02:00:00.000Z,2026-08-22T19:00:00.000-07:00,2026-08-22,19,O,W,4,597,4.87,5.33,8.94,9.97,55.32,55.07,10.6,56.36,30.0,60.0,0.0,0
SAN CARLOS #1,20608,ASCA,33.37165,-110.45683,2830,2026-08-23T02:14:24.000Z,2026-08-22T19:14:00.000-07:00,2026-08-23T02:00:00.000Z,2026-08-22T19:00:00.000-07:00,2026-08-22,19,O,W,4,606,4.77,4.76,8.0,9.42,49.12,41.59,10.9,50.18,30.0,60.0,0.01,0
HILLTOP,20609,AHIL,33.61119,-110.41461,5732,2026-08-23T01:32:54.000Z,2026-08-22T18:32:00.000-07:00,2026-08-23T02:00:00.000Z,2026-08-22T19:00:00.000-07:00,2026-08-22,19,O,W,4,79,7.41,8.11,14.12,15.84,23.23,26.1,7.47,34.05,30.0,60.0,0.27,0
RED LAKE,20610,ARED,34.18133,-110.78919,6524,2026-08-23T01:59:34.000Z,2026-08-22T18:59:00.000-07:00,2026-08-23T02:00:00.000Z,2026-08-22T19:00:00.000-07:00,2026-08-22,19,O,W,4,89,22.02,20.14,17.96,18.72,0.0,0.0,0.0,0.0,52.52,74.33,0.37,0
SHADOW RIM,20611,ASHA,34.40586,-111.28319,5660,2026-08-23T02:09:14.000Z,2026-08-22T19:09:00.000-07:00,2026-08-23T02:00:00.000Z,2026-08-22T19:00:00.000-07:00,2026-08-22,19,O,W,4,441,34.99,18.9,14.61,15.48,0.0,0.0,0.0,0.0,30.0,60.0,0.18,0
PINE,20612,APNE,34.37181,-111.4555,5313,2026-08-23T02:00:00.000Z,2026-08-22T19:22:00.000-07:00,2026-08-23T02:00:00.000Z,2026-08-22T19:00:00.000-07:00,2026-08-22,19,F,W,4,457,6.55,6.62,10.76,12.81,20.29,14.26,8.66,27.59,30.0,60.0,0.16,0
HORSE CAMP CANYON,20903,AHOR,32.93656,-110.4935,4014,2026-08-23T02:02:55.000Z,2026-08-22T19:02:00.000-07:00,2026-08-23T02:00:00.000Z,2026-08-22T19:00:00.000-07:00,2026-08-22,19,O,W,4,572,23.24,10.46,9.05,10.4,0.0,0.0,0.0,0.0,30.0,60.0,0.06,0
CASA GRANDE,20906,ACSG,32.99177,-111.53264,1412,2026-08-23T02:00:00.000Z,2026-08-22T19:22:00.000-07:00,2026-08-23T02:00:00.000Z,2026-08-22T19:00:00.000-07:00,2026-08-22,19,F,W,4,684,3.6,4.47,9.53,11.16,42.42,19.8,12.16,37.5,30.0,60.0,0.0,0
COLUMBINE,21005,ACOL,32.70389,-109.91389,9521,2026-08-23T02:02:04.000Z,2026-08-22T19:02:00.000-07:00,2026-08-23T02:00:00.000Z,2026-08-22T19:00:00.000-07:00,2026-08-22,19,O,W,4,34,9.69,9.63,15.42,17.9,1.61,0.35,1.19,2.0,240.83,194.16,0.97,0
MULESHOE RANCH,21007,AMUL,32.40383,-110.272,4475,2026-08-23T02:03:05.000Z,2026-08-22T19:03:00.000-07:00,2026-08-23T02:00:00.000Z,2026-08-22T19:00:00.000-07:00,2026-08-22,19,O,W,4,367,23.38,17.57,10.53,12.18,0.0,0.0,0.0,0.0,30.0,60.0,0.11,0
BLACK HILLS,21008,ABLA,33.08203,-109.95119,3262,2026-08-23T01:53:35.000Z,2026-08-22T18:53:00.000-07:00,2026-08-23T02:00:00.000Z,2026-08-22T19:00:00.000-07:00,2026-08-22,19,O,W,4,661,3.81,4.41,7.24,8.89,52.67,34.97,11.97,48.37,30.0,60.0,0.03,0
DRY LAKE,21009,ADRL,33.35982,-109.83306,7405,2026-08-23T02:00:00.000Z,2026-08-22T19:27:00.000-07:00,2026-08-23T02:00:00.000Z,2026-08-22T19:00:00.000-07:00,2026-08-22,19,F,W,4,382,7.05,6.81,10.34,12.75,13.34,7.99,7.63,19.95,46.91,70.76,0.35,0
NOON CREEK,21010,ANOO,32.66778,-109.78806,4925,2026-08-23T01:37:04.000Z,2026-08-22T18:37:00.000-07:00,2026-08-23T02:00:00.000Z,2026-08-22T19:00:00.000-07:00,2026-08-22,19,O,W,4,458,6.38,5.45,8.64,10.59,12.06,4.66,9.19,16.96,30.0,60.0,0.1,0
GUTHRIE,21104,AGUT,32.88203,-109.30931,6324,2026-08-23T02:03:45.000Z,2026-08-22T19:03:00.000-07:00,2026-08-23T02:00:00.000Z,2026-08-22T19:00:00.000-07:00,2026-08-22,19,O,W,4,401,7.39,5.92,8.7,10.57,30.78,45.55,8.16,45.8,30.0,60.0,0.23,0
TRAIL CABIN,21105,ATRA,33.26478,-109.36789,6250,2026-08-23T01:35:39.000Z,2026-08-22T18:35:00.000-07:00,2026-08-23T02:00:00.000Z,2026-08-22T19:00:00.000-07:00,2026-08-22,19,O,W,4,414,23.36,11.98,10.41,12.1,0.0,0.0,0.0,0.0,30.0,60.0,0.16,0
STRAY HORSE,21106,ASTH,33.55253,-109.31719,7956,2026-08-23T02:19:04.000Z,2026-08-22T19:19:00.000-07:00,2026-08-23T02:00:00.000Z,2026-08-22T19:00:00.000-07:00,2026-08-22,19,O,W,4,110,8.9,8.57,11.05,12.41,5.44,2.71,2.43,7.16,128.49,122.68,0.61,0
SAGUARO,21202,ASAG,32.31111,-110.81861,2758,2026-08-23T02:08:04.000Z,2026-08-22T19:08:00.000-07:00,2026-08-23T02:00:00.000Z,2026-08-22T19:00:00.000-07:00,2026-08-22,19,O,W,4,424,5.45,6.29,11.05,11.94,38.54,32.05,9.73,42.24,30.0,60.0,0.01,0
EMPIRE,21205,AEMP,31.78347,-110.64325,4650,2026-08-23T01:53:55.000Z,2026-08-22T18:53:00.000-07:00,2026-08-23T02:00:00.000Z,2026-08-22T19:00:00.000-07:00,2026-08-22,19,O,W,4,278,6.07,7.19,12.95,14.9,18.29,9.41,8.88,23.05,30.0,60.0,0.17,0
SASABE,21206,ASAS,31.69169,-111.44811,3500,2026-08-23T02:05:44.000Z,2026-08-22T19:05:00.000-07:00,2026-08-23T02:00:00.000Z,2026-08-22T19:00:00.000-07:00,2026-08-22,19,O,W,4,624,17.82,18.92,14.07,14.47,0.0,0.0,0.0,0.0,30.0,60.0,0.05,0
RINCON,21207,ARIN,32.20639,-110.54861,8209,2026-08-23T01:37:35.000Z,2026-08-22T18:37:00.000-07:00,2026-08-23T02:00:00.000Z,2026-08-22T19:00:00.000-07:00,2026-08-22,19,O,W,4,14,9.5,8.22,11.72,14.55,2.53,0.73,1.77,3.39,192.08,163.14,0.82,0
SCOUT CAMP,21208,ASOL,32.39806,-110.725,7554,2026-08-23T01:37:14.000Z,2026-08-22T18:37:00.000-07:00,2026-08-23T02:00:00.000Z,2026-08-22T19:00:00.000-07:00,2026-08-22,19,O,W,4,84,6.91,6.39,9.8,12.43,7.5,2.28,3.27,7.58,151.69,137.44,0.69,0
SELLS,21209,ASES,31.91014,-111.89743,2262,2026-08-23T02:14:14.000Z,2026-08-22T19:14:00.000-07:00,2026-08-23T02:00:00.000Z,2026-08-22T19:00:00.000-07:00,2026-08-22,19,O,W,4,508,5.16,5.47,9.66,11.55,30.67,18.17,10.27,33.36,30.0,60.0,0.02,0
HOPKINS,21302,AHPK,31.67528,-110.88,7120,2026-08-23T02:19:24.000Z,2026-08-22T19:19:00.000-07:00,2026-08-23T02:00:00.000Z,2026-08-22T19:00:00.000-07:00,2026-08-22,19,O,W,4,481,14.41,20.53,10.33,12.36,0.92,0.81,0.0,0.0,30.0,60.0,0.28,0
CANELO,21303,ACNL,31.54972,-110.51917,4629,2026-08-23T02:08:54.000Z,2026-08-22T19:08:00.000-07:00,2026-08-23T02:00:00.000Z,2026-08-22T19:00:00.000-07:00,2026-08-22,19,O,W,4,116,8.32,14.36,13.22,14.84,16.95,18.62,5.06,24.35,30.0,60.0,0.27,0
HEADQUARTERS,21409,ACHR,32.00611,-109.35694,5400,2026-08-23T01:37:05.000Z,2026-08-22T18:37:00.000-07:00,2026-08-23T02:00:00.000Z,2026-08-22T19:00:00.000-07:00,2026-08-22,19,O,W,4,464,4.06,6.49,11.06,12.5,27.0,10.34,10.91,26.46,30.0,60.0,0.15,0
CARR,21411,ACAA,31.44111,-110.28611,5400,2026-08-23T02:19:14.000Z,2026-08-22T19:19:00.000-07:00,2026-08-23T02:00:00.000Z,2026-08-22T19:00:00.000-07:00,2026-08-22,19,O,W,4,75,24.14,10.2,10.13,12.62,0.0,0.0,0.0,0.0,31.38,60.88,0.3,0
RUCKER,21414,ARUC,31.76111,-109.34861,5700,2026-08-23T01:57:04.000Z,2026-08-22T18:57:00.000-07:00,2026-08-23T02:00:00.000Z,2026-08-22T19:00:00.000-07:00,2026-08-22,19,O,W,4,49,35.0,20.92,11.65,14.55,0.0,0.0,0.0,0.0,62.89,80.93,0.4,0
SMITH PEAK,21501,ASMI,34.11486,-113.34733,2386,2026-08-23T01:53:05.000Z,2026-08-22T18:53:00.000-07:00,2026-08-23T02:00:00.000Z,2026-08-22T19:00:00.000-07:00,2026-08-22,19,O,W,4,654,3.23,3.64,6.76,8.32,37.29,13.77,12.88,32.59,30.0,60.0,0.02,0
OATMAN,21502,AOAT,33.04994,-113.13867,1715,2026-08-23T01:52:35.000Z,2026-08-22T18:52:00.000-07:00,2026-08-23T02:00:00.000Z,2026-08-22T19:00:00.000-07:00,2026-08-22,19,O,W,4,634,3.08,3.73,7.05,8.16,70.93,46.09,13.01,57.07,30.0,60.0,0.0,0
AHAKHAV PRESERVE,21503,AAHA,34.13222,-114.32917,363,2026-08-23T02:00:00.000Z,2026-08-22T19:26:00.000-07:00,2026-08-23T02:00:00.000Z,2026-08-22T19:00:00.000-07:00,2026-08-22,19,F,W,4,745,3.66,4.36,8.39,10.14,38.83,16.4,12.14,34.37,30.0,60.0,0.0,0
BELMONT,21504,ABEL,33.67411,-112.92281,1813,2026-08-23T02:01:45.000Z,2026-08-22T19:01:00.000-07:00,2026-08-23T02:00:00.000Z,2026-08-22T19:00:00.000-07:00,2026-08-22,19,O,W,4,690,2.96,3.62,6.82,8.66,48.25,20.72,13.19,39.75,30.0,60.0,0.01,0
GOLDFIELD,21505,AGOL,33.55531,-111.6145,1367,2026-08-23T02:00:00.000Z,2026-08-22T19:23:00.000-07:00,2026-08-23T02:00:00.000Z,2026-08-22T19:00:00.000-07:00,2026-08-22,19,F,W,4,680,3.22,4.13,9.49,10.75,33.73,10.96,12.69,29.15,30.0,60.0,0.0,0
WASHINGTON PASS,290101,XWAS,36.0765,-108.8615,9384,2026-08-23T01:41:14.000Z,2026-08-22T18:41:00.000-07:00,2026-08-23T02:00:00.000Z,2026-08-22T19:00:00.000-07:00,2026-08-22,19,O,W,4,248,12.77,18.22,11.81,13.14,1.97,1.86,0.09,1.36,109.52,110.6,0.55,0
ALBINO CANYON,290102,XALB,36.97661,-107.62892,7173,2026-08-23T02:00:00.000Z,2026-08-22T19:26:00.000-07:00,2026-08-23T02:00:00.000Z,2026-08-22T19:00:00.000-07:00,2026-08-22,19,F,W,4,481,16.66,12.27,9.51,9.92,0.0,0.0,0.0,0.0,30.0,60.0,0.03,0
STONE LAKE,290201,XSTO,36.73161,-106.86581,7436,2026-08-23T01:33:34.000Z,2026-08-22T18:33:00.000-07:00,2026-08-23T02:00:00.000Z,2026-08-22T19:00:00.000-07:00,2026-08-22,19,O,W,4,484,8.03,8.84,11.8,12.08,17.24,19.08,6.75,28.13,30.0,60.0,0.06,0
COYOTE,290202,XCOY,36.07333,-106.65739,8704,2026-08-23T01:48:54.000Z,2026-08-22T18:48:00.000-07:00,2026-08-23T02:00:00.000Z,2026-08-22T19:00:00.000-07:00,2026-08-22,19,O,W,4,247,14.84,22.55,15.34,13.99,0.0,0.0,0.0,0.0,42.57,68.0,0.34,0
DEADMAN PEAK,290203,XDEA,36.4229,-106.772,8389,2026-08-23T02:07:54.000Z,2026-08-22T19:07:00.000-07:00,2026-08-23T02:00:00.000Z,2026-08-22T19:00:00.000-07:00,2026-08-22,19,O,W,4,489,10.25,15.3,10.78,11.83,8.71,11.95,3.09,15.83,30.0,60.0,0.01,0
JARITA MESA,290204,XJAR,36.55597,-106.10306,8864,2026-08-23T02:16:04.000Z,2026-08-22T19:16:00.000-07:00,2026-08-23T02:00:00.000Z,2026-08-22T19:00:00.000-07:00,2026-08-22,19,O,W,4,194,8.29,9.27,12.26,13.06,8.4,5.2,6.41,15.1,30.0,60.0,0.29,0
DULCE #2,290205,XDUL,36.93519,-107.00011,6805,2026-08-23T02:00:00.000Z,2026-08-22T19:28:00.000-07:00,2026-08-23T02:00:00.000Z,2026-08-22T19:00:00.000-07:00,2026-08-22,19,F,W,4,404,16.93,17.62,11.92,12.86,0.0,0.0,0.0,0.0,30.0,60.0,0.05,0
TRUCHAS,290210,XTRU,36.059,-105.7695,8353,2026-08-23T02:11:14.000Z,2026-08-22T19:11:00.000-07:00,2026-08-23T02:00:00.000Z,2026-08-22T19:00:00.000-07:00,2026-08-22,19,O,W,4,246,13.34,12.38,15.09,14.55,1.76,2.03,0.96,4.09,30.0,60.0,0.16,0
BLACK MESA,290305,XBLM,36.03708,-106.04964,5762,2026-08-23T01:34:24.000Z,2026-08-22T18:34:00.000-07:00,2026-08-23T02:00:00.000Z,2026-08-22T19:00:00.000-07:00,2026-08-22,19,O,W,4,610,5.98,7.1,11.02,11.45,24.95,17.49,8.99,30.83,30.0,60.0,0.0,0
WILD RIVERS,290307,XWDR,36.69469,-105.66872,7530,2026-08-23T01:49:55.000Z,2026-08-22T18:49:00.000-07:00,2026-08-23T02:00:00.000Z,2026-08-22T19:00:00.000-07:00,2026-08-22,19,O,W,4,518,8.78,9.47,12.98,13.72,15.79,21.52,5.95,28.04,30.0,60.0,0.0,0
CIMARRON,290401,XCIM,36.60611,-105.12028,8806,2026-08-23T02:09:54.000Z,2026-08-22T19:09:00.000-07:00,2026-08-23T02:00:00.000Z,2026-08-22T19:00:00.000-07:00,2026-08-22,19,O,W,4,217,9.81,9.2,13.23,14.97,3.59,1.83,2.11,5.61,119.49,116.95,0.58,0
ZUNI BUTTES,290603,XZUB,35.13919,-108.94131,6649,2026-08-23T01:42:54.000Z,2026-08-22T18:42:00.000-07:00,2026-08-23T02:00:00.000Z,2026-08-22T19:00:00.000-07:00,2026-08-22,19,O,W,4,222,22.21,23.41,12.62,13.47,0.0,0.0,0.0,0.0,30.0,60.0,0.07,0
JEMEZ,290702,XJEM,35.84114,-106.61969,8248,2026-08-23T02:08:44.000Z,2026-08-22T19:08:00.000-07:00,2026-08-23T02:00:00.000Z,2026-08-22T19:00:00.000-07:00,2026-08-22,19,O,W,4,311,34.09,10.02,13.9,14.05,0.0,0.0,0.0,0.0,30.0,60.0,0.24,0
CUBA,290705,XCUB,35.942,-107.07739,6890,2026-08-23T01:41:05.000Z,2026-08-22T18:41:00.000-07:00,2026-08-23T02:00:00.000Z,2026-08-22T19:00:00.000-07:00,2026-08-22,19,O,W,4,471,8.46,8.47,11.77,12.96,15.99,18.79,6.49,27.43,30.0,60.0,0.07,0
SANDIA LAKES,290706,XSLK,35.22967,-106.59061,5027,2026-08-23T01:42:44.000Z,2026-08-22T18:42:00.000-07:00,2026-08-23T02:00:00.000Z,2026-08-22T19:00:00.000-07:00,2026-08-22,19,O,W,4,676,34.9,7.85,11.13,11.05,0.0,0.0,0.0,0.0,30.0,60.0,0.0,0
TOWER,290801,XTOW,35.77899,-106.26611,6529,2026-08-23T02:08:24.000Z,2026-08-22T19:08:00.000-07:00,2026-08-23T02:00:00.000Z,2026-08-22T19:00:00.000-07:00,2026-08-22,19,O,W,4,529,6.67,6.67,10.7,11.19,19.56,14.2,8.54,27.36,30.0,60.0,0.02,0
SANTA FE WATERSHED,290901,XSFW,35.68686,-105.86031,7749,2026-08-23T01:53:04.000Z,2026-08-22T18:53:00.000-07:00,2026-08-23T02:00:00.000Z,2026-08-22T19:00:00.000-07:00,2026-08-22,19,O,W,4,367,11.35,10.0,13.94,13.94,5.44,7.21,3.35,13.02,30.0,60.0,0.2,0
BARTLEY,291002,XBAR,35.90875,-105.38769,9192,2026-08-23T02:04:14.000Z,2026-08-22T19:04:00.000-07:00,2026-08-23T02:00:00.000Z,2026-08-22T19:00:00.000-07:00,2026-08-22,19,O,W,4,130,12.63,16.02,13.36,13.83,1.48,1.0,0.41,2.0,110.18,111.03,0.56,0
MILLS CANYON,291101,XMIL,36.05453,-104.32511,5881,2026-08-23T02:05:54.000Z,2026-08-22T19:05:00.000-07:00,2026-08-23T02:00:00.000Z,2026-08-22T19:00:00.000-07:00,2026-08-22,19,O,W,4,537,23.37,11.11,10.19,12.26,0.0,0.0,0.0,0.0,30.0,60.0,0.09,0
PECOS,291202,XPEC,35.54558,-105.49439,8229,2026-08-23T02:14:04.000Z,2026-08-22T19:14:00.000-07:00,2026-08-23T02:00:00.000Z,2026-08-22T19:00:00.000-07:00,2026-08-22,19,O,W,4,79,17.51,21.73,12.46,12.7,0.0,0.0,0.0,0.0,47.65,71.23,0.36,0
BRUSHY MOUNTAIN,291301,XBRU,34.72,-107.8484,8789,2026-08-23T01:49:44.000Z,2026-08-22T18:49:00.000-07:00,2026-08-23T02:00:00.000Z,2026-08-22T19:00:00.000-07:00,2026-08-22,19,O,W,4,209,13.43,19.82,13.21,14.44,1.75,2.03,0.0,0.0,65.09,82.33,0.41,0
GRANTS,291302,XGRA,35.24278,-107.66528,8620,2026-08-23T02:16:24.000Z,2026-08-22T19:16:00.000-07:00,2026-08-23T02:00:00.000Z,2026-08-22T19:00:00.000-07:00,2026-08-22,19,O,W,4,124,13.43,11.08,15.06,15.07,1.07,0.78,0.97,2.65,81.44,92.73,0.46,0
OAK FLATS,291402,XOAK,35.00614,-106.31583,7675,2026-08-23T02:04:04.000Z,2026-08-22T19:04:00.000-07:00,2026-08-23T02:00:00.000Z,2026-08-22T19:00:00.000-07:00,2026-08-22,19,O,W,4,450,9.04,7.92,12.13,13.01,10.47,10.55,6.15,20.52,30.0,60.0,0.15,0
SANDIA LAB,291408,XSLB,35.00406,-106.41148,6321,2026-08-23T01:53:34.000Z,2026-08-22T18:53:00.000-07:00,2026-08-23T02:00:00.000Z,2026-08-22T19:00:00.000-07:00,2026-08-22,19,O,W,4,258,9.84,7.07,9.99,10.66,14.96,26.89,5.67,30.4,30.0,60.0,0.11,0
MOUNTAINAIR,291501,XMOU,34.52081,-106.26269,6593,2026-08-23T02:05:54.000Z,2026-08-22T19:05:00.000-07:00,2026-08-23T02:00:00.000Z,2026-08-22T19:00:00.000-07:00,2026-08-22,19,O,W,4,468,8.86,6.93,11.64,12.98,13.5,15.72,6.58,25.43,30.0,60.0,0.08,0
MELROSE RANGE,291901,XMEL,34.28422,-103.71497,4263,2026-08-23T02:14:11.000Z,2026-08-22T19:14:00.000-07:00,2026-08-23T02:00:00.000Z,2026-08-22T19:00:00.000-07:00,2026-08-22,19,O,W,4,651,4.66,5.58,9.36,10.14,16.95,5.01,10.7,18.8,30.0,60.0,0.0,0
BEAVERHEAD,292001,XBEA,33.42353,-108.11019,6750,2026-08-23T02:08:14.000Z,2026-08-22T19:08:00.000-07:00,2026-08-23T02:00:00.000Z,2026-08-22T19:00:00.000-07:00,2026-08-22,19,O,W,4,177,14.51,15.46,16.65,17.45,0.61,0.39,0.09,0.66,30.0,60.0,0.23,0
LUNA,292004,XLUN,33.82289,-108.94311,7088,2026-08-23T02:07:14.000Z,2026-08-22T19:07:00.000-07:00,2026-08-23T02:00:00.000Z,2026-08-22T19:00:00.000-07:00,2026-08-22,19,O,W,4,259,14.79,13.54,18.08,18.06,0.37,0.17,0.29,0.75,30.0,60.0,0.29,0
RESERVE,292005,XRES,33.71489,-108.777,5846,2026-08-23T02:08:14.000Z,2026-08-22T19:08:00.000-07:00,2026-08-23T02:00:00.000Z,2026-08-22T19:00:00.000-07:00,2026-08-22,19,O,W,4,454,14.59,12.09,16.55,16.41,0.68,0.51,0.58,1.71,30.0,60.0,0.1,0
SLAUGHTER,292008,XSLA,34.06056,-108.44472,8680,2026-08-23T02:12:54.000Z,2026-08-22T19:12:00.000-07:00,2026-08-23T02:00:00.000Z,2026-08-22T19:00:00.000-07:00,2026-08-22,19,O,W,4,20,17.12,18.44,14.82,16.05,0.0,0.0,0.0,0.0,137.54,128.44,0.64,0
PELONA MOUNTAIN,292009,XPEL,33.69375,-108.06161,7955,2026-08-23T01:38:25.000Z,2026-08-22T18:38:00.000-07:00,2026-08-23T02:00:00.000Z,2026-08-22T19:00:00.000-07:00,2026-08-22,19,O,W,4,235,9.06,8.59,11.7,13.63,9.51,8.97,4.03,15.69,77.68,90.34,0.45,0
GILA CENTER RAWS,292011,XGIL,33.22375,-108.24031,5767,2026-08-23T02:13:04.000Z,2026-08-22T19:13:00.000-07:00,2026-08-23T02:00:00.000Z,2026-08-22T19:00:00.000-07:00,2026-08-22,19,O,W,4,270,13.77,17.3,14.82,16.22,1.12,0.88,0.06,0.78,30.0,60.0,0.11,0
DATIL,292012,XDAT,34.29256,-107.768,8431,2026-08-23T02:11:04.000Z,2026-08-22T19:11:00.000-07:00,2026-08-23T02:00:00.000Z,2026-08-22T19:00:00.000-07:00,2026-08-22,19,O,W,4,176,11.45,10.52,13.87,14.66,4.4,5.21,1.6,7.98,89.82,98.07,0.49,0
MOGOLLON,292013,XMOG,33.39064,-108.80819,7602,2026-08-23T02:13:15.000Z,2026-08-22T19:13:00.000-07:00,2026-08-23T02:00:00.000Z,2026-08-22T19:00:00.000-07:00,2026-08-22,19,O,W,4,159,15.54,17.41,11.2,12.84,0.0,0.0,0.0,0.0,54.78,75.77,0.38,0
CHUPADERA,292102,XCHU,33.77294,-106.0985,5580,2026-08-23T01:39:45.000Z,2026-08-22T18:39:00.000-07:00,2026-08-23T02:00:00.000Z,2026-08-22T19:00:00.000-07:00,2026-08-22,19,O,W,4,515,4.48,6.54,10.41,10.94,30.64,15.58,10.51,31.4,30.0,60.0,0.01,0
BOSQUE,292103,XBOS,33.82064,-106.88169,4523,2026-08-23T01:50:24.000Z,2026-08-22T18:50:00.000-07:00,2026-08-23T02:00:00.000Z,2026-08-22T19:00:00.000-07:00,2026-08-22,19,O,W,4,668,34.95,7.42,11.22,11.9,0.0,0.0,0.0,0.0,30.0,60.0,0.0,0
MAGDALENA,292104,XMAG,33.85061,-107.539,8495,2026-08-23T02:03:54.000Z,2026-08-22T19:03:00.000-07:00,2026-08-23T02:00:00.000Z,2026-08-22T19:00:00.000-07:00,2026-08-22,19,O,W,4,55,10.4,9.11,12.29,13.98,2.52,1.1,1.98,4.32,115.27,114.26,0.57,0
SEVILLETA,292105,XSEV,34.35844,-106.6895,5246,2026-08-23T02:11:44.000Z,2026-08-22T19:11:00.000-07:00,2026-08-23T02:00:00.000Z,2026-08-22T19:00:00.000-07:00,2026-08-22,19,O,W,4,555,14.26,17.86,11.59,11.64,1.51,1.7,0.0,0.0,30.0,60.0,0.0,0
SMOKEY BEAR,292203,XSMO,33.35019,-105.686,7194,2026-08-23T02:00:04.000Z,2026-08-22T19:00:00.000-07:00,2026-08-23T02:00:00.000Z,2026-08-22T19:00:00.000-07:00,2026-08-22,19,O,W,4,95,8.35,8.72,14.79,16.56,8.49,5.2,6.52,15.21,30.0,60.0,0.28,0
EIGHT MILE DRAW,292301,XEIG,33.65064,-104.32139,3626,2026-08-23T01:37:25.000Z,2026-08-22T18:37:00.000-07:00,2026-08-23T02:00:00.000Z,2026-08-22T19:00:00.000-07:00,2026-08-22,19,O,W,4,603,3.87,5.35,8.61,9.23,51.87,34.77,11.54,47.43,30.0,60.0,0.0,0
DUNKEN,292302,XDUN,32.82467,-105.18261,5431,2026-08-23T01:36:15.000Z,2026-08-22T18:36:00.000-07:00,2026-08-23T02:00:00.000Z,2026-08-22T19:00:00.000-07:00,2026-08-22,19,O,W,4,484,4.08,5.51,8.66,9.79,56.87,47.64,11.26,54.23,30.0,60.0,0.02,0
BURRO MOUNTAIN,292504,XBUR,32.67203,-108.53969,6995,2026-08-23T01:59:44.000Z,2026-08-22T18:59:00.000-07:00,2026-08-23T02:00:00.000Z,2026-08-22T19:00:00.000-07:00,2026-08-22,19,O,W,4,286,7.91,6.58,9.64,11.75,23.25,32.86,7.51,37.94,30.0,60.0,0.21,0
HACHITA VALLEY,292702,XHAC,31.702,-108.34169,4290,2026-08-23T01:40:54.000Z,2026-08-22T18:40:00.000-07:00,2026-08-23T02:00:00.000Z,2026-08-22T19:00:00.000-07:00,2026-08-22,19,O,W,4,588,3.46,4.68,7.88,10.36,41.57,19.95,12.2,37.7,30.0,60.0,0.04,0
MCGREGGOR RANGE,292901,XMCG,32.43133,-105.62181,4832,2026-08-23T01:37:35.000Z,2026-08-22T18:37:00.000-07:00,2026-08-23T02:00:00.000Z,2026-08-22T19:00:00.000-07:00,2026-08-22,19,O,W,4,595,3.83,4.9,7.63,9.75,44.94,26.77,11.76,42.43,30.0,60.0,0.01,0
DRIPPING SPRINGS,292903,XDRI,32.32225,-106.58661,5814,2026-08-23T02:00:00.000Z,2026-08-22T19:26:00.000-07:00,2026-08-23T02:00:00.000Z,2026-08-22T19:00:00.000-07:00,2026-08-22,19,F,W,4,444,4.86,5.05,7.54,9.72,33.75,21.77,10.7,36.95,30.0,60.0,0.12,0
SAN ANDRES,292904,XSAA,32.58008,-106.52719,6137,2026-08-23T02:01:54.000Z,2026-08-22T19:01:00.000-07:00,2026-08-23T02:00:00.000Z,2026-08-22T19:00:00.000-07:00,2026-08-22,19,O,W,4,489,4.47,5.0,7.86,9.96,24.36,10.15,11.09,26.44,30.0,60.0,0.09,0
MAYHILL,293002,XMAY,32.90947,-105.46981,6599,2026-08-23T02:01:54.000Z,2026-08-22T19:01:00.000-07:00,2026-08-23T02:00:00.000Z,2026-08-22T19:00:00.000-07:00,2026-08-22,19,O,W,4,462,4.93,7.04,12.01,14.26,21.91,9.87,9.92,24.79,30.0,60.0,0.14,0
MESCAL,293003,XMES,33.15803,-105.76881,6227,2026-08-23T01:41:24.000Z,2026-08-22T18:41:00.000-07:00,2026-08-23T02:00:00.000Z,2026-08-22T19:00:00.000-07:00,2026-08-22,19,O,W,4,210,7.22,8.18,14.24,16.56,20.16,18.59,7.38,28.96,37.64,64.86,0.32,0
COSMIC,293004,XCOS,32.77925,-105.81989,9172,2026-08-23T02:15:24.000Z,2026-08-22T19:15:00.000-07:00,2026-08-23T02:00:00.000Z,2026-08-22T19:00:00.000-07:00,2026-08-22,19,O,W,4,65,8.3,9.01,12.99,14.34,3.02,0.68,1.8,3.31,203.17,170.2,0.85,0
BATDRAW,293101,XBAD,32.17861,-104.44056,4425,2026-08-23T01:52:34.000Z,2026-08-22T18:52:00.000-07:00,2026-08-23T02:00:00.000Z,2026-08-22T19:00:00.000-07:00,2026-08-22,19,O,W,4,562,4.22,4.82,7.1,8.31,47.42,34.12,11.4,46.77,30.0,60.0,0.0,0
CAPROCK,293104,XCAP,32.92728,-103.85689,4167,2026-08-23T01:40:45.000Z,2026-08-22T18:40:00.000-07:00,2026-08-23T02:00:00.000Z,2026-08-22T19:00:00.000-07:00,2026-08-22,19,O,W,4,488,4.01,5.13,7.62,9.0,43.52,26.46,11.48,41.74,30.0,60.0,0.0,0
QUEEN,293105,XQUN,32.20361,-104.69031,5642,2026-08-23T02:13:14.000Z,2026-08-22T19:13:00.000-07:00,2026-08-23T02:00:00.000Z,2026-08-22T19:00:00.000-07:00,2026-08-22,19,O,W,4,365,5.04,5.51,8.16,9.99,29.39,18.27,10.37,33.59,30.0,60.0,0.06,0
PADUCA,293202,XPAD,32.17983,-103.722,3534,2026-08-23T01:39:54.000Z,2026-08-22T18:39:00.000-07:00,2026-08-23T02:00:00.000Z,2026-08-22T19:00:00.000-07:00,2026-08-22,19,O,W,4,602,4.0,5.26,8.15,9.07,43.97,26.48,11.44,41.69,30.0,60.0,0.0,0
MALPAIS LAVA FLOW,293301,XMAL,34.85181,-108.17461,7514,2026-08-23T02:00:00.000Z,2026-08-22T19:25:00.000-07:00,2026-08-23T02:00:00.000Z,2026-08-22T19:00:00.000-07:00,2026-08-22,19,F,W,4,177,17.43,27.65,14.95,15.96,0.0,0.0,0.0,0.0,30.0,60.0,0.25,0
BLUEWATER RIDGE,293303,XBLR,35.19411,-108.16336,8274,2026-08-23T02:05:44.000Z,2026-08-22T19:05:00.000-07:00,2026-08-23T02:00:00.000Z,2026-08-22T19:00:00.000-07:00,2026-08-22,19,O,W,4,209,19.9,16.23,12.76,13.54,0.0,0.0,0.0,0.0,82.2,93.22,0.47,0
LAGUNA,293304,XLAG,35.05197,-107.42028,5805,2026-08-23T01:33:44.000Z,2026-08-22T18:33:00.000-07:00,2026-08-23T02:00:00.000Z,2026-08-22T19:00:00.000-07:00,2026-08-22,19,O,W,4,543,7.48,7.34,9.81,10.12,22.92,26.09,7.64,34.38,30.0,60.0,0.01,0
RAMAH,293305,XRAM,34.81947,-108.29439,7645,2026-08-23T01:34:44.000Z,2026-08-22T18:34:00.000-07:00,2026-08-23T02:00:00.000Z,2026-08-22T19:00:00.000-07:00,2026-08-22,19,O,W,4,310,10.7,9.59,13.78,15.7,8.79,14.2,4.15,19.63,30.0,60.0,0.26,0
10K,55522198,X10K,35.2085,-106.43586,10065,2026-08-23T01:38:19.000Z,2026-08-22T18:38:00.000-07:00,2026-08-23T02:00:00.000Z,2026-08-22T19:00:00.000-07:00,2026-08-22,19,O,W,4,202,34.97,16.34,12.72,13.72,0.0,0.0,0.0,0.0,129.08,123.05,0.62,0
BAKERS TANK,55522210,AHBB,32.61528,-114.00836,563,2026-08-23T02:07:14.000Z,2026-08-22T19:07:00.000-07:00,2026-08-23T02:00:00.000Z,2026-08-22T19:00:00.000-07:00,2026-08-22,19,O,W,4,738,2.92,3.68,7.05,7.94,53.39,24.53,13.2,42.98,30.0,60.0,0.0,0
CAVE CREEK,55522232,ACAV,34.0899,-111.8465,3477,2026-08-23T02:00:00.000Z,2026-08-22T19:20:00.000-07:00,2026-08-23T02:00:00.000Z,2026-08-22T19:00:00.000-07:00,2026-08-22,19,F,W,4,537,5.07,12.61,8.71,9.85,33.85,21.15,8.03,31.94,30.0,60.0,0.03,0
CIPRIANO,55522238,ARIP,32.4235,-114.16211,1042,2026-08-23T01:59:08.000Z,2026-08-22T18:59:00.000-07:00,2026-08-23T02:00:00.000Z,2026-08-22T19:00:00.000-07:00,2026-08-22,19,O,W,4,710,2.89,3.77,7.68,8.91,57.42,28.57,13.19,46.08,30.0,60.0,0.0,0
DEVILS HILLS,55522251,ADVH,32.42483,-113.79011,836,2026-08-23T02:00:00.000Z,2026-08-22T19:23:00.000-07:00,2026-08-23T02:00:00.000Z,2026-08-22T19:00:00.000-07:00,2026-08-22,19,F,W,4,734,3.3,3.91,7.08,8.38,41.55,16.81,12.7,35.49,30.0,60.0,0.0,0
DUTCH KID,55522257,ADUT,35.12931,-112.28219,6505,2026-08-23T01:38:59.000Z,2026-08-22T18:38:00.000-07:00,2026-08-23T02:00:00.000Z,2026-08-22T19:00:00.000-07:00,2026-08-22,19,O,W,4,106,5.53,9.33,15.76,16.81,19.74,9.56,8.66,22.95,30.0,60.0,0.28,0
FTHL YDMA,55522271,AFTH,32.48658,-114.4635,331,2026-08-23T01:38:44.000Z,2026-08-22T18:38:00.000-07:00,2026-08-23T02:00:00.000Z,2026-08-22T19:00:00.000-07:00,2026-08-22,19,O,W,4,744,2.96,4.17,9.57,11.2,49.11,20.69,12.94,39.38,30.0,60.0,0.0,0
MIDNIGHT,55522315,XMID,36.77819,-105.34131,10815,2026-08-23T01:37:59.000Z,2026-08-22T18:37:00.000-07:00,2026-08-23T02:00:00.000Z,2026-08-22T19:00:00.000-07:00,2026-08-22,19,O,W,4,156,29.62,28.48,16.37,16.94,0.0,0.0,0.0,0.0,197.38,166.51,0.83,0
MOHAWK DUNES,55522318,AMOD,32.68878,-113.74889,524,2026-08-23T02:00:00.000Z,2026-08-22T19:23:00.000-07:00,2026-08-23T02:00:00.000Z,2026-08-22T19:00:00.000-07:00,2026-08-22,19,F,W,4,747,3.12,4.0,7.72,8.41,43.32,17.02,12.85,35.88,30.0,60.0,0.0,0
NEVERSHINE,55522326,ANEV,36.24753,-113.88851,2165,2026-08-23T02:03:51.000Z,2026-08-22T19:03:00.000-07:00,2026-08-23T02:00:00.000Z,2026-08-22T19:00:00.000-07:00,2026-08-22,19,O,W,4,679,2.48,3.44,5.78,7.66,61.58,29.53,13.79,47.76,30.0,60.0,0.0,0
PICACHO PEAK,55522341,APIC,32.66314,-111.42154,1750,2026-08-23T02:17:49.000Z,2026-08-22T19:17:00.000-07:00,2026-08-23T02:00:00.000Z,2026-08-22T19:00:00.000-07:00,2026-08-22,19,O,W,4,723,3.7,4.62,8.29,9.55,54.81,35.19,11.99,48.55,30.0,60.0,0.0,0
PINEDALE,55522344,APND,34.30617,-110.23661,6461,2026-08-23T01:38:39.000Z,2026-08-22T18:38:00.000-07:00,2026-08-23T02:00:00.000Z,2026-08-22T19:00:00.000-07:00,2026-08-22,19,O,W,4,257,25.38,22.18,14.05,14.12,0.0,0.0,0.0,0.0,30.0,60.0,0.25,0
TANKS,55522384,ATNK,33.67314,-110.57431,5801,2026-08-23T01:38:49.000Z,2026-08-22T18:38:00.000-07:00,2026-08-23T02:00:00.000Z,2026-08-22T19:00:00.000-07:00,2026-08-22,19,O,W,4,297,8.32,7.85,13.05,14.38,12.54,10.86,6.79,21.76,30.0,60.0,0.3,0
TAOS PUEBLO RAWS,55522385,XTAP,36.41461,-105.55689,7135,2026-08-23T02:13:34.000Z,2026-08-22T19:13:00.000-07:00,2026-08-23T02:00:00.000Z,2026-08-22T19:00:00.000-07:00,2026-08-22,19,O,W,4,453,6.74,7.38,11.16,12.35,20.74,16.99,8.26,29.26,30.0,60.0,0.03,0
CEDAR RIDGE,55523718,ACED,32.59872,-110.76231,4735,2026-08-23T01:37:19.000Z,2026-08-22T18:37:00.000-07:00,2026-08-23T02:00:00.000Z,2026-08-22T19:00:00.000-07:00,2026-08-22,19,O,W,4,320,6.37,6.14,9.25,10.72,27.51,23.73,8.97,35.44,30.0,60.0,0.13,0
RED CANYON,55523735,XRDC,34.62289,-106.40831,8070,2026-08-23T01:38:29.000Z,2026-08-22T18:38:00.000-07:00,2026-08-23T02:00:00.000Z,2026-08-22T19:00:00.000-07:00,2026-08-22,19,O,W,4,377,26.42,31.44,11.59,11.77,0.0,0.0,0.0,0.0,30.0,60.0,0.27,0
SOWATS,55523737,ASOW,36.48242,-112.42281,7038,2026-08-23T01:39:09.000Z,2026-08-22T18:39:00.000-07:00,2026-08-23T02:00:00.000Z,2026-08-22T19:00:00.000-07:00,2026-08-22,19,O,W,4,154,5.02,6.79,10.18,12.83,21.98,9.84,9.93,24.77,30.0,60.0,0.29,0
T BAR,55523738,XTBA,33.51789,-108.52419,8047,2026-08-23T01:39:19.000Z,2026-08-22T18:39:00.000-07:00,2026-08-23T02:00:00.000Z,2026-08-22T19:00:00.000-07:00,2026-08-22,19,O,W,4,22,21.79,16.68,17.24,18.25,0.0,0.0,0.0,0.0,118.49,116.31,0.58,0
FORT YUMA,20102,AFYM,32.65222,-114.63417,185,2026-08-23T01:16:14.000Z,2026-08-22T18:16:00.000-07:00,2026-08-23T01:00:00.000Z,2026-08-22T18:00:00.000-07:00,2026-08-22,18,O,X,4,744,2.85,4.05,8.36,9.93,76.56,81.61,100.64,190.22,30.0,60.0,0.0,0
MOUNT LOGAN,20107,AMTL,36.35306,-113.19917,7605,2026-08-23T00:33:25.000Z,2026-08-22T17:33:00.000-07:00,2026-08-23T01:00:00.000Z,2026-08-22T18:00:00.000-07:00,2026-08-22,18,O,X,4,152,5.13,7.09,9.84,11.72,36.33,47.78,70.01,125.84,91.36,99.05,0.5,0
OLAF KNOLLS,20108,AOLA,36.50725,-113.81589,2974,2026-08-23T00:33:35.000Z,2026-08-22T17:33:00.000-07:00,2026-08-23T01:00:00.000Z,2026-08-22T18:00:00.000-07:00,2026-08-22,18,O,X,4,629,2.94,4.11,6.44,8.1,78.4,92.78,100.15,201.33,30.0,60.0,0.02,0
TWEEDS POINT,20109,ATWE,36.58186,-113.732,5334,2026-08-23T00:33:55.000Z,2026-08-22T17:33:00.000-07:00,2026-08-23T01:00:00.000Z,2026-08-22T18:00:00.000-07:00,2026-08-22,18,O,X,4,553,3.96,5.13,7.58,9.3,67.87,149.87,93.91,243.7,30.0,60.0,0.04,0
NIXON FLATS,20113,ANIX,36.38833,-113.15806,6500,2026-08-23T00:50:15.000Z,2026-08-22T17:50:00.000-07:00,2026-08-23T01:00:00.000Z,2026-08-22T18:00:00.000-07:00,2026-08-22,18,O,X,4,302,4.34,8.33,13.77,14.02,41.86,46.38,87.49,137.53,30.0,60.0,0.26,0
BLACK ROCK,20114,ABRK,36.79436,-113.75056,7224,2026-08-23T00:50:05.000Z,2026-08-22T17:50:00.000-07:00,2026-08-23T01:00:00.000Z,2026-08-22T18:00:00.000-07:00,2026-08-22,18,O,X,4,192,5.68,6.34,9.15,11.65,28.59,35.94,77.94,115.97,57.26,77.34,0.39,0
MOSS BASIN,20115,AMOS,35.03397,-113.89406,5920,2026-08-23T01:23:05.000Z,2026-08-22T18:23:00.000-07:00,2026-08-23T01:00:00.000Z,2026-08-22T18:00:00.000-07:00,2026-08-22,18,O,X,4,394,4.66,6.27,11.84,13.45,42.57,54.64,89.19,149.61,30.0,60.0,0.27,0
UNION PASS,20116,AUNI,35.23233,-114.38194,3590,2026-08-23T00:52:35.000Z,2026-08-22T17:52:00.000-07:00,2026-08-23T01:00:00.000Z,2026-08-22T18:00:00.000-07:00,2026-08-22,18,O,X,4,580,3.37,4.3,7.24,8.68,71.66,90.57,97.86,197.0,30.0,60.0,0.03,0
HURRICANE,20117,AHUR,36.69908,-113.20731,5445,2026-08-23T00:34:05.000Z,2026-08-22T17:34:00.000-07:00,2026-08-23T01:00:00.000Z,2026-08-22T18:00:00.000-07:00,2026-08-22,18,O,X,4,407,4.36,7.01,9.75,11.04,61.86,96.99,89.35,194.97,30.0,60.0,0.18,0
HAVASU,20118,AHAV,34.80758,-114.53456,475,2026-08-23T00:52:45.000Z,2026-08-22T17:52:00.000-07:00,2026-08-23T01:00:00.000Z,2026-08-22T18:00:00.000-07:00,2026-08-22,18,O,X,4,653,2.29,4.41,8.19,9.37,80.14,72.88,102.67,182.24,30.0,60.0,0.0,0
MUSIC MOUNTAIN,20119,AMUS,35.61497,-113.79428,5375,2026-08-23T00:52:55.000Z,2026-08-22T17:52:00.000-07:00,2026-08-23T01:00:00.000Z,2026-08-22T18:00:00.000-07:00,2026-08-22,18,O,X,4,547,3.6,5.47,8.89,10.79,57.98,67.61,95.02,169.88,30.0,60.0,0.12,0
TRUXTON CANYON,20120,ATRU,35.78013,-113.79563,5304,2026-08-23T01:14:05.000Z,2026-08-22T18:14:00.000-07:00,2026-08-23T01:00:00.000Z,2026-08-22T18:00:00.000-07:00,2026-08-22,18,O,X,4,267,4.14,5.28,8.44,10.43,43.63,47.06,92.9,142.32,30.0,60.0,0.18,0
CIBOLA,20121,ACBL,33.28,-114.68489,252,2026-08-23T00:48:54.000Z,2026-08-22T17:48:00.000-07:00,2026-08-23T01:00:00.000Z,2026-08-22T18:00:00.000-07:00,2026-08-22,18,O,X,4,748,2.59,4.37,8.26,9.18,69.59,61.07,101.35,167.0,30.0,60.0,0.0,0
TUSAYAN,20207,ATUS,35.98833,-112.12056,6570,2026-08-23T01:08:24.000Z,2026-08-22T18:08:00.000-07:00,2026-08-23T01:00:00.000Z,2026-08-22T18:00:00.000-07:00,2026-08-22,18,O,X,4,348,5.6,8.95,14.7,15.58,18.96,15.46,81.43,80.27,30.0,60.0,0.22,0
FLAGSTAFF,20209,AFLG,35.14111,-111.6725,6903,2026-08-23T01:06:04.000Z,2026-08-22T18:06:00.000-07:00,2026-08-23T01:00:00.000Z,2026-08-22T18:00:00.000-07:00,2026-08-22,18,O,X,4,283,5.92,8.03,13.24,14.88,25.24,30.08,75.6,105.36,53.37,74.87,0.37,0
BRIGHT ANGEL,20211,ACAN,36.20472,-112.06222,8134,2026-08-23T01:07:54.000Z,2026-08-22T18:07:00.000-07:00,2026-08-23T01:00:00.000Z,2026-08-22T18:00:00.000-07:00,2026-08-22,18,O,X,4,265,4.99,7.53,11.02,12.79,25.1,22.2,75.16,91.38,72.39,86.98,0.43,0
DRY PARK,20212,ADRY,36.45308,-112.23819,8700,2026-08-23T00:38:24.000Z,2026-08-22T17:38:00.000-07:00,2026-08-23T01:00:00.000Z,2026-08-22T18:00:00.000-07:00,2026-08-22,18,O,X,4,93,6.28,8.7,12.45,14.54,13.67,10.29,46.84,51.62,148.49,135.4,0.68,0
FRAZIER WELLS,20213,AFRA,35.84551,-113.05501,6796,2026-08-23T01:27:44.000Z,2026-08-22T18:27:00.000-07:00,2026-08-23T01:00:00.000Z,2026-08-22T18:00:00.000-07:00,2026-08-22,18,O,X,4,92,5.1,6.34,10.16,11.78,35.61,44.38,80.89,130.0,55.48,76.21,0.38,0
MORMON LAKE,20215,AMOL,34.90972,-111.43842,7094,2026-08-23T01:03:14.000Z,2026-08-22T18:03:00.000-07:00,2026-08-23T01:00:00.000Z,2026-08-22T18:00:00.000-07:00,2026-08-22,18,O,X,4,282,6.5,9.5,15.29,15.19,27.28,44.9,66.96,119.8,69.54,85.16,0.43,0
WARM SPRINGS CANYON,20216,AWAR,36.70117,-112.22689,7953,2026-08-23T00:47:34.000Z,2026-08-22T17:47:00.000-07:00,2026-08-23T01:00:00.000Z,2026-08-22T18:00:00.000-07:00,2026-08-22,18,O,X,4,345,5.38,8.15,12.7,13.61,21.64,18.44,75.14,83.9,62.98,80.98,0.4,0
YELLOW JOHN MOUNTAIN,20217,AYEL,36.155,-113.54944,6160,2026-08-23T00:50:25.000Z,2026-08-22T17:50:00.000-07:00,2026-08-23T01:00:00.000Z,2026-08-22T18:00:00.000-07:00,2026-08-22,18,O,X,4,283,3.94,7.04,12.38,14.21,41.23,39.06,91.09,129.45,30.0,60.0,0.18,0
OAK CREEK,20219,AOAK,34.94686,-111.75444,4804,2026-08-23T01:03:04.000Z,2026-08-22T18:03:00.000-07:00,2026-08-23T01:00:00.000Z,2026-08-22T18:00:00.000-07:00,2026-08-22,18,O,X,4,574,4.91,6.34,10.42,12.09,34.5,37.34,88.03,124.82,30.0,60.0,0.09,0
LINDBERGH HILL,20220,ALBE,36.28556,-112.07861,8800,2026-08-23T01:08:14.000Z,2026-08-22T18:08:00.000-07:00,2026-08-23T01:00:00.000Z,2026-08-22T18:00:00.000-07:00,2026-08-22,18,O,X,4,395,5.59,7.12,10.96,12.64,21.71,21.0,71.77,87.21,77.73,90.37,0.45,0
PROMONTORY,20221,APRO,34.36528,-111.01444,7842,2026-08-23T00:49:34.000Z,2026-08-22T17:49:00.000-07:00,2026-08-23T01:00:00.000Z,2026-08-22T18:00:00.000-07:00,2026-08-22,18,O,X,4,121,12.02,8.44,12.02,14.17,4.15,9.75,24.26,37.2,169.19,148.57,0.74,0
GUNSIGHT,20223,AGUN,36.70464,-112.5835,5284,2026-08-23T00:34:14.000Z,2026-08-22T17:34:00.000-07:00,2026-08-23T01:00:00.000Z,2026-08-22T18:00:00.000-07:00,2026-08-22,18,O,X,4,522,3.75,6.82,9.91,11.2,47.79,47.87,92.23,142.97,30.0,60.0,0.14,0
BUCKSKIN MTN,20224,ABUC,36.91808,-112.19981,6334,2026-08-23T00:33:45.000Z,2026-08-22T17:33:00.000-07:00,2026-08-23T01:00:00.000Z,2026-08-22T18:00:00.000-07:00,2026-08-22,18,O,X,4,416,3.96,6.29,9.57,11.48,61.41,87.58,92.16,188.7,30.0,60.0,0.2,0
PARIA POINT,20226,APAR,36.72753,-111.822,7106,2026-08-23T01:00:45.000Z,2026-08-22T18:00:00.000-07:00,2026-08-23T01:00:00.000Z,2026-08-22T18:00:00.000-07:00,2026-08-22,18,O,X,4,398,4.73,6.61,10.08,10.9,45.96,63.83,88.38,160.02,30.0,60.0,0.24,0
FOUR SPRINGS,20227,AFOU,36.79367,-112.04239,6560,2026-08-23T01:19:25.000Z,2026-08-22T18:19:00.000-07:00,2026-08-23T01:00:00.000Z,2026-08-22T18:00:00.000-07:00,2026-08-22,18,O,X,4,284,4.54,6.38,10.25,10.78,32.66,30.68,89.51,114.91,30.0,60.0,0.25,0
GREENBASE,20284,AGRB,35.27619,-112.06325,6923,2026-08-23T01:16:34.000Z,2026-08-22T18:16:00.000-07:00,2026-08-23T01:00:00.000Z,2026-08-22T18:00:00.000-07:00,2026-08-22,18,O,X,4,223,5.87,9.75,15.96,17.45,24.38,28.09,70.8,99.06,63.49,81.31,0.41,0
HAPPY JACK,20291,AHJK,34.61797,-111.34239,6812,2026-08-23T01:02:04.000Z,2026-08-22T18:02:00.000-07:00,2026-08-23T01:00:00.000Z,2026-08-22T18:00:00.000-07:00,2026-08-22,18,O,X,4,381,8.04,9.23,14.61,16.25,19.13,38.67,63.37,109.04,61.12,79.8,0.4,0
HEBER,20301,AHBR,34.39778,-110.56444,6635,2026-08-23T01:03:04.000Z,2026-08-22T18:03:00.000-07:00,2026-08-23T01:00:00.000Z,2026-08-22T18:00:00.000-07:00,2026-08-22,18,O,X,4,219,13.25,9.95,13.87,15.62,4.42,18.64,50.1,69.97,30.5,60.32,0.3,0
LAKESIDE,20303,ALAK,34.16283,-109.87639,7267,2026-08-23T01:00:14.000Z,2026-08-22T18:00:00.000-07:00,2026-08-23T01:00:00.000Z,2026-08-22T18:00:00.000-07:00,2026-08-22,18,O,X,4,15,10.31,12.73,16.95,17.32,6.83,11.97,46.54,55.16,74.34,88.21,0.44,0
NAVAJO MONUMENT,20307,ANAV,36.67667,-110.54389,7204,2026-08-23T00:36:34.000Z,2026-08-22T17:36:00.000-07:00,2026-08-23T01:00:00.000Z,2026-08-22T18:00:00.000-07:00,2026-08-22,18,O,X,4,198,6.49,7.24,10.41,11.84,22.18,28.22,80.17,105.12,30.0,60.0,0.14,0
LIMESTONE CANYON,20309,ALIM,34.17786,-110.27663,7102,2026-08-23T01:24:24.000Z,2026-08-22T18:24:00.000-07:00,2026-08-23T01:00:00.000Z,2026-08-22T18:00:00.000-07:00,2026-08-22,18,O,X,4,335,16.52,17.12,11.61,12.9,3.96,81.1,27.13,103.77,34.46,62.84,0.31,0
MOUNTAIN LION,20310,AFAP,33.69511,-109.71078,7269,2026-08-23T01:14:54.000Z,2026-08-22T18:14:00.000-07:00,2026-08-23T01:00:00.000Z,2026-08-22T18:00:00.000-07:00,2026-08-22,18,O,X,4,66,7.66,9.11,14.26,16.23,14.08,18.26,47.3,67.5,125.45,120.74,0.6,0
HOPI,20312,AHPI,35.86292,-110.61495,5579,2026-08-23T01:13:45.000Z,2026-08-22T18:13:00.000-07:00,2026-08-23T01:00:00.000Z,2026-08-22T18:00:00.000-07:00,2026-08-22,18,O,X,4,473,4.93,7.23,12.3,12.33,56.35,197.14,86.63,266.37,30.0,60.0,0.07,0
ALPINE,20401,AALP,33.84272,-109.11161,8207,2026-08-23T01:16:54.000Z,2026-08-22T18:16:00.000-07:00,2026-08-23T01:00:00.000Z,2026-08-22T18:00:00.000-07:00,2026-08-22,18,O,X,4,81,11.84,10.72,14.4,15.92,2.9,4.35,23.9,25.48,140.97,130.62,0.65,0
PINEY HILL,20402,APIN,35.76111,-109.16719,8061,2026-08-23T00:41:24.000Z,2026-08-22T17:41:00.000-07:00,2026-08-23T01:00:00.000Z,2026-08-22T18:00:00.000-07:00,2026-08-22,18,O,X,4,184,11.22,15.28,11.03,12.51,8.62,26.75,47.06,80.27,49.55,72.44,0.36,0
GREER,20404,AGRE,34.05853,-109.44097,8240,2026-08-23T00:35:49.000Z,2026-08-22T17:35:00.000-07:00,2026-08-23T01:00:00.000Z,2026-08-22T18:00:00.000-07:00,2026-08-22,18,O,X,4,55,12.09,16.12,15.18,16.19,2.76,3.8,18.53,21.31,163.34,144.86,0.72,0
IRON SPRINGS,20501,AIRO,34.59361,-112.51139,5385,2026-08-23T01:06:34.000Z,2026-08-22T18:06:00.000-07:00,2026-08-23T01:00:00.000Z,2026-08-22T18:00:00.000-07:00,2026-08-22,18,O,X,4,379,4.57,6.73,11.85,13.71,51.67,74.35,88.88,172.1,30.0,60.0,0.22,0
CROWN KING,20502,ACRO,34.20336,-112.34561,6173,2026-08-23T01:27:34.000Z,2026-08-22T18:27:00.000-07:00,2026-08-23T01:00:00.000Z,2026-08-22T18:00:00.000-07:00,2026-08-22,18,O,X,4,377,4.87,6.62,11.3,12.91,30.96,30.2,87.76,113.05,30.0,60.0,0.25,0
VERDE,20503,AVER,34.54917,-111.84417,3101,2026-08-23T01:05:14.000Z,2026-08-22T18:05:00.000-07:00,2026-08-23T01:00:00.000Z,2026-08-22T18:00:00.000-07:00,2026-08-22,18,O,X,4,551,5.62,6.44,10.85,12.64,43.15,71.0,84.87,164.96,30.0,60.0,0.06,0
GOODWIN MESA,20507,AGOO,34.77614,-113.3375,4311,2026-08-23T01:20:45.000Z,2026-08-22T18:20:00.000-07:00,2026-08-23T01:00:00.000Z,2026-08-22T18:00:00.000-07:00,2026-08-22,18,O,X,4,447,3.63,5.38,10.32,11.86,71.73,113.04,94.99,215.17,30.0,60.0,0.12,0
HUMBUG CREEK,20508,AHUM,34.11,-112.3,5250,2026-08-23T00:48:15.000Z,2026-08-22T17:48:00.000-07:00,2026-08-23T01:00:00.000Z,2026-08-22T18:00:00.000-07:00,2026-08-22,18,O,X,4,257,4.64,5.33,9.31,11.07,44.05,54.76,90.66,150.89,30.0,60.0,0.19,0
STANTON,20509,ASTA,34.16403,-112.73486,3600,2026-08-23T01:01:25.000Z,2026-08-22T18:01:00.000-07:00,2026-08-23T01:00:00.000Z,2026-08-22T18:00:00.000-07:00,2026-08-22,18,O,X,4,542,3.33,4.12,7.44,9.16,62.77,68.71,98.35,173.89,30.0,60.0,0.07,0
SUNSET POINT,20510,ASUN,34.18847,-112.13467,3380,2026-08-23T00:53:15.000Z,2026-08-22T17:53:00.000-07:00,2026-08-23T01:00:00.000Z,2026-08-22T18:00:00.000-07:00,2026-08-22,18,O,X,4,617,3.18,4.48,8.4,9.9,55.15,49.54,98.44,149.65,30.0,60.0,0.04,0
CHERRY,20511,ACHE,34.59661,-112.04761,5147,2026-08-23T01:11:54.000Z,2026-08-22T18:11:00.000-07:00,2026-08-23T01:00:00.000Z,2026-08-22T18:00:00.000-07:00,2026-08-22,18,O,X,4,195,6.33,7.33,12.21,13.54,26.32,35.15,80.73,116.66,30.0,60.0,0.16,0
GLOBE,20601,AGLO,33.32694,-110.76694,4137,2026-08-23T01:06:25.000Z,2026-08-22T18:06:00.000-07:00,2026-08-23T01:00:00.000Z,2026-08-22T18:00:00.000-07:00,2026-08-22,18,O,X,4,513,12.95,17.57,9.43,10.07,7.69,35.34,43.49,87.98,30.0,60.0,0.06,0
PAYSON,20602,APAY,34.24614,-111.2935,5064,2026-08-23T01:11:04.000Z,2026-08-22T18:11:00.000-07:00,2026-08-23T01:00:00.000Z,2026-08-22T18:00:00.000-07:00,2026-08-22,18,O,X,4,379,34.8,6.51,10.42,12.17,0.0,0.0,0.0,0.0,30.0,60.0,0.12,0
PLEASANT VALLEY,20603,APLE,34.08858,-110.94225,5232,2026-08-23T01:00:34.000Z,2026-08-22T18:00:00.000-07:00,2026-08-23T01:00:00.000Z,2026-08-22T18:00:00.000-07:00,2026-08-22,18,O,X,4,295,8.48,8.45,13.32,14.41,13.45,20.96,70.68,86.51,30.0,60.0,0.13,0
TONTO BASIN,20606,ATON,33.86861,-111.31333,2414,2026-08-23T01:11:14.000Z,2026-08-22T18:11:00.000-07:00,2026-08-23T01:00:00.000Z,2026-08-22T18:00:00.000-07:00,2026-08-22,18,O,X,4,597,3.73,5.28,9.02,9.99,40.34,31.98,94.69,120.2,30.0,60.0,0.0,0
SAN CARLOS #1,20608,ASCA,33.37165,-110.45683,2830,2026-08-23T01:14:24.000Z,2026-08-22T18:14:00.000-07:00,2026-08-23T01:00:00.000Z,2026-08-22T18:00:00.000-07:00,2026-08-22,18,O,X,4,606,4.24,4.79,8.06,9.44,56.69,75.78,93.26,177.51,30.0,60.0,0.01,0
HILLTOP,20609,AHIL,33.61119,-110.41461,5732,2026-08-23T00:32:54.000Z,2026-08-22T17:32:00.000-07:00,2026-08-23T01:00:00.000Z,2026-08-22T18:00:00.000-07:00,2026-08-22,18,O,X,4,79,5.84,8.14,14.26,15.89,41.96,80.22,81.6,171.36,30.0,60.0,0.27,0
RED LAKE,20610,ARED,34.18133,-110.78919,6524,2026-08-23T00:59:34.000Z,2026-08-22T17:59:00.000-07:00,2026-08-23T01:00:00.000Z,2026-08-22T18:00:00.000-07:00,2026-08-22,18,O,X,4,89,26.86,19.1,17.68,18.64,0.0,0.0,0.67,0.0,52.52,74.33,0.37,0
SHADOW RIM,20611,ASHA,34.40586,-111.28319,5660,2026-08-23T01:09:14.000Z,2026-08-22T18:09:00.000-07:00,2026-08-23T01:00:00.000Z,2026-08-22T18:00:00.000-07:00,2026-08-22,18,O,X,4,441,34.75,8.51,14.52,15.5,0.0,0.0,0.0,0.0,30.0,60.0,0.18,0
PINE,20612,APNE,34.37181,-111.4555,5313,2026-08-23T01:22:24.000Z,2026-08-22T18:22:00.000-07:00,2026-08-23T01:00:00.000Z,2026-08-22T18:00:00.000-07:00,2026-08-22,18,O,X,4,457,35.0,19.74,11.65,13.0,0.0,0.0,0.0,0.0,30.0,60.0,0.16,0
HORSE CAMP CANYON,20903,AHOR,32.93656,-110.4935,4014,2026-08-23T01:02:55.000Z,2026-08-22T18:02:00.000-07:00,2026-08-23T01:00:00.000Z,2026-08-22T18:00:00.000-07:00,2026-08-22,18,O,X,4,572,34.93,5.43,9.09,10.41,0.0,0.0,0.0,0.0,30.0,60.0,0.06,0
CASA GRANDE,20906,ACSG,32.99177,-111.53264,1412,2026-08-23T01:22:34.000Z,2026-08-22T18:22:00.000-07:00,2026-08-23T01:00:00.000Z,2026-08-22T18:00:00.000-07:00,2026-08-22,18,O,X,4,684,3.13,5.09,10.1,11.36,56.68,49.64,97.7,149.28,30.0,60.0,0.0,0
COLUMBINE,21005,ACOL,32.70389,-109.91389,9521,2026-08-23T01:02:04.000Z,2026-08-22T18:02:00.000-07:00,2026-08-23T01:00:00.000Z,2026-08-22T18:00:00.000-07:00,2026-08-22,18,O,X,4,34,7.82,9.5,15.5,17.92,6.3,4.17,27.03,26.46,240.83,194.16,0.97,0
MULESHOE RANCH,21007,AMUL,32.40383,-110.272,4475,2026-08-23T01:03:05.000Z,2026-08-22T18:03:00.000-07:00,2026-08-23T01:00:00.000Z,2026-08-22T18:00:00.000-07:00,2026-08-22,18,O,X,4,367,34.95,7.52,10.42,12.2,0.0,0.0,0.0,0.0,30.0,60.0,0.11,0
BLACK HILLS,21008,ABLA,33.08203,-109.95119,3262,2026-08-23T00:53:35.000Z,2026-08-22T17:53:00.000-07:00,2026-08-23T01:00:00.000Z,2026-08-22T18:00:00.000-07:00,2026-08-22,18,O,X,4,661,2.98,4.43,7.3,8.91,81.51,130.43,99.45,234.71,30.0,60.0,0.03,0
DRY LAKE,21009,ADRL,33.35982,-109.83306,7405,2026-08-23T01:27:34.000Z,2026-08-22T18:27:00.000-07:00,2026-08-23T01:00:00.000Z,2026-08-22T18:00:00.000-07:00,2026-08-22,18,O,X,4,382,6.6,7.5,10.55,12.84,17.6,19.71,75.19,86.54,46.91,70.76,0.35,0
NOON CREEK,21010,ANOO,32.66778,-109.78806,4925,2026-08-23T00:37:04.000Z,2026-08-22T17:37:00.000-07:00,2026-08-23T01:00:00.000Z,2026-08-22T18:00:00.000-07:00,2026-08-22,18,O,X,4,458,4.31,5.37,8.55,10.42,31.08,24.66,92.01,105.27,30.0,60.0,0.1,0
GUTHRIE,21104,AGUT,32.88203,-109.30931,6324,2026-08-23T01:03:45.000Z,2026-08-22T18:03:00.000-07:00,2026-08-23T01:00:00.000Z,2026-08-22T18:00:00.000-07:00,2026-08-22,18,O,X,4,401,6.68,5.89,8.72,10.58,40.83,197.57,81.28,258.93,30.0,60.0,0.23,0
TRAIL CABIN,21105,ATRA,33.26478,-109.36789,6250,2026-08-23T00:35:39.000Z,2026-08-22T17:35:00.000-07:00,2026-08-23T01:00:00.000Z,2026-08-22T18:00:00.000-07:00,2026-08-22,18,O,X,4,414,34.78,7.98,10.57,12.11,0.0,0.0,0.0,0.0,30.0,60.0,0.16,0
STRAY HORSE,21106,ASTH,33.55253,-109.31719,7956,2026-08-23T01:19:04.000Z,2026-08-22T18:19:00.000-07:00,2026-08-23T01:00:00.000Z,2026-08-22T18:00:00.000-07:00,2026-08-22,18,O,X,4,110,8.7,8.47,10.97,12.42,13.34,24.66,43.05,74.21,128.49,122.68,0.61,0
SAGUARO,21202,ASAG,32.31111,-110.81861,2758,2026-08-23T01:08:04.000Z,2026-08-22T18:08:00.000-07:00,2026-08-23T01:00:00.000Z,2026-08-22T18:00:00.000-07:00,2026-08-22,18,O,X,4,424,4.41,6.23,11.15,11.97,27.93,19.41,90.3,93.47,30.0,60.0,0.01,0
EMPIRE,21205,AEMP,31.78347,-110.64325,4650,2026-08-23T00:53:55.000Z,2026-08-22T17:53:00.000-07:00,2026-08-23T01:00:00.000Z,2026-08-22T18:00:00.000-07:00,2026-08-22,18,O,X,4,278,5.56,7.2,13.07,14.95,33.38,43.99,84.05,131.77,30.0,60.0,0.17,0
SASABE,21206,ASAS,31.69169,-111.44811,3500,2026-08-23T01:05:44.000Z,2026-08-22T18:05:00.000-07:00,2026-08-23T01:00:00.000Z,2026-08-22T18:00:00.000-07:00,2026-08-22,18,O,X,4,624,24.12,18.87,14.18,14.45,0.03,3.45,4.01,10.08,30.0,60.0,0.05,0
RINCON,21207,ARIN,32.20639,-110.54861,8209,2026-08-23T00:37:35.000Z,2026-08-22T17:37:00.000-07:00,2026-08-23T01:00:00.000Z,2026-08-22T18:00:00.000-07:00,2026-08-22,18,O,X,4,14,9.78,8.32,11.78,14.57,3.65,2.65,27.24,21.55,192.08,163.14,0.82,0
SCOUT CAMP,21208,ASOL,32.39806,-110.725,7554,2026-08-23T00:37:14.000Z,2026-08-22T17:37:00.000-07:00,2026-08-23T01:00:00.000Z,2026-08-22T18:00:00.000-07:00,2026-08-22,18,O,X,4,84,5.94,6.56,9.85,12.46,18.21,16.06,50.25,65.43,151.69,137.44,0.69,0
SELLS,21209,ASES,31.91014,-111.89743,2262,2026-08-23T01:14:14.000Z,2026-08-22T18:14:00.000-07:00,2026-08-23T01:00:00.000Z,2026-08-22T18:00:00.000-07:00,2026-08-22,18,O,X,4,508,4.5,5.43,9.77,11.59,63.63,216.5,91.11,284.63,30.0,60.0,0.02,0
HOPKINS,21302,AHPK,31.67528,-110.88,7120,2026-08-23T01:19:24.000Z,2026-08-22T18:19:00.000-07:00,2026-08-23T01:00:00.000Z,2026-08-22T18:00:00.000-07:00,2026-08-22,18,O,X,4,481,16.57,21.58,10.23,12.52,4.43,127.78,23.72,120.24,30.0,60.0,0.28,0
CANELO,21303,ACNL,31.54972,-110.51917,4629,2026-08-23T01:08:54.000Z,2026-08-22T18:08:00.000-07:00,2026-08-23T01:00:00.000Z,2026-08-22T18:00:00.000-07:00,2026-08-22,18,O,X,4,116,8.71,15.1,13.32,14.87,16.22,32.16,61.95,99.15,30.0,60.0,0.27,0
HEADQUARTERS,21409,ACHR,32.00611,-109.35694,5400,2026-08-23T00:37:05.000Z,2026-08-22T17:37:00.000-07:00,2026-08-23T01:00:00.000Z,2026-08-22T18:00:00.000-07:00,2026-08-22,18,O,X,4,464,3.75,6.79,11.19,12.52,57.19,66.91,92.28,166.82,30.0,60.0,0.15,0
CARR,21411,ACAA,31.44111,-110.28611,5400,2026-08-23T01:19:14.000Z,2026-08-22T18:19:00.000-07:00,2026-08-23T01:00:00.000Z,2026-08-22T18:00:00.000-07:00,2026-08-22,18,O,X,4,75,34.81,6.31,10.16,12.64,0.0,0.0,0.0,0.0,31.38,60.88,0.3,0
RUCKER,21414,ARUC,31.76111,-109.34861,5700,2026-08-23T00:57:04.000Z,2026-08-22T17:57:00.000-07:00,2026-08-23T01:00:00.000Z,2026-08-22T18:00:00.000-07:00,2026-08-22,18,O,X,4,49,34.92,6.46,11.42,14.59,0.0,0.0,0.0,0.0,62.89,80.93,0.4,0
SMITH PEAK,21501,ASMI,34.11486,-113.34733,2386,2026-08-23T00:53:05.000Z,2026-08-22T17:53:00.000-07:00,2026-08-23T01:00:00.000Z,2026-08-22T18:00:00.000-07:00,2026-08-22,18,O,X,4,654,2.92,3.67,6.83,8.35,74.69,81.34,100.96,190.21,30.0,60.0,0.02,0
OATMAN,21502,AOAT,33.04994,-113.13867,1715,2026-08-23T00:52:35.000Z,2026-08-22T17:52:00.000-07:00,2026-08-23T01:00:00.000Z,2026-08-22T18:00:00.000-07:00,2026-08-22,18,O,X,4,634,2.87,3.75,7.13,8.18,85.33,105.43,101.08,214.43,30.0,60.0,0.0,0
AHAKHAV PRESERVE,21503,AAHA,34.13222,-114.32917,363,2026-08-23T01:26:44.000Z,2026-08-22T18:26:00.000-07:00,2026-08-23T01:00:00.000Z,2026-08-22T18:00:00.000-07:00,2026-08-22,18,O,X,4,745,2.81,4.76,9.28,10.47,49.95,33.66,99.69,126.01,30.0,60.0,0.0,0
BELMONT,21504,ABEL,33.67411,-112.92281,1813,2026-08-23T01:01:45.000Z,2026-08-22T18:01:00.000-07:00,2026-08-23T01:00:00.000Z,2026-08-22T18:00:00.000-07:00,2026-08-22,18,O,X,4,690,2.71,3.65,6.89,8.69,67.04,60.69,101.96,166.99,30.0,60.0,0.01,0
GOLDFIELD,21505,AGOL,33.55531,-111.6145,1367,2026-08-23T01:23:14.000Z,2026-08-22T18:23:00.000-07:00,2026-08-23T01:00:00.000Z,2026-08-22T18:00:00.000-07:00,2026-08-22,18,O,X,4,680,2.83,4.76,10.01,10.95,54.92,41.61,99.6,138.86,30.0,60.0,0.0,0
WASHINGTON PASS,290101,XWAS,36.0765,-108.8615,9384,2026-08-23T00:41:14.000Z,2026-08-22T17:41:00.000-07:00,2026-08-23T01:00:00.000Z,2026-08-22T18:00:00.000-07:00,2026-08-22,18,O,X,4,248,14.93,19.53,11.81,13.15,1.75,6.24,14.03,23.55,109.52,110.6,0.55,0
ALBINO CANYON,290102,XALB,36.97661,-107.62892,7173,2026-08-23T01:26:05.000Z,2026-08-22T18:26:00.000-07:00,2026-08-23T01:00:00.000Z,2026-08-22T18:00:00.000-07:00,2026-08-22,18,O,X,4,481,23.71,15.37,8.87,9.72,0.03,5.8,6.26,15.71,30.0,60.0,0.03,0
STONE LAKE,290201,XSTO,36.73161,-106.86581,7436,2026-08-23T00:33:34.000Z,2026-08-22T17:33:00.000-07:00,2026-08-23T01:00:00.000Z,2026-08-22T18:00:00.000-07:00,2026-08-22,18,O,X,4,484,7.31,8.75,11.76,12.08,14.89,17.2,74.89,81.13,30.0,60.0,0.06,0
COYOTE,290202,XCOY,36.07333,-106.65739,8704,2026-08-23T00:48:54.000Z,2026-08-22T17:48:00.000-07:00,2026-08-23T01:00:00.000Z,2026-08-22T18:00:00.000-07:00,2026-08-22,18,O,X,4,247,16.14,23.78,15.6,13.97,2.5,28.22,19.63,55.03,42.57,68.0,0.34,0
DEADMAN PEAK,290203,XDEA,36.4229,-106.772,8389,2026-08-23T01:07:54.000Z,2026-08-22T18:07:00.000-07:00,2026-08-23T01:00:00.000Z,2026-08-22T18:00:00.000-07:00,2026-08-22,18,O,X,4,489,10.43,15.94,10.76,11.76,10.67,30.76,54.72,91.75,30.0,60.0,0.01,0
JARITA MESA,290204,XJAR,36.55597,-106.10306,8864,2026-08-23T01:16:04.000Z,2026-08-22T18:16:00.000-07:00,2026-08-23T01:00:00.000Z,2026-08-22T18:00:00.000-07:00,2026-08-22,18,O,X,4,194,7.35,9.26,12.32,13.06,13.11,14.48,74.09,74.59,30.0,60.0,0.29,0
DULCE #2,290205,XDUL,36.93519,-107.00011,6805,2026-08-23T01:28:24.000Z,2026-08-22T18:28:00.000-07:00,2026-08-23T01:00:00.000Z,2026-08-22T18:00:00.000-07:00,2026-08-22,18,O,X,4,404,34.42,18.0,12.3,12.89,0.0,0.0,0.0,0.0,30.0,60.0,0.05,0
TRUCHAS,290210,XTRU,36.059,-105.7695,8353,2026-08-23T01:11:14.000Z,2026-08-22T18:11:00.000-07:00,2026-08-23T01:00:00.000Z,2026-08-22T18:00:00.000-07:00,2026-08-22,18,O,X,4,246,10.7,12.37,14.93,14.53,7.83,19.7,57.56,76.5,30.0,60.0,0.16,0
BLACK MESA,290305,XBLM,36.03708,-106.04964,5762,2026-08-23T00:34:24.000Z,2026-08-22T17:34:00.000-07:00,2026-08-23T01:00:00.000Z,2026-08-22T18:00:00.000-07:00,2026-08-22,18,O,X,4,610,5.32,7.1,11.1,11.45,43.98,71.83,85.17,166.11,30.0,60.0,0.0,0
WILD RIVERS,290307,XWDR,36.69469,-105.66872,7530,2026-08-23T00:49:55.000Z,2026-08-22T17:49:00.000-07:00,2026-08-23T01:00:00.000Z,2026-08-22T18:00:00.000-07:00,2026-08-22,18,O,X,4,518,8.64,9.36,13.04,13.72,17.62,39.42,68.94,114.36,30.0,60.0,0.0,0
CIMARRON,290401,XCIM,36.60611,-105.12028,8806,2026-08-23T01:09:54.000Z,2026-08-22T18:09:00.000-07:00,2026-08-23T01:00:00.000Z,2026-08-22T18:00:00.000-07:00,2026-08-22,18,O,X,4,217,8.56,9.12,13.28,14.98,7.58,7.92,45.33,45.07,119.49,116.95,0.58,0
ZUNI BUTTES,290603,XZUB,35.13919,-108.94131,6649,2026-08-23T00:42:54.000Z,2026-08-22T17:42:00.000-07:00,2026-08-23T01:00:00.000Z,2026-08-22T18:00:00.000-07:00,2026-08-22,18,O,X,4,222,27.09,23.78,12.47,13.46,0.0,0.0,0.0,0.0,30.0,60.0,0.07,0
JEMEZ,290702,XJEM,35.84114,-106.61969,8248,2026-08-23T01:08:44.000Z,2026-08-22T18:08:00.000-07:00,2026-08-23T01:00:00.000Z,2026-08-22T18:00:00.000-07:00,2026-08-22,18,O,X,4,311,9.18,9.89,13.72,13.97,8.97,13.7,66.21,69.04,30.0,60.0,0.24,0
CUBA,290705,XCUB,35.942,-107.07739,6890,2026-08-23T00:41:05.000Z,2026-08-22T17:41:00.000-07:00,2026-08-23T01:00:00.000Z,2026-08-22T18:00:00.000-07:00,2026-08-22,18,O,X,4,471,8.17,8.5,11.82,12.96,19.3,40.01,71.83,117.34,30.0,60.0,0.07,0
SANDIA LAKES,290706,XSLK,35.22967,-106.59061,5027,2026-08-23T00:42:44.000Z,2026-08-22T17:42:00.000-07:00,2026-08-23T01:00:00.000Z,2026-08-22T18:00:00.000-07:00,2026-08-22,18,O,X,4,676,4.72,7.33,11.02,11.02,35.77,37.59,87.35,124.76,30.0,60.0,0.0,0
TOWER,290801,XTOW,35.77899,-106.26611,6529,2026-08-23T01:08:24.000Z,2026-08-22T18:08:00.000-07:00,2026-08-23T01:00:00.000Z,2026-08-22T18:00:00.000-07:00,2026-08-22,18,O,X,4,529,5.9,6.68,10.76,11.17,46.5,101.67,83.4,193.02,30.0,60.0,0.02,0
SANTA FE WATERSHED,290901,XSFW,35.68686,-105.86031,7749,2026-08-23T00:53:04.000Z,2026-08-22T17:53:00.000-07:00,2026-08-23T01:00:00.000Z,2026-08-22T18:00:00.000-07:00,2026-08-22,18,O,X,4,367,11.0,9.82,13.99,13.96,9.25,30.59,59.27,94.94,30.0,60.0,0.2,0
BARTLEY,291002,XBAR,35.90875,-105.38769,9192,2026-08-23T01:04:14.000Z,2026-08-22T18:04:00.000-07:00,2026-08-23T01:00:00.000Z,2026-08-22T18:00:00.000-07:00,2026-08-22,18,O,X,4,130,14.16,16.56,13.4,13.83,1.5,3.36,16.99,19.34,110.18,111.03,0.56,0
MILLS CANYON,291101,XMIL,36.05453,-104.32511,5881,2026-08-23T01:05:54.000Z,2026-08-22T18:05:00.000-07:00,2026-08-23T01:00:00.000Z,2026-08-22T18:00:00.000-07:00,2026-08-22,18,O,X,4,537,34.9,6.77,10.15,12.28,0.0,0.0,0.0,0.0,30.0,60.0,0.09,0
PECOS,291202,XPEC,35.54558,-105.49439,8229,2026-08-23T01:14:04.000Z,2026-08-22T18:14:00.000-07:00,2026-08-23T01:00:00.000Z,2026-08-22T18:00:00.000-07:00,2026-08-22,18,O,X,4,79,21.2,21.33,12.48,12.7,0.11,2.9,6.19,11.36,47.65,71.23,0.36,0
BRUSHY MOUNTAIN,291301,XBRU,34.72,-107.8484,8789,2026-08-23T00:49:44.000Z,2026-08-22T17:49:00.000-07:00,2026-08-23T01:00:00.000Z,2026-08-22T18:00:00.000-07:00,2026-08-22,18,O,X,4,209,15.02,21.03,13.13,14.36,4.2,39.55,20.95,66.22,65.09,82.33,0.41,0
GRANTS,291302,XGRA,35.24278,-107.66528,8620,2026-08-23T01:16:24.000Z,2026-08-22T18:16:00.000-07:00,2026-08-23T01:00:00.000Z,2026-08-22T18:00:00.000-07:00,2026-08-22,18,O,X,4,124,11.46,11.09,14.99,15.08,4.92,11.24,41.81,51.01,81.44,92.73,0.46,0
OAK FLATS,291402,XOAK,35.00614,-106.31583,7675,2026-08-23T01:04:04.000Z,2026-08-22T18:04:00.000-07:00,2026-08-23T01:00:00.000Z,2026-08-22T18:00:00.000-07:00,2026-08-22,18,O,X,4,450,6.99,7.83,11.96,12.98,17.2,21.99,77.38,92.21,30.0,60.0,0.15,0
SANDIA LAB,291408,XSLB,35.00406,-106.41148,6321,2026-08-23T00:53:34.000Z,2026-08-22T17:53:00.000-07:00,2026-08-23T01:00:00.000Z,2026-08-22T18:00:00.000-07:00,2026-08-22,18,O,X,4,258,6.93,6.99,9.91,10.62,26.31,49.75,78.73,135.31,30.0,60.0,0.11,0
MOUNTAINAIR,291501,XMOU,34.52081,-106.26269,6593,2026-08-23T01:05:54.000Z,2026-08-22T18:05:00.000-07:00,2026-08-23T01:00:00.000Z,2026-08-22T18:00:00.000-07:00,2026-08-22,18,O,X,4,468,6.44,6.85,11.45,12.88,39.14,88.79,80.93,178.87,30.0,60.0,0.08,0
MELROSE RANGE,291901,XMEL,34.28422,-103.71497,4263,2026-08-23T01:14:11.000Z,2026-08-22T18:14:00.000-07:00,2026-08-23T01:00:00.000Z,2026-08-22T18:00:00.000-07:00,2026-08-22,18,O,X,4,651,4.22,5.57,9.43,10.15,65.24,175.33,92.1,259.59,30.0,60.0,0.0,0
BEAVERHEAD,292001,XBEA,33.42353,-108.11019,6750,2026-08-23T01:08:14.000Z,2026-08-22T18:08:00.000-07:00,2026-08-23T01:00:00.000Z,2026-08-22T18:00:00.000-07:00,2026-08-22,18,O,X,4,177,17.43,16.14,16.78,17.45,1.22,10.82,25.06,39.61,30.0,60.0,0.23,0
LUNA,292004,XLUN,33.82289,-108.94311,7088,2026-08-23T01:07:14.000Z,2026-08-22T18:07:00.000-07:00,2026-08-23T01:00:00.000Z,2026-08-22T18:00:00.000-07:00,2026-08-22,18,O,X,4,259,12.35,13.49,17.87,18.02,4.9,15.03,50.02,63.32,30.0,60.0,0.29,0
RESERVE,292005,XRES,33.71489,-108.777,5846,2026-08-23T01:08:14.000Z,2026-08-22T18:08:00.000-07:00,2026-08-23T01:00:00.000Z,2026-08-22T18:00:00.000-07:00,2026-08-22,18,O,X,4,454,13.73,11.4,16.37,16.4,3.59,14.64,46.73,60.63,30.0,60.0,0.1,0
SLAUGHTER,292008,XSLA,34.06056,-108.44472,8680,2026-08-23T01:12:54.000Z,2026-08-22T18:12:00.000-07:00,2026-08-23T01:00:00.000Z,2026-08-22T18:00:00.000-07:00,2026-08-22,18,O,X,4,20,19.15,18.36,14.86,16.13,0.25,2.27,8.9,11.99,137.54,128.44,0.64,0
PELONA MOUNTAIN,292009,XPEL,33.69375,-108.06161,7955,2026-08-23T00:38:25.000Z,2026-08-22T17:38:00.000-07:00,2026-08-23T01:00:00.000Z,2026-08-22T18:00:00.000-07:00,2026-08-22,18,O,X,4,235,8.71,8.49,11.75,13.65,18.35,46.83,57.08,113.5,77.68,90.34,0.45,0
GILA CENTER RAWS,292011,XGIL,33.22375,-108.24031,5767,2026-08-23T01:13:04.000Z,2026-08-22T18:13:00.000-07:00,2026-08-23T01:00:00.000Z,2026-08-22T18:00:00.000-07:00,2026-08-22,18,O,X,4,270,15.09,17.98,14.63,16.13,3.31,22.44,34.23,63.96,30.0,60.0,0.11,0
DATIL,292012,XDAT,34.29256,-107.768,8431,2026-08-23T01:11:04.000Z,2026-08-22T18:11:00.000-07:00,2026-08-23T01:00:00.000Z,2026-08-22T18:00:00.000-07:00,2026-08-22,18,O,X,4,176,11.76,10.43,13.73,14.66,7.87,30.0,38.98,77.6,89.82,98.07,0.49,0
MOGOLLON,292013,XMOG,33.39064,-108.80819,7602,2026-08-23T01:13:15.000Z,2026-08-22T18:13:00.000-07:00,2026-08-23T01:00:00.000Z,2026-08-22T18:00:00.000-07:00,2026-08-22,18,O,X,4,159,19.67,17.19,11.11,12.67,0.47,6.61,10.21,20.9,54.78,75.77,0.38,0
CHUPADERA,292102,XCHU,33.77294,-106.0985,5580,2026-08-23T00:39:45.000Z,2026-08-22T17:39:00.000-07:00,2026-08-23T01:00:00.000Z,2026-08-22T18:00:00.000-07:00,2026-08-22,18,O,X,4,515,3.97,6.8,10.5,10.94,67.76,123.26,91.33,219.91,30.0,60.0,0.01,0
BOSQUE,292103,XBOS,33.82064,-106.88169,4523,2026-08-23T00:50:24.000Z,2026-08-22T17:50:00.000-07:00,2026-08-23T01:00:00.000Z,2026-08-22T18:00:00.000-07:00,2026-08-22,18,O,X,4,668,3.99,6.77,11.09,11.91,50.01,56.36,91.27,153.38,30.0,60.0,0.0,0
MAGDALENA,292104,XMAG,33.85061,-107.539,8495,2026-08-23T01:03:54.000Z,2026-08-22T18:03:00.000-07:00,2026-08-23T01:00:00.000Z,2026-08-22T18:00:00.000-07:00,2026-08-22,18,O,X,4,55,9.44,9.03,12.17,14.0,8.92,14.94,43.03,58.92,115.27,114.26,0.57,0
SEVILLETA,292105,XSEV,34.35844,-106.6895,5246,2026-08-23T01:11:44.000Z,2026-08-22T18:11:00.000-07:00,2026-08-23T01:00:00.000Z,2026-08-22T18:00:00.000-07:00,2026-08-22,18,O,X,4,555,17.6,18.61,11.63,11.67,1.82,24.34,21.55,53.66,30.0,60.0,0.0,0
SMOKEY BEAR,292203,XSMO,33.35019,-105.686,7194,2026-08-23T01:00:04.000Z,2026-08-22T18:00:00.000-07:00,2026-08-23T01:00:00.000Z,2026-08-22T18:00:00.000-07:00,2026-08-22,18,O,X,4,95,7.04,8.59,14.92,16.6,17.63,21.93,76.16,91.42,30.0,60.0,0.28,0
EIGHT MILE DRAW,292301,XEIG,33.65064,-104.32139,3626,2026-08-23T00:37:25.000Z,2026-08-22T17:37:00.000-07:00,2026-08-23T01:00:00.000Z,2026-08-22T18:00:00.000-07:00,2026-08-22,18,O,X,4,603,3.37,5.55,8.69,9.24,76.41,140.7,95.87,238.97,30.0,60.0,0.0,0
DUNKEN,292302,XDUN,32.82467,-105.18261,5431,2026-08-23T00:36:15.000Z,2026-08-22T17:36:00.000-07:00,2026-08-23T01:00:00.000Z,2026-08-22T18:00:00.000-07:00,2026-08-22,18,O,X,4,484,3.74,5.7,8.72,9.8,69.74,151.45,94.02,245.0,30.0,60.0,0.02,0
BURRO MOUNTAIN,292504,XBUR,32.67203,-108.53969,6995,2026-08-23T00:59:44.000Z,2026-08-22T17:59:00.000-07:00,2026-08-23T01:00:00.000Z,2026-08-22T18:00:00.000-07:00,2026-08-22,18,O,X,4,286,6.03,6.49,9.5,11.77,44.31,101.14,83.1,192.25,30.0,60.0,0.21,0
HACHITA VALLEY,292702,XHAC,31.702,-108.34169,4290,2026-08-23T00:40:54.000Z,2026-08-22T17:40:00.000-07:00,2026-08-23T01:00:00.000Z,2026-08-22T18:00:00.000-07:00,2026-08-22,18,O,X,4,588,3.12,4.88,7.95,10.39,74.75,91.77,98.1,198.41,30.0,60.0,0.04,0
MCGREGGOR RANGE,292901,XMCG,32.43133,-105.62181,4832,2026-08-23T00:37:35.000Z,2026-08-22T17:37:00.000-07:00,2026-08-23T01:00:00.000Z,2026-08-22T18:00:00.000-07:00,2026-08-22,18,O,X,4,595,3.54,4.93,7.68,9.77,73.12,126.44,96.13,227.8,30.0,60.0,0.01,0
DRIPPING SPRINGS,292903,XDRI,32.32225,-106.58661,5814,2026-08-23T01:26:15.000Z,2026-08-22T18:26:00.000-07:00,2026-08-23T01:00:00.000Z,2026-08-22T18:00:00.000-07:00,2026-08-22,18,O,X,4,444,3.89,4.68,7.55,9.73,49.67,56.85,94.94,156.81,30.0,60.0,0.12,0
SAN ANDRES,292904,XSAA,32.58008,-106.52719,6137,2026-08-23T01:01:54.000Z,2026-08-22T18:01:00.000-07:00,2026-08-23T01:00:00.000Z,2026-08-22T18:00:00.000-07:00,2026-08-22,18,O,X,4,489,4.15,4.97,7.9,9.97,47.57,56.09,93.34,154.63,30.0,60.0,0.09,0
MAYHILL,293002,XMAY,32.90947,-105.46981,6599,2026-08-23T01:01:54.000Z,2026-08-22T18:01:00.000-07:00,2026-08-23T01:00:00.000Z,2026-08-22T18:00:00.000-07:00,2026-08-22,18,O,X,4,462,4.59,7.23,12.1,14.29,39.25,45.91,88.04,137.27,30.0,60.0,0.14,0
MESCAL,293003,XMES,33.15803,-105.76881,6227,2026-08-23T00:41:24.000Z,2026-08-22T17:41:00.000-07:00,2026-08-23T01:00:00.000Z,2026-08-22T18:00:00.000-07:00,2026-08-22,18,O,X,4,210,6.13,8.2,14.38,16.6,28.4,40.53,78.46,122.93,37.64,64.86,0.32,0
COSMIC,293004,XCOS,32.77925,-105.81989,9172,2026-08-23T01:15:24.000Z,2026-08-22T18:15:00.000-07:00,2026-08-23T01:00:00.000Z,2026-08-22T18:00:00.000-07:00,2026-08-22,18,O,X,4,65,8.02,8.96,13.05,14.36,5.42,3.28,29.32,24.58,203.17,170.2,0.85,0
BATDRAW,293101,XBAD,32.17861,-104.44056,4425,2026-08-23T00:52:34.000Z,2026-08-22T17:52:00.000-07:00,2026-08-23T01:00:00.000Z,2026-08-22T18:00:00.000-07:00,2026-08-22,18,O,X,4,562,3.8,4.8,7.14,8.32,69.54,124.74,95.16,225.33,30.0,60.0,0.0,0
CAPROCK,293104,XCAP,32.92728,-103.85689,4167,2026-08-23T00:40:45.000Z,2026-08-22T17:40:00.000-07:00,2026-08-23T01:00:00.000Z,2026-08-22T18:00:00.000-07:00,2026-08-22,18,O,X,4,488,3.59,5.15,7.67,9.01,72.77,126.04,95.55,226.84,30.0,60.0,0.0,0
QUEEN,293105,XQUN,32.20361,-104.69031,5642,2026-08-23T01:13:14.000Z,2026-08-22T18:13:00.000-07:00,2026-08-23T01:00:00.000Z,2026-08-22T18:00:00.000-07:00,2026-08-22,18,O,X,4,365,4.52,5.41,8.2,10.0,54.37,85.33,91.05,185.41,30.0,60.0,0.06,0
PADUCA,293202,XPAD,32.17983,-103.722,3534,2026-08-23T00:39:54.000Z,2026-08-22T17:39:00.000-07:00,2026-08-23T01:00:00.000Z,2026-08-22T18:00:00.000-07:00,2026-08-22,18,O,X,4,602,3.65,5.43,8.21,9.08,72.68,112.96,94.86,214.97,30.0,60.0,0.0,0
MALPAIS LAVA FLOW,293301,XMAL,34.85181,-108.17461,7514,2026-08-23T01:25:55.000Z,2026-08-22T18:25:00.000-07:00,2026-08-23T01:00:00.000Z,2026-08-22T18:00:00.000-07:00,2026-08-22,18,O,X,4,177,10.79,12.04,16.44,16.06,11.78,44.35,57.6,111.15,30.0,60.0,0.25,0
BLUEWATER RIDGE,293303,XBLR,35.19411,-108.16336,8274,2026-08-23T01:05:44.000Z,2026-08-22T18:05:00.000-07:00,2026-08-23T01:00:00.000Z,2026-08-22T18:00:00.000-07:00,2026-08-22,18,O,X,4,209,25.48,16.07,12.79,13.53,0.0,0.0,3.6,0.0,82.2,93.22,0.47,0
LAGUNA,293304,XLAG,35.05197,-107.42028,5805,2026-08-23T00:33:44.000Z,2026-08-22T17:33:00.000-07:00,2026-08-23T01:00:00.000Z,2026-08-22T18:00:00.000-07:00,2026-08-22,18,O,X,4,543,6.93,7.3,9.85,10.11,39.9,156.15,78.3,228.42,30.0,60.0,0.01,0
RAMAH,293305,XRAM,34.81947,-108.29439,7645,2026-08-23T00:34:44.000Z,2026-08-22T17:34:00.000-07:00,2026-08-23T01:00:00.000Z,2026-08-22T18:00:00.000-07:00,2026-08-22,18,O,X,4,310,10.09,9.6,13.85,15.71,12.53,37.94,63.05,107.84,30.0,60.0,0.26,0
10K,55522198,X10K,35.2085,-106.43586,10065,2026-08-23T00:38:19.000Z,2026-08-22T17:38:00.000-07:00,2026-08-23T01:00:00.000Z,2026-08-22T18:00:00.000-07:00,2026-08-22,18,O,X,4,202,34.44,8.85,12.57,13.73,0.0,0.0,0.0,0.0,129.08,123.05,0.62,0
BAKERS TANK,55522210,AHBB,32.61528,-114.00836,563,2026-08-23T01:07:14.000Z,2026-08-22T18:07:00.000-07:00,2026-08-23T01:00:00.000Z,2026-08-22T18:00:00.000-07:00,2026-08-22,18,O,X,4,738,2.66,3.73,7.14,7.97,90.15,133.0,102.1,239.71,30.0,60.0,0.0,0
CAVE CREEK,55522232,ACAV,34.0899,-111.8465,3477,2026-08-23T01:20:39.000Z,2026-08-22T18:20:00.000-07:00,2026-08-23T01:00:00.000Z,2026-08-22T18:00:00.000-07:00,2026-08-22,18,O,X,4,537,3.04,4.69,8.68,9.86,45.84,33.23,98.76,124.73,30.0,60.0,0.03,0
CIPRIANO,55522238,ARIP,32.4235,-114.16211,1042,2026-08-23T00:59:08.000Z,2026-08-22T17:59:00.000-07:00,2026-08-23T01:00:00.000Z,2026-08-22T18:00:00.000-07:00,2026-08-22,18,O,X,4,710,2.58,3.82,7.77,8.94,80.55,82.93,102.3,193.07,30.0,60.0,0.0,0
DEVILS HILLS,55522251,ADVH,32.42483,-113.79011,836,2026-08-23T01:23:19.000Z,2026-08-22T18:23:00.000-07:00,2026-08-23T01:00:00.000Z,2026-08-22T18:00:00.000-07:00,2026-08-22,18,O,X,4,734,2.61,3.53,7.09,8.39,90.12,147.32,102.64,251.87,30.0,60.0,0.0,0
DUTCH KID,55522257,ADUT,35.12931,-112.28219,6505,2026-08-23T00:38:59.000Z,2026-08-22T17:38:00.000-07:00,2026-08-23T01:00:00.000Z,2026-08-22T18:00:00.000-07:00,2026-08-22,18,O,X,4,106,5.62,9.77,15.99,16.8,21.37,18.29,80.26,86.16,30.0,60.0,0.28,0
FTHL YDMA,55522271,AFTH,32.48658,-114.4635,331,2026-08-23T00:38:44.000Z,2026-08-22T17:38:00.000-07:00,2026-08-23T01:00:00.000Z,2026-08-22T18:00:00.000-07:00,2026-08-22,18,O,X,4,744,2.7,4.37,9.73,11.27,89.31,106.34,100.84,215.04,30.0,60.0,0.0,0
MIDNIGHT,55522315,XMID,36.77819,-105.34131,10815,2026-08-23T00:37:59.000Z,2026-08-22T17:37:00.000-07:00,2026-08-23T01:00:00.000Z,2026-08-22T18:00:00.000-07:00,2026-08-22,18,O,X,4,156,31.56,28.59,16.34,16.94,0.0,0.0,0.0,0.0,197.38,166.51,0.83,0
MOHAWK DUNES,55522318,AMOD,32.68878,-113.74889,524,2026-08-23T01:23:09.000Z,2026-08-22T18:23:00.000-07:00,2026-08-23T01:00:00.000Z,2026-08-22T18:00:00.000-07:00,2026-08-22,18,O,X,4,747,2.64,3.89,7.81,8.44,90.08,119.71,101.92,228.2,30.0,60.0,0.0,0
NEVERSHINE,55522326,ANEV,36.24753,-113.88851,2165,2026-08-23T01:03:51.000Z,2026-08-22T18:03:00.000-07:00,2026-08-23T01:00:00.000Z,2026-08-22T18:00:00.000-07:00,2026-08-22,18,O,X,4,679,2.36,3.58,5.82,7.68,87.93,96.01,103.71,207.83,30.0,60.0,0.0,0
PICACHO PEAK,55522341,APIC,32.66314,-111.42154,1750,2026-08-23T01:17:49.000Z,2026-08-22T18:17:00.000-07:00,2026-08-23T01:00:00.000Z,2026-08-22T18:00:00.000-07:00,2026-08-22,18,O,X,4,723,2.99,4.67,8.38,9.57,68.42,69.94,98.98,175.83,30.0,60.0,0.0,0
PINEDALE,55522344,APND,34.30617,-110.23661,6461,2026-08-23T00:38:39.000Z,2026-08-22T17:38:00.000-07:00,2026-08-23T01:00:00.000Z,2026-08-22T18:00:00.000-07:00,2026-08-22,18,O,X,4,257,34.58,20.13,14.06,14.11,0.0,0.0,0.0,0.0,30.0,60.0,0.25,0
TANKS,55522384,ATNK,33.67314,-110.57431,5801,2026-08-23T00:38:49.000Z,2026-08-22T17:38:00.000-07:00,2026-08-23T01:00:00.000Z,2026-08-22T18:00:00.000-07:00,2026-08-22,18,O,X,4,297,6.78,7.78,13.15,14.41,32.76,67.78,78.31,155.6,30.0,60.0,0.3,0
TAOS PUEBLO RAWS,55522385,XTAP,36.41461,-105.55689,7135,2026-08-23T01:13:34.000Z,2026-08-22T18:13:00.000-07:00,2026-08-23T01:00:00.000Z,2026-08-22T18:00:00.000-07:00,2026-08-22,18,O,X,4,453,6.04,7.23,11.22,12.36,21.42,22.8,82.04,96.32,30.0,60.0,0.03,0
CEDAR RIDGE,55523718,ACED,32.59872,-110.76231,4735,2026-08-23T00:37:19.000Z,2026-08-22T17:37:00.000-07:00,2026-08-23T01:00:00.000Z,2026-08-22T18:00:00.000-07:00,2026-08-22,18,O,X,4,320,5.61,6.09,9.31,10.74,29.92,36.24,85.44,121.44,30.0,60.0,0.13,0
RED CANYON,55523735,XRDC,34.62289,-106.40831,8070,2026-08-23T00:38:29.000Z,2026-08-22T17:38:00.000-07:00,2026-08-23T01:00:00.000Z,2026-08-22T18:00:00.000-07:00,2026-08-22,18,O,X,4,377,35.0,31.7,11.57,11.77,0.0,0.0,0.0,0.0,30.0,60.0,0.27,0
SOWATS,55523737,ASOW,36.48242,-112.42281,7038,2026-08-23T00:39:09.000Z,2026-08-22T17:39:00.000-07:00,2026-08-23T01:00:00.000Z,2026-08-22T18:00:00.000-07:00,2026-08-22,18,O,X,4,154,4.82,7.06,10.26,12.86,31.16,30.25,87.32,112.87,30.0,60.0,0.29,0
T BAR,55523738,XTBA,33.51789,-108.52419,8047,2026-08-23T00:39:19.000Z,2026-08-22T17:39:00.000-07:00,2026-08-23T01:00:00.000Z,2026-08-22T18:00:00.000-07:00,2026-08-22,18,O,X,4,22,26.49,15.33,17.04,18.25,0.0,0.0,2.84,0.0,118.49,116.31,0.58,0
FORT YUMA,20102,AFYM,32.65222,-114.63417,185,2026-08-23T02:16:14.000Z,2026-08-22T19:16:00.000-07:00,2026-08-23T02:00:00.000Z,2026-08-22T19:00:00.000-07:00,2026-08-22,19,O,X,4,744,3.17,4.02,8.26,9.89,40.67,26.21,99.22,112.08,30.0,60.0,0.0,0
MOUNT LOGAN,20107,AMTL,36.35306,-113.19917,7605,2026-08-23T01:33:25.000Z,2026-08-22T18:33:00.000-07:00,2026-08-23T02:00:00.000Z,2026-08-22T19:00:00.000-07:00,2026-08-22,19,O,X,4,152,5.14,6.84,9.79,11.7,36.05,47.77,70.32,126.08,91.36,99.05,0.5,0
OLAF KNOLLS,20108,AOLA,36.50725,-113.81589,2974,2026-08-23T01:33:35.000Z,2026-08-22T18:33:00.000-07:00,2026-08-23T02:00:00.000Z,2026-08-22T19:00:00.000-07:00,2026-08-22,19,O,X,4,629,3.03,3.94,6.38,8.08,76.74,92.36,100.02,200.79,30.0,60.0,0.02,0
TWEEDS POINT,20109,ATWE,36.58186,-113.732,5334,2026-08-23T01:33:55.000Z,2026-08-22T18:33:00.000-07:00,2026-08-23T02:00:00.000Z,2026-08-22T19:00:00.000-07:00,2026-08-22,19,O,X,4,553,4.09,4.96,7.54,9.28,64.21,98.63,93.64,200.76,30.0,60.0,0.04,0
NIXON FLATS,20113,ANIX,36.38833,-113.15806,6500,2026-08-23T01:50:15.000Z,2026-08-22T18:50:00.000-07:00,2026-08-23T02:00:00.000Z,2026-08-22T19:00:00.000-07:00,2026-08-22,19,O,X,4,302,4.46,7.96,13.61,13.97,29.13,24.39,87.54,102.36,30.0,60.0,0.26,0
BLACK ROCK,20114,ABRK,36.79436,-113.75056,7224,2026-08-23T01:50:05.000Z,2026-08-22T18:50:00.000-07:00,2026-08-23T02:00:00.000Z,2026-08-22T19:00:00.000-07:00,2026-08-22,19,O,X,4,192,5.93,6.38,9.11,11.63,29.46,42.43,76.83,124.35,57.26,77.34,0.39,0
MOSS BASIN,20115,AMOS,35.03397,-113.89406,5920,2026-08-23T02:00:00.000Z,2026-08-22T19:23:00.000-07:00,2026-08-23T02:00:00.000Z,2026-08-22T19:00:00.000-07:00,2026-08-22,19,F,X,4,394,4.91,5.8,11.24,13.25,43.97,63.39,88.81,159.88,30.0,60.0,0.27,0
UNION PASS,20116,AUNI,35.23233,-114.38194,3590,2026-08-23T01:52:35.000Z,2026-08-22T18:52:00.000-07:00,2026-08-23T02:00:00.000Z,2026-08-22T19:00:00.000-07:00,2026-08-22,19,O,X,4,580,3.44,4.23,7.18,8.66,69.51,90.26,97.67,196.5,30.0,60.0,0.03,0
HURRICANE,20117,AHUR,36.69908,-113.20731,5445,2026-08-23T01:34:05.000Z,2026-08-22T18:34:00.000-07:00,2026-08-23T02:00:00.000Z,2026-08-22T19:00:00.000-07:00,2026-08-22,19,O,X,4,407,4.4,6.69,9.67,11.02,62.49,133.3,89.64,226.02,30.0,60.0,0.18,0
HAVASU,20118,AHAV,34.80758,-114.53456,475,2026-08-23T01:52:45.000Z,2026-08-22T18:52:00.000-07:00,2026-08-23T02:00:00.000Z,2026-08-22T19:00:00.000-07:00,2026-08-22,19,O,X,4,653,2.53,4.15,8.06,9.33,63.88,51.44,101.98,154.77,30.0,60.0,0.0,0
MUSIC MOUNTAIN,20119,AMUS,35.61497,-113.79428,5375,2026-08-23T01:52:55.000Z,2026-08-22T18:52:00.000-07:00,2026-08-23T02:00:00.000Z,2026-08-22T19:00:00.000-07:00,2026-08-22,19,O,X,4,547,4.05,5.3,8.82,10.77,40.09,38.96,93.29,130.73,30.0,60.0,0.12,0
TRUXTON CANYON,20120,ATRU,35.78013,-113.79563,5304,2026-08-23T02:14:05.000Z,2026-08-22T19:14:00.000-07:00,2026-08-23T02:00:00.000Z,2026-08-22T19:00:00.000-07:00,2026-08-22,19,O,X,4,267,4.58,5.3,8.39,10.41,39.73,46.09,90.98,139.61,30.0,60.0,0.18,0
CIBOLA,20121,ACBL,33.28,-114.68489,252,2026-08-23T01:48:54.000Z,2026-08-22T18:48:00.000-07:00,2026-08-23T02:00:00.000Z,2026-08-22T19:00:00.000-07:00,2026-08-22,19,O,X,4,748,3.04,4.18,8.14,9.14,52.23,41.15,99.56,138.13,30.0,60.0,0.0,0
TUSAYAN,20207,ATUS,35.98833,-112.12056,6570,2026-08-23T02:08:24.000Z,2026-08-22T19:08:00.000-07:00,2026-08-23T02:00:00.000Z,2026-08-22T19:00:00.000-07:00,2026-08-22,19,O,X,4,348,6.53,8.78,14.58,15.57,15.57,14.92,77.96,77.4,30.0,60.0,0.22,0
FLAGSTAFF,20209,AFLG,35.14111,-111.6725,6903,2026-08-23T02:06:04.000Z,2026-08-22T19:06:00.000-07:00,2026-08-23T02:00:00.000Z,2026-08-22T19:00:00.000-07:00,2026-08-22,19,O,X,4,283,6.8,8.02,13.14,14.87,20.88,29.17,72.01,101.59,53.37,74.87,0.37,0
BRIGHT ANGEL,20211,ACAN,36.20472,-112.06222,8134,2026-08-23T02:07:54.000Z,2026-08-22T19:07:00.000-07:00,2026-08-23T02:00:00.000Z,2026-08-22T19:00:00.000-07:00,2026-08-22,19,O,X,4,265,5.71,7.43,10.96,12.78,19.11,17.16,72.27,79.72,72.39,86.98,0.43,0
DRY PARK,20212,ADRY,36.45308,-112.23819,8700,2026-08-23T01:38:24.000Z,2026-08-22T18:38:00.000-07:00,2026-08-23T02:00:00.000Z,2026-08-22T19:00:00.000-07:00,2026-08-22,19,O,X,4,93,7.1,8.42,12.35,14.52,11.16,9.78,43.94,48.96,148.49,135.4,0.68,0
FRAZIER WELLS,20213,AFRA,35.84551,-113.05501,6796,2026-08-23T02:00:00.000Z,2026-08-22T19:27:00.000-07:00,2026-08-23T02:00:00.000Z,2026-08-22T19:00:00.000-07:00,2026-08-22,19,F,X,4,92,6.13,7.13,10.53,11.86,35.04,66.02,75.41,151.09,55.48,76.21,0.38,0
MORMON LAKE,20215,AMOL,34.90972,-111.43842,7094,2026-08-23T02:03:14.000Z,2026-08-22T19:03:00.000-07:00,2026-08-23T02:00:00.000Z,2026-08-22T19:00:00.000-07:00,2026-08-22,19,O,X,4,282,7.91,9.47,15.16,15.2,27.95,80.46,61.32,150.46,69.54,85.16,0.43,0
WARM SPRINGS CANYON,20216,AWAR,36.70117,-112.22689,7953,2026-08-23T01:47:34.000Z,2026-08-22T18:47:00.000-07:00,2026-08-23T02:00:00.000Z,2026-08-22T19:00:00.000-07:00,2026-08-22,19,O,X,4,345,5.87,7.88,12.6,13.6,17.16,14.35,73.5,73.99,62.98,80.98,0.4,0
YELLOW JOHN MOUNTAIN,20217,AYEL,36.155,-113.54944,6160,2026-08-23T01:50:25.000Z,2026-08-22T18:50:00.000-07:00,2026-08-23T02:00:00.000Z,2026-08-22T19:00:00.000-07:00,2026-08-22,19,O,X,4,283,4.52,6.78,12.25,14.17,32.32,30.69,89.02,114.65,30.0,60.0,0.18,0
OAK CREEK,20219,AOAK,34.94686,-111.75444,4804,2026-08-23T02:03:04.000Z,2026-08-22T19:03:00.000-07:00,2026-08-23T02:00:00.000Z,2026-08-22T19:00:00.000-07:00,2026-08-22,19,O,X,4,574,5.4,6.35,10.35,12.07,24.79,23.44,85.94,99.65,30.0,60.0,0.09,0
LINDBERGH HILL,20220,ALBE,36.28556,-112.07861,8800,2026-08-23T02:08:14.000Z,2026-08-22T19:08:00.000-07:00,2026-08-23T02:00:00.000Z,2026-08-22T19:00:00.000-07:00,2026-08-22,19,O,X,4,395,6.42,7.17,10.91,12.62,13.2,10.84,68.22,62.85,77.73,90.37,0.45,0
PROMONTORY,20221,APRO,34.36528,-111.01444,7842,2026-08-23T01:49:34.000Z,2026-08-22T18:49:00.000-07:00,2026-08-23T02:00:00.000Z,2026-08-22T19:00:00.000-07:00,2026-08-22,19,O,X,4,121,12.64,8.36,12.2,14.33,1.95,2.9,23.27,20.88,169.19,148.57,0.74,0
GUNSIGHT,20223,AGUN,36.70464,-112.5835,5284,2026-08-23T01:34:14.000Z,2026-08-22T18:34:00.000-07:00,2026-08-23T02:00:00.000Z,2026-08-22T19:00:00.000-07:00,2026-08-22,19,O,X,4,522,4.11,6.52,9.82,11.18,36.19,31.32,91.17,117.0,30.0,60.0,0.14,0
BUCKSKIN MTN,20224,ABUC,36.91808,-112.19981,6334,2026-08-23T01:33:45.000Z,2026-08-22T18:33:00.000-07:00,2026-08-23T02:00:00.000Z,2026-08-22T19:00:00.000-07:00,2026-08-22,19,O,X,4,416,4.25,6.03,9.5,11.46,53.69,75.58,91.29,175.56,30.0,60.0,0.2,0
PARIA POINT,20226,APAR,36.72753,-111.822,7106,2026-08-23T02:00:45.000Z,2026-08-22T19:00:00.000-07:00,2026-08-23T02:00:00.000Z,2026-08-22T19:00:00.000-07:00,2026-08-22,19,O,X,4,398,4.94,6.4,10.01,10.89,36.51,45.24,87.78,136.17,30.0,60.0,0.24,0
FOUR SPRINGS,20227,AFOU,36.79367,-112.04239,6560,2026-08-23T02:19:25.000Z,2026-08-22T19:19:00.000-07:00,2026-08-23T02:00:00.000Z,2026-08-22T19:00:00.000-07:00,2026-08-22,19,O,X,4,284,5.1,6.27,10.18,10.77,38.67,53.54,87.29,146.76,30.0,60.0,0.25,0
GREENBASE,20284,AGRB,35.27619,-112.06325,6923,2026-08-23T02:16:34.000Z,2026-08-22T19:16:00.000-07:00,2026-08-23T02:00:00.000Z,2026-08-22T19:00:00.000-07:00,2026-08-22,19,O,X,4,223,7.84,9.67,15.8,17.45,12.93,16.98,62.98,74.46,63.49,81.31,0.41,0
HAPPY JACK,20291,AHJK,34.61797,-111.34239,6812,2026-08-23T02:02:04.000Z,2026-08-22T19:02:00.000-07:00,2026-08-23T02:00:00.000Z,2026-08-22T19:00:00.000-07:00,2026-08-22,19,O,X,4,381,9.8,9.26,14.51,16.23,7.83,13.07,56.29,62.69,61.12,79.8,0.4,0
HEBER,20301,AHBR,34.39778,-110.56444,6635,2026-08-23T02:03:04.000Z,2026-08-22T19:03:00.000-07:00,2026-08-23T02:00:00.000Z,2026-08-22T19:00:00.000-07:00,2026-08-22,19,O,X,4,219,14.06,10.57,13.83,15.61,3.25,14.5,46.11,60.01,30.5,60.32,0.3,0
LAKESIDE,20303,ALAK,34.16283,-109.87639,7267,2026-08-23T02:00:14.000Z,2026-08-22T19:00:00.000-07:00,2026-08-23T02:00:00.000Z,2026-08-22T19:00:00.000-07:00,2026-08-22,19,O,X,4,15,11.96,12.8,16.98,17.33,4.18,9.79,39.84,46.83,74.34,88.21,0.44,0
NAVAJO MONUMENT,20307,ANAV,36.67667,-110.54389,7204,2026-08-23T01:36:34.000Z,2026-08-22T18:36:00.000-07:00,2026-08-23T02:00:00.000Z,2026-08-22T19:00:00.000-07:00,2026-08-22,19,O,X,4,198,6.88,7.26,10.36,11.83,20.11,27.83,78.58,103.49,30.0,60.0,0.14,0
LIMESTONE CANYON,20309,ALIM,34.17786,-110.27663,7102,2026-08-23T02:00:00.000Z,2026-08-22T19:24:00.000-07:00,2026-08-23T02:00:00.000Z,2026-08-22T19:00:00.000-07:00,2026-08-22,19,F,X,4,335,17.18,12.42,11.35,12.75,2.34,36.47,28.87,73.93,34.46,62.84,0.31,0
MOUNTAIN LION,20310,AFAP,33.69511,-109.71078,7269,2026-08-23T02:14:54.000Z,2026-08-22T19:14:00.000-07:00,2026-08-23T02:00:00.000Z,2026-08-22T19:00:00.000-07:00,2026-08-22,19,O,X,4,66,9.27,9.11,14.16,16.2,7.95,10.89,40.81,49.73,125.45,120.74,0.6,0
HOPI,20312,AHPI,35.86292,-110.61495,5579,2026-08-23T02:13:45.000Z,2026-08-22T19:13:00.000-07:00,2026-08-23T02:00:00.000Z,2026-08-22T19:00:00.000-07:00,2026-08-22,19,O,X,4,473,6.44,7.36,12.22,12.36,42.1,146.33,80.23,224.18,30.0,60.0,0.07,0
ALPINE,20401,AALP,33.84272,-109.11161,8207,2026-08-23T02:16:54.000Z,2026-08-22T19:16:00.000-07:00,2026-08-23T02:00:00.000Z,2026-08-22T19:00:00.000-07:00,2026-08-22,19,O,X,4,81,12.41,10.67,14.33,15.91,2.25,3.42,22.95,22.39,140.97,130.62,0.65,0
PINEY HILL,20402,APIN,35.76111,-109.16719,8061,2026-08-23T01:41:24.000Z,2026-08-22T18:41:00.000-07:00,2026-08-23T02:00:00.000Z,2026-08-22T19:00:00.000-07:00,2026-08-22,19,O,X,4,184,34.2,15.48,11.04,12.51,0.0,0.0,0.0,0.0,49.55,72.44,0.36,0
GREER,20404,AGRE,34.05853,-109.44097,8240,2026-08-23T01:35:49.000Z,2026-08-22T18:35:00.000-07:00,2026-08-23T02:00:00.000Z,2026-08-22T19:00:00.000-07:00,2026-08-22,19,O,X,4,55,10.83,15.14,15.08,16.2,4.34,6.03,21.15,27.99,163.34,144.86,0.72,0
IRON SPRINGS,20501,AIRO,34.59361,-112.51139,5385,2026-08-23T02:06:34.000Z,2026-08-22T19:06:00.000-07:00,2026-08-23T02:00:00.000Z,2026-08-22T19:00:00.000-07:00,2026-08-22,19,O,X,4,379,4.83,6.52,11.73,13.67,30.77,30.26,88.08,113.35,30.0,60.0,0.22,0
CROWN KING,20502,ACRO,34.20336,-112.34561,6173,2026-08-23T02:00:00.000Z,2026-08-22T19:27:00.000-07:00,2026-08-23T02:00:00.000Z,2026-08-22T19:00:00.000-07:00,2026-08-22,19,F,X,4,377,6.01,6.48,11.02,12.82,32.47,51.53,83.2,141.05,30.0,60.0,0.25,0
VERDE,20503,AVER,34.54917,-111.84417,3101,2026-08-23T02:05:14.000Z,2026-08-22T19:05:00.000-07:00,2026-08-23T02:00:00.000Z,2026-08-22T19:00:00.000-07:00,2026-08-22,19,O,X,4,551,6.28,6.49,10.75,12.61,40.11,79.04,82.08,170.66,30.0,60.0,0.06,0
GOODWIN MESA,20507,AGOO,34.77614,-113.3375,4311,2026-08-23T02:00:00.000Z,2026-08-22T19:20:00.000-07:00,2026-08-23T02:00:00.000Z,2026-08-22T19:00:00.000-07:00,2026-08-22,19,F,X,4,447,4.08,4.99,10.0,11.75,66.18,110.56,93.62,211.57,30.0,60.0,0.12,0
HUMBUG CREEK,20508,AHUM,34.11,-112.3,5250,2026-08-23T01:48:15.000Z,2026-08-22T18:48:00.000-07:00,2026-08-23T02:00:00.000Z,2026-08-22T19:00:00.000-07:00,2026-08-22,19,O,X,4,257,4.78,5.33,9.23,11.04,45.99,63.79,90.05,161.37,30.0,60.0,0.19,0
STANTON,20509,ASTA,34.16403,-112.73486,3600,2026-08-23T02:01:25.000Z,2026-08-22T19:01:00.000-07:00,2026-08-23T02:00:00.000Z,2026-08-22T19:00:00.000-07:00,2026-08-22,19,O,X,4,542,3.75,4.12,7.37,9.13,57.4,67.23,96.48,170.64,30.0,60.0,0.07,0
SUNSET POINT,20510,ASUN,34.18847,-112.13467,3380,2026-08-23T01:53:15.000Z,2026-08-22T18:53:00.000-07:00,2026-08-23T02:00:00.000Z,2026-08-22T19:00:00.000-07:00,2026-08-22,19,O,X,4,617,3.45,4.34,8.31,9.87,56.66,58.21,97.48,160.47,30.0,60.0,0.04,0
CHERRY,20511,ACHE,34.59661,-112.04761,5147,2026-08-23T02:11:54.000Z,2026-08-22T19:11:00.000-07:00,2026-08-23T02:00:00.000Z,2026-08-22T19:00:00.000-07:00,2026-08-22,19,O,X,4,195,7.2,7.4,12.1,13.51,21.35,34.06,77.12,112.59,30.0,60.0,0.16,0
GLOBE,20601,AGLO,33.32694,-110.76694,4137,2026-08-23T02:06:25.000Z,2026-08-22T19:06:00.000-07:00,2026-08-23T02:00:00.000Z,2026-08-22T19:00:00.000-07:00,2026-08-22,19,O,X,4,513,10.51,16.27,9.46,10.14,12.73,37.26,54.09,99.68,30.0,60.0,0.06,0
PAYSON,20602,APAY,34.24614,-111.2935,5064,2026-08-23T02:11:04.000Z,2026-08-22T19:11:00.000-07:00,2026-08-23T02:00:00.000Z,2026-08-22T19:00:00.000-07:00,2026-08-22,19,O,X,4,379,35.0,19.39,10.39,12.24,0.0,0.0,0.0,0.0,30.0,60.0,0.12,0
PLEASANT VALLEY,20603,APLE,34.08858,-110.94225,5232,2026-08-23T02:00:34.000Z,2026-08-22T19:00:00.000-07:00,2026-08-23T02:00:00.000Z,2026-08-22T19:00:00.000-07:00,2026-08-22,19,O,X,4,295,9.07,8.49,13.23,14.38,17.56,46.48,68.36,122.89,30.0,60.0,0.13,0
TONTO BASIN,20606,ATON,33.86861,-111.31333,2414,2026-08-23T02:11:14.000Z,2026-08-22T19:11:00.000-07:00,2026-08-23T02:00:00.000Z,2026-08-22T19:00:00.000-07:00,2026-08-22,19,O,X,4,597,4.87,5.33,8.94,9.97,58.69,156.64,89.69,243.48,30.0,60.0,0.0,0
SAN CARLOS #1,20608,ASCA,33.37165,-110.45683,2830,2026-08-23T02:14:24.000Z,2026-08-22T19:14:00.000-07:00,2026-08-23T02:00:00.000Z,2026-08-22T19:00:00.000-07:00,2026-08-22,19,O,X,4,606,4.77,4.76,8.0,9.42,59.97,118.99,90.95,215.95,30.0,60.0,0.01,0
HILLTOP,20609,AHIL,33.61119,-110.41461,5732,2026-08-23T01:32:54.000Z,2026-08-22T18:32:00.000-07:00,2026-08-23T02:00:00.000Z,2026-08-22T19:00:00.000-07:00,2026-08-22,19,O,X,4,79,7.41,8.11,14.12,15.84,30.56,75.74,75.33,160.87,30.0,60.0,0.27,0
RED LAKE,20610,ARED,34.18133,-110.78919,6524,2026-08-23T01:59:34.000Z,2026-08-22T18:59:00.000-07:00,2026-08-23T02:00:00.000Z,2026-08-22T19:00:00.000-07:00,2026-08-22,19,O,X,4,89,22.02,20.14,17.96,18.72,0.07,2.37,5.76,10.03,52.52,74.33,0.37,0
SHADOW RIM,20611,ASHA,34.40586,-111.28319,5660,2026-08-23T02:09:14.000Z,2026-08-22T19:09:00.000-07:00,2026-08-23T02:00:00.000Z,2026-08-22T19:00:00.000-07:00,2026-08-22,19,O,X,4,441,34.99,18.9,14.61,15.48,0.0,0.0,0.0,0.0,30.0,60.0,0.18,0
PINE,20612,APNE,34.37181,-111.4555,5313,2026-08-23T02:00:00.000Z,2026-08-22T19:22:00.000-07:00,2026-08-23T02:00:00.000Z,2026-08-22T19:00:00.000-07:00,2026-08-22,19,F,X,4,457,6.55,6.62,10.76,12.81,27.0,42.35,80.8,127.16,30.0,60.0,0.16,0
HORSE CAMP CANYON,20903,AHOR,32.93656,-110.4935,4014,2026-08-23T02:02:55.000Z,2026-08-22T19:02:00.000-07:00,2026-08-23T02:00:00.000Z,2026-08-22T19:00:00.000-07:00,2026-08-22,19,O,X,4,572,23.24,10.46,9.05,10.4,0.11,11.55,9.46,26.08,30.0,60.0,0.06,0
CASA GRANDE,20906,ACSG,32.99177,-111.53264,1412,2026-08-23T02:00:00.000Z,2026-08-22T19:22:00.000-07:00,2026-08-23T02:00:00.000Z,2026-08-22T19:00:00.000-07:00,2026-08-22,19,F,X,4,684,3.6,4.47,9.53,11.16,55.95,57.74,96.6,159.2,30.0,60.0,0.0,0
COLUMBINE,21005,ACOL,32.70389,-109.91389,9521,2026-08-23T02:02:04.000Z,2026-08-22T19:02:00.000-07:00,2026-08-23T02:00:00.000Z,2026-08-22T19:00:00.000-07:00,2026-08-22,19,O,X,4,34,9.69,9.63,15.42,17.9,3.02,2.03,23.84,17.92,240.83,194.16,0.97,0
MULESHOE RANCH,21007,AMUL,32.40383,-110.272,4475,2026-08-23T02:03:05.000Z,2026-08-22T19:03:00.000-07:00,2026-08-23T02:00:00.000Z,2026-08-22T19:00:00.000-07:00,2026-08-22,19,O,X,4,367,23.38,17.57,10.53,12.18,0.07,8.93,5.56,18.14,30.0,60.0,0.11,0
BLACK HILLS,21008,ABLA,33.08203,-109.95119,3262,2026-08-23T01:53:35.000Z,2026-08-22T18:53:00.000-07:00,2026-08-23T02:00:00.000Z,2026-08-22T19:00:00.000-07:00,2026-08-22,19,O,X,4,661,3.81,4.41,7.24,8.89,68.81,100.1,95.74,204.2,30.0,60.0,0.03,0
DRY LAKE,21009,ADRL,33.35982,-109.83306,7405,2026-08-23T02:00:00.000Z,2026-08-22T19:27:00.000-07:00,2026-08-23T02:00:00.000Z,2026-08-22T19:00:00.000-07:00,2026-08-22,19,F,X,4,382,7.05,6.81,10.34,12.75,18.02,24.47,74.25,95.04,46.91,70.76,0.35,0
NOON CREEK,21010,ANOO,32.66778,-109.78806,4925,2026-08-23T01:37:04.000Z,2026-08-22T18:37:00.000-07:00,2026-08-23T02:00:00.000Z,2026-08-22T19:00:00.000-07:00,2026-08-22,19,O,X,4,458,6.38,5.45,8.64,10.59,16.74,15.08,83.14,80.11,30.0,60.0,0.1,0
GUTHRIE,21104,AGUT,32.88203,-109.30931,6324,2026-08-23T02:03:45.000Z,2026-08-22T19:03:00.000-07:00,2026-08-23T02:00:00.000Z,2026-08-22T19:00:00.000-07:00,2026-08-22,19,O,X,4,401,7.39,5.92,8.7,10.57,35.92,129.91,78.34,209.93,30.0,60.0,0.23,0
TRAIL CABIN,21105,ATRA,33.26478,-109.36789,6250,2026-08-23T01:35:39.000Z,2026-08-22T18:35:00.000-07:00,2026-08-23T02:00:00.000Z,2026-08-22T19:00:00.000-07:00,2026-08-22,19,O,X,4,414,23.36,11.98,10.41,12.1,0.06,7.24,8.48,20.01,30.0,60.0,0.16,0
STRAY HORSE,21106,ASTH,33.55253,-109.31719,7956,2026-08-23T02:19:04.000Z,2026-08-22T19:19:00.000-07:00,2026-08-23T02:00:00.000Z,2026-08-22T19:00:00.000-07:00,2026-08-22,19,O,X,4,110,8.9,8.57,11.05,12.41,11.55,20.46,42.13,67.44,128.49,122.68,0.61,0
SAGUARO,21202,ASAG,32.31111,-110.81861,2758,2026-08-23T02:08:04.000Z,2026-08-22T19:08:00.000-07:00,2026-08-23T02:00:00.000Z,2026-08-22T19:00:00.000-07:00,2026-08-22,19,O,X,4,424,5.45,6.29,11.05,11.94,50.54,92.46,85.82,187.21,30.0,60.0,0.01,0
EMPIRE,21205,AEMP,31.78347,-110.64325,4650,2026-08-23T01:53:55.000Z,2026-08-22T18:53:00.000-07:00,2026-08-23T02:00:00.000Z,2026-08-22T19:00:00.000-07:00,2026-08-22,19,O,X,4,278,6.07,7.19,12.95,14.9,24.66,28.69,81.97,107.01,30.0,60.0,0.17,0
SASABE,21206,ASAS,31.69169,-111.44811,3500,2026-08-23T02:05:44.000Z,2026-08-22T19:05:00.000-07:00,2026-08-23T02:00:00.000Z,2026-08-22T19:00:00.000-07:00,2026-08-22,19,O,X,4,624,17.82,18.92,14.07,14.47,2.04,28.58,20.0,55.83,30.0,60.0,0.05,0
RINCON,21207,ARIN,32.20639,-110.54861,8209,2026-08-23T01:37:35.000Z,2026-08-22T18:37:00.000-07:00,2026-08-23T02:00:00.000Z,2026-08-22T19:00:00.000-07:00,2026-08-22,19,O,X,4,14,9.5,8.22,11.72,14.55,4.18,3.36,27.86,24.3,192.08,163.14,0.82,0
SCOUT CAMP,21208,ASOL,32.39806,-110.725,7554,2026-08-23T01:37:14.000Z,2026-08-22T18:37:00.000-07:00,2026-08-23T02:00:00.000Z,2026-08-22T19:00:00.000-07:00,2026-08-22,19,O,X,4,84,6.91,6.39,9.8,12.43,16.45,18.36,46.53,67.15,151.69,137.44,0.69,0
SELLS,21209,ASES,31.91014,-111.89743,2262,2026-08-23T02:14:14.000Z,2026-08-22T19:14:00.000-07:00,2026-08-23T02:00:00.000Z,2026-08-22T19:00:00.000-07:00,2026-08-22,19,O,X,4,508,5.16,5.47,9.66,11.55,40.62,53.47,88.22,147.39,30.0,60.0,0.02,0
HOPKINS,21302,AHPK,31.67528,-110.88,7120,2026-08-23T02:19:24.000Z,2026-08-22T19:19:00.000-07:00,2026-08-23T02:00:00.000Z,2026-08-22T19:00:00.000-07:00,2026-08-22,19,O,X,4,481,14.41,20.53,10.33,12.36,6.67,71.4,34.63,109.5,30.0,60.0,0.28,0
CANELO,21303,ACNL,31.54972,-110.51917,4629,2026-08-23T02:08:54.000Z,2026-08-22T19:08:00.000-07:00,2026-08-23T02:00:00.000Z,2026-08-22T19:00:00.000-07:00,2026-08-22,19,O,X,4,116,8.32,14.36,13.22,14.84,22.54,55.23,64.23,129.28,30.0,60.0,0.27,0
HEADQUARTERS,21409,ACHR,32.00611,-109.35694,5400,2026-08-23T01:37:05.000Z,2026-08-22T18:37:00.000-07:00,2026-08-23T02:00:00.000Z,2026-08-22T19:00:00.000-07:00,2026-08-22,19,O,X,4,464,4.06,6.49,11.06,12.5,36.34,31.39,91.4,117.26,30.0,60.0,0.15,0
CARR,21411,ACAA,31.44111,-110.28611,5400,2026-08-23T02:19:14.000Z,2026-08-22T19:19:00.000-07:00,2026-08-23T02:00:00.000Z,2026-08-22T19:00:00.000-07:00,2026-08-22,19,O,X,4,75,24.14,10.2,10.13,12.62,0.01,2.73,8.39,12.71,31.38,60.88,0.3,0
RUCKER,21414,ARUC,31.76111,-109.34861,5700,2026-08-23T01:57:04.000Z,2026-08-22T18:57:00.000-07:00,2026-08-23T02:00:00.000Z,2026-08-22T19:00:00.000-07:00,2026-08-22,19,O,X,4,49,35.0,20.92,11.65,14.55,0.0,0.0,0.0,0.0,62.89,80.93,0.4,0
SMITH PEAK,21501,ASMI,34.11486,-113.34733,2386,2026-08-23T01:53:05.000Z,2026-08-22T18:53:00.000-07:00,2026-08-23T02:00:00.000Z,2026-08-22T19:00:00.000-07:00,2026-08-22,19,O,X,4,654,3.23,3.64,6.76,8.32,49.54,40.76,99.57,137.53,30.0,60.0,0.02,0
OATMAN,21502,AOAT,33.04994,-113.13867,1715,2026-08-23T01:52:35.000Z,2026-08-22T18:52:00.000-07:00,2026-08-23T02:00:00.000Z,2026-08-22T19:00:00.000-07:00,2026-08-22,19,O,X,4,634,3.08,3.73,7.05,8.16,82.26,129.88,100.15,235.02,30.0,60.0,0.0,0
AHAKHAV PRESERVE,21503,AAHA,34.13222,-114.32917,363,2026-08-23T02:00:00.000Z,2026-08-22T19:26:00.000-07:00,2026-08-23T02:00:00.000Z,2026-08-22T19:00:00.000-07:00,2026-08-22,19,F,X,4,745,3.66,4.36,8.39,10.14,51.44,48.29,96.46,146.54,30.0,60.0,0.0,0
BELMONT,21504,ABEL,33.67411,-112.92281,1813,2026-08-23T02:01:45.000Z,2026-08-22T19:01:00.000-07:00,2026-08-23T02:00:00.000Z,2026-08-22T19:00:00.000-07:00,2026-08-22,19,O,X,4,690,2.96,3.62,6.82,8.66,63.32,59.86,100.88,165.13,30.0,60.0,0.01,0
GOLDFIELD,21505,AGOL,33.55531,-111.6145,1367,2026-08-23T02:00:00.000Z,2026-08-22T19:23:00.000-07:00,2026-08-23T02:00:00.000Z,2026-08-22T19:00:00.000-07:00,2026-08-22,19,F,X,4,680,3.22,4.13,9.49,10.75,45.14,32.93,98.86,124.28,30.0,60.0,0.0,0
WASHINGTON PASS,290101,XWAS,36.0765,-108.8615,9384,2026-08-23T01:41:14.000Z,2026-08-22T18:41:00.000-07:00,2026-08-23T02:00:00.000Z,2026-08-22T19:00:00.000-07:00,2026-08-22,19,O,X,4,248,12.77,18.22,11.81,13.14,4.34,15.11,20.81,42.41,109.52,110.6,0.55,0
ALBINO CANYON,290102,XALB,36.97661,-107.62892,7173,2026-08-23T02:00:00.000Z,2026-08-22T19:26:00.000-07:00,2026-08-23T02:00:00.000Z,2026-08-22T19:00:00.000-07:00,2026-08-22,19,F,X,4,481,16.66,12.27,9.51,9.92,2.63,32.4,32.98,74.43,30.0,60.0,0.03,0
STONE LAKE,290201,XSTO,36.73161,-106.86581,7436,2026-08-23T01:33:34.000Z,2026-08-22T18:33:00.000-07:00,2026-08-23T02:00:00.000Z,2026-08-22T19:00:00.000-07:00,2026-08-22,19,O,X,4,484,8.03,8.84,11.8,12.08,22.84,56.14,71.97,137.26,30.0,60.0,0.06,0
COYOTE,290202,XCOY,36.07333,-106.65739,8704,2026-08-23T01:48:54.000Z,2026-08-22T18:48:00.000-07:00,2026-08-23T02:00:00.000Z,2026-08-22T19:00:00.000-07:00,2026-08-22,19,O,X,4,247,14.84,22.55,15.34,13.99,3.77,31.07,26.94,66.53,42.57,68.0,0.34,0
DEADMAN PEAK,290203,XDEA,36.4229,-106.772,8389,2026-08-23T02:07:54.000Z,2026-08-22T19:07:00.000-07:00,2026-08-23T02:00:00.000Z,2026-08-22T19:00:00.000-07:00,2026-08-22,19,O,X,4,489,10.25,15.3,10.78,11.83,11.91,37.53,56.07,101.67,30.0,60.0,0.01,0
JARITA MESA,290204,XJAR,36.55597,-106.10306,8864,2026-08-23T02:16:04.000Z,2026-08-22T19:16:00.000-07:00,2026-08-23T02:00:00.000Z,2026-08-22T19:00:00.000-07:00,2026-08-22,19,O,X,4,194,8.29,9.27,12.26,13.06,11.61,16.67,70.4,77.71,30.0,60.0,0.29,0
DULCE #2,290205,XDUL,36.93519,-107.00011,6805,2026-08-23T02:00:00.000Z,2026-08-22T19:28:00.000-07:00,2026-08-23T02:00:00.000Z,2026-08-22T19:00:00.000-07:00,2026-08-22,19,F,X,4,404,16.93,17.62,11.92,12.86,2.87,43.99,26.05,76.87,30.0,60.0,0.05,0
TRUCHAS,290210,XTRU,36.059,-105.7695,8353,2026-08-23T02:11:14.000Z,2026-08-22T19:11:00.000-07:00,2026-08-23T02:00:00.000Z,2026-08-22T19:00:00.000-07:00,2026-08-22,19,O,X,4,246,13.34,12.38,15.09,14.55,4.62,23.45,47.28,75.72,30.0,60.0,0.16,0
BLACK MESA,290305,XBLM,36.03708,-106.04964,5762,2026-08-23T01:34:24.000Z,2026-08-22T18:34:00.000-07:00,2026-08-23T02:00:00.000Z,2026-08-22T19:00:00.000-07:00,2026-08-22,19,O,X,4,610,5.98,7.1,11.02,11.45,33.07,51.54,82.45,140.48,30.0,60.0,0.0,0
WILD RIVERS,290307,XWDR,36.69469,-105.66872,7530,2026-08-23T01:49:55.000Z,2026-08-22T18:49:00.000-07:00,2026-08-23T02:00:00.000Z,2026-08-22T19:00:00.000-07:00,2026-08-22,19,O,X,4,518,8.78,9.47,12.98,13.72,20.94,63.46,68.28,141.74,30.0,60.0,0.0,0
CIMARRON,290401,XCIM,36.60611,-105.12028,8806,2026-08-23T02:09:54.000Z,2026-08-22T19:09:00.000-07:00,2026-08-23T02:00:00.000Z,2026-08-22T19:00:00.000-07:00,2026-08-22,19,O,X,4,217,9.81,9.2,13.23,14.97,7.69,14.14,40.18,55.67,119.49,116.95,0.58,0
ZUNI BUTTES,290603,XZUB,35.13919,-108.94131,6649,2026-08-23T01:42:54.000Z,2026-08-22T18:42:00.000-07:00,2026-08-23T02:00:00.000Z,2026-08-22T19:00:00.000-07:00,2026-08-22,19,O,X,4,222,22.21,23.41,12.62,13.47,0.13,14.94,4.1,19.97,30.0,60.0,0.07,0
JEMEZ,290702,XJEM,35.84114,-106.61969,8248,2026-08-23T02:08:44.000Z,2026-08-22T19:08:00.000-07:00,2026-08-23T02:00:00.000Z,2026-08-22T19:00:00.000-07:00,2026-08-22,19,O,X,4,311,34.09,10.02,13.9,14.05,0.0,0.0,0.0,0.0,30.0,60.0,0.24,0
CUBA,290705,XCUB,35.942,-107.07739,6890,2026-08-23T01:41:05.000Z,2026-08-22T18:41:00.000-07:00,2026-08-23T02:00:00.000Z,2026-08-22T19:00:00.000-07:00,2026-08-22,19,O,X,4,471,8.46,8.47,11.77,12.96,21.21,55.45,70.75,135.4,30.0,60.0,0.07,0
SANDIA LAKES,290706,XSLK,35.22967,-106.59061,5027,2026-08-23T01:42:44.000Z,2026-08-22T18:42:00.000-07:00,2026-08-23T02:00:00.000Z,2026-08-22T19:00:00.000-07:00,2026-08-22,19,O,X,4,676,34.9,7.85,11.13,11.05,0.0,0.0,0.0,0.0,30.0,60.0,0.0,0
TOWER,290801,XTOW,35.77899,-106.26611,6529,2026-08-23T02:08:24.000Z,2026-08-22T19:08:00.000-07:00,2026-08-23T02:00:00.000Z,2026-08-22T19:00:00.000-07:00,2026-08-22,19,O,X,4,529,6.67,6.67,10.7,11.19,26.03,42.17,80.25,126.5,30.0,60.0,0.02,0
SANTA FE WATERSHED,290901,XSFW,35.68686,-105.86031,7749,2026-08-23T01:53:04.000Z,2026-08-22T18:53:00.000-07:00,2026-08-23T02:00:00.000Z,2026-08-22T19:00:00.000-07:00,2026-08-22,19,O,X,4,367,11.35,10.0,13.94,13.94,7.75,24.52,57.72,84.72,30.0,60.0,0.2,0
BARTLEY,291002,XBAR,35.90875,-105.38769,9192,2026-08-23T02:04:14.000Z,2026-08-22T19:04:00.000-07:00,2026-08-23T02:00:00.000Z,2026-08-22T19:00:00.000-07:00,2026-08-22,19,O,X,4,130,12.63,16.02,13.36,13.83,3.38,8.74,23.55,34.9,110.18,111.03,0.56,0
MILLS CANYON,291101,XMIL,36.05453,-104.32511,5881,2026-08-23T02:05:54.000Z,2026-08-22T19:05:00.000-07:00,2026-08-23T02:00:00.000Z,2026-08-22T19:00:00.000-07:00,2026-08-22,19,O,X,4,537,23.37,11.11,10.19,12.26,0.08,10.88,8.94,24.72,30.0,60.0,0.09,0
PECOS,291202,XPEC,35.54558,-105.49439,8229,2026-08-23T02:14:04.000Z,2026-08-22T19:14:00.000-07:00,2026-08-23T02:00:00.000Z,2026-08-22T19:00:00.000-07:00,2026-08-22,19,O,X,4,79,17.51,21.73,12.46,12.7,0.78,6.44,12.87,22.96,47.65,71.23,0.36,0
BRUSHY MOUNTAIN,291301,XBRU,34.72,-107.8484,8789,2026-08-23T01:49:44.000Z,2026-08-22T18:49:00.000-07:00,2026-08-23T02:00:00.000Z,2026-08-22T19:00:00.000-07:00,2026-08-22,19,O,X,4,209,13.43,19.82,13.21,14.44,5.02,27.89,29.08,65.57,65.09,82.33,0.41,0
GRANTS,291302,XGRA,35.24278,-107.66528,8620,2026-08-23T02:16:24.000Z,2026-08-22T19:16:00.000-07:00,2026-08-23T02:00:00.000Z,2026-08-22T19:00:00.000-07:00,2026-08-22,19,O,X,4,124,13.43,11.08,15.06,15.07,3.03,10.54,33.63,44.81,81.44,92.73,0.46,0
OAK FLATS,291402,XOAK,35.00614,-106.31583,7675,2026-08-23T02:04:04.000Z,2026-08-22T19:04:00.000-07:00,2026-08-23T02:00:00.000Z,2026-08-22T19:00:00.000-07:00,2026-08-22,19,O,X,4,450,9.04,7.92,12.13,13.01,14.12,32.18,69.16,104.33,30.0,60.0,0.15,0
SANDIA LAB,291408,XSLB,35.00406,-106.41148,6321,2026-08-23T01:53:34.000Z,2026-08-22T18:53:00.000-07:00,2026-08-23T02:00:00.000Z,2026-08-22T19:00:00.000-07:00,2026-08-22,19,O,X,4,258,9.84,7.07,9.99,10.66,19.92,79.99,67.06,156.36,30.0,60.0,0.11,0
MOUNTAINAIR,291501,XMOU,34.52081,-106.26269,6593,2026-08-23T02:05:54.000Z,2026-08-22T19:05:00.000-07:00,2026-08-23T02:00:00.000Z,2026-08-22T19:00:00.000-07:00,2026-08-22,19,O,X,4,468,8.86,6.93,11.64,12.98,18.0,46.84,71.09,125.57,30.0,60.0,0.08,0
MELROSE RANGE,291901,XMEL,34.28422,-103.71497,4263,2026-08-23T02:14:11.000Z,2026-08-22T19:14:00.000-07:00,2026-08-23T02:00:00.000Z,2026-08-22T19:00:00.000-07:00,2026-08-22,19,O,X,4,651,4.66,5.58,9.36,10.14,23.54,16.2,90.22,85.99,30.0,60.0,0.0,0
BEAVERHEAD,292001,XBEA,33.42353,-108.11019,6750,2026-08-23T02:08:14.000Z,2026-08-22T19:08:00.000-07:00,2026-08-23T02:00:00.000Z,2026-08-22T19:00:00.000-07:00,2026-08-22,19,O,X,4,177,14.51,15.46,16.65,17.45,2.87,14.34,39.29,55.46,30.0,60.0,0.23,0
LUNA,292004,XLUN,33.82289,-108.94311,7088,2026-08-23T02:07:14.000Z,2026-08-22T19:07:00.000-07:00,2026-08-23T02:00:00.000Z,2026-08-22T19:00:00.000-07:00,2026-08-22,19,O,X,4,259,14.79,13.54,18.08,18.06,2.44,12.04,40.04,51.63,30.0,60.0,0.29,0
RESERVE,292005,XRES,33.71489,-108.777,5846,2026-08-23T02:08:14.000Z,2026-08-22T19:08:00.000-07:00,2026-08-23T02:00:00.000Z,2026-08-22T19:00:00.000-07:00,2026-08-22,19,O,X,4,454,14.59,12.09,16.55,16.41,3.16,18.14,42.42,64.0,30.0,60.0,0.1,0
SLAUGHTER,292008,XSLA,34.06056,-108.44472,8680,2026-08-23T02:12:54.000Z,2026-08-22T19:12:00.000-07:00,2026-08-23T02:00:00.000Z,2026-08-22T19:00:00.000-07:00,2026-08-22,19,O,X,4,20,17.12,18.44,14.82,16.05,0.54,2.6,11.19,14.19,137.54,128.44,0.64,0
PELONA MOUNTAIN,292009,XPEL,33.69375,-108.06161,7955,2026-08-23T01:38:25.000Z,2026-08-22T18:38:00.000-07:00,2026-08-23T02:00:00.000Z,2026-08-22T19:00:00.000-07:00,2026-08-22,19,O,X,4,235,9.06,8.59,11.7,13.63,13.15,28.78,55.55,89.59,77.68,90.34,0.45,0
GILA CENTER RAWS,292011,XGIL,33.22375,-108.24031,5767,2026-08-23T02:13:04.000Z,2026-08-22T19:13:00.000-07:00,2026-08-23T02:00:00.000Z,2026-08-22T19:00:00.000-07:00,2026-08-22,19,O,X,4,270,13.77,17.3,14.82,16.22,3.51,14.55,40.48,56.59,30.0,60.0,0.11,0
DATIL,292012,XDAT,34.29256,-107.768,8431,2026-08-23T02:11:04.000Z,2026-08-22T19:11:00.000-07:00,2026-08-23T02:00:00.000Z,2026-08-22T19:00:00.000-07:00,2026-08-22,19,O,X,4,176,11.45,10.52,13.87,14.66,9.54,41.07,40.15,90.88,89.82,98.07,0.49,0
MOGOLLON,292013,XMOG,33.39064,-108.80819,7602,2026-08-23T02:13:15.000Z,2026-08-22T19:13:00.000-07:00,2026-08-23T02:00:00.000Z,2026-08-22T19:00:00.000-07:00,2026-08-22,19,O,X,4,159,15.54,17.41,11.2,12.84,2.5,18.34,25.27,50.69,54.78,75.77,0.38,0
CHUPADERA,292102,XCHU,33.77294,-106.0985,5580,2026-08-23T01:39:45.000Z,2026-08-22T18:39:00.000-07:00,2026-08-23T02:00:00.000Z,2026-08-22T19:00:00.000-07:00,2026-08-22,19,O,X,4,515,4.48,6.54,10.41,10.94,40.75,46.21,89.54,138.77,30.0,60.0,0.01,0
BOSQUE,292103,XBOS,33.82064,-106.88169,4523,2026-08-23T01:50:24.000Z,2026-08-22T18:50:00.000-07:00,2026-08-23T02:00:00.000Z,2026-08-22T19:00:00.000-07:00,2026-08-22,19,O,X,4,668,34.95,7.42,11.22,11.9,0.0,0.0,0.0,0.0,30.0,60.0,0.0,0
MAGDALENA,292104,XMAG,33.85061,-107.539,8495,2026-08-23T02:03:54.000Z,2026-08-22T19:03:00.000-07:00,2026-08-23T02:00:00.000Z,2026-08-22T19:00:00.000-07:00,2026-08-22,19,O,X,4,55,10.4,9.11,12.29,13.98,5.55,8.99,39.05,44.61,115.27,114.26,0.57,0
SEVILLETA,292105,XSEV,34.35844,-106.6895,5246,2026-08-23T02:11:44.000Z,2026-08-22T19:11:00.000-07:00,2026-08-23T02:00:00.000Z,2026-08-22T19:00:00.000-07:00,2026-08-22,19,O,X,4,555,14.26,17.86,11.59,11.64,6.67,55.58,37.91,101.73,30.0,60.0,0.0,0
SMOKEY BEAR,292203,XSMO,33.35019,-105.686,7194,2026-08-23T02:00:04.000Z,2026-08-22T19:00:00.000-07:00,2026-08-23T02:00:00.000Z,2026-08-22T19:00:00.000-07:00,2026-08-22,19,O,X,4,95,8.35,8.72,14.79,16.56,11.73,16.65,70.87,77.92,30.0,60.0,0.28,0
EIGHT MILE DRAW,292301,XEIG,33.65064,-104.32139,3626,2026-08-23T01:37:25.000Z,2026-08-22T18:37:00.000-07:00,2026-08-23T02:00:00.000Z,2026-08-22T19:00:00.000-07:00,2026-08-22,19,O,X,4,603,3.87,5.35,8.61,9.23,67.81,99.66,94.01,202.09,30.0,60.0,0.0,0
DUNKEN,292302,XDUN,32.82467,-105.18261,5431,2026-08-23T01:36:15.000Z,2026-08-22T18:36:00.000-07:00,2026-08-23T02:00:00.000Z,2026-08-22T19:00:00.000-07:00,2026-08-22,19,O,X,4,484,4.08,5.51,8.66,9.79,64.88,135.64,92.81,231.5,30.0,60.0,0.02,0
BURRO MOUNTAIN,292504,XBUR,32.67203,-108.53969,6995,2026-08-23T01:59:44.000Z,2026-08-22T18:59:00.000-07:00,2026-08-23T02:00:00.000Z,2026-08-22T19:00:00.000-07:00,2026-08-22,19,O,X,4,286,7.91,6.58,9.64,11.75,30.48,94.69,75.36,178.29,30.0,60.0,0.21,0
HACHITA VALLEY,292702,XHAC,31.702,-108.34169,4290,2026-08-23T01:40:54.000Z,2026-08-22T18:40:00.000-07:00,2026-08-23T02:00:00.000Z,2026-08-22T19:00:00.000-07:00,2026-08-22,19,O,X,4,588,3.46,4.68,7.88,10.36,54.79,58.13,96.85,159.89,30.0,60.0,0.04,0
MCGREGGOR RANGE,292901,XMCG,32.43133,-105.62181,4832,2026-08-23T01:37:35.000Z,2026-08-22T18:37:00.000-07:00,2026-08-23T02:00:00.000Z,2026-08-22T19:00:00.000-07:00,2026-08-22,19,O,X,4,595,3.83,4.9,7.63,9.75,58.97,77.33,94.89,180.61,30.0,60.0,0.01,0
DRIPPING SPRINGS,292903,XDRI,32.32225,-106.58661,5814,2026-08-23T02:00:00.000Z,2026-08-22T19:26:00.000-07:00,2026-08-23T02:00:00.000Z,2026-08-22T19:00:00.000-07:00,2026-08-22,19,F,X,4,444,4.86,5.05,7.54,9.72,44.53,63.59,90.13,161.2,30.0,60.0,0.12,0
SAN ANDRES,292904,XSAA,32.58008,-106.52719,6137,2026-08-23T02:01:54.000Z,2026-08-22T19:01:00.000-07:00,2026-08-23T02:00:00.000Z,2026-08-22T19:00:00.000-07:00,2026-08-22,19,O,X,4,489,4.47,5.0,7.86,9.96,32.8,30.85,91.91,116.62,30.0,60.0,0.09,0
MAYHILL,293002,XMAY,32.90947,-105.46981,6599,2026-08-23T02:01:54.000Z,2026-08-22T19:01:00.000-07:00,2026-08-23T02:00:00.000Z,2026-08-22T19:00:00.000-07:00,2026-08-22,19,O,X,4,462,4.93,7.04,12.01,14.26,29.55,30.1,86.89,112.36,30.0,60.0,0.14,0
MESCAL,293003,XMES,33.15803,-105.76881,6227,2026-08-23T01:41:24.000Z,2026-08-22T18:41:00.000-07:00,2026-08-23T02:00:00.000Z,2026-08-22T19:00:00.000-07:00,2026-08-22,19,O,X,4,210,7.22,8.18,14.24,16.56,26.65,54.5,74.11,137.23,37.64,64.86,0.32,0
COSMIC,293004,XCOS,32.77925,-105.81989,9172,2026-08-23T02:15:24.000Z,2026-08-22T19:15:00.000-07:00,2026-08-23T02:00:00.000Z,2026-08-22T19:00:00.000-07:00,2026-08-22,19,O,X,4,65,8.3,9.01,12.99,14.34,5.09,3.25,28.73,24.26,203.17,170.2,0.85,0
BATDRAW,293101,XBAD,32.17861,-104.44056,4425,2026-08-23T01:52:34.000Z,2026-08-22T18:52:00.000-07:00,2026-08-23T02:00:00.000Z,2026-08-22T19:00:00.000-07:00,2026-08-22,19,O,X,4,562,4.22,4.82,7.1,8.31,62.06,98.0,93.27,199.81,30.0,60.0,0.0,0
CAPROCK,293104,XCAP,32.92728,-103.85689,4167,2026-08-23T01:40:45.000Z,2026-08-22T18:40:00.000-07:00,2026-08-23T02:00:00.000Z,2026-08-22T19:00:00.000-07:00,2026-08-22,19,O,X,4,488,4.01,5.13,7.62,9.0,57.16,76.57,93.69,178.74,30.0,60.0,0.0,0
QUEEN,293105,XQUN,32.20361,-104.69031,5642,2026-08-23T02:13:14.000Z,2026-08-22T19:13:00.000-07:00,2026-08-23T02:00:00.000Z,2026-08-22T19:00:00.000-07:00,2026-08-22,19,O,X,4,365,5.04,5.51,8.16,9.99,38.93,53.75,88.67,148.09,30.0,60.0,0.06,0
PADUCA,293202,XPAD,32.17983,-103.722,3534,2026-08-23T01:39:54.000Z,2026-08-22T18:39:00.000-07:00,2026-08-23T02:00:00.000Z,2026-08-22T19:00:00.000-07:00,2026-08-22,19,O,X,4,602,4.0,5.26,8.15,9.07,57.75,76.61,93.56,178.67,30.0,60.0,0.0,0
MALPAIS LAVA FLOW,293301,XMAL,34.85181,-108.17461,7514,2026-08-23T02:00:00.000Z,2026-08-22T19:25:00.000-07:00,2026-08-23T02:00:00.000Z,2026-08-22T19:00:00.000-07:00,2026-08-22,19,F,X,4,177,17.43,27.65,14.95,15.96,2.38,47.1,12.79,57.2,30.0,60.0,0.25,0
BLUEWATER RIDGE,293303,XBLR,35.19411,-108.16336,8274,2026-08-23T02:05:44.000Z,2026-08-22T19:05:00.000-07:00,2026-08-23T02:00:00.000Z,2026-08-22T19:00:00.000-07:00,2026-08-22,19,O,X,4,209,19.9,16.23,12.76,13.54,0.3,5.49,10.02,19.02,82.2,93.22,0.47,0
LAGUNA,293304,XLAG,35.05197,-107.42028,5805,2026-08-23T01:33:44.000Z,2026-08-22T18:33:00.000-07:00,2026-08-23T02:00:00.000Z,2026-08-22T19:00:00.000-07:00,2026-08-22,19,O,X,4,543,7.48,7.34,9.81,10.12,30.14,75.64,76.05,161.47,30.0,60.0,0.01,0
RAMAH,293305,XRAM,34.81947,-108.29439,7645,2026-08-23T01:34:44.000Z,2026-08-22T18:34:00.000-07:00,2026-08-23T02:00:00.000Z,2026-08-22T19:00:00.000-07:00,2026-08-22,19,O,X,4,310,10.7,9.59,13.78,15.7,12.02,44.57,60.7,114.13,30.0,60.0,0.26,0
10K,55522198,X10K,35.2085,-106.43586,10065,2026-08-23T01:38:19.000Z,2026-08-22T18:38:00.000-07:00,2026-08-23T02:00:00.000Z,2026-08-22T19:00:00.000-07:00,2026-08-22,19,O,X,4,202,34.97,16.34,12.72,13.72,0.0,0.0,0.0,0.0,129.08,123.05,0.62,0
BAKERS TANK,55522210,AHBB,32.61528,-114.00836,563,2026-08-23T02:07:14.000Z,2026-08-22T19:07:00.000-07:00,2026-08-23T02:00:00.000Z,2026-08-22T19:00:00.000-07:00,2026-08-22,19,O,X,4,738,2.92,3.68,7.05,7.94,69.82,70.35,100.95,177.91,30.0,60.0,0.0,0
CAVE CREEK,55522232,ACAV,34.0899,-111.8465,3477,2026-08-23T02:00:00.000Z,2026-08-22T19:20:00.000-07:00,2026-08-23T02:00:00.000Z,2026-08-22T19:00:00.000-07:00,2026-08-22,19,F,X,4,537,5.07,12.61,8.71,9.85,44.85,62.25,78.63,149.92,30.0,60.0,0.03,0
CIPRIANO,55522238,ARIP,32.4235,-114.16211,1042,2026-08-23T01:59:08.000Z,2026-08-22T18:59:00.000-07:00,2026-08-23T02:00:00.000Z,2026-08-22T19:00:00.000-07:00,2026-08-22,19,O,X,4,710,2.89,3.77,7.68,8.91,74.86,81.46,100.92,190.3,30.0,60.0,0.0,0
DEVILS HILLS,55522251,ADVH,32.42483,-113.79011,836,2026-08-23T02:00:00.000Z,2026-08-22T19:23:00.000-07:00,2026-08-23T02:00:00.000Z,2026-08-22T19:00:00.000-07:00,2026-08-22,19,F,X,4,734,3.3,3.91,7.08,8.38,54.92,49.27,98.83,149.56,30.0,60.0,0.0,0
DUTCH KID,55522257,ADUT,35.12931,-112.28219,6505,2026-08-23T01:38:59.000Z,2026-08-22T18:38:00.000-07:00,2026-08-23T02:00:00.000Z,2026-08-22T19:00:00.000-07:00,2026-08-22,19,O,X,4,106,5.53,9.33,15.76,16.81,26.65,29.23,81.23,107.47,30.0,60.0,0.28,0
FTHL YDMA,55522271,AFTH,32.48658,-114.4635,331,2026-08-23T01:38:44.000Z,2026-08-22T18:38:00.000-07:00,2026-08-23T02:00:00.000Z,2026-08-22T19:00:00.000-07:00,2026-08-22,19,O,X,4,744,2.96,4.17,9.57,11.2,64.48,59.8,99.96,164.36,30.0,60.0,0.0,0
MIDNIGHT,55522315,XMID,36.77819,-105.34131,10815,2026-08-23T01:37:59.000Z,2026-08-22T18:37:00.000-07:00,2026-08-23T02:00:00.000Z,2026-08-22T19:00:00.000-07:00,2026-08-22,19,O,X,4,156,29.62,28.48,16.37,16.94,0.0,0.0,0.0,0.0,197.38,166.51,0.83,0
MOHAWK DUNES,55522318,AMOD,32.68878,-113.74889,524,2026-08-23T02:00:00.000Z,2026-08-22T19:23:00.000-07:00,2026-08-23T02:00:00.000Z,2026-08-22T19:00:00.000-07:00,2026-08-22,19,F,X,4,747,3.12,4.0,7.72,8.41,57.18,49.76,99.52,150.71,30.0,60.0,0.0,0
NEVERSHINE,55522326,ANEV,36.24753,-113.88851,2165,2026-08-23T02:03:51.000Z,2026-08-22T19:03:00.000-07:00,2026-08-23T02:00:00.000Z,2026-08-22T19:00:00.000-07:00,2026-08-22,19,O,X,4,679,2.48,3.44,5.78,7.66,79.95,83.49,103.42,194.64,30.0,60.0,0.0,0
PICACHO PEAK,55522341,APIC,32.66314,-111.42154,1750,2026-08-23T02:17:49.000Z,2026-08-22T19:17:00.000-07:00,2026-08-23T02:00:00.000Z,2026-08-22T19:00:00.000-07:00,2026-08-22,19,O,X,4,723,3.7,4.62,8.29,9.55,71.57,100.64,95.89,204.86,30.0,60.0,0.0,0
PINEDALE,55522344,APND,34.30617,-110.23661,6461,2026-08-23T01:38:39.000Z,2026-08-22T18:38:00.000-07:00,2026-08-23T02:00:00.000Z,2026-08-22T19:00:00.000-07:00,2026-08-22,19,O,X,4,257,25.38,22.18,14.05,14.12,0.0,0.0,0.9,0.0,30.0,60.0,0.25,0
TANKS,55522384,ATNK,33.67314,-110.57431,5801,2026-08-23T01:38:49.000Z,2026-08-22T18:38:00.000-07:00,2026-08-23T02:00:00.000Z,2026-08-22T19:00:00.000-07:00,2026-08-22,19,O,X,4,297,8.32,7.85,13.05,14.38,16.84,32.85,72.07,107.34,30.0,60.0,0.3,0
TAOS PUEBLO RAWS,55522385,XTAP,36.41461,-105.55689,7135,2026-08-23T02:13:34.000Z,2026-08-22T19:13:00.000-07:00,2026-08-23T02:00:00.000Z,2026-08-22T19:00:00.000-07:00,2026-08-22,19,O,X,4,453,6.74,7.38,11.16,12.35,27.49,50.07,79.0,135.92,30.0,60.0,0.03,0
CEDAR RIDGE,55523718,ACED,32.59872,-110.76231,4735,2026-08-23T01:37:19.000Z,2026-08-22T18:37:00.000-07:00,2026-08-23T02:00:00.000Z,2026-08-22T19:00:00.000-07:00,2026-08-22,19,O,X,4,320,6.37,6.14,9.25,10.72,36.21,68.97,82.22,160.42,30.0,60.0,0.13,0
RED CANYON,55523735,XRDC,34.62289,-106.40831,8070,2026-08-23T01:38:29.000Z,2026-08-22T18:38:00.000-07:00,2026-08-23T02:00:00.000Z,2026-08-22T19:00:00.000-07:00,2026-08-22,19,O,X,4,377,26.42,31.44,11.59,11.77,0.0,0.0,0.0,0.0,30.0,60.0,0.27,0
SOWATS,55523737,ASOW,36.48242,-112.42281,7038,2026-08-23T01:39:09.000Z,2026-08-22T18:39:00.000-07:00,2026-08-23T02:00:00.000Z,2026-08-22T19:00:00.000-07:00,2026-08-22,19,O,X,4,154,5.02,6.79,10.18,12.83,29.63,30.0,86.89,112.19,30.0,60.0,0.29,0
T BAR,55523738,XTBA,33.51789,-108.52419,8047,2026-08-23T01:39:19.000Z,2026-08-22T18:39:00.000-07:00,2026-08-23T02:00:00.000Z,2026-08-22T19:00:00.000-07:00,2026-08-22,19,O,X,4,22,21.79,16.68,17.24,18.25,0.08,4.06,7.09,14.12,118.49,116.31,0.58,0
FORT YUMA,20102,AFYM,32.65222,-114.63417,185,2026-08-23T01:16:14.000Z,2026-08-22T18:16:00.000-07:00,2026-08-23T01:00:00.000Z,2026-08-22T18:00:00.000-07:00,2026-08-22,18,O,Y,4,744,2.85,4.05,8.36,9.93,77.54,4.02,60.12,37.59,30.0,60.0,0.0,0
MOUNT LOGAN,20107,AMTL,36.35306,-113.19917,7605,2026-08-23T00:33:25.000Z,2026-08-22T17:33:00.000-07:00,2026-08-23T01:00:00.000Z,2026-08-22T18:00:00.000-07:00,2026-08-22,18,O,Y,4,152,5.13,7.09,9.84,11.72,42.6,3.16,49.63,30.78,91.36,99.05,0.5,0
OLAF KNOLLS,20108,AOLA,36.50725,-113.81589,2974,2026-08-23T00:33:35.000Z,2026-08-22T17:33:00.000-07:00,2026-08-23T01:00:00.000Z,2026-08-22T18:00:00.000-07:00,2026-08-22,18,O,Y,4,629,2.94,4.11,6.44,8.1,77.53,4.36,68.37,41.39,30.0,60.0,0.02,0
TWEEDS POINT,20109,ATWE,36.58186,-113.732,5334,2026-08-23T00:33:55.000Z,2026-08-22T17:33:00.000-07:00,2026-08-23T01:00:00.000Z,2026-08-22T18:00:00.000-07:00,2026-08-22,18,O,Y,4,553,3.96,5.13,7.58,9.3,67.87,5.77,61.4,44.79,30.0,60.0,0.04,0
NIXON FLATS,20113,ANIX,36.38833,-113.15806,6500,2026-08-23T00:50:15.000Z,2026-08-22T17:50:00.000-07:00,2026-08-23T01:00:00.000Z,2026-08-22T18:00:00.000-07:00,2026-08-22,18,O,Y,4,302,4.34,8.33,13.77,14.02,44.78,2.55,39.88,25.24,30.0,60.0,0.26,0
BLACK ROCK,20114,ABRK,36.79436,-113.75056,7224,2026-08-23T00:50:05.000Z,2026-08-22T17:50:00.000-07:00,2026-08-23T01:00:00.000Z,2026-08-22T18:00:00.000-07:00,2026-08-22,18,O,Y,4,192,5.68,6.34,9.15,11.65,32.93,2.29,50.56,26.79,57.26,77.34,0.39,0
MOSS BASIN,20115,AMOS,35.03397,-113.89406,5920,2026-08-23T01:23:05.000Z,2026-08-22T18:23:00.000-07:00,2026-08-23T01:00:00.000Z,2026-08-22T18:00:00.000-07:00,2026-08-22,18,O,Y,4,394,4.66,6.27,11.84,13.45,43.52,2.75,43.91,27.28,30.0,60.0,0.27,0
UNION PASS,20116,AUNI,35.23233,-114.38194,3590,2026-08-23T00:52:35.000Z,2026-08-22T17:52:00.000-07:00,2026-08-23T01:00:00.000Z,2026-08-22T18:00:00.000-07:00,2026-08-22,18,O,Y,4,580,3.37,4.3,7.24,8.68,69.95,4.15,64.89,39.48,30.0,60.0,0.03,0
HURRICANE,20117,AHUR,36.69908,-113.20731,5445,2026-08-23T00:34:05.000Z,2026-08-22T17:34:00.000-07:00,2026-08-23T01:00:00.000Z,2026-08-22T18:00:00.000-07:00,2026-08-22,18,O,Y,4,407,4.36,7.01,9.75,11.04,57.5,4.03,52.22,35.25,30.0,60.0,0.18,0
HAVASU,20118,AHAV,34.80758,-114.53456,475,2026-08-23T00:52:45.000Z,2026-08-22T17:52:00.000-07:00,2026-08-23T01:00:00.000Z,2026-08-22T18:00:00.000-07:00,2026-08-22,18,O,Y,4,653,2.29,4.41,8.19,9.37,84.8,3.92,62.3,37.77,30.0,60.0,0.0,0
MUSIC MOUNTAIN,20119,AMUS,35.61497,-113.79428,5375,2026-08-23T00:52:55.000Z,2026-08-22T17:52:00.000-07:00,2026-08-23T01:00:00.000Z,2026-08-22T18:00:00.000-07:00,2026-08-22,18,O,Y,4,547,3.6,5.47,8.89,10.79,59.02,3.37,55.38,33.35,30.0,60.0,0.12,0
TRUXTON CANYON,20120,ATRU,35.78013,-113.79563,5304,2026-08-23T01:14:05.000Z,2026-08-22T18:14:00.000-07:00,2026-08-23T01:00:00.000Z,2026-08-22T18:00:00.000-07:00,2026-08-22,18,O,Y,4,267,4.14,5.28,8.44,10.43,47.19,2.65,56.68,30.17,30.0,60.0,0.18,0
CIBOLA,20121,ACBL,33.28,-114.68489,252,2026-08-23T00:48:54.000Z,2026-08-22T17:48:00.000-07:00,2026-08-23T01:00:00.000Z,2026-08-22T18:00:00.000-07:00,2026-08-22,18,O,Y,4,748,2.59,4.37,8.26,9.18,75.47,3.45,62.65,35.7,30.0,60.0,0.0,0
TUSAYAN,20207,ATUS,35.98833,-112.12056,6570,2026-08-23T01:08:24.000Z,2026-08-22T18:08:00.000-07:00,2026-08-23T01:00:00.000Z,2026-08-22T18:00:00.000-07:00,2026-08-22,18,O,Y,4,348,5.6,8.95,14.7,15.58,27.44,1.56,34.5,18.81,30.0,60.0,0.22,0
FLAGSTAFF,20209,AFLG,35.14111,-111.6725,6903,2026-08-23T01:06:04.000Z,2026-08-22T18:06:00.000-07:00,2026-08-23T01:00:00.000Z,2026-08-22T18:00:00.000-07:00,2026-08-22,18,O,Y,4,283,5.92,8.03,13.24,14.88,29.93,2.03,37.52,22.1,53.37,74.87,0.37,0
BRIGHT ANGEL,20211,ACAN,36.20472,-112.06222,8134,2026-08-23T01:07:54.000Z,2026-08-22T18:07:00.000-07:00,2026-08-23T01:00:00.000Z,2026-08-22T18:00:00.000-07:00,2026-08-22,18,O,Y,4,265,4.99,7.53,11.02,12.79,34.46,2.01,45.45,24.03,72.39,86.98,0.43,0
DRY PARK,20212,ADRY,36.45308,-112.23819,8700,2026-08-23T00:38:24.000Z,2026-08-22T17:38:00.000-07:00,2026-08-23T01:00:00.000Z,2026-08-22T18:00:00.000-07:00,2026-08-22,18,O,Y,4,93,6.28,8.7,12.45,14.54,25.01,1.66,38.43,20.35,148.49,135.4,0.68,0
FRAZIER WELLS,20213,AFRA,35.84551,-113.05501,6796,2026-08-23T01:27:44.000Z,2026-08-22T18:27:00.000-07:00,2026-08-23T01:00:00.000Z,2026-08-22T18:00:00.000-07:00,2026-08-22,18,O,Y,4,92,5.1,6.34,10.16,11.78,39.64,2.64,49.61,28.36,55.48,76.21,0.38,0
MORMON LAKE,20215,AMOL,34.90972,-111.43842,7094,2026-08-23T01:03:14.000Z,2026-08-22T18:03:00.000-07:00,2026-08-23T01:00:00.000Z,2026-08-22T18:00:00.000-07:00,2026-08-22,18,O,Y,4,282,6.5,9.5,15.29,15.19,29.71,2.56,34.15,23.53,69.54,85.16,0.43,0
WARM SPRINGS CANYON,20216,AWAR,36.70117,-112.22689,7953,2026-08-23T00:47:34.000Z,2026-08-22T17:47:00.000-07:00,2026-08-23T01:00:00.000Z,2026-08-22T18:00:00.000-07:00,2026-08-22,18,O,Y,4,345,5.38,8.15,12.7,13.61,30.67,1.78,41.28,21.74,62.98,80.98,0.4,0
YELLOW JOHN MOUNTAIN,20217,AYEL,36.155,-113.54944,6160,2026-08-23T00:50:25.000Z,2026-08-22T17:50:00.000-07:00,2026-08-23T01:00:00.000Z,2026-08-22T18:00:00.000-07:00,2026-08-22,18,O,Y,4,283,3.94,7.04,12.38,14.21,46.93,2.43,41.54,25.15,30.0,60.0,0.18,0
OAK CREEK,20219,AOAK,34.94686,-111.75444,4804,2026-08-23T01:03:04.000Z,2026-08-22T18:03:00.000-07:00,2026-08-23T01:00:00.000Z,2026-08-22T18:00:00.000-07:00,2026-08-22,18,O,Y,4,574,4.91,6.34,10.42,12.09,38.45,2.23,48.64,25.99,30.0,60.0,0.09,0
LINDBERGH HILL,20220,ALBE,36.28556,-112.07861,8800,2026-08-23T01:08:14.000Z,2026-08-22T18:08:00.000-07:00,2026-08-23T01:00:00.000Z,2026-08-22T18:00:00.000-07:00,2026-08-22,18,O,Y,4,395,5.59,7.12,10.96,12.64,29.9,1.91,45.75,23.55,77.73,90.37,0.45,0
PROMONTORY,20221,APRO,34.36528,-111.01444,7842,2026-08-23T00:49:34.000Z,2026-08-22T17:49:00.000-07:00,2026-08-23T01:00:00.000Z,2026-08-22T18:00:00.000-07:00,2026-08-22,18,O,Y,4,121,12.02,8.44,12.02,14.17,8.48,1.95,36.48,21.42,169.19,148.57,0.74,0
GUNSIGHT,20223,AGUN,36.70464,-112.5835,5284,2026-08-23T00:34:14.000Z,2026-08-22T17:34:00.000-07:00,2026-08-23T01:00:00.000Z,2026-08-22T18:00:00.000-07:00,2026-08-22,18,O,Y,4,522,3.75,6.82,9.91,11.2,52.08,2.73,52.14,29.47,30.0,60.0,0.14,0
BUCKSKIN MTN,20224,ABUC,36.91808,-112.19981,6334,2026-08-23T00:33:45.000Z,2026-08-22T17:33:00.000-07:00,2026-08-23T01:00:00.000Z,2026-08-22T18:00:00.000-07:00,2026-08-22,18,O,Y,4,416,3.96,6.29,9.57,11.48,58.81,3.86,51.88,34.46,30.0,60.0,0.2,0
PARIA POINT,20226,APAR,36.72753,-111.822,7106,2026-08-23T01:00:45.000Z,2026-08-22T18:00:00.000-07:00,2026-08-23T01:00:00.000Z,2026-08-22T18:00:00.000-07:00,2026-08-22,18,O,Y,4,398,4.73,6.61,10.08,10.9,45.4,2.99,52.26,30.76,30.0,60.0,0.24,0
FOUR SPRINGS,20227,AFOU,36.79367,-112.04239,6560,2026-08-23T01:19:25.000Z,2026-08-22T18:19:00.000-07:00,2026-08-23T01:00:00.000Z,2026-08-22T18:00:00.000-07:00,2026-08-22,18,O,Y,4,284,4.54,6.38,10.25,10.78,39.03,2.11,52.73,26.27,30.0,60.0,0.25,0
GREENBASE,20284,AGRB,35.27619,-112.06325,6923,2026-08-23T01:16:34.000Z,2026-08-22T18:16:00.000-07:00,2026-08-23T01:00:00.000Z,2026-08-22T18:00:00.000-07:00,2026-08-22,18,O,Y,4,223,5.87,9.75,15.96,17.45,29.86,2.03,29.14,19.64,63.49,81.31,0.41,0
HAPPY JACK,20291,AHJK,34.61797,-111.34239,6812,2026-08-23T01:02:04.000Z,2026-08-22T18:02:00.000-07:00,2026-08-23T01:00:00.000Z,2026-08-22T18:00:00.000-07:00,2026-08-22,18,O,Y,4,381,8.04,9.23,14.61,16.25,20.42,2.12,31.7,20.85,61.12,79.8,0.4,0
HEBER,20301,AHBR,34.39778,-110.56444,6635,2026-08-23T01:03:04.000Z,2026-08-22T18:03:00.000-07:00,2026-08-23T01:00:00.000Z,2026-08-22T18:00:00.000-07:00,2026-08-22,18,O,Y,4,219,13.25,9.95,13.87,15.62,5.08,1.18,30.56,15.68,30.5,60.32,0.3,0
LAKESIDE,20303,ALAK,34.16283,-109.87639,7267,2026-08-23T01:00:14.000Z,2026-08-22T18:00:00.000-07:00,2026-08-23T01:00:00.000Z,2026-08-22T18:00:00.000-07:00,2026-08-22,18,O,Y,4,15,10.31,12.73,16.95,17.32,9.97,1.23,25.34,14.63,74.34,88.21,0.44,0
NAVAJO MONUMENT,20307,ANAV,36.67667,-110.54389,7204,2026-08-23T00:36:34.000Z,2026-08-22T17:36:00.000-07:00,2026-08-23T01:00:00.000Z,2026-08-22T18:00:00.000-07:00,2026-08-22,18,O,Y,4,198,6.49,7.24,10.41,11.84,25.44,1.78,47.72,23.26,30.0,60.0,0.14,0
LIMESTONE CANYON,20309,ALIM,34.17786,-110.27663,7102,2026-08-23T01:24:24.000Z,2026-08-22T18:24:00.000-07:00,2026-08-23T01:00:00.000Z,2026-08-22T18:00:00.000-07:00,2026-08-22,18,O,Y,4,335,16.52,17.12,11.61,12.9,3.13,2.44,33.02,22.66,34.46,62.84,0.31,0
MOUNTAIN LION,20310,AFAP,33.69511,-109.71078,7269,2026-08-23T01:14:54.000Z,2026-08-22T18:14:00.000-07:00,2026-08-23T01:00:00.000Z,2026-08-22T18:00:00.000-07:00,2026-08-22,18,O,Y,4,66,7.66,9.11,14.26,16.23,20.14,1.8,32.27,19.49,125.45,120.74,0.6,0
HOPI,20312,AHPI,35.86292,-110.61495,5579,2026-08-23T01:13:45.000Z,2026-08-22T18:13:00.000-07:00,2026-08-23T01:00:00.000Z,2026-08-22T18:00:00.000-07:00,2026-08-22,18,O,Y,4,473,4.93,7.23,12.3,12.33,56.35,6.78,45.66,42.1,30.0,60.0,0.07,0
ALPINE,20401,AALP,33.84272,-109.11161,8207,2026-08-23T01:16:54.000Z,2026-08-22T18:16:00.000-07:00,2026-08-23T01:00:00.000Z,2026-08-22T18:00:00.000-07:00,2026-08-22,18,O,Y,4,81,11.84,10.72,14.4,15.92,7.08,1.24,29.94,15.9,140.97,130.62,0.65,0
PINEY HILL,20402,APIN,35.76111,-109.16719,8061,2026-08-23T00:41:24.000Z,2026-08-22T17:41:00.000-07:00,2026-08-23T01:00:00.000Z,2026-08-22T18:00:00.000-07:00,2026-08-22,18,O,Y,4,184,11.22,15.28,11.03,12.51,9.35,1.51,38.18,19.45,49.55,72.44,0.36,0
GREER,20404,AGRE,34.05853,-109.44097,8240,2026-08-23T00:35:49.000Z,2026-08-22T17:35:00.000-07:00,2026-08-23T01:00:00.000Z,2026-08-22T18:00:00.000-07:00,2026-08-22,18,O,Y,4,55,12.09,16.12,15.18,16.19,7.16,1.23,26.44,14.92,163.34,144.86,0.72,0
IRON SPRINGS,20501,AIRO,34.59361,-112.51139,5385,2026-08-23T01:06:34.000Z,2026-08-22T18:06:00.000-07:00,2026-08-23T01:00:00.000Z,2026-08-22T18:00:00.000-07:00,2026-08-22,18,O,Y,4,379,4.57,6.73,11.85,13.71,49.78,3.32,43.05,29.49,30.0,60.0,0.22,0
CROWN KING,20502,ACRO,34.20336,-112.34561,6173,2026-08-23T01:27:34.000Z,2026-08-22T18:27:00.000-07:00,2026-08-23T01:00:00.000Z,2026-08-22T18:00:00.000-07:00,2026-08-22,18,O,Y,4,377,4.87,6.62,11.3,12.91,36.68,2.04,45.45,24.17,30.0,60.0,0.25,0
VERDE,20503,AVER,34.54917,-111.84417,3101,2026-08-23T01:05:14.000Z,2026-08-22T18:05:00.000-07:00,2026-08-23T01:00:00.000Z,2026-08-22T18:00:00.000-07:00,2026-08-22,18,O,Y,4,551,5.62,6.44,10.85,12.64,40.65,3.03,46.21,29.23,30.0,60.0,0.06,0
GOODWIN MESA,20507,AGOO,34.77614,-113.3375,4311,2026-08-23T01:20:45.000Z,2026-08-22T18:20:00.000-07:00,2026-08-23T01:00:00.000Z,2026-08-22T18:00:00.000-07:00,2026-08-22,18,O,Y,4,447,3.63,5.38,10.32,11.86,69.75,4.73,50.83,37.47,30.0,60.0,0.12,0
HUMBUG CREEK,20508,AHUM,34.11,-112.3,5250,2026-08-23T00:48:15.000Z,2026-08-22T17:48:00.000-07:00,2026-08-23T01:00:00.000Z,2026-08-22T18:00:00.000-07:00,2026-08-22,18,O,Y,4,257,4.64,5.33,9.31,11.07,45.15,2.77,53.45,29.97,30.0,60.0,0.19,0
STANTON,20509,ASTA,34.16403,-112.73486,3600,2026-08-23T01:01:25.000Z,2026-08-22T18:01:00.000-07:00,2026-08-23T01:00:00.000Z,2026-08-22T18:00:00.000-07:00,2026-08-22,18,O,Y,4,542,3.33,4.12,7.44,9.16,64.51,3.49,63.24,36.03,30.0,60.0,0.07,0
SUNSET POINT,20510,ASUN,34.18847,-112.13467,3380,2026-08-23T00:53:15.000Z,2026-08-22T17:53:00.000-07:00,2026-08-23T01:00:00.000Z,2026-08-22T18:00:00.000-07:00,2026-08-22,18,O,Y,4,617,3.18,4.48,8.4,9.9,61.24,2.94,59.61,32.39,30.0,60.0,0.04,0
CHERRY,20511,ACHE,34.59661,-112.04761,5147,2026-08-23T01:11:54.000Z,2026-08-22T18:11:00.000-07:00,2026-08-23T01:00:00.000Z,2026-08-22T18:00:00.000-07:00,2026-08-22,18,O,Y,4,195,6.33,7.33,12.21,13.54,28.45,1.97,41.73,22.9,30.0,60.0,0.16,0
GLOBE,20601,AGLO,33.32694,-110.76694,4137,2026-08-23T01:06:25.000Z,2026-08-22T18:06:00.000-07:00,2026-08-23T01:00:00.000Z,2026-08-22T18:00:00.000-07:00,2026-08-22,18,O,Y,4,513,12.95,17.57,9.43,10.07,7.36,1.56,43.26,20.86,30.0,60.0,0.06,0
PAYSON,20602,APAY,34.24614,-111.2935,5064,2026-08-23T01:11:04.000Z,2026-08-22T18:11:00.000-07:00,2026-08-23T01:00:00.000Z,2026-08-22T18:00:00.000-07:00,2026-08-22,18,O,Y,4,379,34.8,6.51,10.42,12.17,0.0,0.0,30.81,0.0,30.0,60.0,0.12,0
PLEASANT VALLEY,20603,APLE,34.08858,-110.94225,5232,2026-08-23T01:00:34.000Z,2026-08-22T18:00:00.000-07:00,2026-08-23T01:00:00.000Z,2026-08-22T18:00:00.000-07:00,2026-08-22,18,O,Y,4,295,8.48,8.45,13.32,14.41,16.1,1.44,36.89,18.73,30.0,60.0,0.13,0
TONTO BASIN,20606,ATON,33.86861,-111.31333,2414,2026-08-23T01:11:14.000Z,2026-08-22T18:11:00.000-07:00,2026-08-23T01:00:00.000Z,2026-08-22T18:00:00.000-07:00,2026-08-22,18,O,Y,4,597,3.73,5.28,9.02,9.99,49.28,2.29,57.66,28.47,30.0,60.0,0.0,0
SAN CARLOS #1,20608,ASCA,33.37165,-110.45683,2830,2026-08-23T01:14:24.000Z,2026-08-22T18:14:00.000-07:00,2026-08-23T01:00:00.000Z,2026-08-22T18:00:00.000-07:00,2026-08-22,18,O,Y,4,606,4.24,4.79,8.06,9.44,55.28,3.47,60.44,35.18,30.0,60.0,0.01,0
HILLTOP,20609,AHIL,33.61119,-110.41461,5732,2026-08-23T00:32:54.000Z,2026-08-22T17:32:00.000-07:00,2026-08-23T01:00:00.000Z,2026-08-22T18:00:00.000-07:00,2026-08-22,18,O,Y,4,79,5.84,8.14,14.26,15.89,38.38,3.23,34.43,26.27,30.0,60.0,0.27,0
RED LAKE,20610,ARED,34.18133,-110.78919,6524,2026-08-23T00:59:34.000Z,2026-08-22T17:59:00.000-07:00,2026-08-23T01:00:00.000Z,2026-08-22T18:00:00.000-07:00,2026-08-22,18,O,Y,4,89,26.86,19.1,17.68,18.64,0.0,0.0,13.57,0.0,52.52,74.33,0.37,0
SHADOW RIM,20611,ASHA,34.40586,-111.28319,5660,2026-08-23T01:09:14.000Z,2026-08-22T18:09:00.000-07:00,2026-08-23T01:00:00.000Z,2026-08-22T18:00:00.000-07:00,2026-08-22,18,O,Y,4,441,34.75,8.51,14.52,15.5,0.0,0.0,21.0,0.0,30.0,60.0,0.18,0
PINE,20612,APNE,34.37181,-111.4555,5313,2026-08-23T01:22:24.000Z,2026-08-22T18:22:00.000-07:00,2026-08-23T01:00:00.000Z,2026-08-22T18:00:00.000-07:00,2026-08-22,18,O,Y,4,457,35.0,19.74,11.65,13.0,0.0,0.0,22.79,0.0,30.0,60.0,0.16,0
HORSE CAMP CANYON,20903,AHOR,32.93656,-110.4935,4014,2026-08-23T01:02:55.000Z,2026-08-22T18:02:00.000-07:00,2026-08-23T01:00:00.000Z,2026-08-22T18:00:00.000-07:00,2026-08-22,18,O,Y,4,572,34.93,5.43,9.09,10.41,0.0,0.0,36.07,0.0,30.0,60.0,0.06,0
CASA GRANDE,20906,ACSG,32.99177,-111.53264,1412,2026-08-23T01:22:34.000Z,2026-08-22T18:22:00.000-07:00,2026-08-23T01:00:00.000Z,2026-08-22T18:00:00.000-07:00,2026-08-22,18,O,Y,4,684,3.13,5.09,10.1,11.36,62.92,2.94,53.02,30.71,30.0,60.0,0.0,0
COLUMBINE,21005,ACOL,32.70389,-109.91389,9521,2026-08-23T01:02:04.000Z,2026-08-22T18:02:00.000-07:00,2026-08-23T01:00:00.000Z,2026-08-22T18:00:00.000-07:00,2026-08-22,18,O,Y,4,34,7.82,9.5,15.5,17.92,18.77,1.78,27.69,18.08,240.83,194.16,0.97,0
MULESHOE RANCH,21007,AMUL,32.40383,-110.272,4475,2026-08-23T01:03:05.000Z,2026-08-22T18:03:00.000-07:00,2026-08-23T01:00:00.000Z,2026-08-22T18:00:00.000-07:00,2026-08-22,18,O,Y,4,367,34.95,7.52,10.42,12.2,0.0,0.0,30.23,0.0,30.0,60.0,0.11,0
BLACK HILLS,21008,ABLA,33.08203,-109.95119,3262,2026-08-23T00:53:35.000Z,2026-08-22T17:53:00.000-07:00,2026-08-23T01:00:00.000Z,2026-08-22T18:00:00.000-07:00,2026-08-22,18,O,Y,4,661,2.98,4.43,7.3,8.91,81.51,5.54,64.28,44.9,30.0,60.0,0.03,0
DRY LAKE,21009,ADRL,33.35982,-109.83306,7405,2026-08-23T01:27:34.000Z,2026-08-22T18:27:00.000-07:00,2026-08-23T01:00:00.000Z,2026-08-22T18:00:00.000-07:00,2026-08-22,18,O,Y,4,382,6.6,7.5,10.55,12.84,23.06,1.63,44.73,21.64,46.91,70.76,0.35,0
NOON CREEK,21010,ANOO,32.66778,-109.78806,4925,2026-08-23T00:37:04.000Z,2026-08-22T17:37:00.000-07:00,2026-08-23T01:00:00.000Z,2026-08-22T18:00:00.000-07:00,2026-08-22,18,O,Y,4,458,4.31,5.37,8.55,10.42,40.27,1.99,56.37,26.39,30.0,60.0,0.1,0
GUTHRIE,21104,AGUT,32.88203,-109.30931,6324,2026-08-23T01:03:45.000Z,2026-08-22T18:03:00.000-07:00,2026-08-23T01:00:00.000Z,2026-08-22T18:00:00.000-07:00,2026-08-22,18,O,Y,4,401,6.68,5.89,8.72,10.58,40.83,6.31,53.65,43.86,30.0,60.0,0.23,0
TRAIL CABIN,21105,ATRA,33.26478,-109.36789,6250,2026-08-23T00:35:39.000Z,2026-08-22T17:35:00.000-07:00,2026-08-23T01:00:00.000Z,2026-08-22T18:00:00.000-07:00,2026-08-22,18,O,Y,4,414,34.78,7.98,10.57,12.11,0.0,0.0,30.18,0.0,30.0,60.0,0.16,0
STRAY HORSE,21106,ASTH,33.55253,-109.31719,7956,2026-08-23T01:19:04.000Z,2026-08-22T18:19:00.000-07:00,2026-08-23T01:00:00.000Z,2026-08-22T18:00:00.000-07:00,2026-08-22,18,O,Y,4,110,8.7,8.47,10.97,12.42,17.55,2.05,43.55,23.76,128.49,122.68,0.61,0
SAGUARO,21202,ASAG,32.31111,-110.81861,2758,2026-08-23T01:08:04.000Z,2026-08-22T18:08:00.000-07:00,2026-08-23T01:00:00.000Z,2026-08-22T18:00:00.000-07:00,2026-08-22,18,O,Y,4,424,4.41,6.23,11.15,11.97,39.05,1.82,48.66,23.7,30.0,60.0,0.01,0
EMPIRE,21205,AEMP,31.78347,-110.64325,4650,2026-08-23T00:53:55.000Z,2026-08-22T17:53:00.000-07:00,2026-08-23T01:00:00.000Z,2026-08-22T18:00:00.000-07:00,2026-08-22,18,O,Y,4,278,5.56,7.2,13.07,14.95,34.82,2.3,38.13,23.58,30.0,60.0,0.17,0
SASABE,21206,ASAS,31.69169,-111.44811,3500,2026-08-23T01:05:44.000Z,2026-08-22T18:05:00.000-07:00,2026-08-23T01:00:00.000Z,2026-08-22T18:00:00.000-07:00,2026-08-22,18,O,Y,4,624,24.12,18.87,14.18,14.45,0.04,0.34,23.72,7.83,30.0,60.0,0.05,0
RINCON,21207,ARIN,32.20639,-110.54861,8209,2026-08-23T00:37:35.000Z,2026-08-22T17:37:00.000-07:00,2026-08-23T01:00:00.000Z,2026-08-22T18:00:00.000-07:00,2026-08-22,18,O,Y,4,14,9.78,8.32,11.78,14.57,11.5,1.26,37.09,17.66,192.08,163.14,0.82,0
SCOUT CAMP,21208,ASOL,32.39806,-110.725,7554,2026-08-23T00:37:14.000Z,2026-08-22T17:37:00.000-07:00,2026-08-23T01:00:00.000Z,2026-08-22T18:00:00.000-07:00,2026-08-22,18,O,Y,4,84,5.94,6.56,9.85,12.46,29.62,2.04,47.36,24.66,151.69,137.44,0.69,0
SELLS,21209,ASES,31.91014,-111.89743,2262,2026-08-23T01:14:14.000Z,2026-08-22T18:14:00.000-07:00,2026-08-23T01:00:00.000Z,2026-08-22T18:00:00.000-07:00,2026-08-22,18,O,Y,4,508,4.5,5.43,9.77,11.59,63.63,7.56,51.48,46.79,30.0,60.0,0.02,0
HOPKINS,21302,AHPK,31.67528,-110.88,7120,2026-08-23T01:19:24.000Z,2026-08-22T18:19:00.000-07:00,2026-08-23T01:00:00.000Z,2026-08-22T18:00:00.000-07:00,2026-08-22,18,O,Y,4,481,16.57,21.58,10.23,12.52,3.67,3.43,32.78,26.44,30.0,60.0,0.28,0
CANELO,21303,ACNL,31.54972,-110.51917,4629,2026-08-23T01:08:54.000Z,2026-08-22T18:08:00.000-07:00,2026-08-23T01:00:00.000Z,2026-08-22T18:00:00.000-07:00,2026-08-22,18,O,Y,4,116,8.71,15.1,13.32,14.87,16.92,1.68,32.55,18.98,30.0,60.0,0.27,0
HEADQUARTERS,21409,ACHR,32.00611,-109.35694,5400,2026-08-23T00:37:05.000Z,2026-08-22T17:37:00.000-07:00,2026-08-23T01:00:00.000Z,2026-08-22T18:00:00.000-07:00,2026-08-22,18,O,Y,4,464,3.75,6.79,11.19,12.52,57.8,3.29,47.23,30.64,30.0,60.0,0.15,0
CARR,21411,ACAA,31.44111,-110.28611,5400,2026-08-23T01:19:14.000Z,2026-08-22T18:19:00.000-07:00,2026-08-23T01:00:00.000Z,2026-08-22T18:00:00.000-07:00,2026-08-22,18,O,Y,4,75,34.81,6.31,10.16,12.64,0.0,0.0,30.11,0.0,31.38,60.88,0.3,0
RUCKER,21414,ARUC,31.76111,-109.34861,5700,2026-08-23T00:57:04.000Z,2026-08-22T17:57:00.000-07:00,2026-08-23T01:00:00.000Z,2026-08-22T18:00:00.000-07:00,2026-08-22,18,O,Y,4,49,34.92,6.46,11.42,14.59,0.0,0.0,25.33,0.0,62.89,80.93,0.4,0
SMITH PEAK,21501,ASMI,34.11486,-113.34733,2386,2026-08-23T00:53:05.000Z,2026-08-22T17:53:00.000-07:00,2026-08-23T01:00:00.000Z,2026-08-22T18:00:00.000-07:00,2026-08-22,18,O,Y,4,654,2.92,3.67,6.83,8.35,75.62,4.01,67.36,39.54,30.0,60.0,0.02,0
OATMAN,21502,AOAT,33.04994,-113.13867,1715,2026-08-23T00:52:35.000Z,2026-08-22T17:52:00.000-07:00,2026-08-23T01:00:00.000Z,2026-08-22T18:00:00.000-07:00,2026-08-22,18,O,Y,4,634,2.87,3.75,7.13,8.18,83.52,4.79,67.56,42.97,30.0,60.0,0.0,0
AHAKHAV PRESERVE,21503,AAHA,34.13222,-114.32917,363,2026-08-23T01:26:44.000Z,2026-08-22T18:26:00.000-07:00,2026-08-23T01:00:00.000Z,2026-08-22T18:00:00.000-07:00,2026-08-22,18,O,Y,4,745,2.81,4.76,9.28,10.47,62.6,2.54,56.98,29.69,30.0,60.0,0.0,0
BELMONT,21504,ABEL,33.67411,-112.92281,1813,2026-08-23T01:01:45.000Z,2026-08-22T18:01:00.000-07:00,2026-08-23T01:00:00.000Z,2026-08-22T18:00:00.000-07:00,2026-08-22,18,O,Y,4,690,2.71,3.65,6.89,8.69,72.59,3.42,66.29,36.48,30.0,60.0,0.01,0
GOLDFIELD,21505,AGOL,33.55531,-111.6145,1367,2026-08-23T01:23:14.000Z,2026-08-22T18:23:00.000-07:00,2026-08-23T01:00:00.000Z,2026-08-22T18:00:00.000-07:00,2026-08-22,18,O,Y,4,680,2.83,4.76,10.01,10.95,64.67,2.77,54.73,30.33,30.0,60.0,0.0,0
WASHINGTON PASS,290101,XWAS,36.0765,-108.8615,9384,2026-08-23T00:41:14.000Z,2026-08-22T17:41:00.000-07:00,2026-08-23T01:00:00.000Z,2026-08-22T18:00:00.000-07:00,2026-08-22,18,O,Y,4,248,14.93,19.53,11.81,13.15,3.49,1.19,32.06,16.08,109.52,110.6,0.55,0
ALBINO CANYON,290102,XALB,36.97661,-107.62892,7173,2026-08-23T01:26:05.000Z,2026-08-22T18:26:00.000-07:00,2026-08-23T01:00:00.000Z,2026-08-22T18:00:00.000-07:00,2026-08-22,18,O,Y,4,481,23.71,15.37,8.87,9.72,0.04,0.53,39.26,12.15,30.0,60.0,0.03,0
STONE LAKE,290201,XSTO,36.73161,-106.86581,7436,2026-08-23T00:33:34.000Z,2026-08-22T17:33:00.000-07:00,2026-08-23T01:00:00.000Z,2026-08-22T18:00:00.000-07:00,2026-08-22,18,O,Y,4,484,7.31,8.75,11.76,12.08,19.65,1.44,44.44,20.39,30.0,60.0,0.06,0
COYOTE,290202,XCOY,36.07333,-106.65739,8704,2026-08-23T00:48:54.000Z,2026-08-22T17:48:00.000-07:00,2026-08-23T01:00:00.000Z,2026-08-22T18:00:00.000-07:00,2026-08-22,18,O,Y,4,247,16.14,23.78,15.6,13.97,2.48,1.33,25.33,15.2,42.57,68.0,0.34,0
DEADMAN PEAK,290203,XDEA,36.4229,-106.772,8389,2026-08-23T01:07:54.000Z,2026-08-22T18:07:00.000-07:00,2026-08-23T01:00:00.000Z,2026-08-22T18:00:00.000-07:00,2026-08-22,18,O,Y,4,489,10.43,15.94,10.76,11.76,10.95,1.56,40.31,20.22,30.0,60.0,0.01,0
JARITA MESA,290204,XJAR,36.55597,-106.10306,8864,2026-08-23T01:16:04.000Z,2026-08-22T18:16:00.000-07:00,2026-08-23T01:00:00.000Z,2026-08-22T18:00:00.000-07:00,2026-08-22,18,O,Y,4,194,7.35,9.26,12.32,13.06,18.42,1.38,41.18,19.27,30.0,60.0,0.29,0
DULCE #2,290205,XDUL,36.93519,-107.00011,6805,2026-08-23T01:28:24.000Z,2026-08-22T18:28:00.000-07:00,2026-08-23T01:00:00.000Z,2026-08-22T18:00:00.000-07:00,2026-08-22,18,O,Y,4,404,34.42,18.0,12.3,12.89,0.0,0.0,23.51,0.0,30.0,60.0,0.05,0
TRUCHAS,290210,XTRU,36.059,-105.7695,8353,2026-08-23T01:11:14.000Z,2026-08-22T18:11:00.000-07:00,2026-08-23T01:00:00.000Z,2026-08-22T18:00:00.000-07:00,2026-08-22,18,O,Y,4,246,10.7,12.37,14.93,14.53,9.17,1.3,32.3,16.78,30.0,60.0,0.16,0
BLACK MESA,290305,XBLM,36.03708,-106.04964,5762,2026-08-23T00:34:24.000Z,2026-08-22T17:34:00.000-07:00,2026-08-23T01:00:00.000Z,2026-08-22T18:00:00.000-07:00,2026-08-22,18,O,Y,4,610,5.32,7.1,11.1,11.45,41.68,3.1,49.0,30.35,30.0,60.0,0.0,0
WILD RIVERS,290307,XWDR,36.69469,-105.66872,7530,2026-08-23T00:49:55.000Z,2026-08-22T17:49:00.000-07:00,2026-08-23T01:00:00.000Z,2026-08-22T18:00:00.000-07:00,2026-08-22,18,O,Y,4,518,8.64,9.36,13.04,13.72,17.49,1.87,38.17,21.43,30.0,60.0,0.0,0
CIMARRON,290401,XCIM,36.60611,-105.12028,8806,2026-08-23T01:09:54.000Z,2026-08-22T18:09:00.000-07:00,2026-08-23T01:00:00.000Z,2026-08-22T18:00:00.000-07:00,2026-08-22,18,O,Y,4,217,8.56,9.12,13.28,14.98,13.91,1.28,35.25,17.38,119.49,116.95,0.58,0
ZUNI BUTTES,290603,XZUB,35.13919,-108.94131,6649,2026-08-23T00:42:54.000Z,2026-08-22T17:42:00.000-07:00,2026-08-23T01:00:00.000Z,2026-08-22T18:00:00.000-07:00,2026-08-22,18,O,Y,4,222,27.09,23.78,12.47,13.46,0.0,0.0,23.36,0.0,30.0,60.0,0.07,0
JEMEZ,290702,XJEM,35.84114,-106.61969,8248,2026-08-23T01:08:44.000Z,2026-08-22T18:08:00.000-07:00,2026-08-23T01:00:00.000Z,2026-08-22T18:00:00.000-07:00,2026-08-22,18,O,Y,4,311,9.18,9.89,13.72,13.97,12.31,1.24,36.46,17.39,30.0,60.0,0.24,0
CUBA,290705,XCUB,35.942,-107.07739,6890,2026-08-23T00:41:05.000Z,2026-08-22T17:41:00.000-07:00,2026-08-23T01:00:00.000Z,2026-08-22T18:00:00.000-07:00,2026-08-22,18,O,Y,4,471,8.17,8.5,11.82,12.96,19.28,1.92,41.75,22.62,30.0,60.0,0.07,0
SANDIA LAKES,290706,XSLK,35.22967,-106.59061,5027,2026-08-23T00:42:44.000Z,2026-08-22T17:42:00.000-07:00,2026-08-23T01:00:00.000Z,2026-08-22T18:00:00.000-07:00,2026-08-22,18,O,Y,4,676,4.72,7.33,11.02,11.02,39.99,2.26,50.53,26.6,30.0,60.0,0.0,0
TOWER,290801,XTOW,35.77899,-106.26611,6529,2026-08-23T01:08:24.000Z,2026-08-22T18:08:00.000-07:00,2026-08-23T01:00:00.000Z,2026-08-22T18:00:00.000-07:00,2026-08-22,18,O,Y,4,529,5.9,6.68,10.76,11.17,41.12,3.82,49.96,33.71,30.0,60.0,0.02,0
SANTA FE WATERSHED,290901,XSFW,35.68686,-105.86031,7749,2026-08-23T00:53:04.000Z,2026-08-22T17:53:00.000-07:00,2026-08-23T01:00:00.000Z,2026-08-22T18:00:00.000-07:00,2026-08-22,18,O,Y,4,367,11.0,9.82,13.99,13.96,9.43,1.53,35.28,18.86,30.0,60.0,0.2,0
BARTLEY,291002,XBAR,35.90875,-105.38769,9192,2026-08-23T01:04:14.000Z,2026-08-22T18:04:00.000-07:00,2026-08-23T01:00:00.000Z,2026-08-22T18:00:00.000-07:00,2026-08-22,18,O,Y,4,130,14.16,16.56,13.4,13.83,3.76,1.01,31.2,14.74,110.18,111.03,0.56,0
MILLS CANYON,291101,XMIL,36.05453,-104.32511,5881,2026-08-23T01:05:54.000Z,2026-08-22T18:05:00.000-07:00,2026-08-23T01:00:00.000Z,2026-08-22T18:00:00.000-07:00,2026-08-22,18,O,Y,4,537,34.9,6.77,10.15,12.28,0.0,0.0,30.62,0.0,30.0,60.0,0.09,0
PECOS,291202,XPEC,35.54558,-105.49439,8229,2026-08-23T01:14:04.000Z,2026-08-22T18:14:00.000-07:00,2026-08-23T01:00:00.000Z,2026-08-22T18:00:00.000-07:00,2026-08-22,18,O,Y,4,79,21.2,21.33,12.48,12.7,0.22,0.55,28.54,10.65,47.65,71.23,0.36,0
BRUSHY MOUNTAIN,291301,XBRU,34.72,-107.8484,8789,2026-08-23T00:49:44.000Z,2026-08-22T17:49:00.000-07:00,2026-08-23T01:00:00.000Z,2026-08-22T18:00:00.000-07:00,2026-08-22,18,O,Y,4,209,15.02,21.03,13.13,14.36,4.17,1.88,27.94,18.6,65.09,82.33,0.41,0
GRANTS,291302,XGRA,35.24278,-107.66528,8620,2026-08-23T01:16:24.000Z,2026-08-22T18:16:00.000-07:00,2026-08-23T01:00:00.000Z,2026-08-22T18:00:00.000-07:00,2026-08-22,18,O,Y,4,124,11.46,11.09,14.99,15.08,7.26,1.18,31.27,15.8,81.44,92.73,0.46,0
OAK FLATS,291402,XOAK,35.00614,-106.31583,7675,2026-08-23T01:04:04.000Z,2026-08-22T18:04:00.000-07:00,2026-08-23T01:00:00.000Z,2026-08-22T18:00:00.000-07:00,2026-08-22,18,O,Y,4,450,6.99,7.83,11.96,12.98,21.03,1.58,42.67,20.89,30.0,60.0,0.15,0
SANDIA LAB,291408,XSLB,35.00406,-106.41148,6321,2026-08-23T00:53:34.000Z,2026-08-22T17:53:00.000-07:00,2026-08-23T01:00:00.000Z,2026-08-22T18:00:00.000-07:00,2026-08-22,18,O,Y,4,258,6.93,6.99,9.91,10.62,25.73,2.29,51.45,26.98,30.0,60.0,0.11,0
MOUNTAINAIR,291501,XMOU,34.52081,-106.26269,6593,2026-08-23T01:05:54.000Z,2026-08-22T18:05:00.000-07:00,2026-08-23T01:00:00.000Z,2026-08-22T18:00:00.000-07:00,2026-08-22,18,O,Y,4,468,6.44,6.85,11.45,12.88,34.8,3.37,44.27,30.11,30.0,60.0,0.08,0
MELROSE RANGE,291901,XMEL,34.28422,-103.71497,4263,2026-08-23T01:14:11.000Z,2026-08-22T18:14:00.000-07:00,2026-08-23T01:00:00.000Z,2026-08-22T18:00:00.000-07:00,2026-08-22,18,O,Y,4,651,4.22,5.57,9.43,10.15,65.24,6.43,56.2,45.2,30.0,60.0,0.0,0
BEAVERHEAD,292001,XBEA,33.42353,-108.11019,6750,2026-08-23T01:08:14.000Z,2026-08-22T18:08:00.000-07:00,2026-08-23T01:00:00.000Z,2026-08-22T18:00:00.000-07:00,2026-08-22,18,O,Y,4,177,17.43,16.14,16.78,17.45,1.56,0.85,20.75,11.29,30.0,60.0,0.23,0
LUNA,292004,XLUN,33.82289,-108.94311,7088,2026-08-23T01:07:14.000Z,2026-08-22T18:07:00.000-07:00,2026-08-23T01:00:00.000Z,2026-08-22T18:00:00.000-07:00,2026-08-22,18,O,Y,4,259,12.35,13.49,17.87,18.02,6.14,1.13,22.26,13.29,30.0,60.0,0.29,0
RESERVE,292005,XRES,33.71489,-108.777,5846,2026-08-23T01:08:14.000Z,2026-08-22T18:08:00.000-07:00,2026-08-23T01:00:00.000Z,2026-08-22T18:00:00.000-07:00,2026-08-22,18,O,Y,4,454,13.73,11.4,16.37,16.4,4.45,1.08,26.42,14.06,30.0,60.0,0.1,0
SLAUGHTER,292008,XSLA,34.06056,-108.44472,8680,2026-08-23T01:12:54.000Z,2026-08-22T18:12:00.000-07:00,2026-08-23T01:00:00.000Z,2026-08-22T18:00:00.000-07:00,2026-08-22,18,O,Y,4,20,19.15,18.36,14.86,16.13,0.64,0.73,22.68,10.97,137.54,128.44,0.64,0
PELONA MOUNTAIN,292009,XPEL,33.69375,-108.06161,7955,2026-08-23T00:38:25.000Z,2026-08-22T17:38:00.000-07:00,2026-08-23T01:00:00.000Z,2026-08-22T18:00:00.000-07:00,2026-08-22,18,O,Y,4,235,8.71,8.49,11.75,13.65,19.18,2.46,39.82,24.79,77.68,90.34,0.45,0
GILA CENTER RAWS,292011,XGIL,33.22375,-108.24031,5767,2026-08-23T01:13:04.000Z,2026-08-22T18:13:00.000-07:00,2026-08-23T01:00:00.000Z,2026-08-22T18:00:00.000-07:00,2026-08-22,18,O,Y,4,270,15.09,17.98,14.63,16.13,3.46,1.18,24.78,14.24,30.0,60.0,0.11,0
DATIL,292012,XDAT,34.29256,-107.768,8431,2026-08-23T01:11:04.000Z,2026-08-22T18:11:00.000-07:00,2026-08-23T01:00:00.000Z,2026-08-22T18:00:00.000-07:00,2026-08-22,18,O,Y,4,176,11.76,10.43,13.73,14.66,8.77,1.79,33.25,19.74,89.82,98.07,0.49,0
MOGOLLON,292013,XMOG,33.39064,-108.80819,7602,2026-08-23T01:13:15.000Z,2026-08-22T18:13:00.000-07:00,2026-08-23T01:00:00.000Z,2026-08-22T18:00:00.000-07:00,2026-08-22,18,O,Y,4,159,19.67,17.19,11.11,12.67,0.77,0.85,32.22,13.83,54.78,75.77,0.38,0
CHUPADERA,292102,XCHU,33.77294,-106.0985,5580,2026-08-23T00:39:45.000Z,2026-08-22T17:39:00.000-07:00,2026-08-23T01:00:00.000Z,2026-08-22T18:00:00.000-07:00,2026-08-22,18,O,Y,4,515,3.97,6.8,10.5,10.94,67.18,4.91,52.14,38.6,30.0,60.0,0.01,0
BOSQUE,292103,XBOS,33.82064,-106.88169,4523,2026-08-23T00:50:24.000Z,2026-08-22T17:50:00.000-07:00,2026-08-23T01:00:00.000Z,2026-08-22T18:00:00.000-07:00,2026-08-22,18,O,Y,4,668,3.99,6.77,11.09,11.91,51.95,2.92,48.84,29.5,30.0,60.0,0.0,0
MAGDALENA,292104,XMAG,33.85061,-107.539,8495,2026-08-23T01:03:54.000Z,2026-08-22T18:03:00.000-07:00,2026-08-23T01:00:00.000Z,2026-08-22T18:00:00.000-07:00,2026-08-22,18,O,Y,4,55,9.44,9.03,12.17,14.0,12.88,1.5,37.94,19.29,115.27,114.26,0.57,0
SEVILLETA,292105,XSEV,34.35844,-106.6895,5246,2026-08-23T01:11:44.000Z,2026-08-22T18:11:00.000-07:00,2026-08-23T01:00:00.000Z,2026-08-22T18:00:00.000-07:00,2026-08-22,18,O,Y,4,555,17.6,18.61,11.63,11.67,1.78,1.12,34.4,16.16,30.0,60.0,0.0,0
SMOKEY BEAR,292203,XSMO,33.35019,-105.686,7194,2026-08-23T01:00:04.000Z,2026-08-22T18:00:00.000-07:00,2026-08-23T01:00:00.000Z,2026-08-22T18:00:00.000-07:00,2026-08-22,18,O,Y,4,95,7.04,8.59,14.92,16.6,21.51,1.57,31.56,18.12,30.0,60.0,0.28,0
EIGHT MILE DRAW,292301,XEIG,33.65064,-104.32139,3626,2026-08-23T00:37:25.000Z,2026-08-22T17:37:00.000-07:00,2026-08-23T01:00:00.000Z,2026-08-22T18:00:00.000-07:00,2026-08-22,18,O,Y,4,603,3.37,5.55,8.69,9.24,76.41,5.68,60.49,44.19,30.0,60.0,0.0,0
DUNKEN,292302,XDUN,32.82467,-105.18261,5431,2026-08-23T00:36:15.000Z,2026-08-22T17:36:00.000-07:00,2026-08-23T01:00:00.000Z,2026-08-22T18:00:00.000-07:00,2026-08-22,18,O,Y,4,484,3.74,5.7,8.72,9.8,69.74,5.88,58.33,44.14,30.0,60.0,0.02,0
BURRO MOUNTAIN,292504,XBUR,32.67203,-108.53969,6995,2026-08-23T00:59:44.000Z,2026-08-22T17:59:00.000-07:00,2026-08-23T01:00:00.000Z,2026-08-22T18:00:00.000-07:00,2026-08-22,18,O,Y,4,286,6.03,6.49,9.5,11.77,39.11,3.79,49.56,33.45,30.0,60.0,0.21,0
HACHITA VALLEY,292702,XHAC,31.702,-108.34169,4290,2026-08-23T00:40:54.000Z,2026-08-22T17:40:00.000-07:00,2026-08-23T01:00:00.000Z,2026-08-22T18:00:00.000-07:00,2026-08-22,18,O,Y,4,588,3.12,4.88,7.95,10.39,73.39,4.25,58.37,38.04,30.0,60.0,0.04,0
MCGREGGOR RANGE,292901,XMCG,32.43133,-105.62181,4832,2026-08-23T00:37:35.000Z,2026-08-22T17:37:00.000-07:00,2026-08-23T01:00:00.000Z,2026-08-22T18:00:00.000-07:00,2026-08-22,18,O,Y,4,595,3.54,4.93,7.68,9.77,73.12,5.2,60.24,42.32,30.0,60.0,0.01,0
DRIPPING SPRINGS,292903,XDRI,32.32225,-106.58661,5814,2026-08-23T01:26:15.000Z,2026-08-22T18:26:00.000-07:00,2026-08-23T01:00:00.000Z,2026-08-22T18:00:00.000-07:00,2026-08-22,18,O,Y,4,444,3.89,4.68,7.55,9.73,51.97,2.99,60.41,32.87,30.0,60.0,0.12,0
SAN ANDRES,292904,XSAA,32.58008,-106.52719,6137,2026-08-23T01:01:54.000Z,2026-08-22T18:01:00.000-07:00,2026-08-23T01:00:00.000Z,2026-08-22T18:00:00.000-07:00,2026-08-22,18,O,Y,4,489,4.15,4.97,7.9,9.97,49.41,2.91,58.85,32.06,30.0,60.0,0.09,0
MAYHILL,293002,XMAY,32.90947,-105.46981,6599,2026-08-23T01:01:54.000Z,2026-08-22T18:01:00.000-07:00,2026-08-23T01:00:00.000Z,2026-08-22T18:00:00.000-07:00,2026-08-22,18,O,Y,4,462,4.59,7.23,12.1,14.29,41.82,2.51,41.09,25.38,30.0,60.0,0.14,0
MESCAL,293003,XMES,33.15803,-105.76881,6227,2026-08-23T00:41:24.000Z,2026-08-22T17:41:00.000-07:00,2026-08-23T01:00:00.000Z,2026-08-22T18:00:00.000-07:00,2026-08-22,18,O,Y,4,210,6.13,8.2,14.38,16.6,30.12,2.19,32.6,21.45,37.64,64.86,0.32,0
COSMIC,293004,XCOS,32.77925,-105.81989,9172,2026-08-23T01:15:24.000Z,2026-08-22T18:15:00.000-07:00,2026-08-23T01:00:00.000Z,2026-08-22T18:00:00.000-07:00,2026-08-22,18,O,Y,4,65,8.02,8.96,13.05,14.36,16.6,1.48,37.24,19.03,203.17,170.2,0.85,0
BATDRAW,293101,XBAD,32.17861,-104.44056,4425,2026-08-23T00:52:34.000Z,2026-08-22T17:52:00.000-07:00,2026-08-23T01:00:00.000Z,2026-08-22T18:00:00.000-07:00,2026-08-22,18,O,Y,4,562,3.8,4.8,7.14,8.32,69.54,5.06,65.5,43.45,30.0,60.0,0.0,0
CAPROCK,293104,XCAP,32.92728,-103.85689,4167,2026-08-23T00:40:45.000Z,2026-08-22T17:40:00.000-07:00,2026-08-23T01:00:00.000Z,2026-08-22T18:00:00.000-07:00,2026-08-22,18,O,Y,4,488,3.59,5.15,7.67,9.01,72.77,5.16,62.51,42.92,30.0,60.0,0.0,0
QUEEN,293105,XQUN,32.20361,-104.69031,5642,2026-08-23T01:13:14.000Z,2026-08-22T18:13:00.000-07:00,2026-08-23T01:00:00.000Z,2026-08-22T18:00:00.000-07:00,2026-08-22,18,O,Y,4,234,4.52,5.41,8.2,10.25,51.42,3.67,57.09,35.18,30.0,60.0,0.0,0
PADUCA,293202,XPAD,32.17983,-103.722,3534,2026-08-23T00:39:54.000Z,2026-08-22T17:39:00.000-07:00,2026-08-23T01:00:00.000Z,2026-08-22T18:00:00.000-07:00,2026-08-22,18,O,Y,4,602,3.65,5.43,8.21,9.08,70.72,4.73,61.44,40.92,30.0,60.0,0.0,0
MALPAIS LAVA FLOW,293301,XMAL,34.85181,-108.17461,7514,2026-08-23T01:25:55.000Z,2026-08-22T18:25:00.000-07:00,2026-08-23T01:00:00.000Z,2026-08-22T18:00:00.000-07:00,2026-08-22,18,O,Y,4,177,10.79,12.04,16.44,16.06,10.99,1.86,28.18,18.59,30.0,60.0,0.25,0
BLUEWATER RIDGE,293303,XBLR,35.19411,-108.16336,8274,2026-08-23T01:05:44.000Z,2026-08-22T18:05:00.000-07:00,2026-08-23T01:00:00.000Z,2026-08-22T18:00:00.000-07:00,2026-08-22,18,O,Y,4,209,25.48,16.07,12.79,13.53,0.0,0.05,26.87,3.36,82.2,93.22,0.47,0
LAGUNA,293304,XLAG,35.05197,-107.42028,5805,2026-08-23T00:33:44.000Z,2026-08-22T17:33:00.000-07:00,2026-08-23T01:00:00.000Z,2026-08-22T18:00:00.000-07:00,2026-08-22,18,O,Y,4,543,6.93,7.3,9.85,10.11,39.9,5.1,52.78,39.49,30.0,60.0,0.01,0
RAMAH,293305,XRAM,34.81947,-108.29439,7645,2026-08-23T00:34:44.000Z,2026-08-22T17:34:00.000-07:00,2026-08-23T01:00:00.000Z,2026-08-22T18:00:00.000-07:00,2026-08-22,18,O,Y,4,310,10.09,9.6,13.85,15.71,12.25,1.75,32.18,19.2,30.0,60.0,0.26,0
10K,55522198,X10K,35.2085,-106.43586,10065,2026-08-23T00:38:19.000Z,2026-08-22T17:38:00.000-07:00,2026-08-23T01:00:00.000Z,2026-08-22T18:00:00.000-07:00,2026-08-22,18,O,Y,4,202,34.44,8.85,12.57,13.73,0.0,0.0,25.42,0.0,129.08,123.05,0.62,0
BAKERS TANK,55522210,AHBB,32.61528,-114.00836,563,2026-08-23T01:07:14.000Z,2026-08-22T18:07:00.000-07:00,2026-08-23T01:00:00.000Z,2026-08-22T18:00:00.000-07:00,2026-08-22,18,O,Y,4,738,2.66,3.73,7.14,7.97,90.15,5.76,68.49,47.09,30.0,60.0,0.0,0
CAVE CREEK,55522232,ACAV,34.0899,-111.8465,3477,2026-08-23T01:20:39.000Z,2026-08-22T18:20:00.000-07:00,2026-08-23T01:00:00.000Z,2026-08-22T18:00:00.000-07:00,2026-08-22,18,O,Y,4,537,3.04,4.69,8.68,9.86,57.12,2.48,59.4,29.92,30.0,60.0,0.03,0
CIPRIANO,55522238,ARIP,32.4235,-114.16211,1042,2026-08-23T00:59:08.000Z,2026-08-22T17:59:00.000-07:00,2026-08-23T01:00:00.000Z,2026-08-22T18:00:00.000-07:00,2026-08-22,18,O,Y,4,710,2.58,3.82,7.77,8.94,82.29,4.16,64.41,39.4,30.0,60.0,0.0,0
DEVILS HILLS,55522251,ADVH,32.42483,-113.79011,836,2026-08-23T01:23:19.000Z,2026-08-22T18:23:00.000-07:00,2026-08-23T01:00:00.000Z,2026-08-22T18:00:00.000-07:00,2026-08-22,18,O,Y,4,734,2.61,3.53,7.09,8.39,90.12,6.26,67.28,48.51,30.0,60.0,0.0,0
DUTCH KID,55522257,ADUT,35.12931,-112.28219,6505,2026-08-23T00:38:59.000Z,2026-08-22T17:38:00.000-07:00,2026-08-23T01:00:00.000Z,2026-08-22T18:00:00.000-07:00,2026-08-22,18,O,Y,4,106,5.62,9.77,15.99,16.8,28.97,1.62,30.56,18.09,30.0,60.0,0.28,0
FTHL YDMA,55522271,AFTH,32.48658,-114.4635,331,2026-08-23T00:38:44.000Z,2026-08-22T17:38:00.000-07:00,2026-08-23T01:00:00.000Z,2026-08-22T18:00:00.000-07:00,2026-08-22,18,O,Y,4,744,2.7,4.37,9.73,11.27,87.97,4.85,54.41,39.12,30.0,60.0,0.0,0
MIDNIGHT,55522315,XMID,36.77819,-105.34131,10815,2026-08-23T00:37:59.000Z,2026-08-22T17:37:00.000-07:00,2026-08-23T01:00:00.000Z,2026-08-22T18:00:00.000-07:00,2026-08-22,18,O,Y,4,156,31.56,28.59,16.34,16.94,0.0,0.0,12.02,0.0,197.38,166.51,0.83,0
MOHAWK DUNES,55522318,AMOD,32.68878,-113.74889,524,2026-08-23T01:23:09.000Z,2026-08-22T18:23:00.000-07:00,2026-08-23T01:00:00.000Z,2026-08-22T18:00:00.000-07:00,2026-08-22,18,O,Y,4,747,2.64,3.89,7.81,8.44,90.08,5.33,65.94,44.63,30.0,60.0,0.0,0
NEVERSHINE,55522326,ANEV,36.24753,-113.88851,2165,2026-08-23T01:03:51.000Z,2026-08-22T18:03:00.000-07:00,2026-08-23T01:00:00.000Z,2026-08-22T18:00:00.000-07:00,2026-08-22,18,O,Y,4,679,2.36,3.58,5.82,7.68,88.53,4.68,71.53,43.64,30.0,60.0,0.0,0
PICACHO PEAK,55522341,APIC,32.66314,-111.42154,1750,2026-08-23T01:17:49.000Z,2026-08-22T18:17:00.000-07:00,2026-08-23T01:00:00.000Z,2026-08-22T18:00:00.000-07:00,2026-08-22,18,O,Y,4,723,2.99,4.67,8.38,9.57,70.89,3.61,60.69,35.91,30.0,60.0,0.0,0
PINEDALE,55522344,APND,34.30617,-110.23661,6461,2026-08-23T00:38:39.000Z,2026-08-22T17:38:00.000-07:00,2026-08-23T01:00:00.000Z,2026-08-22T18:00:00.000-07:00,2026-08-22,18,O,Y,4,257,34.58,20.13,14.06,14.11,0.0,0.0,19.42,0.0,30.0,60.0,0.25,0
TANKS,55522384,ATNK,33.67314,-110.57431,5801,2026-08-23T00:38:49.000Z,2026-08-22T17:38:00.000-07:00,2026-08-23T01:00:00.000Z,2026-08-22T18:00:00.000-07:00,2026-08-22,18,O,Y,4,297,6.78,7.78,13.15,14.41,30.16,2.76,38.33,25.71,30.0,60.0,0.3,0
TAOS PUEBLO RAWS,55522385,XTAP,36.41461,-105.55689,7135,2026-08-23T01:13:34.000Z,2026-08-22T18:13:00.000-07:00,2026-08-23T01:00:00.000Z,2026-08-22T18:00:00.000-07:00,2026-08-22,18,O,Y,4,453,6.04,7.23,11.22,12.36,26.64,1.7,45.87,22.31,30.0,60.0,0.03,0
CEDAR RIDGE,55523718,ACED,32.59872,-110.76231,4735,2026-08-23T00:37:19.000Z,2026-08-22T17:37:00.000-07:00,2026-08-23T01:00:00.000Z,2026-08-22T18:00:00.000-07:00,2026-08-22,18,O,Y,4,320,5.61,6.09,9.31,10.74,32.87,2.1,53.23,26.37,30.0,60.0,0.13,0
RED CANYON,55523735,XRDC,34.62289,-106.40831,8070,2026-08-23T00:38:29.000Z,2026-08-22T17:38:00.000-07:00,2026-08-23T01:00:00.000Z,2026-08-22T18:00:00.000-07:00,2026-08-22,18,O,Y,4,377,35.0,31.7,11.57,11.77,0.0,0.0,20.46,0.0,30.0,60.0,0.27,0
SOWATS,55523737,ASOW,36.48242,-112.42281,7038,2026-08-23T00:39:09.000Z,2026-08-22T17:39:00.000-07:00,2026-08-23T01:00:00.000Z,2026-08-22T18:00:00.000-07:00,2026-08-22,18,O,Y,4,154,4.82,7.06,10.26,12.86,36.98,2.05,46.33,24.44,30.0,60.0,0.29,0
T BAR,55523738,XTBA,33.51789,-108.52419,8047,2026-08-23T00:39:19.000Z,2026-08-22T17:39:00.000-07:00,2026-08-23T01:00:00.000Z,2026-08-22T18:00:00.000-07:00,2026-08-22,18,O,Y,4,22,26.49,15.33,17.04,18.25,0.0,0.0,15.91,0.0,118.49,116.31,0.58,0
FORT YUMA,20102,AFYM,32.65222,-114.63417,185,2026-08-23T02:16:14.000Z,2026-08-22T19:16:00.000-07:00,2026-08-23T02:00:00.000Z,2026-08-22T19:00:00.000-07:00,2026-08-22,19,O,Y,4,744,3.17,4.02,8.26,9.89,54.37,2.25,60.13,28.79,30.0,60.0,0.0,0
MOUNT LOGAN,20107,AMTL,36.35306,-113.19917,7605,2026-08-23T01:33:25.000Z,2026-08-22T18:33:00.000-07:00,2026-08-23T02:00:00.000Z,2026-08-22T19:00:00.000-07:00,2026-08-22,19,O,Y,4,152,5.14,6.84,9.79,11.7,42.27,3.16,49.85,30.84,91.36,99.05,0.5,0
OLAF KNOLLS,20108,AOLA,36.50725,-113.81589,2974,2026-08-23T01:33:35.000Z,2026-08-22T18:33:00.000-07:00,2026-08-23T02:00:00.000Z,2026-08-22T19:00:00.000-07:00,2026-08-22,19,O,Y,4,629,3.03,3.94,6.38,8.08,75.72,4.32,68.55,41.26,30.0,60.0,0.02,0
TWEEDS POINT,20109,ATWE,36.58186,-113.732,5334,2026-08-23T01:33:55.000Z,2026-08-22T18:33:00.000-07:00,2026-08-23T02:00:00.000Z,2026-08-22T19:00:00.000-07:00,2026-08-22,19,O,Y,4,553,4.09,4.96,7.54,9.28,60.29,4.18,61.52,38.66,30.0,60.0,0.04,0
NIXON FLATS,20113,ANIX,36.38833,-113.15806,6500,2026-08-23T01:50:15.000Z,2026-08-22T18:50:00.000-07:00,2026-08-23T02:00:00.000Z,2026-08-22T19:00:00.000-07:00,2026-08-22,19,O,Y,4,302,4.46,7.96,13.61,13.97,37.41,1.93,40.25,22.31,30.0,60.0,0.26,0
BLACK ROCK,20114,ABRK,36.79436,-113.75056,7224,2026-08-23T01:50:05.000Z,2026-08-22T18:50:00.000-07:00,2026-08-23T02:00:00.000Z,2026-08-22T19:00:00.000-07:00,2026-08-22,19,O,Y,4,192,5.93,6.38,9.11,11.63,32.39,2.47,50.46,27.69,57.26,77.34,0.39,0
MOSS BASIN,20115,AMOS,35.03397,-113.89406,5920,2026-08-23T02:00:00.000Z,2026-08-22T19:23:00.000-07:00,2026-08-23T02:00:00.000Z,2026-08-22T19:00:00.000-07:00,2026-08-22,19,F,Y,4,394,4.91,5.8,11.24,13.25,43.26,2.95,45.07,28.54,30.0,60.0,0.27,0
UNION PASS,20116,AUNI,35.23233,-114.38194,3590,2026-08-23T01:52:35.000Z,2026-08-22T18:52:00.000-07:00,2026-08-23T02:00:00.000Z,2026-08-22T19:00:00.000-07:00,2026-08-22,19,O,Y,4,580,3.44,4.23,7.18,8.66,67.73,4.12,65.02,39.39,30.0,60.0,0.03,0
HURRICANE,20117,AHUR,36.69908,-113.20731,5445,2026-08-23T01:34:05.000Z,2026-08-22T18:34:00.000-07:00,2026-08-23T02:00:00.000Z,2026-08-22T19:00:00.000-07:00,2026-08-22,19,O,Y,4,407,4.4,6.69,9.67,11.02,62.49,5.09,52.52,39.36,30.0,60.0,0.18,0
HAVASU,20118,AHAV,34.80758,-114.53456,475,2026-08-23T01:52:45.000Z,2026-08-22T18:52:00.000-07:00,2026-08-23T02:00:00.000Z,2026-08-22T19:00:00.000-07:00,2026-08-22,19,O,Y,4,653,2.53,4.15,8.06,9.33,72.33,3.17,62.56,34.31,30.0,60.0,0.0,0
MUSIC MOUNTAIN,20119,AMUS,35.61497,-113.79428,5375,2026-08-23T01:52:55.000Z,2026-08-22T18:52:00.000-07:00,2026-08-23T02:00:00.000Z,2026-08-22T19:00:00.000-07:00,2026-08-22,19,O,Y,4,547,4.05,5.3,8.82,10.77,45.7,2.43,55.29,28.7,30.0,60.0,0.12,0
TRUXTON CANYON,20120,ATRU,35.78013,-113.79563,5304,2026-08-23T02:14:05.000Z,2026-08-22T19:14:00.000-07:00,2026-08-23T02:00:00.000Z,2026-08-22T19:00:00.000-07:00,2026-08-22,19,O,Y,4,267,4.58,5.3,8.39,10.41,42.51,2.54,56.44,29.53,30.0,60.0,0.18,0
CIBOLA,20121,ACBL,33.28,-114.68489,252,2026-08-23T01:48:54.000Z,2026-08-22T18:48:00.000-07:00,2026-08-23T02:00:00.000Z,2026-08-22T19:00:00.000-07:00,2026-08-22,19,O,Y,4,748,3.04,4.18,8.14,9.14,61.25,2.72,62.65,32.0,30.0,60.0,0.0,0
TUSAYAN,20207,ATUS,35.98833,-112.12056,6570,2026-08-23T02:08:24.000Z,2026-08-22T19:08:00.000-07:00,2026-08-23T02:00:00.000Z,2026-08-22T19:00:00.000-07:00,2026-08-22,19,O,Y,4,348,6.53,8.78,14.58,15.57,22.15,1.45,34.21,18.15,30.0,60.0,0.22,0
FLAGSTAFF,20209,AFLG,35.14111,-111.6725,6903,2026-08-23T02:06:04.000Z,2026-08-22T19:06:00.000-07:00,2026-08-23T02:00:00.000Z,2026-08-22T19:00:00.000-07:00,2026-08-22,19,O,Y,4,283,6.8,8.02,13.14,14.87,24.34,1.91,37.15,21.36,53.37,74.87,0.37,0
BRIGHT ANGEL,20211,ACAN,36.20472,-112.06222,8134,2026-08-23T02:07:54.000Z,2026-08-22T19:07:00.000-07:00,2026-08-23T02:00:00.000Z,2026-08-22T19:00:00.000-07:00,2026-08-22,19,O,Y,4,265,5.71,7.43,10.96,12.78,27.75,1.74,45.13,22.41,72.39,86.98,0.43,0
DRY PARK,20212,ADRY,36.45308,-112.23819,8700,2026-08-23T01:38:24.000Z,2026-08-22T18:38:00.000-07:00,2026-08-23T02:00:00.000Z,2026-08-22T19:00:00.000-07:00,2026-08-22,19,O,Y,4,93,7.1,8.42,12.35,14.52,20.37,1.57,38.22,19.78,148.49,135.4,0.68,0
FRAZIER WELLS,20213,AFRA,35.84551,-113.05501,6796,2026-08-23T02:00:00.000Z,2026-08-22T19:27:00.000-07:00,2026-08-23T02:00:00.000Z,2026-08-22T19:00:00.000-07:00,2026-08-22,19,F,Y,4,92,6.13,7.13,10.53,11.86,35.04,3.17,47.87,30.34,55.48,76.21,0.38,0
MORMON LAKE,20215,AMOL,34.90972,-111.43842,7094,2026-08-23T02:03:14.000Z,2026-08-22T19:03:00.000-07:00,2026-08-23T02:00:00.000Z,2026-08-22T19:00:00.000-07:00,2026-08-22,19,O,Y,4,282,7.91,9.47,15.16,15.2,26.86,3.57,33.48,27.19,69.54,85.16,0.43,0
WARM SPRINGS CANYON,20216,AWAR,36.70117,-112.22689,7953,2026-08-23T01:47:34.000Z,2026-08-22T18:47:00.000-07:00,2026-08-23T02:00:00.000Z,2026-08-22T19:00:00.000-07:00,2026-08-22,19,O,Y,4,345,5.87,7.88,12.6,13.6,26.11,1.6,41.24,20.66,62.98,80.98,0.4,0
YELLOW JOHN MOUNTAIN,20217,AYEL,36.155,-113.54944,6160,2026-08-23T01:50:25.000Z,2026-08-22T18:50:00.000-07:00,2026-08-23T02:00:00.000Z,2026-08-22T19:00:00.000-07:00,2026-08-22,19,O,Y,4,283,4.52,6.78,12.25,14.17,38.58,2.1,41.53,23.52,30.0,60.0,0.18,0
OAK CREEK,20219,AOAK,34.94686,-111.75444,4804,2026-08-23T02:03:04.000Z,2026-08-22T19:03:00.000-07:00,2026-08-23T02:00:00.000Z,2026-08-22T19:00:00.000-07:00,2026-08-22,19,O,Y,4,574,5.4,6.35,10.35,12.07,31.27,1.79,48.43,23.46,30.0,60.0,0.09,0
LINDBERGH HILL,20220,ALBE,36.28556,-112.07861,8800,2026-08-23T02:08:14.000Z,2026-08-22T19:08:00.000-07:00,2026-08-23T02:00:00.000Z,2026-08-22T19:00:00.000-07:00,2026-08-22,19,O,Y,4,395,6.42,7.17,10.91,12.62,22.19,1.47,45.27,20.78,77.73,90.37,0.45,0
PROMONTORY,20221,APRO,34.36528,-111.01444,7842,2026-08-23T01:49:34.000Z,2026-08-22T18:49:00.000-07:00,2026-08-23T02:00:00.000Z,2026-08-22T19:00:00.000-07:00,2026-08-22,19,O,Y,4,121,12.64,8.36,12.2,14.33,5.56,1.13,35.69,16.48,169.19,148.57,0.74,0
GUNSIGHT,20223,AGUN,36.70464,-112.5835,5284,2026-08-23T01:34:14.000Z,2026-08-22T18:34:00.000-07:00,2026-08-23T02:00:00.000Z,2026-08-22T19:00:00.000-07:00,2026-08-22,19,O,Y,4,522,4.11,6.52,9.82,11.18,43.71,2.2,52.23,26.67,30.0,60.0,0.14,0
BUCKSKIN MTN,20224,ABUC,36.91808,-112.19981,6334,2026-08-23T01:33:45.000Z,2026-08-22T18:33:00.000-07:00,2026-08-23T02:00:00.000Z,2026-08-22T19:00:00.000-07:00,2026-08-22,19,O,Y,4,416,4.25,6.03,9.5,11.46,52.23,3.44,51.96,32.7,30.0,60.0,0.2,0
PARIA POINT,20226,APAR,36.72753,-111.822,7106,2026-08-23T02:00:45.000Z,2026-08-22T19:00:00.000-07:00,2026-08-23T02:00:00.000Z,2026-08-22T19:00:00.000-07:00,2026-08-22,19,O,Y,4,398,4.94,6.4,10.01,10.89,38.67,2.44,52.33,28.02,30.0,60.0,0.24,0
FOUR SPRINGS,20227,AFOU,36.79367,-112.04239,6560,2026-08-23T02:19:25.000Z,2026-08-22T19:19:00.000-07:00,2026-08-23T02:00:00.000Z,2026-08-22T19:00:00.000-07:00,2026-08-22,19,O,Y,4,284,5.1,6.27,10.18,10.77,39.17,2.64,52.48,29.1,30.0,60.0,0.25,0
GREENBASE,20284,AGRB,35.27619,-112.06325,6923,2026-08-23T02:16:34.000Z,2026-08-22T19:16:00.000-07:00,2026-08-23T02:00:00.000Z,2026-08-22T19:00:00.000-07:00,2026-08-22,19,O,Y,4,223,7.84,9.67,15.8,17.45,17.47,1.49,28.31,16.83,63.49,81.31,0.41,0
HAPPY JACK,20291,AHJK,34.61797,-111.34239,6812,2026-08-23T02:02:04.000Z,2026-08-22T19:02:00.000-07:00,2026-08-23T02:00:00.000Z,2026-08-22T19:00:00.000-07:00,2026-08-22,19,O,Y,4,381,9.8,9.26,14.51,16.23,11.08,1.26,30.91,16.22,61.12,79.8,0.4,0
HEBER,20301,AHBR,34.39778,-110.56444,6635,2026-08-23T02:03:04.000Z,2026-08-22T19:03:00.000-07:00,2026-08-23T02:00:00.000Z,2026-08-22T19:00:00.000-07:00,2026-08-22,19,O,Y,4,219,14.06,10.57,13.83,15.61,4.02,1.07,29.93,14.82,30.5,60.32,0.3,0
LAKESIDE,20303,ALAK,34.16283,-109.87639,7267,2026-08-23T02:00:14.000Z,2026-08-22T19:00:00.000-07:00,2026-08-23T02:00:00.000Z,2026-08-22T19:00:00.000-07:00,2026-08-22,19,O,Y,4,15,11.96,12.8,16.98,17.33,6.4,1.1,24.52,13.73,74.34,88.21,0.44,0
NAVAJO MONUMENT,20307,ANAV,36.67667,-110.54389,7204,2026-08-23T01:36:34.000Z,2026-08-22T18:36:00.000-07:00,2026-08-23T02:00:00.000Z,2026-08-22T19:00:00.000-07:00,2026-08-22,19,O,Y,4,198,6.88,7.26,10.36,11.83,22.91,1.74,47.54,22.92,30.0,60.0,0.14,0
LIMESTONE CANYON,20309,ALIM,34.17786,-110.27663,7102,2026-08-23T02:00:00.000Z,2026-08-22T19:24:00.000-07:00,2026-08-23T02:00:00.000Z,2026-08-22T19:00:00.000-07:00,2026-08-22,19,F,Y,4,335,17.18,12.42,11.35,12.75,2.1,1.41,35.43,18.21,34.46,62.84,0.31,0
MOUNTAIN LION,20310,AFAP,33.69511,-109.71078,7269,2026-08-23T02:14:54.000Z,2026-08-22T19:14:00.000-07:00,2026-08-23T02:00:00.000Z,2026-08-22T19:00:00.000-07:00,2026-08-22,19,O,Y,4,66,9.27,9.11,14.16,16.2,12.93,1.39,31.57,17.11,125.45,120.74,0.6,0
HOPI,20312,AHPI,35.86292,-110.61495,5579,2026-08-23T02:13:45.000Z,2026-08-22T19:13:00.000-07:00,2026-08-23T02:00:00.000Z,2026-08-22T19:00:00.000-07:00,2026-08-22,19,O,Y,4,473,6.44,7.36,12.22,12.36,41.79,4.93,44.63,35.98,30.0,60.0,0.07,0
ALPINE,20401,AALP,33.84272,-109.11161,8207,2026-08-23T02:16:54.000Z,2026-08-22T19:16:00.000-07:00,2026-08-23T02:00:00.000Z,2026-08-22T19:00:00.000-07:00,2026-08-22,19,O,Y,4,81,12.41,10.67,14.33,15.91,5.93,1.14,29.75,15.2,140.97,130.62,0.65,0
PINEY HILL,20402,APIN,35.76111,-109.16719,8061,2026-08-23T01:41:24.000Z,2026-08-22T18:41:00.000-07:00,2026-08-23T02:00:00.000Z,2026-08-22T19:00:00.000-07:00,2026-08-22,19,O,Y,4,184,34.2,15.48,11.04,12.51,0.0,0.0,26.16,0.0,49.55,72.44,0.36,0
GREER,20404,AGRE,34.05853,-109.44097,8240,2026-08-23T01:35:49.000Z,2026-08-22T18:35:00.000-07:00,2026-08-23T02:00:00.000Z,2026-08-22T19:00:00.000-07:00,2026-08-22,19,O,Y,4,55,10.83,15.14,15.08,16.2,9.99,1.53,27.49,16.83,163.34,144.86,0.72,0
IRON SPRINGS,20501,AIRO,34.59361,-112.51139,5385,2026-08-23T02:06:34.000Z,2026-08-22T19:06:00.000-07:00,2026-08-23T02:00:00.000Z,2026-08-22T19:00:00.000-07:00,2026-08-22,19,O,Y,4,379,4.83,6.52,11.73,13.67,36.48,2.05,43.21,23.65,30.0,60.0,0.22,0
CROWN KING,20502,ACRO,34.20336,-112.34561,6173,2026-08-23T02:00:00.000Z,2026-08-22T19:27:00.000-07:00,2026-08-23T02:00:00.000Z,2026-08-22T19:00:00.000-07:00,2026-08-22,19,F,Y,4,377,6.01,6.48,11.02,12.82,32.27,2.45,45.3,26.25,30.0,60.0,0.25,0
VERDE,20503,AVER,34.54917,-111.84417,3101,2026-08-23T02:05:14.000Z,2026-08-22T19:05:00.000-07:00,2026-08-23T02:00:00.000Z,2026-08-22T19:00:00.000-07:00,2026-08-22,19,O,Y,4,551,6.28,6.49,10.75,12.61,36.47,3.14,45.93,29.64,30.0,60.0,0.06,0
GOODWIN MESA,20507,AGOO,34.77614,-113.3375,4311,2026-08-23T02:00:00.000Z,2026-08-22T19:20:00.000-07:00,2026-08-23T02:00:00.000Z,2026-08-22T19:00:00.000-07:00,2026-08-22,19,F,Y,4,447,4.08,4.99,10.0,11.75,62.95,4.52,51.38,36.9,30.0,60.0,0.12,0
HUMBUG CREEK,20508,AHUM,34.11,-112.3,5250,2026-08-23T01:48:15.000Z,2026-08-22T18:48:00.000-07:00,2026-08-23T02:00:00.000Z,2026-08-22T19:00:00.000-07:00,2026-08-22,19,O,Y,4,257,4.78,5.33,9.23,11.04,45.44,2.99,53.51,31.1,30.0,60.0,0.19,0
STANTON,20509,ASTA,34.16403,-112.73486,3600,2026-08-23T02:01:25.000Z,2026-08-22T19:01:00.000-07:00,2026-08-23T02:00:00.000Z,2026-08-22T19:00:00.000-07:00,2026-08-22,19,O,Y,4,542,3.75,4.12,7.37,9.13,58.34,3.34,63.06,35.26,30.0,60.0,0.07,0
SUNSET POINT,20510,ASUN,34.18847,-112.13467,3380,2026-08-23T01:53:15.000Z,2026-08-22T18:53:00.000-07:00,2026-08-23T02:00:00.000Z,2026-08-22T19:00:00.000-07:00,2026-08-22,19,O,Y,4,617,3.45,4.34,8.31,9.87,59.97,3.14,59.7,33.41,30.0,60.0,0.04,0
CHERRY,20511,ACHE,34.59661,-112.04761,5147,2026-08-23T02:11:54.000Z,2026-08-22T19:11:00.000-07:00,2026-08-23T02:00:00.000Z,2026-08-22T19:00:00.000-07:00,2026-08-22,19,O,Y,4,195,7.2,7.4,12.1,13.51,22.75,1.86,41.33,22.18,30.0,60.0,0.16,0
GLOBE,20601,AGLO,33.32694,-110.76694,4137,2026-08-23T02:06:25.000Z,2026-08-22T19:06:00.000-07:00,2026-08-23T02:00:00.000Z,2026-08-22T19:00:00.000-07:00,2026-08-22,19,O,Y,4,513,10.51,16.27,9.46,10.14,12.42,1.71,45.33,22.25,30.0,60.0,0.06,0
PAYSON,20602,APAY,34.24614,-111.2935,5064,2026-08-23T02:11:04.000Z,2026-08-22T19:11:00.000-07:00,2026-08-23T02:00:00.000Z,2026-08-22T19:00:00.000-07:00,2026-08-22,19,O,Y,4,379,35.0,19.39,10.39,12.24,0.0,0.0,25.13,0.0,30.0,60.0,0.12,0
PLEASANT VALLEY,20603,APLE,34.08858,-110.94225,5232,2026-08-23T02:00:34.000Z,2026-08-22T19:00:00.000-07:00,2026-08-23T02:00:00.000Z,2026-08-22T19:00:00.000-07:00,2026-08-22,19,O,Y,4,295,9.07,8.49,13.23,14.38,16.66,2.01,36.67,21.76,30.0,60.0,0.13,0
TONTO BASIN,20606,ATON,33.86861,-111.31333,2414,2026-08-23T02:11:14.000Z,2026-08-22T19:11:00.000-07:00,2026-08-23T02:00:00.000Z,2026-08-22T19:00:00.000-07:00,2026-08-22,19,O,Y,4,597,4.87,5.33,8.94,9.97,58.69,5.66,56.94,42.88,30.0,60.0,0.0,0
SAN CARLOS #1,20608,ASCA,33.37165,-110.45683,2830,2026-08-23T02:14:24.000Z,2026-08-22T19:14:00.000-07:00,2026-08-23T02:00:00.000Z,2026-08-22T19:00:00.000-07:00,2026-08-22,19,O,Y,4,606,4.77,4.76,8.0,9.42,57.49,4.59,60.15,39.96,30.0,60.0,0.01,0
HILLTOP,20609,AHIL,33.61119,-110.41461,5732,2026-08-23T01:32:54.000Z,2026-08-22T18:32:00.000-07:00,2026-08-23T02:00:00.000Z,2026-08-22T19:00:00.000-07:00,2026-08-22,19,O,Y,4,79,7.41,8.11,14.12,15.84,27.22,2.89,33.81,24.77,30.0,60.0,0.27,0
RED LAKE,20610,ARED,34.18133,-110.78919,6524,2026-08-23T01:59:34.000Z,2026-08-22T18:59:00.000-07:00,2026-08-23T02:00:00.000Z,2026-08-22T19:00:00.000-07:00,2026-08-22,19,O,Y,4,89,22.02,20.14,17.96,18.72,0.13,0.46,14.77,7.23,52.52,74.33,0.37,0
SHADOW RIM,20611,ASHA,34.40586,-111.28319,5660,2026-08-23T02:09:14.000Z,2026-08-22T19:09:00.000-07:00,2026-08-23T02:00:00.000Z,2026-08-22T19:00:00.000-07:00,2026-08-22,19,O,Y,4,441,34.99,18.9,14.61,15.48,0.0,0.0,17.13,0.0,30.0,60.0,0.18,0
PINE,20612,APNE,34.37181,-111.4555,5313,2026-08-23T02:00:00.000Z,2026-08-22T19:22:00.000-07:00,2026-08-23T02:00:00.000Z,2026-08-22T19:00:00.000-07:00,2026-08-22,19,F,Y,4,457,6.55,6.62,10.76,12.81,27.67,2.14,45.14,24.64,30.0,60.0,0.16,0
HORSE CAMP CANYON,20903,AHOR,32.93656,-110.4935,4014,2026-08-23T02:02:55.000Z,2026-08-22T19:02:00.000-07:00,2026-08-23T02:00:00.000Z,2026-08-22T19:00:00.000-07:00,2026-08-22,19,O,Y,4,572,23.24,10.46,9.05,10.4,0.14,0.88,40.31,15.57,30.0,60.0,0.06,0
CASA GRANDE,20906,ACSG,32.99177,-111.53264,1412,2026-08-23T02:00:00.000Z,2026-08-22T19:22:00.000-07:00,2026-08-23T02:00:00.000Z,2026-08-22T19:00:00.000-07:00,2026-08-22,19,F,Y,4,684,3.6,4.47,9.53,11.16,58.92,3.08,54.25,31.7,30.0,60.0,0.0,0
COLUMBINE,21005,ACOL,32.70389,-109.91389,9521,2026-08-23T02:02:04.000Z,2026-08-22T19:02:00.000-07:00,2026-08-23T02:00:00.000Z,2026-08-22T19:00:00.000-07:00,2026-08-22,19,O,Y,4,34,9.69,9.63,15.42,17.9,10.86,1.26,26.83,15.23,240.83,194.16,0.97,0
MULESHOE RANCH,21007,AMUL,32.40383,-110.272,4475,2026-08-23T02:03:05.000Z,2026-08-22T19:03:00.000-07:00,2026-08-23T02:00:00.000Z,2026-08-22T19:00:00.000-07:00,2026-08-22,19,O,Y,4,367,23.38,17.57,10.53,12.18,0.09,0.68,31.58,12.37,30.0,60.0,0.11,0
BLACK HILLS,21008,ABLA,33.08203,-109.95119,3262,2026-08-23T01:53:35.000Z,2026-08-22T18:53:00.000-07:00,2026-08-23T02:00:00.000Z,2026-08-22T19:00:00.000-07:00,2026-08-22,19,O,Y,4,661,3.81,4.41,7.24,8.89,65.12,4.31,63.75,39.86,30.0,60.0,0.03,0
DRY LAKE,21009,ADRL,33.35982,-109.83306,7405,2026-08-23T02:00:00.000Z,2026-08-22T19:27:00.000-07:00,2026-08-23T02:00:00.000Z,2026-08-22T19:00:00.000-07:00,2026-08-22,19,F,Y,4,382,7.05,6.81,10.34,12.75,21.78,1.72,45.26,22.3,46.91,70.76,0.35,0
NOON CREEK,21010,ANOO,32.66778,-109.78806,4925,2026-08-23T01:37:04.000Z,2026-08-22T18:37:00.000-07:00,2026-08-23T02:00:00.000Z,2026-08-22T19:00:00.000-07:00,2026-08-22,19,O,Y,4,458,6.38,5.45,8.64,10.59,23.98,1.49,54.22,22.67,30.0,60.0,0.1,0
GUTHRIE,21104,AGUT,32.88203,-109.30931,6324,2026-08-23T02:03:45.000Z,2026-08-22T19:03:00.000-07:00,2026-08-23T02:00:00.000Z,2026-08-22T19:00:00.000-07:00,2026-08-22,19,O,Y,4,401,7.39,5.92,8.7,10.57,33.42,4.33,53.18,36.74,30.0,60.0,0.23,0
TRAIL CABIN,21105,ATRA,33.26478,-109.36789,6250,2026-08-23T01:35:39.000Z,2026-08-22T18:35:00.000-07:00,2026-08-23T02:00:00.000Z,2026-08-22T19:00:00.000-07:00,2026-08-22,19,O,Y,4,414,23.36,11.98,10.41,12.1,0.08,0.63,34.44,12.44,30.0,60.0,0.16,0
STRAY HORSE,21106,ASTH,33.55253,-109.31719,7956,2026-08-23T02:19:04.000Z,2026-08-22T19:19:00.000-07:00,2026-08-23T02:00:00.000Z,2026-08-22T19:00:00.000-07:00,2026-08-22,19,O,Y,4,110,8.9,8.57,11.05,12.41,15.82,1.85,43.33,22.6,128.49,122.68,0.61,0
SAGUARO,21202,ASAG,32.31111,-110.81861,2758,2026-08-23T02:08:04.000Z,2026-08-22T19:08:00.000-07:00,2026-08-23T02:00:00.000Z,2026-08-22T19:00:00.000-07:00,2026-08-22,19,O,Y,4,424,5.45,6.29,11.05,11.94,45.83,3.66,48.1,32.46,30.0,60.0,0.01,0
EMPIRE,21205,AEMP,31.78347,-110.64325,4650,2026-08-23T01:53:55.000Z,2026-08-22T18:53:00.000-07:00,2026-08-23T02:00:00.000Z,2026-08-22T19:00:00.000-07:00,2026-08-22,19,O,Y,4,278,6.07,7.19,12.95,14.9,28.48,1.84,38.05,21.25,30.0,60.0,0.17,0
SASABE,21206,ASAS,31.69169,-111.44811,3500,2026-08-23T02:05:44.000Z,2026-08-22T19:05:00.000-07:00,2026-08-23T02:00:00.000Z,2026-08-22T19:00:00.000-07:00,2026-08-22,19,O,Y,4,624,17.82,18.92,14.07,14.47,1.91,1.21,26.63,14.86,30.0,60.0,0.05,0
RINCON,21207,ARIN,32.20639,-110.54861,8209,2026-08-23T01:37:35.000Z,2026-08-22T18:37:00.000-07:00,2026-08-23T02:00:00.000Z,2026-08-22T19:00:00.000-07:00,2026-08-22,19,O,Y,4,14,9.5,8.22,11.72,14.55,12.19,1.37,37.41,18.43,192.08,163.14,0.82,0
SCOUT CAMP,21208,ASOL,32.39806,-110.725,7554,2026-08-23T01:37:14.000Z,2026-08-22T18:37:00.000-07:00,2026-08-23T02:00:00.000Z,2026-08-22T19:00:00.000-07:00,2026-08-22,19,O,Y,4,84,6.91,6.39,9.8,12.43,25.3,2.09,46.95,24.81,151.69,137.44,0.69,0
SELLS,21209,ASES,31.91014,-111.89743,2262,2026-08-23T02:14:14.000Z,2026-08-22T19:14:00.000-07:00,2026-08-23T02:00:00.000Z,2026-08-22T19:00:00.000-07:00,2026-08-22,19,O,Y,4,508,5.16,5.47,9.66,11.55,41.13,2.64,51.24,28.75,30.0,60.0,0.02,0
HOPKINS,21302,AHPK,31.67528,-110.88,7120,2026-08-23T02:19:24.000Z,2026-08-22T19:19:00.000-07:00,2026-08-23T02:00:00.000Z,2026-08-22T19:00:00.000-07:00,2026-08-22,19,O,Y,4,481,14.41,20.53,10.33,12.36,5.45,2.29,34.72,22.54,30.0,60.0,0.28,0
CANELO,21303,ACNL,31.54972,-110.51917,4629,2026-08-23T02:08:54.000Z,2026-08-22T19:08:00.000-07:00,2026-08-23T02:00:00.000Z,2026-08-22T19:00:00.000-07:00,2026-08-22,19,O,Y,4,116,8.32,14.36,13.22,14.84,20.85,2.27,33.24,22.0,30.0,60.0,0.27,0
HEADQUARTERS,21409,ACHR,32.00611,-109.35694,5400,2026-08-23T01:37:05.000Z,2026-08-22T18:37:00.000-07:00,2026-08-23T02:00:00.000Z,2026-08-22T19:00:00.000-07:00,2026-08-22,19,O,Y,4,464,4.06,6.49,11.06,12.5,43.9,2.2,47.38,25.54,30.0,60.0,0.15,0
CARR,21411,ACAA,31.44111,-110.28611,5400,2026-08-23T02:19:14.000Z,2026-08-22T19:19:00.000-07:00,2026-08-23T02:00:00.000Z,2026-08-22T19:00:00.000-07:00,2026-08-22,19,O,Y,4,75,24.14,10.2,10.13,12.62,0.02,0.36,33.94,9.56,31.38,60.88,0.3,0
RUCKER,21414,ARUC,31.76111,-109.34861,5700,2026-08-23T01:57:04.000Z,2026-08-22T18:57:00.000-07:00,2026-08-23T02:00:00.000Z,2026-08-22T19:00:00.000-07:00,2026-08-22,19,O,Y,4,49,35.0,20.92,11.65,14.55,0.0,0.0,19.65,0.0,62.89,80.93,0.4,0
SMITH PEAK,21501,ASMI,34.11486,-113.34733,2386,2026-08-23T01:53:05.000Z,2026-08-22T18:53:00.000-07:00,2026-08-23T02:00:00.000Z,2026-08-22T19:00:00.000-07:00,2026-08-22,19,O,Y,4,654,3.23,3.64,6.76,8.32,57.89,2.68,67.29,32.81,30.0,60.0,0.02,0
OATMAN,21502,AOAT,33.04994,-113.13867,1715,2026-08-23T01:52:35.000Z,2026-08-22T18:52:00.000-07:00,2026-08-23T02:00:00.000Z,2026-08-22T19:00:00.000-07:00,2026-08-22,19,O,Y,4,634,3.08,3.73,7.05,8.16,82.26,5.5,67.56,45.78,30.0,60.0,0.0,0
AHAKHAV PRESERVE,21503,AAHA,34.13222,-114.32917,363,2026-08-23T02:00:00.000Z,2026-08-22T19:26:00.000-07:00,2026-08-23T02:00:00.000Z,2026-08-22T19:00:00.000-07:00,2026-08-22,19,F,Y,4,745,3.66,4.36,8.39,10.14,56.39,2.79,58.57,31.38,30.0,60.0,0.0,0
BELMONT,21504,ABEL,33.67411,-112.92281,1813,2026-08-23T02:01:45.000Z,2026-08-22T19:01:00.000-07:00,2026-08-23T02:00:00.000Z,2026-08-22T19:00:00.000-07:00,2026-08-22,19,O,Y,4,690,2.96,3.62,6.82,8.66,68.08,3.33,66.31,36.03,30.0,60.0,0.01,0
GOLDFIELD,21505,AGOL,33.55531,-111.6145,1367,2026-08-23T02:00:00.000Z,2026-08-22T19:23:00.000-07:00,2026-08-23T02:00:00.000Z,2026-08-22T19:00:00.000-07:00,2026-08-22,19,F,Y,4,680,3.22,4.13,9.49,10.75,55.96,2.43,56.0,28.87,30.0,60.0,0.0,0
WASHINGTON PASS,290101,XWAS,36.0765,-108.8615,9384,2026-08-23T01:41:14.000Z,2026-08-22T18:41:00.000-07:00,2026-08-23T02:00:00.000Z,2026-08-22T19:00:00.000-07:00,2026-08-22,19,O,Y,4,248,12.77,18.22,11.81,13.14,6.37,1.56,33.83,18.68,109.52,110.6,0.55,0
ALBINO CANYON,290102,XALB,36.97661,-107.62892,7173,2026-08-23T02:00:00.000Z,2026-08-22T19:26:00.000-07:00,2026-08-23T02:00:00.000Z,2026-08-22T19:00:00.000-07:00,2026-08-22,19,F,Y,4,481,16.66,12.27,9.51,9.92,2.43,1.33,44.18,19.6,30.0,60.0,0.03,0
STONE LAKE,290201,XSTO,36.73161,-106.86581,7436,2026-08-23T01:33:34.000Z,2026-08-22T18:33:00.000-07:00,2026-08-23T02:00:00.000Z,2026-08-22T19:00:00.000-07:00,2026-08-22,19,O,Y,4,484,8.03,8.84,11.8,12.08,21.22,2.33,43.89,25.3,30.0,60.0,0.06,0
COYOTE,290202,XCOY,36.07333,-106.65739,8704,2026-08-23T01:48:54.000Z,2026-08-22T18:48:00.000-07:00,2026-08-23T02:00:00.000Z,2026-08-22T19:00:00.000-07:00,2026-08-22,19,O,Y,4,247,14.84,22.55,15.34,13.99,3.69,1.43,26.58,16.04,42.57,68.0,0.34,0
DEADMAN PEAK,290203,XDEA,36.4229,-106.772,8389,2026-08-23T02:07:54.000Z,2026-08-22T19:07:00.000-07:00,2026-08-23T02:00:00.000Z,2026-08-22T19:00:00.000-07:00,2026-08-22,19,O,Y,4,489,10.25,15.3,10.78,11.83,11.65,1.73,40.58,21.25,30.0,60.0,0.01,0
JARITA MESA,290204,XJAR,36.55597,-106.10306,8864,2026-08-23T02:16:04.000Z,2026-08-22T19:16:00.000-07:00,2026-08-23T02:00:00.000Z,2026-08-22T19:00:00.000-07:00,2026-08-22,19,O,Y,4,194,8.29,9.27,12.26,13.06,15.11,1.36,40.64,19.04,30.0,60.0,0.29,0
DULCE #2,290205,XDUL,36.93519,-107.00011,6805,2026-08-23T02:00:00.000Z,2026-08-22T19:28:00.000-07:00,2026-08-23T02:00:00.000Z,2026-08-22T19:00:00.000-07:00,2026-08-22,19,F,Y,4,404,16.93,17.62,11.92,12.86,2.47,1.56,32.43,18.28,30.0,60.0,0.05,0
TRUCHAS,290210,XTRU,36.059,-105.7695,8353,2026-08-23T02:11:14.000Z,2026-08-22T19:11:00.000-07:00,2026-08-23T02:00:00.000Z,2026-08-22T19:00:00.000-07:00,2026-08-22,19,O,Y,4,246,13.34,12.38,15.09,14.55,4.93,1.28,30.76,16.3,30.0,60.0,0.16,0
BLACK MESA,290305,XBLM,36.03708,-106.04964,5762,2026-08-23T01:34:24.000Z,2026-08-22T18:34:00.000-07:00,2026-08-23T02:00:00.000Z,2026-08-22T19:00:00.000-07:00,2026-08-22,19,O,Y,4,610,5.98,7.1,11.02,11.45,32.86,2.45,48.62,27.12,30.0,60.0,0.0,0
WILD RIVERS,290307,XWDR,36.69469,-105.66872,7530,2026-08-23T01:49:55.000Z,2026-08-22T18:49:00.000-07:00,2026-08-23T02:00:00.000Z,2026-08-22T19:00:00.000-07:00,2026-08-22,19,O,Y,4,518,8.78,9.47,12.98,13.72,18.74,2.45,38.08,24.23,30.0,60.0,0.0,0
CIMARRON,290401,XCIM,36.60611,-105.12028,8806,2026-08-23T02:09:54.000Z,2026-08-22T19:09:00.000-07:00,2026-08-23T02:00:00.000Z,2026-08-22T19:00:00.000-07:00,2026-08-22,19,O,Y,4,217,9.81,9.2,13.23,14.97,11.31,1.47,34.59,18.35,119.49,116.95,0.58,0
ZUNI BUTTES,290603,XZUB,35.13919,-108.94131,6649,2026-08-23T01:42:54.000Z,2026-08-22T18:42:00.000-07:00,2026-08-23T02:00:00.000Z,2026-08-22T19:00:00.000-07:00,2026-08-22,19,O,Y,4,222,22.21,23.41,12.62,13.47,0.16,0.98,25.62,13.27,30.0,60.0,0.07,0
JEMEZ,290702,XJEM,35.84114,-106.61969,8248,2026-08-23T02:08:44.000Z,2026-08-22T19:08:00.000-07:00,2026-08-23T02:00:00.000Z,2026-08-22T19:00:00.000-07:00,2026-08-22,19,O,Y,4,311,34.09,10.02,13.9,14.05,0.0,0.0,23.66,0.0,30.0,60.0,0.24,0
CUBA,290705,XCUB,35.942,-107.07739,6890,2026-08-23T01:41:05.000Z,2026-08-22T18:41:00.000-07:00,2026-08-23T02:00:00.000Z,2026-08-22T19:00:00.000-07:00,2026-08-22,19,O,Y,4,471,8.46,8.47,11.77,12.96,19.6,2.28,41.65,24.43,30.0,60.0,0.07,0
SANDIA LAKES,290706,XSLK,35.22967,-106.59061,5027,2026-08-23T01:42:44.000Z,2026-08-22T18:42:00.000-07:00,2026-08-23T02:00:00.000Z,2026-08-22T19:00:00.000-07:00,2026-08-22,19,O,Y,4,676,34.9,7.85,11.13,11.05,0.0,0.0,31.99,0.0,30.0,60.0,0.0,0
TOWER,290801,XTOW,35.77899,-106.26611,6529,2026-08-23T02:08:24.000Z,2026-08-22T19:08:00.000-07:00,2026-08-23T02:00:00.000Z,2026-08-22T19:00:00.000-07:00,2026-08-22,19,O,Y,4,529,6.67,6.67,10.7,11.19,26.62,2.12,49.45,25.59,30.0,60.0,0.02,0
SANTA FE WATERSHED,290901,XSFW,35.68686,-105.86031,7749,2026-08-23T01:53:04.000Z,2026-08-22T18:53:00.000-07:00,2026-08-23T02:00:00.000Z,2026-08-22T19:00:00.000-07:00,2026-08-22,19,O,Y,4,367,11.35,10.0,13.94,13.94,8.39,1.38,35.09,17.94,30.0,60.0,0.2,0
BARTLEY,291002,XBAR,35.90875,-105.38769,9192,2026-08-23T02:04:14.000Z,2026-08-22T19:04:00.000-07:00,2026-08-23T02:00:00.000Z,2026-08-22T19:00:00.000-07:00,2026-08-22,19,O,Y,4,130,12.63,16.02,13.36,13.83,5.73,1.2,32.26,16.21,110.18,111.03,0.56,0
MILLS CANYON,291101,XMIL,36.05453,-104.32511,5881,2026-08-23T02:05:54.000Z,2026-08-22T19:05:00.000-07:00,2026-08-23T02:00:00.000Z,2026-08-22T19:00:00.000-07:00,2026-08-22,19,O,Y,4,537,23.37,11.11,10.19,12.26,0.1,0.84,34.68,14.16,30.0,60.0,0.09,0
PECOS,291202,XPEC,35.54558,-105.49439,8229,2026-08-23T02:14:04.000Z,2026-08-22T19:14:00.000-07:00,2026-08-23T02:00:00.000Z,2026-08-22T19:00:00.000-07:00,2026-08-22,19,O,Y,4,79,17.51,21.73,12.46,12.7,1.29,0.84,30.21,13.32,47.65,71.23,0.36,0
BRUSHY MOUNTAIN,291301,XBRU,34.72,-107.8484,8789,2026-08-23T01:49:44.000Z,2026-08-22T18:49:00.000-07:00,2026-08-23T02:00:00.000Z,2026-08-22T19:00:00.000-07:00,2026-08-22,19,O,Y,4,209,13.43,19.82,13.21,14.44,5.35,1.52,29.03,17.2,65.09,82.33,0.41,0
GRANTS,291302,XGRA,35.24278,-107.66528,8620,2026-08-23T02:16:24.000Z,2026-08-22T19:16:00.000-07:00,2026-08-23T02:00:00.000Z,2026-08-22T19:00:00.000-07:00,2026-08-22,19,O,Y,4,124,13.43,11.08,15.06,15.07,4.45,1.09,30.24,15.05,81.44,92.73,0.46,0
OAK FLATS,291402,XOAK,35.00614,-106.31583,7675,2026-08-23T02:04:04.000Z,2026-08-22T19:04:00.000-07:00,2026-08-23T02:00:00.000Z,2026-08-22T19:00:00.000-07:00,2026-08-22,19,O,Y,4,450,9.04,7.92,12.13,13.01,14.68,1.67,41.16,21.08,30.0,60.0,0.15,0
SANDIA LAB,291408,XSLB,35.00406,-106.41148,6321,2026-08-23T01:53:34.000Z,2026-08-22T18:53:00.000-07:00,2026-08-23T02:00:00.000Z,2026-08-22T19:00:00.000-07:00,2026-08-22,19,O,Y,4,258,9.84,7.07,9.99,10.66,16.92,2.77,49.21,28.89,30.0,60.0,0.11,0
MOUNTAINAIR,291501,XMOU,34.52081,-106.26269,6593,2026-08-23T02:05:54.000Z,2026-08-22T19:05:00.000-07:00,2026-08-23T02:00:00.000Z,2026-08-22T19:00:00.000-07:00,2026-08-22,19,O,Y,4,468,8.86,6.93,11.64,12.98,17.12,2.04,42.3,23.38,30.0,60.0,0.08,0
MELROSE RANGE,291901,XMEL,34.28422,-103.71497,4263,2026-08-23T02:14:11.000Z,2026-08-22T19:14:00.000-07:00,2026-08-23T02:00:00.000Z,2026-08-22T19:00:00.000-07:00,2026-08-22,19,O,Y,4,651,4.66,5.58,9.36,10.14,34.94,1.72,55.98,24.58,30.0,60.0,0.0,0
BEAVERHEAD,292001,XBEA,33.42353,-108.11019,6750,2026-08-23T02:08:14.000Z,2026-08-22T19:08:00.000-07:00,2026-08-23T02:00:00.000Z,2026-08-22T19:00:00.000-07:00,2026-08-22,19,O,Y,4,177,14.51,15.46,16.65,17.45,3.52,1.04,22.35,12.81,30.0,60.0,0.23,0
LUNA,292004,XLUN,33.82289,-108.94311,7088,2026-08-23T02:07:14.000Z,2026-08-22T19:07:00.000-07:00,2026-08-23T02:00:00.000Z,2026-08-22T19:00:00.000-07:00,2026-08-22,19,O,Y,4,259,14.79,13.54,18.08,18.06,3.19,0.99,20.99,12.15,30.0,60.0,0.29,0
RESERVE,292005,XRES,33.71489,-108.777,5846,2026-08-23T02:08:14.000Z,2026-08-22T19:08:00.000-07:00,2026-08-23T02:00:00.000Z,2026-08-22T19:00:00.000-07:00,2026-08-22,19,O,Y,4,454,14.59,12.09,16.55,16.41,3.58,1.12,25.6,14.09,30.0,60.0,0.1,0
SLAUGHTER,292008,XSLA,34.06056,-108.44472,8680,2026-08-23T02:12:54.000Z,2026-08-22T19:12:00.000-07:00,2026-08-23T02:00:00.000Z,2026-08-22T19:00:00.000-07:00,2026-08-22,19,O,Y,4,20,17.12,18.44,14.82,16.05,1.44,0.87,23.7,12.09,137.54,128.44,0.64,0
PELONA MOUNTAIN,292009,XPEL,33.69375,-108.06161,7955,2026-08-23T01:38:25.000Z,2026-08-22T18:38:00.000-07:00,2026-08-23T02:00:00.000Z,2026-08-22T19:00:00.000-07:00,2026-08-22,19,O,Y,4,235,9.06,8.59,11.7,13.63,15.13,1.83,39.64,21.61,77.68,90.34,0.45,0
GILA CENTER RAWS,292011,XGIL,33.22375,-108.24031,5767,2026-08-23T02:13:04.000Z,2026-08-22T19:13:00.000-07:00,2026-08-23T02:00:00.000Z,2026-08-22T19:00:00.000-07:00,2026-08-22,19,O,Y,4,270,13.77,17.3,14.82,16.22,4.35,1.07,25.37,13.76,30.0,60.0,0.11,0
DATIL,292012,XDAT,34.29256,-107.768,8431,2026-08-23T02:11:04.000Z,2026-08-22T19:11:00.000-07:00,2026-08-23T02:00:00.000Z,2026-08-22T19:00:00.000-07:00,2026-08-22,19,O,Y,4,176,11.45,10.52,13.87,14.66,10.02,2.18,33.27,21.58,89.82,98.07,0.49,0
MOGOLLON,292013,XMOG,33.39064,-108.80819,7602,2026-08-23T02:13:15.000Z,2026-08-22T19:13:00.000-07:00,2026-08-23T02:00:00.000Z,2026-08-22T19:00:00.000-07:00,2026-08-22,19,O,Y,4,159,15.54,17.41,11.2,12.84,2.87,1.16,33.86,16.3,54.78,75.77,0.38,0
CHUPADERA,292102,XCHU,33.77294,-106.0985,5580,2026-08-23T01:39:45.000Z,2026-08-22T18:39:00.000-07:00,2026-08-23T02:00:00.000Z,2026-08-22T19:00:00.000-07:00,2026-08-22,19,O,Y,4,515,4.48,6.54,10.41,10.94,43.62,2.55,52.04,28.49,30.0,60.0,0.01,0
BOSQUE,292103,XBOS,33.82064,-106.88169,4523,2026-08-23T01:50:24.000Z,2026-08-22T18:50:00.000-07:00,2026-08-23T02:00:00.000Z,2026-08-22T19:00:00.000-07:00,2026-08-22,19,O,Y,4,668,34.95,7.42,11.22,11.9,0.0,0.0,30.31,0.0,30.0,60.0,0.0,0
MAGDALENA,292104,XMAG,33.85061,-107.539,8495,2026-08-23T02:03:54.000Z,2026-08-22T19:03:00.000-07:00,2026-08-23T02:00:00.000Z,2026-08-22T19:00:00.000-07:00,2026-08-22,19,O,Y,4,55,10.4,9.11,12.29,13.98,9.36,1.23,37.29,17.48,115.27,114.26,0.57,0
SEVILLETA,292105,XSEV,34.35844,-106.6895,5246,2026-08-23T02:11:44.000Z,2026-08-22T19:11:00.000-07:00,2026-08-23T02:00:00.000Z,2026-08-22T19:00:00.000-07:00,2026-08-22,19,O,Y,4,555,14.26,17.86,11.59,11.64,5.69,1.95,36.71,21.45,30.0,60.0,0.0,0
SMOKEY BEAR,292203,XSMO,33.35019,-105.686,7194,2026-08-23T02:00:04.000Z,2026-08-22T19:00:00.000-07:00,2026-08-23T02:00:00.000Z,2026-08-22T19:00:00.000-07:00,2026-08-22,19,O,Y,4,95,8.35,8.72,14.79,16.56,15.25,1.35,31.01,16.79,30.0,60.0,0.28,0
EIGHT MILE DRAW,292301,XEIG,33.65064,-104.32139,3626,2026-08-23T01:37:25.000Z,2026-08-22T18:37:00.000-07:00,2026-08-23T02:00:00.000Z,2026-08-22T19:00:00.000-07:00,2026-08-22,19,O,Y,4,603,3.87,5.35,8.61,9.23,63.95,4.26,60.36,38.66,30.0,60.0,0.0,0
DUNKEN,292302,XDUN,32.82467,-105.18261,5431,2026-08-23T01:36:15.000Z,2026-08-22T18:36:00.000-07:00,2026-08-23T02:00:00.000Z,2026-08-22T19:00:00.000-07:00,2026-08-22,19,O,Y,4,484,4.08,5.51,8.66,9.79,64.88,5.28,58.29,41.99,30.0,60.0,0.02,0
BURRO MOUNTAIN,292504,XBUR,32.67203,-108.53969,6995,2026-08-23T01:59:44.000Z,2026-08-22T18:59:00.000-07:00,2026-08-23T02:00:00.000Z,2026-08-22T19:00:00.000-07:00,2026-08-22,19,O,Y,4,286,7.91,6.58,9.64,11.75,26.07,3.33,48.15,31.11,30.0,60.0,0.21,0
HACHITA VALLEY,292702,XHAC,31.702,-108.34169,4290,2026-08-23T01:40:54.000Z,2026-08-22T18:40:00.000-07:00,2026-08-23T02:00:00.000Z,2026-08-22T19:00:00.000-07:00,2026-08-22,19,O,Y,4,588,3.46,4.68,7.88,10.36,57.96,3.13,58.4,33.03,30.0,60.0,0.04,0
MCGREGGOR RANGE,292901,XMCG,32.43133,-105.62181,4832,2026-08-23T01:37:35.000Z,2026-08-22T18:37:00.000-07:00,2026-08-23T02:00:00.000Z,2026-08-22T19:00:00.000-07:00,2026-08-22,19,O,Y,4,595,3.83,4.9,7.63,9.75,58.12,3.61,60.17,35.78,30.0,60.0,0.01,0
DRIPPING SPRINGS,292903,XDRI,32.32225,-106.58661,5814,2026-08-23T02:00:00.000Z,2026-08-22T19:26:00.000-07:00,2026-08-23T02:00:00.000Z,2026-08-22T19:00:00.000-07:00,2026-08-22,19,F,Y,4,444,4.86,5.05,7.54,9.72,43.97,2.98,59.47,32.58,30.0,60.0,0.12,0
SAN ANDRES,292904,XSAA,32.58008,-106.52719,6137,2026-08-23T02:01:54.000Z,2026-08-22T19:01:00.000-07:00,2026-08-23T02:00:00.000Z,2026-08-22T19:00:00.000-07:00,2026-08-22,19,O,Y,4,489,4.47,5.0,7.86,9.96,39.37,2.14,58.68,27.78,30.0,60.0,0.09,0
MAYHILL,293002,XMAY,32.90947,-105.46981,6599,2026-08-23T02:01:54.000Z,2026-08-22T19:01:00.000-07:00,2026-08-23T02:00:00.000Z,2026-08-22T19:00:00.000-07:00,2026-08-22,19,O,Y,4,462,4.93,7.04,12.01,14.26,34.94,2.02,41.12,23.0,30.0,60.0,0.14,0
MESCAL,293003,XMES,33.15803,-105.76881,6227,2026-08-23T01:41:24.000Z,2026-08-22T18:41:00.000-07:00,2026-08-23T02:00:00.000Z,2026-08-22T19:00:00.000-07:00,2026-08-22,19,O,Y,4,210,7.22,8.18,14.24,16.56,25.75,2.45,32.25,22.45,37.64,64.86,0.32,0
COSMIC,293004,XCOS,32.77925,-105.81989,9172,2026-08-23T02:15:24.000Z,2026-08-22T19:15:00.000-07:00,2026-08-23T02:00:00.000Z,2026-08-22T19:00:00.000-07:00,2026-08-22,19,O,Y,4,65,8.3,9.01,12.99,14.34,15.53,1.46,37.14,18.87,203.17,170.2,0.85,0
BATDRAW,293101,XBAD,32.17861,-104.44056,4425,2026-08-23T01:52:34.000Z,2026-08-22T18:52:00.000-07:00,2026-08-23T02:00:00.000Z,2026-08-22T19:00:00.000-07:00,2026-08-22,19,O,Y,4,562,4.22,4.82,7.1,8.31,58.09,4.13,65.21,39.48,30.0,60.0,0.0,0
CAPROCK,293104,XCAP,32.92728,-103.85689,4167,2026-08-23T01:40:45.000Z,2026-08-22T18:40:00.000-07:00,2026-08-23T02:00:00.000Z,2026-08-22T19:00:00.000-07:00,2026-08-22,19,O,Y,4,488,4.01,5.13,7.62,9.0,56.06,3.54,62.28,36.02,30.0,60.0,0.0,0
QUEEN,293105,XQUN,32.20361,-104.69031,5642,2026-08-23T02:13:14.000Z,2026-08-22T19:13:00.000-07:00,2026-08-23T02:00:00.000Z,2026-08-22T19:00:00.000-07:00,2026-08-22,19,O,Y,4,234,5.04,5.51,8.16,10.24,39.56,2.67,56.71,30.29,30.0,60.0,0.0,0
PADUCA,293202,XPAD,32.17983,-103.722,3534,2026-08-23T01:39:54.000Z,2026-08-22T18:39:00.000-07:00,2026-08-23T02:00:00.000Z,2026-08-22T19:00:00.000-07:00,2026-08-22,19,O,Y,4,602,4.0,5.26,8.15,9.07,56.63,3.54,61.38,35.78,30.0,60.0,0.0,0
MALPAIS LAVA FLOW,293301,XMAL,34.85181,-108.17461,7514,2026-08-23T02:00:00.000Z,2026-08-22T19:25:00.000-07:00,2026-08-23T02:00:00.000Z,2026-08-22T19:00:00.000-07:00,2026-08-22,19,F,Y,4,177,17.43,27.65,14.95,15.96,2.09,1.75,20.14,15.48,30.0,60.0,0.25,0
BLUEWATER RIDGE,293303,XBLR,35.19411,-108.16336,8274,2026-08-23T02:05:44.000Z,2026-08-22T19:05:00.000-07:00,2026-08-23T02:00:00.000Z,2026-08-22T19:00:00.000-07:00,2026-08-22,19,O,Y,4,209,19.9,16.23,12.76,13.54,0.54,0.83,29.51,13.14,82.2,93.22,0.47,0
LAGUNA,293304,XLAG,35.05197,-107.42028,5805,2026-08-23T01:33:44.000Z,2026-08-22T18:33:00.000-07:00,2026-08-23T02:00:00.000Z,2026-08-22T19:00:00.000-07:00,2026-08-22,19,O,Y,4,543,7.48,7.34,9.81,10.12,26.86,2.89,52.38,30.29,30.0,60.0,0.01,0
RAMAH,293305,XRAM,34.81947,-108.29439,7645,2026-08-23T01:34:44.000Z,2026-08-22T18:34:00.000-07:00,2026-08-23T02:00:00.000Z,2026-08-22T19:00:00.000-07:00,2026-08-22,19,O,Y,4,310,10.7,9.59,13.78,15.7,11.23,1.87,31.95,19.75,30.0,60.0,0.26,0
10K,55522198,X10K,35.2085,-106.43586,10065,2026-08-23T01:38:19.000Z,2026-08-22T18:38:00.000-07:00,2026-08-23T02:00:00.000Z,2026-08-22T19:00:00.000-07:00,2026-08-22,19,O,Y,4,202,34.97,16.34,12.72,13.72,0.0,0.0,22.15,0.0,129.08,123.05,0.62,0
BAKERS TANK,55522210,AHBB,32.61528,-114.00836,563,2026-08-23T02:07:14.000Z,2026-08-22T19:07:00.000-07:00,2026-08-23T02:00:00.000Z,2026-08-22T19:00:00.000-07:00,2026-08-22,19,O,Y,4,738,2.92,3.68,7.05,7.94,72.65,3.66,68.48,38.22,30.0,60.0,0.0,0
CAVE CREEK,55522232,ACAV,34.0899,-111.8465,3477,2026-08-23T02:00:00.000Z,2026-08-22T19:20:00.000-07:00,2026-08-23T02:00:00.000Z,2026-08-22T19:00:00.000-07:00,2026-08-22,19,F,Y,4,537,5.07,12.61,8.71,9.85,43.81,2.86,52.71,30.22,30.0,60.0,0.03,0
CIPRIANO,55522238,ARIP,32.4235,-114.16211,1042,2026-08-23T01:59:08.000Z,2026-08-22T18:59:00.000-07:00,2026-08-23T02:00:00.000Z,2026-08-22T19:00:00.000-07:00,2026-08-22,19,O,Y,4,710,2.89,3.77,7.68,8.91,75.79,4.01,64.4,38.75,30.0,60.0,0.0,0
DEVILS HILLS,55522251,ADVH,32.42483,-113.79011,836,2026-08-23T02:00:00.000Z,2026-08-22T19:23:00.000-07:00,2026-08-23T02:00:00.000Z,2026-08-22T19:00:00.000-07:00,2026-08-22,19,F,Y,4,734,3.3,3.91,7.08,8.38,60.89,2.91,66.45,33.92,30.0,60.0,0.0,0
DUTCH KID,55522257,ADUT,35.12931,-112.28219,6505,2026-08-23T01:38:59.000Z,2026-08-22T18:38:00.000-07:00,2026-08-23T02:00:00.000Z,2026-08-22T19:00:00.000-07:00,2026-08-22,19,O,Y,4,106,5.53,9.33,15.76,16.81,31.02,1.9,30.94,19.62,30.0,60.0,0.28,0
FTHL YDMA,55522271,AFTH,32.48658,-114.4635,331,2026-08-23T01:38:44.000Z,2026-08-22T18:38:00.000-07:00,2026-08-23T02:00:00.000Z,2026-08-22T19:00:00.000-07:00,2026-08-22,19,O,Y,4,744,2.96,4.17,9.57,11.2,69.12,3.3,54.73,32.88,30.0,60.0,0.0,0
MIDNIGHT,55522315,XMID,36.77819,-105.34131,10815,2026-08-23T01:37:59.000Z,2026-08-22T18:37:00.000-07:00,2026-08-23T02:00:00.000Z,2026-08-22T19:00:00.000-07:00,2026-08-22,19,O,Y,4,156,29.62,28.48,16.37,16.94,0.0,0.0,12.74,0.0,197.38,166.51,0.83,0
MOHAWK DUNES,55522318,AMOD,32.68878,-113.74889,524,2026-08-23T02:00:00.000Z,2026-08-22T19:23:00.000-07:00,2026-08-23T02:00:00.000Z,2026-08-22T19:00:00.000-07:00,2026-08-22,19,F,Y,4,747,3.12,4.0,7.72,8.41,63.68,2.97,65.66,34.03,30.0,60.0,0.0,0
NEVERSHINE,55522326,ANEV,36.24753,-113.88851,2165,2026-08-23T02:03:51.000Z,2026-08-22T19:03:00.000-07:00,2026-08-23T02:00:00.000Z,2026-08-22T19:00:00.000-07:00,2026-08-22,19,O,Y,4,679,2.48,3.44,5.78,7.66,82.1,4.23,71.66,41.71,30.0,60.0,0.0,0
PICACHO PEAK,55522341,APIC,32.66314,-111.42154,1750,2026-08-23T02:17:49.000Z,2026-08-22T19:17:00.000-07:00,2026-08-23T02:00:00.000Z,2026-08-22T19:00:00.000-07:00,2026-08-22,19,O,Y,4,723,3.7,4.62,8.29,9.55,67.87,4.35,60.36,39.03,30.0,60.0,0.0,0
PINEDALE,55522344,APND,34.30617,-110.23661,6461,2026-08-23T01:38:39.000Z,2026-08-22T18:38:00.000-07:00,2026-08-23T02:00:00.000Z,2026-08-22T19:00:00.000-07:00,2026-08-22,19,O,Y,4,257,25.38,22.18,14.05,14.12,0.0,0.0,22.56,0.0,30.0,60.0,0.25,0
TANKS,55522384,ATNK,33.67314,-110.57431,5801,2026-08-23T01:38:49.000Z,2026-08-22T18:38:00.000-07:00,2026-08-23T02:00:00.000Z,2026-08-22T19:00:00.000-07:00,2026-08-22,19,O,Y,4,297,8.32,7.85,13.05,14.38,17.66,1.74,37.56,20.56,30.0,60.0,0.3,0
TAOS PUEBLO RAWS,55522385,XTAP,36.41461,-105.55689,7135,2026-08-23T02:13:34.000Z,2026-08-22T19:13:00.000-07:00,2026-08-23T02:00:00.000Z,2026-08-22T19:00:00.000-07:00,2026-08-22,19,O,Y,4,453,6.74,7.38,11.16,12.35,26.95,2.31,45.42,25.61,30.0,60.0,0.03,0
CEDAR RIDGE,55523718,ACED,32.59872,-110.76231,4735,2026-08-23T01:37:19.000Z,2026-08-22T18:37:00.000-07:00,2026-08-23T02:00:00.000Z,2026-08-22T19:00:00.000-07:00,2026-08-22,19,O,Y,4,320,6.37,6.14,9.25,10.72,33.66,2.87,52.77,30.28,30.0,60.0,0.13,0
RED CANYON,55523735,XRDC,34.62289,-106.40831,8070,2026-08-23T01:38:29.000Z,2026-08-22T18:38:00.000-07:00,2026-08-23T02:00:00.000Z,2026-08-22T19:00:00.000-07:00,2026-08-22,19,O,Y,4,377,26.42,31.44,11.59,11.77,0.0,0.0,24.29,0.0,30.0,60.0,0.27,0
SOWATS,55523737,ASOW,36.48242,-112.42281,7038,2026-08-23T01:39:09.000Z,2026-08-22T18:39:00.000-07:00,2026-08-23T02:00:00.000Z,2026-08-22T19:00:00.000-07:00,2026-08-22,19,O,Y,4,154,5.02,6.79,10.18,12.83,35.02,2.01,46.51,24.29,30.0,60.0,0.29,0
T BAR,55523738,XTBA,33.51789,-108.52419,8047,2026-08-23T01:39:19.000Z,2026-08-22T18:39:00.000-07:00,2026-08-23T02:00:00.000Z,2026-08-22T19:00:00.000-07:00,2026-08-22,19,O,Y,4,22,21.79,16.68,17.24,18.25,0.16,0.66,17.17,9.22,118.49,116.31,0.58,0
FORT YUMA,20102,AFYM,32.65222,-114.63417,185,2026-08-23T01:16:14.000Z,2026-08-22T18:16:00.000-07:00,2026-08-23T01:00:00.000Z,2026-08-22T18:00:00.000-07:00,2026-08-22,18,O,Z,4,744,2.85,4.05,8.36,9.93,76.56,14.91,122.45,95.24,30.0,60.0,0.0,0
MOUNT LOGAN,20107,AMTL,36.35306,-113.19917,7605,2026-08-23T00:33:25.000Z,2026-08-22T17:33:00.000-07:00,2026-08-23T01:00:00.000Z,2026-08-22T18:00:00.000-07:00,2026-08-22,18,O,Z,4,152,5.13,7.09,9.84,11.72,42.03,11.68,99.9,77.53,91.36,99.05,0.5,0
OLAF KNOLLS,20108,AOLA,36.50725,-113.81589,2974,2026-08-23T00:33:35.000Z,2026-08-22T17:33:00.000-07:00,2026-08-23T01:00:00.000Z,2026-08-22T18:00:00.000-07:00,2026-08-22,18,O,Z,4,629,2.94,4.11,6.44,8.1,78.12,16.83,132.37,104.38,30.0,60.0,0.02,0
TWEEDS POINT,20109,ATWE,36.58186,-113.732,5334,2026-08-23T00:33:55.000Z,2026-08-22T17:33:00.000-07:00,2026-08-23T01:00:00.000Z,2026-08-22T18:00:00.000-07:00,2026-08-22,18,O,Z,4,553,3.96,5.13,7.58,9.3,67.87,25.51,119.83,120.72,30.0,60.0,0.04,0
NIXON FLATS,20113,ANIX,36.38833,-113.15806,6500,2026-08-23T00:50:15.000Z,2026-08-22T17:50:00.000-07:00,2026-08-23T01:00:00.000Z,2026-08-22T18:00:00.000-07:00,2026-08-22,18,O,Z,4,302,4.34,8.33,13.77,14.02,40.5,7.93,85.32,60.34,30.0,60.0,0.26,0
BLACK ROCK,20114,ABRK,36.79436,-113.75056,7224,2026-08-23T00:50:05.000Z,2026-08-22T17:50:00.000-07:00,2026-08-23T01:00:00.000Z,2026-08-22T18:00:00.000-07:00,2026-08-22,18,O,Z,4,192,5.68,6.34,9.15,11.65,29.75,7.11,102.05,62.29,57.26,77.34,0.39,0
MOSS BASIN,20115,AMOS,35.03397,-113.89406,5920,2026-08-23T01:23:05.000Z,2026-08-22T18:23:00.000-07:00,2026-08-23T01:00:00.000Z,2026-08-22T18:00:00.000-07:00,2026-08-22,18,O,Z,4,394,4.66,6.27,11.84,13.45,40.73,9.14,94.61,67.53,30.0,60.0,0.27,0
UNION PASS,20116,AUNI,35.23233,-114.38194,3590,2026-08-23T00:52:35.000Z,2026-08-22T17:52:00.000-07:00,2026-08-23T01:00:00.000Z,2026-08-22T18:00:00.000-07:00,2026-08-22,18,O,Z,4,580,3.37,4.3,7.24,8.68,70.49,16.01,126.57,99.92,30.0,60.0,0.03,0
HURRICANE,20117,AHUR,36.69908,-113.20731,5445,2026-08-23T00:34:05.000Z,2026-08-22T17:34:00.000-07:00,2026-08-23T01:00:00.000Z,2026-08-22T18:00:00.000-07:00,2026-08-22,18,O,Z,4,407,4.36,7.01,9.75,11.04,58.99,16.11,103.92,91.53,30.0,60.0,0.18,0
HAVASU,20118,AHAV,34.80758,-114.53456,475,2026-08-23T00:52:45.000Z,2026-08-22T17:52:00.000-07:00,2026-08-23T01:00:00.000Z,2026-08-22T18:00:00.000-07:00,2026-08-22,18,O,Z,4,653,2.29,4.41,8.19,9.37,81.7,13.84,125.12,92.95,30.0,60.0,0.0,0
MUSIC MOUNTAIN,20119,AMUS,35.61497,-113.79428,5375,2026-08-23T00:52:55.000Z,2026-08-22T17:52:00.000-07:00,2026-08-23T01:00:00.000Z,2026-08-22T18:00:00.000-07:00,2026-08-22,18,O,Z,4,547,3.6,5.47,8.89,10.79,56.84,11.87,112.76,82.57,30.0,60.0,0.12,0
TRUXTON CANYON,20120,ATRU,35.78013,-113.79563,5304,2026-08-23T01:14:05.000Z,2026-08-22T18:14:00.000-07:00,2026-08-23T01:00:00.000Z,2026-08-22T18:00:00.000-07:00,2026-08-22,18,O,Z,4,267,4.14,5.28,8.44,10.43,42.65,8.22,113.77,69.99,30.0,60.0,0.18,0
CIBOLA,20121,ACBL,33.28,-114.68489,252,2026-08-23T00:48:54.000Z,2026-08-22T17:48:00.000-07:00,2026-08-23T01:00:00.000Z,2026-08-22T18:00:00.000-07:00,2026-08-22,18,O,Z,4,748,2.59,4.37,8.26,9.18,70.63,11.49,124.66,85.19,30.0,60.0,0.0,0
TUSAYAN,20207,ATUS,35.98833,-112.12056,6570,2026-08-23T01:08:24.000Z,2026-08-22T18:08:00.000-07:00,2026-08-23T01:00:00.000Z,2026-08-22T18:00:00.000-07:00,2026-08-22,18,O,Z,4,348,5.6,8.95,14.7,15.58,19.73,3.06,76.18,36.94,30.0,60.0,0.22,0
FLAGSTAFF,20209,AFLG,35.14111,-111.6725,6903,2026-08-23T01:06:04.000Z,2026-08-22T18:06:00.000-07:00,2026-08-23T01:00:00.000Z,2026-08-22T18:00:00.000-07:00,2026-08-22,18,O,Z,4,283,5.92,8.03,13.24,14.88,25.98,5.82,81.67,51.27,53.37,74.87,0.37,0
BRIGHT ANGEL,20211,ACAN,36.20472,-112.06222,8134,2026-08-23T01:07:54.000Z,2026-08-22T18:07:00.000-07:00,2026-08-23T01:00:00.000Z,2026-08-22T18:00:00.000-07:00,2026-08-22,18,O,Z,4,265,4.99,7.53,11.02,12.79,28.54,5.24,94.1,52.17,72.39,86.98,0.43,0
DRY PARK,20212,ADRY,36.45308,-112.23819,8700,2026-08-23T00:38:24.000Z,2026-08-22T17:38:00.000-07:00,2026-08-23T01:00:00.000Z,2026-08-22T18:00:00.000-07:00,2026-08-22,18,O,Z,4,93,6.28,8.7,12.45,14.54,19.65,3.89,81.68,42.6,148.49,135.4,0.68,0
FRAZIER WELLS,20213,AFRA,35.84551,-113.05501,6796,2026-08-23T01:27:44.000Z,2026-08-22T18:27:00.000-07:00,2026-08-23T01:00:00.000Z,2026-08-22T18:00:00.000-07:00,2026-08-22,18,O,Z,4,92,5.1,6.34,10.16,11.78,37.07,8.79,100.93,68.33,55.48,76.21,0.38,0
MORMON LAKE,20215,AMOL,34.90972,-111.43842,7094,2026-08-23T01:03:14.000Z,2026-08-22T18:03:00.000-07:00,2026-08-23T01:00:00.000Z,2026-08-22T18:00:00.000-07:00,2026-08-22,18,O,Z,4,282,6.5,9.5,15.29,15.19,28.61,9.02,72.79,59.5,69.54,85.16,0.43,0
WARM SPRINGS CANYON,20216,AWAR,36.70117,-112.22689,7953,2026-08-23T00:47:34.000Z,2026-08-22T17:47:00.000-07:00,2026-08-23T01:00:00.000Z,2026-08-22T18:00:00.000-07:00,2026-08-22,18,O,Z,4,345,5.38,8.15,12.7,13.61,24.11,4.18,86.35,45.19,62.98,80.98,0.4,0
YELLOW JOHN MOUNTAIN,20217,AYEL,36.155,-113.54944,6160,2026-08-23T00:50:25.000Z,2026-08-22T17:50:00.000-07:00,2026-08-23T01:00:00.000Z,2026-08-22T18:00:00.000-07:00,2026-08-22,18,O,Z,4,283,3.94,7.04,12.38,14.21,40.76,6.97,91.72,58.79,30.0,60.0,0.18,0
OAK CREEK,20219,AOAK,34.94686,-111.75444,4804,2026-08-23T01:03:04.000Z,2026-08-22T18:03:00.000-07:00,2026-08-23T01:00:00.000Z,2026-08-22T18:00:00.000-07:00,2026-08-22,18,O,Z,4,574,4.91,6.34,10.42,12.09,33.37,6.38,100.13,58.77,30.0,60.0,0.09,0
LINDBERGH HILL,20220,ALBE,36.28556,-112.07861,8800,2026-08-23T01:08:14.000Z,2026-08-22T18:08:00.000-07:00,2026-08-23T01:00:00.000Z,2026-08-22T18:00:00.000-07:00,2026-08-22,18,O,Z,4,395,5.59,7.12,10.96,12.64,24.75,4.99,94.03,50.97,77.73,90.37,0.45,0
PROMONTORY,20221,APRO,34.36528,-111.01444,7842,2026-08-23T00:49:34.000Z,2026-08-22T17:49:00.000-07:00,2026-08-23T01:00:00.000Z,2026-08-22T18:00:00.000-07:00,2026-08-22,18,O,Z,4,121,12.02,8.44,12.02,14.17,8.15,6.86,71.31,51.98,169.19,148.57,0.74,0
GUNSIGHT,20223,AGUN,36.70464,-112.5835,5284,2026-08-23T00:34:14.000Z,2026-08-22T17:34:00.000-07:00,2026-08-23T01:00:00.000Z,2026-08-22T18:00:00.000-07:00,2026-08-22,18,O,Z,4,522,3.75,6.82,9.91,11.2,47.08,8.49,105.27,68.55,30.0,60.0,0.14,0
BUCKSKIN MTN,20224,ABUC,36.91808,-112.19981,6334,2026-08-23T00:33:45.000Z,2026-08-22T17:33:00.000-07:00,2026-08-23T01:00:00.000Z,2026-08-22T18:00:00.000-07:00,2026-08-22,18,O,Z,4,416,3.96,6.29,9.57,11.48,59.27,14.9,106.24,89.21,30.0,60.0,0.2,0
PARIA POINT,20226,APAR,36.72753,-111.822,7106,2026-08-23T01:00:45.000Z,2026-08-22T18:00:00.000-07:00,2026-08-23T01:00:00.000Z,2026-08-22T18:00:00.000-07:00,2026-08-22,18,O,Z,4,398,4.73,6.61,10.08,10.9,43.72,10.55,103.48,75.18,30.0,60.0,0.24,0
FOUR SPRINGS,20227,AFOU,36.79367,-112.04239,6560,2026-08-23T01:19:25.000Z,2026-08-22T18:19:00.000-07:00,2026-08-23T01:00:00.000Z,2026-08-22T18:00:00.000-07:00,2026-08-22,18,O,Z,4,284,4.54,6.38,10.25,10.78,32.32,5.49,104.45,55.9,30.0,60.0,0.25,0
GREENBASE,20284,AGRB,35.27619,-112.06325,6923,2026-08-23T01:16:34.000Z,2026-08-22T18:16:00.000-07:00,2026-08-23T01:00:00.000Z,2026-08-22T18:00:00.000-07:00,2026-08-22,18,O,Z,4,223,5.87,9.75,15.96,17.45,25.92,5.8,68.25,47.16,63.49,81.31,0.41,0
HAPPY JACK,20291,AHJK,34.61797,-111.34239,6812,2026-08-23T01:02:04.000Z,2026-08-22T18:02:00.000-07:00,2026-08-23T01:00:00.000Z,2026-08-22T18:00:00.000-07:00,2026-08-22,18,O,Z,4,381,8.04,9.23,14.61,16.25,19.09,7.04,69.43,51.94,61.12,79.8,0.4,0
HEBER,20301,AHBR,34.39778,-110.56444,6635,2026-08-23T01:03:04.000Z,2026-08-22T18:03:00.000-07:00,2026-08-23T01:00:00.000Z,2026-08-22T18:00:00.000-07:00,2026-08-22,18,O,Z,4,219,13.25,9.95,13.87,15.62,3.99,2.77,60.31,31.71,30.5,60.32,0.3,0
LAKESIDE,20303,ALAK,34.16283,-109.87639,7267,2026-08-23T01:00:14.000Z,2026-08-22T18:00:00.000-07:00,2026-08-23T01:00:00.000Z,2026-08-22T18:00:00.000-07:00,2026-08-22,18,O,Z,4,15,10.31,12.73,16.95,17.32,7.43,2.59,53.24,29.0,74.34,88.21,0.44,0
NAVAJO MONUMENT,20307,ANAV,36.67667,-110.54389,7204,2026-08-23T00:36:34.000Z,2026-08-22T17:36:00.000-07:00,2026-08-23T01:00:00.000Z,2026-08-22T18:00:00.000-07:00,2026-08-22,18,O,Z,4,198,6.49,7.24,10.41,11.84,21.05,4.65,94.48,49.45,30.0,60.0,0.14,0
LIMESTONE CANYON,20309,ALIM,34.17786,-110.27663,7102,2026-08-23T01:24:24.000Z,2026-08-22T18:24:00.000-07:00,2026-08-23T01:00:00.000Z,2026-08-22T18:00:00.000-07:00,2026-08-22,18,O,Z,4,182,16.52,17.12,11.61,13.15,3.3,10.29,49.98,53.19,30.0,60.0,0.17,0
MOUNTAIN LION,20310,AFAP,33.69511,-109.71078,7269,2026-08-23T01:14:54.000Z,2026-08-22T18:14:00.000-07:00,2026-08-23T01:00:00.000Z,2026-08-22T18:00:00.000-07:00,2026-08-22,18,O,Z,4,66,7.66,9.11,14.26,16.23,17.48,5.14,71.14,45.47,125.45,120.74,0.6,0
HOPI,20312,AHPI,35.86292,-110.61495,5579,2026-08-23T01:13:45.000Z,2026-08-22T18:13:00.000-07:00,2026-08-23T01:00:00.000Z,2026-08-22T18:00:00.000-07:00,2026-08-22,18,O,Z,4,473,4.93,7.23,12.3,12.33,56.35,31.88,93.12,119.12,30.0,60.0,0.07,0
ALPINE,20401,AALP,33.84272,-109.11161,8207,2026-08-23T01:16:54.000Z,2026-08-22T18:16:00.000-07:00,2026-08-23T01:00:00.000Z,2026-08-22T18:00:00.000-07:00,2026-08-22,18,O,Z,4,81,11.84,10.72,14.4,15.92,5.56,2.92,60.22,32.43,140.97,130.62,0.65,0
PINEY HILL,20402,APIN,35.76111,-109.16719,8061,2026-08-23T00:41:24.000Z,2026-08-22T17:41:00.000-07:00,2026-08-23T01:00:00.000Z,2026-08-22T18:00:00.000-07:00,2026-08-22,18,O,Z,4,184,11.22,15.28,11.03,12.51,8.11,4.32,64.69,40.17,49.55,72.44,0.36,0
GREER,20404,AGRE,34.05853,-109.44097,8240,2026-08-23T00:35:49.000Z,2026-08-22T17:35:00.000-07:00,2026-08-23T01:00:00.000Z,2026-08-22T18:00:00.000-07:00,2026-08-22,18,O,Z,4,55,12.09,16.12,15.18,16.19,5.62,2.88,49.15,29.36,163.34,144.86,0.72,0
IRON SPRINGS,20501,AIRO,34.59361,-112.51139,5385,2026-08-23T01:06:34.000Z,2026-08-22T18:06:00.000-07:00,2026-08-23T01:00:00.000Z,2026-08-22T18:00:00.000-07:00,2026-08-22,18,O,Z,4,379,4.57,6.73,11.85,13.71,49.15,12.29,93.16,76.84,30.0,60.0,0.22,0
CROWN KING,20502,ACRO,34.20336,-112.34561,6173,2026-08-23T01:27:34.000Z,2026-08-22T18:27:00.000-07:00,2026-08-23T01:00:00.000Z,2026-08-22T18:00:00.000-07:00,2026-08-22,18,O,Z,4,377,4.87,6.62,11.3,12.91,30.38,5.31,95.65,52.89,30.0,60.0,0.25,0
VERDE,20503,AVER,34.54917,-111.84417,3101,2026-08-23T01:05:14.000Z,2026-08-22T18:05:00.000-07:00,2026-08-23T01:00:00.000Z,2026-08-22T18:00:00.000-07:00,2026-08-22,18,O,Z,4,551,5.62,6.44,10.85,12.64,40.12,11.22,95.8,74.63,30.0,60.0,0.06,0
GOODWIN MESA,20507,AGOO,34.77614,-113.3375,4311,2026-08-23T01:20:45.000Z,2026-08-22T18:20:00.000-07:00,2026-08-23T01:00:00.000Z,2026-08-22T18:00:00.000-07:00,2026-08-22,18,O,Z,4,447,3.63,5.38,10.32,11.86,71.73,19.52,106.71,101.2,30.0,60.0,0.12,0
HUMBUG CREEK,20508,AHUM,34.11,-112.3,5250,2026-08-23T00:48:15.000Z,2026-08-22T17:48:00.000-07:00,2026-08-23T01:00:00.000Z,2026-08-22T18:00:00.000-07:00,2026-08-22,18,O,Z,4,257,4.64,5.33,9.31,11.07,42.23,9.2,108.47,72.13,30.0,60.0,0.19,0
STANTON,20509,ASTA,34.16403,-112.73486,3600,2026-08-23T01:01:25.000Z,2026-08-22T18:01:00.000-07:00,2026-08-23T01:00:00.000Z,2026-08-22T18:00:00.000-07:00,2026-08-22,18,O,Z,4,542,3.33,4.12,7.44,9.16,62.12,12.3,125.38,88.12,30.0,60.0,0.07,0
SUNSET POINT,20510,ASUN,34.18847,-112.13467,3380,2026-08-23T00:53:15.000Z,2026-08-22T17:53:00.000-07:00,2026-08-23T01:00:00.000Z,2026-08-22T18:00:00.000-07:00,2026-08-22,18,O,Z,4,617,3.18,4.48,8.4,9.9,55.37,9.12,120.21,75.33,30.0,60.0,0.04,0
CHERRY,20511,ACHE,34.59661,-112.04761,5147,2026-08-23T01:11:54.000Z,2026-08-22T18:11:00.000-07:00,2026-08-23T01:00:00.000Z,2026-08-22T18:00:00.000-07:00,2026-08-22,18,O,Z,4,195,6.33,7.33,12.21,13.54,24.69,5.65,87.12,52.12,30.0,60.0,0.16,0
GLOBE,20601,AGLO,33.32694,-110.76694,4137,2026-08-23T01:06:25.000Z,2026-08-22T18:06:00.000-07:00,2026-08-23T01:00:00.000Z,2026-08-22T18:00:00.000-07:00,2026-08-22,18,O,Z,4,513,12.95,17.57,9.43,10.07,6.64,4.81,64.11,42.05,30.0,60.0,0.06,0
PAYSON,20602,APAY,34.24614,-111.2935,5064,2026-08-23T01:11:04.000Z,2026-08-22T18:11:00.000-07:00,2026-08-23T01:00:00.000Z,2026-08-22T18:00:00.000-07:00,2026-08-22,18,O,Z,4,379,34.8,6.51,10.42,12.17,0.0,0.0,39.91,0.0,30.0,60.0,0.12,0
PLEASANT VALLEY,20603,APLE,34.08858,-110.94225,5232,2026-08-23T01:00:34.000Z,2026-08-22T18:00:00.000-07:00,2026-08-23T01:00:00.000Z,2026-08-22T18:00:00.000-07:00,2026-08-22,18,O,Z,4,295,8.48,8.45,13.32,14.41,12.64,3.38,75.88,38.63,30.0,60.0,0.13,0
TONTO BASIN,20606,ATON,33.86861,-111.31333,2414,2026-08-23T01:11:14.000Z,2026-08-22T18:11:00.000-07:00,2026-08-23T01:00:00.000Z,2026-08-22T18:00:00.000-07:00,2026-08-22,18,O,Z,4,597,3.73,5.28,9.02,9.99,40.81,5.98,114.53,60.67,30.0,60.0,0.0,0
SAN CARLOS #1,20608,ASCA,33.37165,-110.45683,2830,2026-08-23T01:14:24.000Z,2026-08-22T18:14:00.000-07:00,2026-08-23T01:00:00.000Z,2026-08-22T18:00:00.000-07:00,2026-08-22,18,O,Z,4,606,4.24,4.79,8.06,9.44,54.56,12.82,118.38,87.49,30.0,60.0,0.01,0
HILLTOP,20609,AHIL,33.61119,-110.41461,5732,2026-08-23T00:32:54.000Z,2026-08-22T17:32:00.000-07:00,2026-08-23T01:00:00.000Z,2026-08-22T18:00:00.000-07:00,2026-08-22,18,O,Z,4,75,5.84,8.14,14.26,15.92,38.69,12.46,77.53,71.06,30.0,60.0,0.29,0
RED LAKE,20610,ARED,34.18133,-110.78919,6524,2026-08-23T00:59:34.000Z,2026-08-22T17:59:00.000-07:00,2026-08-23T01:00:00.000Z,2026-08-22T18:00:00.000-07:00,2026-08-22,18,O,Z,4,89,26.86,19.1,17.68,18.64,0.0,0.0,18.19,0.0,52.52,74.33,0.37,0
SHADOW RIM,20611,ASHA,34.40586,-111.28319,5660,2026-08-23T01:09:14.000Z,2026-08-22T18:09:00.000-07:00,2026-08-23T01:00:00.000Z,2026-08-22T18:00:00.000-07:00,2026-08-22,18,O,Z,4,441,34.75,8.51,14.52,15.5,0.0,0.0,27.96,0.0,30.0,60.0,0.18,0
PINE,20612,APNE,34.37181,-111.4555,5313,2026-08-23T01:22:24.000Z,2026-08-22T18:22:00.000-07:00,2026-08-23T01:00:00.000Z,2026-08-22T18:00:00.000-07:00,2026-08-22,18,O,Z,4,457,35.0,19.74,11.65,13.0,0.0,0.0,20.19,0.0,30.0,60.0,0.16,0
HORSE CAMP CANYON,20903,AHOR,32.93656,-110.4935,4014,2026-08-23T01:02:55.000Z,2026-08-22T18:02:00.000-07:00,2026-08-23T01:00:00.000Z,2026-08-22T18:00:00.000-07:00,2026-08-22,18,O,Z,4,572,34.93,5.43,9.09,10.41,0.0,0.0,45.56,0.0,30.0,60.0,0.06,0
CASA GRANDE,20906,ACSG,32.99177,-111.53264,1412,2026-08-23T01:22:34.000Z,2026-08-22T18:22:00.000-07:00,2026-08-23T01:00:00.000Z,2026-08-22T18:00:00.000-07:00,2026-08-22,18,O,Z,4,684,3.13,5.09,10.1,11.36,56.91,9.14,110.63,72.58,30.0,60.0,0.0,0
COLUMBINE,21005,ACOL,32.70389,-109.91389,9521,2026-08-23T01:02:04.000Z,2026-08-22T18:02:00.000-07:00,2026-08-23T01:00:00.000Z,2026-08-22T18:00:00.000-07:00,2026-08-22,18,O,Z,4,34,7.82,9.5,15.5,17.92,16.28,5.09,64.86,43.36,240.83,194.16,0.97,0
MULESHOE RANCH,21007,AMUL,32.40383,-110.272,4475,2026-08-23T01:03:05.000Z,2026-08-22T18:03:00.000-07:00,2026-08-23T01:00:00.000Z,2026-08-22T18:00:00.000-07:00,2026-08-22,18,O,Z,4,367,34.95,7.52,10.42,12.2,0.0,0.0,38.21,0.0,30.0,60.0,0.11,0
BLACK HILLS,21008,ABLA,33.08203,-109.95119,3262,2026-08-23T00:53:35.000Z,2026-08-22T17:53:00.000-07:00,2026-08-23T01:00:00.000Z,2026-08-22T18:00:00.000-07:00,2026-08-22,18,O,Z,4,282,2.98,4.43,7.3,9.06,81.51,23.47,126.19,118.97,30.0,60.0,0.0,0
DRY LAKE,21009,ADRL,33.35982,-109.83306,7405,2026-08-23T01:27:34.000Z,2026-08-22T18:27:00.000-07:00,2026-08-23T01:00:00.000Z,2026-08-22T18:00:00.000-07:00,2026-08-22,18,O,Z,4,382,6.6,7.5,10.55,12.84,18.11,3.82,91.11,44.41,46.91,70.76,0.35,0
NOON CREEK,21010,ANOO,32.66778,-109.78806,4925,2026-08-23T00:37:04.000Z,2026-08-22T17:37:00.000-07:00,2026-08-23T01:00:00.000Z,2026-08-22T18:00:00.000-07:00,2026-08-22,18,O,Z,4,458,4.31,5.37,8.55,10.42,31.64,4.67,112.75,53.75,30.0,60.0,0.1,0
GUTHRIE,21104,AGUT,32.88203,-109.30931,6324,2026-08-23T01:03:45.000Z,2026-08-22T18:03:00.000-07:00,2026-08-23T01:00:00.000Z,2026-08-22T18:00:00.000-07:00,2026-08-22,18,O,Z,4,401,6.68,5.89,8.72,10.58,40.83,29.94,104.07,121.8,30.0,60.0,0.23,0
TRAIL CABIN,21105,ATRA,33.26478,-109.36789,6250,2026-08-23T00:35:39.000Z,2026-08-22T17:35:00.000-07:00,2026-08-23T01:00:00.000Z,2026-08-22T18:00:00.000-07:00,2026-08-22,18,O,Z,4,414,34.78,7.98,10.57,12.11,0.0,0.0,37.74,0.0,30.0,60.0,0.16,0
STRAY HORSE,21106,ASTH,33.55253,-109.31719,7956,2026-08-23T01:19:04.000Z,2026-08-22T18:19:00.000-07:00,2026-08-23T01:00:00.000Z,2026-08-22T18:00:00.000-07:00,2026-08-22,18,O,Z,4,110,8.7,8.47,10.97,12.42,16.4,6.81,83.95,55.81,128.49,122.68,0.61,0
SAGUARO,21202,ASAG,32.31111,-110.81861,2758,2026-08-23T01:08:04.000Z,2026-08-22T18:08:00.000-07:00,2026-08-23T01:00:00.000Z,2026-08-22T18:00:00.000-07:00,2026-08-22,18,O,Z,4,424,4.41,6.23,11.15,11.97,29.12,3.85,100.26,46.63,30.0,60.0,0.01,0
EMPIRE,21205,AEMP,31.78347,-110.64325,4650,2026-08-23T00:53:55.000Z,2026-08-22T17:53:00.000-07:00,2026-08-23T01:00:00.000Z,2026-08-22T18:00:00.000-07:00,2026-08-22,18,O,Z,4,278,5.56,7.2,13.07,14.95,31.47,7.15,84.48,57.25,30.0,60.0,0.17,0
SASABE,21206,ASAS,31.69169,-111.44811,3500,2026-08-23T01:05:44.000Z,2026-08-22T18:05:00.000-07:00,2026-08-23T01:00:00.000Z,2026-08-22T18:00:00.000-07:00,2026-08-22,18,O,Z,4,624,24.12,18.87,14.18,14.45,0.04,1.07,30.75,15.04,30.0,60.0,0.05,0
RINCON,21207,ARIN,32.20639,-110.54861,8209,2026-08-23T00:37:35.000Z,2026-08-22T17:37:00.000-07:00,2026-08-23T01:00:00.000Z,2026-08-22T18:00:00.000-07:00,2026-08-22,18,O,Z,4,14,9.78,8.32,11.78,14.57,8.56,2.66,75.99,34.61,192.08,163.14,0.82,0
SCOUT CAMP,21208,ASOL,32.39806,-110.725,7554,2026-08-23T00:37:14.000Z,2026-08-22T17:37:00.000-07:00,2026-08-23T01:00:00.000Z,2026-08-22T18:00:00.000-07:00,2026-08-22,18,O,Z,4,84,5.94,6.56,9.85,12.46,25.7,5.84,97.37,55.71,151.69,137.44,0.69,0
SELLS,21209,ASES,31.91014,-111.89743,2262,2026-08-23T01:14:14.000Z,2026-08-22T18:14:00.000-07:00,2026-08-23T01:00:00.000Z,2026-08-22T18:00:00.000-07:00,2026-08-22,18,O,Z,4,177,4.5,5.43,9.77,11.61,63.63,35.96,106.15,133.71,30.0,60.0,0.04,0
HOPKINS,21302,AHPK,31.67528,-110.88,7120,2026-08-23T01:19:24.000Z,2026-08-22T18:19:00.000-07:00,2026-08-23T01:00:00.000Z,2026-08-22T18:00:00.000-07:00,2026-08-22,18,O,Z,4,481,16.57,21.58,10.23,12.52,4.05,15.86,45.9,62.4,30.0,60.0,0.28,0
CANELO,21303,ACNL,31.54972,-110.51917,4629,2026-08-23T01:08:54.000Z,2026-08-22T18:08:00.000-07:00,2026-08-23T01:00:00.000Z,2026-08-22T18:00:00.000-07:00,2026-08-22,18,O,Z,4,116,8.71,15.1,13.32,14.87,14.67,4.81,61.88,41.34,30.0,60.0,0.27,0
HEADQUARTERS,21409,ACHR,32.00611,-109.35694,5400,2026-08-23T00:37:05.000Z,2026-08-22T17:37:00.000-07:00,2026-08-23T01:00:00.000Z,2026-08-22T18:00:00.000-07:00,2026-08-22,18,O,Z,4,464,3.75,6.79,11.19,12.52,55.69,11.59,99.23,77.01,30.0,60.0,0.15,0
CARR,21411,ACAA,31.44111,-110.28611,5400,2026-08-23T01:19:14.000Z,2026-08-22T18:19:00.000-07:00,2026-08-23T01:00:00.000Z,2026-08-22T18:00:00.000-07:00,2026-08-22,18,O,Z,4,75,34.81,6.31,10.16,12.64,0.0,0.0,39.87,0.0,31.38,60.88,0.3,0
RUCKER,21414,ARUC,31.76111,-109.34861,5700,2026-08-23T00:57:04.000Z,2026-08-22T17:57:00.000-07:00,2026-08-23T01:00:00.000Z,2026-08-22T18:00:00.000-07:00,2026-08-22,18,O,Z,4,49,34.92,6.46,11.42,14.59,0.0,0.0,35.34,0.0,62.89,80.93,0.4,0
SMITH PEAK,21501,ASMI,34.11486,-113.34733,2386,2026-08-23T00:53:05.000Z,2026-08-22T17:53:00.000-07:00,2026-08-23T01:00:00.000Z,2026-08-22T18:00:00.000-07:00,2026-08-22,18,O,Z,4,654,2.92,3.67,6.83,8.35,74.64,14.84,131.91,98.35,30.0,60.0,0.02,0
OATMAN,21502,AOAT,33.04994,-113.13867,1715,2026-08-23T00:52:35.000Z,2026-08-22T17:52:00.000-07:00,2026-08-23T01:00:00.000Z,2026-08-22T18:00:00.000-07:00,2026-08-22,18,O,Z,4,634,2.87,3.75,7.13,8.18,85.33,19.17,131.48,110.46,30.0,60.0,0.0,0
AHAKHAV PRESERVE,21503,AAHA,34.13222,-114.32917,363,2026-08-23T01:26:44.000Z,2026-08-22T18:26:00.000-07:00,2026-08-23T01:00:00.000Z,2026-08-22T18:00:00.000-07:00,2026-08-22,18,O,Z,4,745,2.81,4.76,9.28,10.47,51.87,6.63,116.77,64.2,30.0,60.0,0.0,0
BELMONT,21504,ABEL,33.67411,-112.92281,1813,2026-08-23T01:01:45.000Z,2026-08-22T18:01:00.000-07:00,2026-08-23T01:00:00.000Z,2026-08-22T18:00:00.000-07:00,2026-08-22,18,O,Z,4,690,2.71,3.65,6.89,8.69,67.91,11.38,131.49,86.89,30.0,60.0,0.01,0
GOLDFIELD,21505,AGOL,33.55531,-111.6145,1367,2026-08-23T01:23:14.000Z,2026-08-22T18:23:00.000-07:00,2026-08-23T01:00:00.000Z,2026-08-22T18:00:00.000-07:00,2026-08-22,18,O,Z,4,680,2.83,4.76,10.01,10.95,56.18,7.95,113.61,68.91,30.0,60.0,0.0,0
WASHINGTON PASS,290101,XWAS,36.0765,-108.8615,9384,2026-08-23T00:41:14.000Z,2026-08-22T17:41:00.000-07:00,2026-08-23T01:00:00.000Z,2026-08-22T18:00:00.000-07:00,2026-08-22,18,O,Z,4,248,14.93,19.53,11.81,13.15,2.88,3.1,48.55,30.2,109.52,110.6,0.55,0
ALBINO CANYON,290102,XALB,36.97661,-107.62892,7173,2026-08-23T01:26:05.000Z,2026-08-22T18:26:00.000-07:00,2026-08-23T01:00:00.000Z,2026-08-22T18:00:00.000-07:00,2026-08-22,18,O,Z,4,481,23.71,15.37,8.87,9.72,0.04,1.79,49.88,23.78,30.0,60.0,0.03,0
STONE LAKE,290201,XSTO,36.73161,-106.86581,7436,2026-08-23T00:33:34.000Z,2026-08-22T17:33:00.000-07:00,2026-08-23T01:00:00.000Z,2026-08-22T18:00:00.000-07:00,2026-08-22,18,O,Z,4,484,7.31,8.75,11.76,12.08,14.63,3.04,85.63,38.85,30.0,60.0,0.06,0
COYOTE,290202,XCOY,36.07333,-106.65739,8704,2026-08-23T00:48:54.000Z,2026-08-22T17:48:00.000-07:00,2026-08-23T01:00:00.000Z,2026-08-22T18:00:00.000-07:00,2026-08-22,18,O,Z,4,247,16.14,23.78,15.6,13.97,2.24,4.13,34.25,29.35,42.57,68.0,0.34,0
DEADMAN PEAK,290203,XDEA,36.4229,-106.772,8389,2026-08-23T01:07:54.000Z,2026-08-22T18:07:00.000-07:00,2026-08-23T01:00:00.000Z,2026-08-22T18:00:00.000-07:00,2026-08-22,18,O,Z,4,489,10.43,15.94,10.76,11.76,9.49,4.45,66.81,41.33,30.0,60.0,0.01,0
JARITA MESA,290204,XJAR,36.55597,-106.10306,8864,2026-08-23T01:16:04.000Z,2026-08-22T18:16:00.000-07:00,2026-08-23T01:00:00.000Z,2026-08-22T18:00:00.000-07:00,2026-08-22,18,O,Z,4,194,7.35,9.26,12.32,13.06,13.23,2.7,81.32,35.93,30.0,60.0,0.29,0
DULCE #2,290205,XDUL,36.93519,-107.00011,6805,2026-08-23T01:28:24.000Z,2026-08-22T18:28:00.000-07:00,2026-08-23T01:00:00.000Z,2026-08-22T18:00:00.000-07:00,2026-08-22,18,O,Z,4,404,34.42,18.0,12.3,12.89,0.0,0.0,22.36,0.0,30.0,60.0,0.05,0
TRUCHAS,290210,XTRU,36.059,-105.7695,8353,2026-08-23T01:11:14.000Z,2026-08-22T18:11:00.000-07:00,2026-08-23T01:00:00.000Z,2026-08-22T18:00:00.000-07:00,2026-08-22,18,O,Z,4,246,10.7,12.37,14.93,14.53,7.2,3.04,60.89,33.23,30.0,60.0,0.16,0
BLACK MESA,290305,XBLM,36.03708,-106.04964,5762,2026-08-23T00:34:24.000Z,2026-08-22T17:34:00.000-07:00,2026-08-23T01:00:00.000Z,2026-08-22T18:00:00.000-07:00,2026-08-22,18,O,Z,4,610,5.32,7.1,11.1,11.45,41.13,11.48,97.1,75.89,30.0,60.0,0.0,0
WILD RIVERS,290307,XWDR,36.69469,-105.66872,7530,2026-08-23T00:49:55.000Z,2026-08-22T17:49:00.000-07:00,2026-08-23T01:00:00.000Z,2026-08-22T18:00:00.000-07:00,2026-08-22,18,O,Z,4,518,8.64,9.36,13.04,13.72,15.8,5.79,75.55,49.37,30.0,60.0,0.0,0
CIMARRON,290401,XCIM,36.60611,-105.12028,8806,2026-08-23T01:09:54.000Z,2026-08-22T18:09:00.000-07:00,2026-08-23T01:00:00.000Z,2026-08-22T18:00:00.000-07:00,2026-08-22,18,O,Z,4,217,8.56,9.12,13.28,14.98,10.0,2.52,73.37,33.19,119.49,116.95,0.58,0
ZUNI BUTTES,290603,XZUB,35.13919,-108.94131,6649,2026-08-23T00:42:54.000Z,2026-08-22T17:42:00.000-07:00,2026-08-23T01:00:00.000Z,2026-08-22T18:00:00.000-07:00,2026-08-22,18,O,Z,4,222,27.09,23.78,12.47,13.46,0.0,0.0,23.88,0.0,30.0,60.0,0.07,0
JEMEZ,290702,XJEM,35.84114,-106.61969,8248,2026-08-23T01:08:44.000Z,2026-08-22T18:08:00.000-07:00,2026-08-23T01:00:00.000Z,2026-08-22T18:00:00.000-07:00,2026-08-22,18,O,Z,4,311,9.18,9.89,13.72,13.97,8.85,2.43,71.61,32.33,30.0,60.0,0.24,0
CUBA,290705,XCUB,35.942,-107.07739,6890,2026-08-23T00:41:05.000Z,2026-08-22T17:41:00.000-07:00,2026-08-23T01:00:00.000Z,2026-08-22T18:00:00.000-07:00,2026-08-22,18,O,Z,4,471,8.17,8.5,11.82,12.96,17.41,5.95,82.26,51.99,30.0,60.0,0.07,0
SANDIA LAKES,290706,XSLK,35.22967,-106.59061,5027,2026-08-23T00:42:44.000Z,2026-08-22T17:42:00.000-07:00,2026-08-23T01:00:00.000Z,2026-08-22T18:00:00.000-07:00,2026-08-22,18,O,Z,4,676,4.72,7.33,11.02,11.02,34.71,6.47,99.24,58.87,30.0,60.0,0.0,0
TOWER,290801,XTOW,35.77899,-106.26611,6529,2026-08-23T01:08:24.000Z,2026-08-22T18:08:00.000-07:00,2026-08-23T01:00:00.000Z,2026-08-22T18:00:00.000-07:00,2026-08-22,18,O,Z,4,529,5.9,6.68,10.76,11.17,42.83,15.76,98.07,88.21,30.0,60.0,0.02,0
SANTA FE WATERSHED,290901,XSFW,35.68686,-105.86031,7749,2026-08-23T00:53:04.000Z,2026-08-22T17:53:00.000-07:00,2026-08-23T01:00:00.000Z,2026-08-22T18:00:00.000-07:00,2026-08-22,18,O,Z,4,367,11.0,9.82,13.99,13.96,8.18,4.38,67.55,41.22,30.0,60.0,0.2,0
BARTLEY,291002,XBAR,35.90875,-105.38769,9192,2026-08-23T01:04:14.000Z,2026-08-22T18:04:00.000-07:00,2026-08-23T01:00:00.000Z,2026-08-22T18:00:00.000-07:00,2026-08-22,18,O,Z,4,130,14.16,16.56,13.4,13.83,2.7,1.99,51.15,25.22,110.18,111.03,0.56,0
MILLS CANYON,291101,XMIL,36.05453,-104.32511,5881,2026-08-23T01:05:54.000Z,2026-08-22T18:05:00.000-07:00,2026-08-23T01:00:00.000Z,2026-08-22T18:00:00.000-07:00,2026-08-22,18,O,Z,4,537,34.9,6.77,10.15,12.28,0.0,0.0,39.6,0.0,30.0,60.0,0.09,0
PECOS,291202,XPEC,35.54558,-105.49439,8229,2026-08-23T01:14:04.000Z,2026-08-22T18:14:00.000-07:00,2026-08-23T01:00:00.000Z,2026-08-22T18:00:00.000-07:00,2026-08-22,18,O,Z,4,68,21.2,21.33,12.48,13.43,0.16,1.06,34.97,15.85,30.0,60.0,0.18,0
BRUSHY MOUNTAIN,291301,XBRU,34.72,-107.8484,8789,2026-08-23T00:49:44.000Z,2026-08-22T17:49:00.000-07:00,2026-08-23T01:00:00.000Z,2026-08-22T18:00:00.000-07:00,2026-08-22,18,O,Z,4,209,15.02,21.03,13.13,14.36,4.11,6.92,42.52,41.14,65.09,82.33,0.41,0
GRANTS,291302,XGRA,35.24278,-107.66528,8620,2026-08-23T01:16:24.000Z,2026-08-22T18:16:00.000-07:00,2026-08-23T01:00:00.000Z,2026-08-22T18:00:00.000-07:00,2026-08-22,18,O,Z,4,124,11.46,11.09,14.99,15.08,5.4,2.48,60.7,30.2,81.44,92.73,0.46,0
OAK FLATS,291402,XOAK,35.00614,-106.31583,7675,2026-08-23T01:04:04.000Z,2026-08-22T18:04:00.000-07:00,2026-08-23T01:00:00.000Z,2026-08-22T18:00:00.000-07:00,2026-08-22,18,O,Z,4,450,6.99,7.83,11.96,12.98,16.52,3.71,86.15,42.71,30.0,60.0,0.15,0
SANDIA LAB,291408,XSLB,35.00406,-106.41148,6321,2026-08-23T00:53:34.000Z,2026-08-22T17:53:00.000-07:00,2026-08-23T01:00:00.000Z,2026-08-22T18:00:00.000-07:00,2026-08-22,18,O,Z,4,258,6.93,6.99,9.91,10.62,24.05,7.59,97.84,62.97,30.0,60.0,0.11,0
MOUNTAINAIR,291501,XMOU,34.52081,-106.26269,6593,2026-08-23T01:05:54.000Z,2026-08-22T18:05:00.000-07:00,2026-08-23T01:00:00.000Z,2026-08-22T18:00:00.000-07:00,2026-08-22,18,O,Z,4,468,6.44,6.85,11.45,12.88,35.69,13.49,90.96,79.33,30.0,60.0,0.08,0
MELROSE RANGE,291901,XMEL,34.28422,-103.71497,4263,2026-08-23T01:14:11.000Z,2026-08-22T18:14:00.000-07:00,2026-08-23T01:00:00.000Z,2026-08-22T18:00:00.000-07:00,2026-08-22,18,O,Z,4,651,4.22,5.57,9.43,10.15,65.24,29.42,110.96,124.42,30.0,60.0,0.0,0
BEAVERHEAD,292001,XBEA,33.42353,-108.11019,6750,2026-08-23T01:08:14.000Z,2026-08-22T18:08:00.000-07:00,2026-08-23T01:00:00.000Z,2026-08-22T18:00:00.000-07:00,2026-08-22,18,O,Z,4,177,17.43,16.14,16.78,17.45,1.12,1.67,36.83,20.03,30.0,60.0,0.23,0
LUNA,292004,XLUN,33.82289,-108.94311,7088,2026-08-23T01:07:14.000Z,2026-08-22T18:07:00.000-07:00,2026-08-23T01:00:00.000Z,2026-08-22T18:00:00.000-07:00,2026-08-22,18,O,Z,4,259,12.35,13.49,17.87,18.02,4.57,2.39,46.19,26.21,30.0,60.0,0.29,0
RESERVE,292005,XRES,33.71489,-108.777,5846,2026-08-23T01:08:14.000Z,2026-08-22T18:08:00.000-07:00,2026-08-23T01:00:00.000Z,2026-08-22T18:00:00.000-07:00,2026-08-22,18,O,Z,4,454,13.73,11.4,16.37,16.4,3.31,2.28,51.81,27.01,30.0,60.0,0.1,0
SLAUGHTER,292008,XSLA,34.06056,-108.44472,8680,2026-08-23T01:12:54.000Z,2026-08-22T18:12:00.000-07:00,2026-08-23T01:00:00.000Z,2026-08-22T18:00:00.000-07:00,2026-08-22,18,O,Z,4,20,19.15,18.36,14.86,16.13,0.46,1.43,35.47,18.34,137.54,128.44,0.64,0
PELONA MOUNTAIN,292009,XPEL,33.69375,-108.06161,7955,2026-08-23T00:38:25.000Z,2026-08-22T17:38:00.000-07:00,2026-08-23T01:00:00.000Z,2026-08-22T18:00:00.000-07:00,2026-08-22,18,O,Z,4,235,8.71,8.49,11.75,13.65,18.91,9.09,79.85,62.3,77.68,90.34,0.45,0
GILA CENTER RAWS,292011,XGIL,33.22375,-108.24031,5767,2026-08-23T01:13:04.000Z,2026-08-22T18:13:00.000-07:00,2026-08-23T01:00:00.000Z,2026-08-22T18:00:00.000-07:00,2026-08-22,18,O,Z,4,146,15.09,17.98,14.63,16.16,2.86,3.08,42.33,28.27,30.0,60.0,0.15,0
DATIL,292012,XDAT,34.29256,-107.768,8431,2026-08-23T01:11:04.000Z,2026-08-22T18:11:00.000-07:00,2026-08-23T01:00:00.000Z,2026-08-22T18:00:00.000-07:00,2026-08-22,18,O,Z,4,176,11.76,10.43,13.73,14.66,8.2,5.95,64.15,46.36,89.82,98.07,0.49,0
MOGOLLON,292013,XMOG,33.39064,-108.80819,7602,2026-08-23T01:13:15.000Z,2026-08-22T18:13:00.000-07:00,2026-08-23T01:00:00.000Z,2026-08-22T18:00:00.000-07:00,2026-08-22,18,O,Z,4,159,19.67,17.19,11.11,12.67,0.63,2.21,46.13,25.26,54.78,75.77,0.38,0
CHUPADERA,292102,XCHU,33.77294,-106.0985,5580,2026-08-23T00:39:45.000Z,2026-08-22T17:39:00.000-07:00,2026-08-23T01:00:00.000Z,2026-08-22T18:00:00.000-07:00,2026-08-22,18,O,Z,4,515,3.97,6.8,10.5,10.94,67.76,20.83,103.94,103.02,30.0,60.0,0.01,0
BOSQUE,292103,XBOS,33.82064,-106.88169,4523,2026-08-23T00:50:24.000Z,2026-08-22T17:50:00.000-07:00,2026-08-23T01:00:00.000Z,2026-08-22T18:00:00.000-07:00,2026-08-22,18,O,Z,4,668,3.99,6.77,11.09,11.91,48.62,9.73,100.29,71.4,30.0,60.0,0.0,0
MAGDALENA,292104,XMAG,33.85061,-107.539,8495,2026-08-23T01:03:54.000Z,2026-08-22T18:03:00.000-07:00,2026-08-23T01:00:00.000Z,2026-08-22T18:00:00.000-07:00,2026-08-22,18,O,Z,4,55,9.44,9.03,12.17,14.0,10.66,3.89,75.62,41.13,115.27,114.26,0.57,0
SEVILLETA,292105,XSEV,34.35844,-106.6895,5246,2026-08-23T01:11:44.000Z,2026-08-22T18:11:00.000-07:00,2026-08-23T01:00:00.000Z,2026-08-22T18:00:00.000-07:00,2026-08-22,18,O,Z,4,555,17.6,18.61,11.63,11.67,1.54,3.2,48.01,30.5,30.0,60.0,0.0,0
SMOKEY BEAR,292203,XSMO,33.35019,-105.686,7194,2026-08-23T01:00:04.000Z,2026-08-22T18:00:00.000-07:00,2026-08-23T01:00:00.000Z,2026-08-22T18:00:00.000-07:00,2026-08-22,18,O,Z,4,95,7.04,8.59,14.92,16.6,16.9,3.68,71.53,39.09,30.0,60.0,0.28,0
EIGHT MILE DRAW,292301,XEIG,33.65064,-104.32139,3626,2026-08-23T00:37:25.000Z,2026-08-22T17:37:00.000-07:00,2026-08-23T01:00:00.000Z,2026-08-22T18:00:00.000-07:00,2026-08-22,18,O,Z,4,603,3.37,5.55,8.69,9.24,76.41,24.65,117.65,117.85,30.0,60.0,0.0,0
DUNKEN,292302,XDUN,32.82467,-105.18261,5431,2026-08-23T00:36:15.000Z,2026-08-22T17:36:00.000-07:00,2026-08-23T01:00:00.000Z,2026-08-22T18:00:00.000-07:00,2026-08-22,18,O,Z,4,484,3.74,5.7,8.72,9.8,69.74,26.02,114.68,119.39,30.0,60.0,0.02,0
BURRO MOUNTAIN,292504,XBUR,32.67203,-108.53969,6995,2026-08-23T00:59:44.000Z,2026-08-22T17:59:00.000-07:00,2026-08-23T01:00:00.000Z,2026-08-22T18:00:00.000-07:00,2026-08-22,18,O,Z,4,286,6.03,6.49,9.5,11.77,40.73,15.61,99.69,88.49,30.0,60.0,0.21,0
HACHITA VALLEY,292702,XHAC,31.702,-108.34169,4290,2026-08-23T00:40:54.000Z,2026-08-22T17:40:00.000-07:00,2026-08-23T01:00:00.000Z,2026-08-22T18:00:00.000-07:00,2026-08-22,18,O,Z,4,588,3.12,4.88,7.95,10.39,73.98,16.42,119.22,98.35,30.0,60.0,0.04,0
MCGREGGOR RANGE,292901,XMCG,32.43133,-105.62181,4832,2026-08-23T00:37:35.000Z,2026-08-22T17:37:00.000-07:00,2026-08-23T01:00:00.000Z,2026-08-22T18:00:00.000-07:00,2026-08-22,18,O,Z,4,595,3.54,4.93,7.68,9.77,73.12,22.01,120.15,112.95,30.0,60.0,0.01,0
DRIPPING SPRINGS,292903,XDRI,32.32225,-106.58661,5814,2026-08-23T01:26:15.000Z,2026-08-22T18:26:00.000-07:00,2026-08-23T01:00:00.000Z,2026-08-22T18:00:00.000-07:00,2026-08-22,18,O,Z,4,444,3.89,4.68,7.55,9.73,48.6,9.94,120.25,78.39,30.0,60.0,0.12,0
SAN ANDRES,292904,XSAA,32.58008,-106.52719,6137,2026-08-23T01:01:54.000Z,2026-08-22T18:01:00.000-07:00,2026-08-23T01:00:00.000Z,2026-08-22T18:00:00.000-07:00,2026-08-22,18,O,Z,4,489,4.15,4.97,7.9,9.97,46.21,9.67,117.11,76.46,30.0,60.0,0.09,0
MAYHILL,293002,XMAY,32.90947,-105.46981,6599,2026-08-23T01:01:54.000Z,2026-08-22T18:01:00.000-07:00,2026-08-23T01:00:00.000Z,2026-08-22T18:00:00.000-07:00,2026-08-22,18,O,Z,4,462,4.59,7.23,12.1,14.29,37.82,7.79,90.13,61.35,30.0,60.0,0.14,0
MESCAL,293003,XMES,33.15803,-105.76881,6227,2026-08-23T00:41:24.000Z,2026-08-22T17:41:00.000-07:00,2026-08-23T01:00:00.000Z,2026-08-22T18:00:00.000-07:00,2026-08-22,18,O,Z,4,210,6.13,8.2,14.38,16.6,27.23,6.8,75.22,53.06,37.64,64.86,0.32,0
COSMIC,293004,XCOS,32.77925,-105.81989,9172,2026-08-23T01:15:24.000Z,2026-08-22T18:15:00.000-07:00,2026-08-23T01:00:00.000Z,2026-08-22T18:00:00.000-07:00,2026-08-22,18,O,Z,4,65,8.02,8.96,13.05,14.36,13.03,3.47,76.48,39.21,203.17,170.2,0.85,0
BATDRAW,293101,XBAD,32.17861,-104.44056,4425,2026-08-23T00:52:34.000Z,2026-08-22T17:52:00.000-07:00,2026-08-23T01:00:00.000Z,2026-08-22T18:00:00.000-07:00,2026-08-22,18,O,Z,4,562,3.8,4.8,7.14,8.32,69.54,21.43,125.06,113.64,30.0,60.0,0.0,0
CAPROCK,293104,XCAP,32.92728,-103.85689,4167,2026-08-23T00:40:45.000Z,2026-08-22T17:40:00.000-07:00,2026-08-23T01:00:00.000Z,2026-08-22T18:00:00.000-07:00,2026-08-22,18,O,Z,4,488,3.59,5.15,7.67,9.01,72.77,21.87,121.42,113.16,30.0,60.0,0.0,0
QUEEN,293105,XQUN,32.20361,-104.69031,5642,2026-08-23T01:13:14.000Z,2026-08-22T18:13:00.000-07:00,2026-08-23T01:00:00.000Z,2026-08-22T18:00:00.000-07:00,2026-08-22,18,O,Z,4,362,4.52,5.41,8.2,10.0,51.81,14.16,114.02,90.0,30.0,60.0,0.06,0
PADUCA,293202,XPAD,32.17983,-103.722,3534,2026-08-23T00:39:54.000Z,2026-08-22T17:39:00.000-07:00,2026-08-23T01:00:00.000Z,2026-08-22T18:00:00.000-07:00,2026-08-22,18,O,Z,4,602,3.65,5.43,8.21,9.08,72.68,19.53,118.88,106.38,30.0,60.0,0.0,0
MALPAIS LAVA FLOW,293301,XMAL,34.85181,-108.17461,7514,2026-08-23T01:25:55.000Z,2026-08-22T18:25:00.000-07:00,2026-08-23T01:00:00.000Z,2026-08-22T18:00:00.000-07:00,2026-08-22,18,O,Z,4,177,10.79,12.04,16.44,16.06,10.28,6.16,56.34,44.39,30.0,60.0,0.25,0
BLUEWATER RIDGE,293303,XBLR,35.19411,-108.16336,8274,2026-08-23T01:05:44.000Z,2026-08-22T18:05:00.000-07:00,2026-08-23T01:00:00.000Z,2026-08-22T18:00:00.000-07:00,2026-08-22,18,O,Z,4,209,25.48,16.07,12.79,13.53,0.0,0.07,35.43,4.57,82.2,93.22,0.47,0
LAGUNA,293304,XLAG,35.05197,-107.42028,5805,2026-08-23T00:33:44.000Z,2026-08-22T17:33:00.000-07:00,2026-08-23T01:00:00.000Z,2026-08-22T18:00:00.000-07:00,2026-08-22,18,O,Z,4,543,6.93,7.3,9.85,10.11,39.9,23.33,98.37,105.81,30.0,60.0,0.01,0
RAMAH,293305,XRAM,34.81947,-108.29439,7645,2026-08-23T00:34:44.000Z,2026-08-22T17:34:00.000-07:00,2026-08-23T01:00:00.000Z,2026-08-22T18:00:00.000-07:00,2026-08-22,18,O,Z,4,310,10.09,9.6,13.85,15.71,11.07,5.41,66.94,45.25,30.0,60.0,0.26,0
10K,55522198,X10K,35.2085,-106.43586,10065,2026-08-23T00:38:19.000Z,2026-08-22T17:38:00.000-07:00,2026-08-23T01:00:00.000Z,2026-08-22T18:00:00.000-07:00,2026-08-22,18,O,Z,4,202,34.44,8.85,12.57,13.73,0.0,0.0,32.44,0.0,129.08,123.05,0.62,0
BAKERS TANK,55522210,AHBB,32.61528,-114.00836,563,2026-08-23T01:07:14.000Z,2026-08-22T18:07:00.000-07:00,2026-08-23T01:00:00.000Z,2026-08-22T18:00:00.000-07:00,2026-08-22,18,O,Z,4,738,2.66,3.73,7.14,7.97,90.15,24.43,132.8,124.08,30.0,60.0,0.0,0
CAVE CREEK,55522232,ACAV,34.0899,-111.8465,3477,2026-08-23T01:20:39.000Z,2026-08-22T18:20:00.000-07:00,2026-08-23T01:00:00.000Z,2026-08-22T18:00:00.000-07:00,2026-08-22,18,O,Z,4,537,3.04,4.69,8.68,9.86,47.32,6.47,119.43,64.12,30.0,60.0,0.03,0
CIPRIANO,55522238,ARIP,32.4235,-114.16211,1042,2026-08-23T00:59:08.000Z,2026-08-22T17:59:00.000-07:00,2026-08-23T01:00:00.000Z,2026-08-22T18:00:00.000-07:00,2026-08-22,18,O,Z,4,710,2.58,3.82,7.77,8.94,81.25,15.41,128.27,98.8,30.0,60.0,0.0,0
DEVILS HILLS,55522251,ADVH,32.42483,-113.79011,836,2026-08-23T01:23:19.000Z,2026-08-22T18:23:00.000-07:00,2026-08-23T01:00:00.000Z,2026-08-22T18:00:00.000-07:00,2026-08-22,18,O,Z,4,734,2.61,3.53,7.09,8.39,90.12,27.15,132.49,130.12,30.0,60.0,0.0,0
DUTCH KID,55522257,ADUT,35.12931,-112.28219,6505,2026-08-23T00:38:59.000Z,2026-08-22T17:38:00.000-07:00,2026-08-23T01:00:00.000Z,2026-08-22T18:00:00.000-07:00,2026-08-22,18,O,Z,4,106,5.62,9.77,15.99,16.8,21.6,3.41,69.86,37.34,30.0,60.0,0.28,0
FTHL YDMA,55522271,AFTH,32.48658,-114.4635,331,2026-08-23T00:38:44.000Z,2026-08-22T17:38:00.000-07:00,2026-08-23T01:00:00.000Z,2026-08-22T18:00:00.000-07:00,2026-08-22,18,O,Z,4,744,2.7,4.37,9.73,11.27,89.31,19.44,114.93,104.51,30.0,60.0,0.0,0
MIDNIGHT,55522315,XMID,36.77819,-105.34131,10815,2026-08-23T00:37:59.000Z,2026-08-22T17:37:00.000-07:00,2026-08-23T01:00:00.000Z,2026-08-22T18:00:00.000-07:00,2026-08-22,18,O,Z,4,156,31.56,28.59,16.34,16.94,0.0,0.0,5.49,0.0,197.38,166.51,0.83,0
MOHAWK DUNES,55522318,AMOD,32.68878,-113.74889,524,2026-08-23T01:23:09.000Z,2026-08-22T18:23:00.000-07:00,2026-08-23T01:00:00.000Z,2026-08-22T18:00:00.000-07:00,2026-08-22,18,O,Z,4,747,2.64,3.89,7.81,8.44,90.08,22.01,129.17,116.75,30.0,60.0,0.0,0
NEVERSHINE,55522326,ANEV,36.24753,-113.88851,2165,2026-08-23T01:03:51.000Z,2026-08-22T18:03:00.000-07:00,2026-08-23T01:00:00.000Z,2026-08-22T18:00:00.000-07:00,2026-08-22,18,O,Z,4,679,2.36,3.58,5.82,7.68,89.22,18.06,138.84,110.2,30.0,60.0,0.0,0
PICACHO PEAK,55522341,APIC,32.66314,-111.42154,1750,2026-08-23T01:17:49.000Z,2026-08-22T18:17:00.000-07:00,2026-08-23T01:00:00.000Z,2026-08-22T18:00:00.000-07:00,2026-08-22,18,O,Z,4,723,2.99,4.67,8.38,9.57,68.29,12.73,121.16,88.13,30.0,60.0,0.0,0
PINEDALE,55522344,APND,34.30617,-110.23661,6461,2026-08-23T00:38:39.000Z,2026-08-22T17:38:00.000-07:00,2026-08-23T01:00:00.000Z,2026-08-22T18:00:00.000-07:00,2026-08-22,18,O,Z,4,257,34.58,20.13,14.06,14.11,0.0,0.0,16.44,0.0,30.0,60.0,0.25,0
TANKS,55522384,ATNK,33.67314,-110.57431,5801,2026-08-23T00:38:49.000Z,2026-08-22T17:38:00.000-07:00,2026-08-23T01:00:00.000Z,2026-08-22T18:00:00.000-07:00,2026-08-22,18,O,Z,4,297,6.78,7.78,13.15,14.41,29.77,10.22,81.38,66.35,30.0,60.0,0.3,0
TAOS PUEBLO RAWS,55522385,XTAP,36.41461,-105.55689,7135,2026-08-23T01:13:34.000Z,2026-08-22T18:13:00.000-07:00,2026-08-23T01:00:00.000Z,2026-08-22T18:00:00.000-07:00,2026-08-22,18,O,Z,4,453,6.04,7.23,11.22,12.36,20.93,3.98,92.7,45.64,30.0,60.0,0.03,0
CEDAR RIDGE,55523718,ACED,32.59872,-110.76231,4735,2026-08-23T00:37:19.000Z,2026-08-22T17:37:00.000-07:00,2026-08-23T01:00:00.000Z,2026-08-22T18:00:00.000-07:00,2026-08-22,18,O,Z,4,320,5.61,6.09,9.31,10.74,28.52,6.01,104.67,58.36,30.0,60.0,0.13,0
RED CANYON,55523735,XRDC,34.62289,-106.40831,8070,2026-08-23T00:38:29.000Z,2026-08-22T17:38:00.000-07:00,2026-08-23T01:00:00.000Z,2026-08-22T18:00:00.000-07:00,2026-08-22,18,O,Z,4,377,35.0,31.7,11.57,11.77,0.0,0.0,8.25,0.0,30.0,60.0,0.27,0
SOWATS,55523737,ASOW,36.48242,-112.42281,7038,2026-08-23T00:39:09.000Z,2026-08-22T17:39:00.000-07:00,2026-08-23T01:00:00.000Z,2026-08-22T18:00:00.000-07:00,2026-08-22,18,O,Z,4,154,4.82,7.06,10.26,12.86,30.62,5.33,97.17,53.37,30.0,60.0,0.29,0
T BAR,55523738,XTBA,33.51789,-108.52419,8047,2026-08-23T00:39:19.000Z,2026-08-22T17:39:00.000-07:00,2026-08-23T01:00:00.000Z,2026-08-22T18:00:00.000-07:00,2026-08-22,18,O,Z,4,22,26.49,15.33,17.04,18.25,0.0,0.0,24.22,0.0,118.49,116.31,0.58,0
FORT YUMA,20102,AFYM,32.65222,-114.63417,185,2026-08-23T02:16:14.000Z,2026-08-22T19:16:00.000-07:00,2026-08-23T02:00:00.000Z,2026-08-22T19:00:00.000-07:00,2026-08-22,19,O,Z,4,744,3.17,4.02,8.26,9.89,42.74,5.29,121.94,59.02,30.0,60.0,0.0,0
MOUNT LOGAN,20107,AMTL,36.35306,-113.19917,7605,2026-08-23T01:33:25.000Z,2026-08-22T18:33:00.000-07:00,2026-08-23T02:00:00.000Z,2026-08-22T19:00:00.000-07:00,2026-08-22,19,O,Z,4,152,5.14,6.84,9.79,11.7,41.71,11.68,100.62,77.77,91.36,99.05,0.5,0
OLAF KNOLLS,20108,AOLA,36.50725,-113.81589,2974,2026-08-23T01:33:35.000Z,2026-08-22T18:33:00.000-07:00,2026-08-23T02:00:00.000Z,2026-08-22T19:00:00.000-07:00,2026-08-22,19,O,Z,4,629,3.03,3.94,6.38,8.08,76.3,16.68,132.79,104.09,30.0,60.0,0.02,0
TWEEDS POINT,20109,ATWE,36.58186,-113.732,5334,2026-08-23T01:33:55.000Z,2026-08-22T18:33:00.000-07:00,2026-08-23T02:00:00.000Z,2026-08-22T19:00:00.000-07:00,2026-08-22,19,O,Z,4,553,4.09,4.96,7.54,9.28,61.84,16.71,120.1,99.49,30.0,60.0,0.04,0
NIXON FLATS,20113,ANIX,36.38833,-113.15806,6500,2026-08-23T01:50:15.000Z,2026-08-22T18:50:00.000-07:00,2026-08-23T02:00:00.000Z,2026-08-22T19:00:00.000-07:00,2026-08-22,19,O,Z,4,302,4.46,7.96,13.61,13.97,29.41,4.54,86.28,46.93,30.0,60.0,0.26,0
BLACK ROCK,20114,ABRK,36.79436,-113.75056,7224,2026-08-23T01:50:05.000Z,2026-08-22T18:50:00.000-07:00,2026-08-23T02:00:00.000Z,2026-08-22T19:00:00.000-07:00,2026-08-22,19,O,Z,4,192,5.93,6.38,9.11,11.63,30.28,8.19,101.44,66.31,57.26,77.34,0.39,0
MOSS BASIN,20115,AMOS,35.03397,-113.89406,5920,2026-08-23T02:00:00.000Z,2026-08-22T19:23:00.000-07:00,2026-08-23T02:00:00.000Z,2026-08-22T19:00:00.000-07:00,2026-08-22,19,F,Z,4,394,4.91,5.8,11.24,13.25,41.67,10.4,96.88,72.45,30.0,60.0,0.27,0
UNION PASS,20116,AUNI,35.23233,-114.38194,3590,2026-08-23T01:52:35.000Z,2026-08-22T18:52:00.000-07:00,2026-08-23T02:00:00.000Z,2026-08-22T19:00:00.000-07:00,2026-08-22,19,O,Z,4,580,3.44,4.23,7.18,8.66,68.25,15.9,126.78,99.68,30.0,60.0,0.03,0
HURRICANE,20117,AHUR,36.69908,-113.20731,5445,2026-08-23T01:34:05.000Z,2026-08-22T18:34:00.000-07:00,2026-08-23T02:00:00.000Z,2026-08-22T19:00:00.000-07:00,2026-08-22,19,O,Z,4,407,4.4,6.69,9.67,11.02,62.49,22.07,104.85,106.22,30.0,60.0,0.18,0
HAVASU,20118,AHAV,34.80758,-114.53456,475,2026-08-23T01:52:45.000Z,2026-08-22T18:52:00.000-07:00,2026-08-23T02:00:00.000Z,2026-08-22T19:00:00.000-07:00,2026-08-22,19,O,Z,4,653,2.53,4.15,8.06,9.33,65.4,9.85,125.56,79.62,30.0,60.0,0.0,0
MUSIC MOUNTAIN,20119,AMUS,35.61497,-113.79428,5375,2026-08-23T01:52:55.000Z,2026-08-22T18:52:00.000-07:00,2026-08-23T02:00:00.000Z,2026-08-22T19:00:00.000-07:00,2026-08-22,19,O,Z,4,547,4.05,5.3,8.82,10.77,39.67,6.97,112.16,64.46,30.0,60.0,0.12,0
TRUXTON CANYON,20120,ATRU,35.78013,-113.79563,5304,2026-08-23T02:14:05.000Z,2026-08-22T19:14:00.000-07:00,2026-08-23T02:00:00.000Z,2026-08-22T19:00:00.000-07:00,2026-08-22,19,O,Z,4,267,4.58,5.3,8.39,10.41,38.42,7.87,112.63,68.32,30.0,60.0,0.18,0
CIBOLA,20121,ACBL,33.28,-114.68489,252,2026-08-23T01:48:54.000Z,2026-08-22T18:48:00.000-07:00,2026-08-23T02:00:00.000Z,2026-08-22T19:00:00.000-07:00,2026-08-22,19,O,Z,4,748,3.04,4.18,8.14,9.14,53.18,7.79,124.21,71.14,30.0,60.0,0.0,0
TUSAYAN,20207,ATUS,35.98833,-112.12056,6570,2026-08-23T02:08:24.000Z,2026-08-22T19:08:00.000-07:00,2026-08-23T02:00:00.000Z,2026-08-22T19:00:00.000-07:00,2026-08-22,19,O,Z,4,348,6.53,8.78,14.58,15.57,15.93,2.85,74.81,35.48,30.0,60.0,0.22,0
FLAGSTAFF,20209,AFLG,35.14111,-111.6725,6903,2026-08-23T02:06:04.000Z,2026-08-22T19:06:00.000-07:00,2026-08-23T02:00:00.000Z,2026-08-22T19:00:00.000-07:00,2026-08-22,19,O,Z,4,283,6.8,8.02,13.14,14.87,21.12,5.45,79.94,49.28,53.37,74.87,0.37,0
BRIGHT ANGEL,20211,ACAN,36.20472,-112.06222,8134,2026-08-23T02:07:54.000Z,2026-08-22T19:07:00.000-07:00,2026-08-23T02:00:00.000Z,2026-08-22T19:00:00.000-07:00,2026-08-22,19,O,Z,4,265,5.71,7.43,10.96,12.78,21.8,4.08,92.7,46.18,72.39,86.98,0.43,0
DRY PARK,20212,ADRY,36.45308,-112.23819,8700,2026-08-23T01:38:24.000Z,2026-08-22T18:38:00.000-07:00,2026-08-23T02:00:00.000Z,2026-08-22T19:00:00.000-07:00,2026-08-22,19,O,Z,4,93,7.1,8.42,12.35,14.52,16.0,3.67,80.66,41.27,148.49,135.4,0.68,0
FRAZIER WELLS,20213,AFRA,35.84551,-113.05501,6796,2026-08-23T02:00:00.000Z,2026-08-22T19:27:00.000-07:00,2026-08-23T02:00:00.000Z,2026-08-22T19:00:00.000-07:00,2026-08-22,19,F,Z,4,92,6.13,7.13,10.53,11.86,35.3,12.24,95.34,77.51,55.48,76.21,0.38,0
MORMON LAKE,20215,AMOL,34.90972,-111.43842,7094,2026-08-23T02:03:14.000Z,2026-08-22T19:03:00.000-07:00,2026-08-23T02:00:00.000Z,2026-08-22T19:00:00.000-07:00,2026-08-22,19,O,Z,4,282,7.91,9.47,15.16,15.2,28.35,15.13,70.15,74.21,69.54,85.16,0.43,0
WARM SPRINGS CANYON,20216,AWAR,36.70117,-112.22689,7953,2026-08-23T01:47:34.000Z,2026-08-22T18:47:00.000-07:00,2026-08-23T02:00:00.000Z,2026-08-22T19:00:00.000-07:00,2026-08-22,19,O,Z,4,345,5.87,7.88,12.6,13.6,19.46,3.37,86.05,40.86,62.98,80.98,0.4,0
YELLOW JOHN MOUNTAIN,20217,AYEL,36.155,-113.54944,6160,2026-08-23T01:50:25.000Z,2026-08-22T18:50:00.000-07:00,2026-08-23T02:00:00.000Z,2026-08-22T19:00:00.000-07:00,2026-08-22,19,O,Z,4,283,4.52,6.78,12.25,14.17,31.97,5.49,91.27,52.52,30.0,60.0,0.18,0
OAK CREEK,20219,AOAK,34.94686,-111.75444,4804,2026-08-23T02:03:04.000Z,2026-08-22T19:03:00.000-07:00,2026-08-23T02:00:00.000Z,2026-08-22T19:00:00.000-07:00,2026-08-22,19,O,Z,4,574,5.4,6.35,10.35,12.07,24.57,4.21,99.04,48.26,30.0,60.0,0.09,0
LINDBERGH HILL,20220,ALBE,36.28556,-112.07861,8800,2026-08-23T02:08:14.000Z,2026-08-22T19:08:00.000-07:00,2026-08-23T02:00:00.000Z,2026-08-22T19:00:00.000-07:00,2026-08-22,19,O,Z,4,395,6.42,7.17,10.91,12.62,15.95,2.89,92.01,39.26,77.73,90.37,0.45,0
PROMONTORY,20221,APRO,34.36528,-111.01444,7842,2026-08-23T01:49:34.000Z,2026-08-22T18:49:00.000-07:00,2026-08-23T02:00:00.000Z,2026-08-22T19:00:00.000-07:00,2026-08-22,19,O,Z,4,121,12.64,8.36,12.2,14.33,4.14,2.38,69.59,31.56,169.19,148.57,0.74,0
GUNSIGHT,20223,AGUN,36.70464,-112.5835,5284,2026-08-23T01:34:14.000Z,2026-08-22T18:34:00.000-07:00,2026-08-23T02:00:00.000Z,2026-08-22T19:00:00.000-07:00,2026-08-22,19,O,Z,4,522,4.11,6.52,9.82,11.18,36.2,5.73,105.36,57.22,30.0,60.0,0.14,0
BUCKSKIN MTN,20224,ABUC,36.91808,-112.19981,6334,2026-08-23T01:33:45.000Z,2026-08-22T18:33:00.000-07:00,2026-08-23T02:00:00.000Z,2026-08-22T19:00:00.000-07:00,2026-08-22,19,O,Z,4,416,4.25,6.03,9.5,11.46,51.55,12.73,106.31,82.99,30.0,60.0,0.2,0
PARIA POINT,20226,APAR,36.72753,-111.822,7106,2026-08-23T02:00:45.000Z,2026-08-22T19:00:00.000-07:00,2026-08-23T02:00:00.000Z,2026-08-22T19:00:00.000-07:00,2026-08-22,19,O,Z,4,398,4.94,6.4,10.01,10.89,34.95,7.57,103.62,64.59,30.0,60.0,0.24,0
FOUR SPRINGS,20227,AFOU,36.79367,-112.04239,6560,2026-08-23T02:19:25.000Z,2026-08-22T19:19:00.000-07:00,2026-08-23T02:00:00.000Z,2026-08-22T19:00:00.000-07:00,2026-08-22,19,O,Z,4,284,5.1,6.27,10.18,10.77,36.64,8.78,103.41,69.08,30.0,60.0,0.25,0
GREENBASE,20284,AGRB,35.27619,-112.06325,6923,2026-08-23T02:16:34.000Z,2026-08-22T19:16:00.000-07:00,2026-08-23T02:00:00.000Z,2026-08-22T19:00:00.000-07:00,2026-08-22,19,O,Z,4,223,7.84,9.67,15.8,17.45,13.73,3.5,64.78,36.46,63.49,81.31,0.41,0
HAPPY JACK,20291,AHJK,34.61797,-111.34239,6812,2026-08-23T02:02:04.000Z,2026-08-22T19:02:00.000-07:00,2026-08-23T02:00:00.000Z,2026-08-22T19:00:00.000-07:00,2026-08-22,19,O,Z,4,381,9.8,9.26,14.51,16.23,8.25,2.65,66.07,32.42,61.12,79.8,0.4,0
HEBER,20301,AHBR,34.39778,-110.56444,6635,2026-08-23T02:03:04.000Z,2026-08-22T19:03:00.000-07:00,2026-08-23T02:00:00.000Z,2026-08-22T19:00:00.000-07:00,2026-08-22,19,O,Z,4,219,14.06,10.57,13.83,15.61,2.99,2.25,57.83,28.26,30.5,60.32,0.3,0
LAKESIDE,20303,ALAK,34.16283,-109.87639,7267,2026-08-23T02:00:14.000Z,2026-08-22T19:00:00.000-07:00,2026-08-23T02:00:00.000Z,2026-08-22T19:00:00.000-07:00,2026-08-22,19,O,Z,4,15,11.96,12.8,16.98,17.33,4.6,2.17,50.24,26.03,74.34,88.21,0.44,0
NAVAJO MONUMENT,20307,ANAV,36.67667,-110.54389,7204,2026-08-23T01:36:34.000Z,2026-08-22T18:36:00.000-07:00,2026-08-23T02:00:00.000Z,2026-08-22T19:00:00.000-07:00,2026-08-22,19,O,Z,4,198,6.88,7.26,10.36,11.83,18.96,4.52,93.62,48.62,30.0,60.0,0.14,0
LIMESTONE CANYON,20309,ALIM,34.17786,-110.27663,7102,2026-08-23T02:00:00.000Z,2026-08-22T19:24:00.000-07:00,2026-08-23T02:00:00.000Z,2026-08-22T19:00:00.000-07:00,2026-08-22,19,F,Z,4,182,17.18,12.42,11.35,12.97,1.96,4.68,57.26,39.41,30.0,60.0,0.17,0
MOUNTAIN LION,20310,AFAP,33.69511,-109.71078,7269,2026-08-23T02:14:54.000Z,2026-08-22T19:14:00.000-07:00,2026-08-23T02:00:00.000Z,2026-08-22T19:00:00.000-07:00,2026-08-22,19,O,Z,4,66,9.27,9.11,14.16,16.2,10.15,3.25,68.08,36.06,125.45,120.74,0.6,0
HOPI,20312,AHPI,35.86292,-110.61495,5579,2026-08-23T02:13:45.000Z,2026-08-22T19:13:00.000-07:00,2026-08-23T02:00:00.000Z,2026-08-22T19:00:00.000-07:00,2026-08-22,19,O,Z,4,473,6.44,7.36,12.22,12.36,42.1,22.19,89.27,98.89,30.0,60.0,0.07,0
ALPINE,20401,AALP,33.84272,-109.11161,8207,2026-08-23T02:16:54.000Z,2026-08-22T19:16:00.000-07:00,2026-08-23T02:00:00.000Z,2026-08-22T19:00:00.000-07:00,2026-08-22,19,O,Z,4,81,12.41,10.67,14.33,15.91,4.41,2.39,59.37,29.42,140.97,130.62,0.65,0
PINEY HILL,20402,APIN,35.76111,-109.16719,8061,2026-08-23T01:41:24.000Z,2026-08-22T18:41:00.000-07:00,2026-08-23T02:00:00.000Z,2026-08-22T19:00:00.000-07:00,2026-08-22,19,O,Z,4,184,34.2,15.48,11.04,12.51,0.0,0.0,27.59,0.0,49.55,72.44,0.36,0
GREER,20404,AGRE,34.05853,-109.44097,8240,2026-08-23T01:35:49.000Z,2026-08-22T18:35:00.000-07:00,2026-08-23T02:00:00.000Z,2026-08-22T19:00:00.000-07:00,2026-08-22,19,O,Z,4,55,10.83,15.14,15.08,16.2,8.66,4.38,53.0,36.89,163.34,144.86,0.72,0
IRON SPRINGS,20501,AIRO,34.59361,-112.51139,5385,2026-08-23T02:06:34.000Z,2026-08-22T19:06:00.000-07:00,2026-08-23T02:00:00.000Z,2026-08-22T19:00:00.000-07:00,2026-08-22,19,O,Z,4,379,4.83,6.52,11.73,13.67,30.22,5.33,93.36,52.4,30.0,60.0,0.22,0
CROWN KING,20502,ACRO,34.20336,-112.34561,6173,2026-08-23T02:00:00.000Z,2026-08-22T19:27:00.000-07:00,2026-08-23T02:00:00.000Z,2026-08-22T19:00:00.000-07:00,2026-08-22,19,F,Z,4,377,6.01,6.48,11.02,12.82,30.18,8.13,93.94,63.79,30.0,60.0,0.25,0
VERDE,20503,AVER,34.54917,-111.84417,3101,2026-08-23T02:05:14.000Z,2026-08-22T19:05:00.000-07:00,2026-08-23T02:00:00.000Z,2026-08-22T19:00:00.000-07:00,2026-08-22,19,O,Z,4,551,6.28,6.49,10.75,12.61,36.74,12.12,94.32,76.79,30.0,60.0,0.06,0
GOODWIN MESA,20507,AGOO,34.77614,-113.3375,4311,2026-08-23T02:00:00.000Z,2026-08-22T19:20:00.000-07:00,2026-08-23T02:00:00.000Z,2026-08-22T19:00:00.000-07:00,2026-08-22,19,F,Z,4,447,4.08,4.99,10.0,11.75,65.61,18.68,107.53,99.51,30.0,60.0,0.12,0
HUMBUG CREEK,20508,AHUM,34.11,-112.3,5250,2026-08-23T01:48:15.000Z,2026-08-22T18:48:00.000-07:00,2026-08-23T02:00:00.000Z,2026-08-22T19:00:00.000-07:00,2026-08-22,19,O,Z,4,257,4.78,5.33,9.23,11.04,43.75,10.55,108.33,76.78,30.0,60.0,0.19,0
STANTON,20509,ASTA,34.16403,-112.73486,3600,2026-08-23T02:01:25.000Z,2026-08-22T19:01:00.000-07:00,2026-08-23T02:00:00.000Z,2026-08-22T19:00:00.000-07:00,2026-08-22,19,O,Z,4,542,3.75,4.12,7.37,9.13,56.18,11.76,124.36,86.01,30.0,60.0,0.07,0
SUNSET POINT,20510,ASUN,34.18847,-112.13467,3380,2026-08-23T01:53:15.000Z,2026-08-22T18:53:00.000-07:00,2026-08-23T02:00:00.000Z,2026-08-22T19:00:00.000-07:00,2026-08-22,19,O,Z,4,617,3.45,4.34,8.31,9.87,56.11,10.43,120.16,80.11,30.0,60.0,0.04,0
CHERRY,20511,ACHE,34.59661,-112.04761,5147,2026-08-23T02:11:54.000Z,2026-08-22T19:11:00.000-07:00,2026-08-23T02:00:00.000Z,2026-08-22T19:00:00.000-07:00,2026-08-22,19,O,Z,4,195,7.2,7.4,12.1,13.51,19.74,5.32,85.21,50.16,30.0,60.0,0.16,0
GLOBE,20601,AGLO,33.32694,-110.76694,4137,2026-08-23T02:06:25.000Z,2026-08-22T19:06:00.000-07:00,2026-08-23T02:00:00.000Z,2026-08-22T19:00:00.000-07:00,2026-08-22,19,O,Z,4,513,10.51,16.27,9.46,10.14,11.21,5.28,71.28,46.07,30.0,60.0,0.06,0
PAYSON,20602,APAY,34.24614,-111.2935,5064,2026-08-23T02:11:04.000Z,2026-08-22T19:11:00.000-07:00,2026-08-23T02:00:00.000Z,2026-08-22T19:00:00.000-07:00,2026-08-22,19,O,Z,4,379,35.0,19.39,10.39,12.24,0.0,0.0,22.85,0.0,30.0,60.0,0.12,0
PLEASANT VALLEY,20603,APLE,34.08858,-110.94225,5232,2026-08-23T02:00:34.000Z,2026-08-22T19:00:00.000-07:00,2026-08-23T02:00:00.000Z,2026-08-22T19:00:00.000-07:00,2026-08-22,19,O,Z,4,295,9.07,8.49,13.23,14.38,15.57,6.68,74.79,52.46,30.0,60.0,0.13,0
TONTO BASIN,20606,ATON,33.86861,-111.31333,2414,2026-08-23T02:11:14.000Z,2026-08-22T19:11:00.000-07:00,2026-08-23T02:00:00.000Z,2026-08-22T19:00:00.000-07:00,2026-08-22,19,O,Z,4,597,4.87,5.33,8.94,9.97,58.69,25.48,111.46,116.7,30.0,60.0,0.0,0
SAN CARLOS #1,20608,ASCA,33.37165,-110.45683,2830,2026-08-23T02:14:24.000Z,2026-08-22T19:14:00.000-07:00,2026-08-23T02:00:00.000Z,2026-08-22T19:00:00.000-07:00,2026-08-22,19,O,Z,4,606,4.77,4.76,8.0,9.42,59.97,19.45,117.06,105.43,30.0,60.0,0.01,0
HILLTOP,20609,AHIL,33.61119,-110.41461,5732,2026-08-23T01:32:54.000Z,2026-08-22T18:32:00.000-07:00,2026-08-23T02:00:00.000Z,2026-08-22T19:00:00.000-07:00,2026-08-22,19,O,Z,4,75,7.41,8.11,14.12,15.87,27.43,11.15,74.56,66.31,30.0,60.0,0.29,0
RED LAKE,20610,ARED,34.18133,-110.78919,6524,2026-08-23T01:59:34.000Z,2026-08-22T18:59:00.000-07:00,2026-08-23T02:00:00.000Z,2026-08-22T19:00:00.000-07:00,2026-08-22,19,O,Z,4,89,22.02,20.14,17.96,18.72,0.09,0.89,22.58,11.95,52.52,74.33,0.37,0
SHADOW RIM,20611,ASHA,34.40586,-111.28319,5660,2026-08-23T02:09:14.000Z,2026-08-22T19:09:00.000-07:00,2026-08-23T02:00:00.000Z,2026-08-22T19:00:00.000-07:00,2026-08-22,19,O,Z,4,441,34.99,18.9,14.61,15.48,0.0,0.0,15.31,0.0,30.0,60.0,0.18,0
PINE,20612,APNE,34.37181,-111.4555,5313,2026-08-23T02:00:00.000Z,2026-08-22T19:22:00.000-07:00,2026-08-23T02:00:00.000Z,2026-08-22T19:00:00.000-07:00,2026-08-22,19,F,Z,4,457,6.55,6.62,10.76,12.81,25.0,6.64,92.88,57.79,30.0,60.0,0.16,0
HORSE CAMP CANYON,20903,AHOR,32.93656,-110.4935,4014,2026-08-23T02:02:55.000Z,2026-08-22T19:02:00.000-07:00,2026-08-23T02:00:00.000Z,2026-08-22T19:00:00.000-07:00,2026-08-22,19,O,Z,4,572,23.24,10.46,9.05,10.4,0.14,3.46,57.48,34.34,30.0,60.0,0.06,0
CASA GRANDE,20906,ACSG,32.99177,-111.53264,1412,2026-08-23T02:00:00.000Z,2026-08-22T19:22:00.000-07:00,2026-08-23T02:00:00.000Z,2026-08-22T19:00:00.000-07:00,2026-08-22,19,F,Z,4,684,3.6,4.47,9.53,11.16,55.14,10.25,112.89,77.21,30.0,60.0,0.0,0
COLUMBINE,21005,ACOL,32.70389,-109.91389,9521,2026-08-23T02:02:04.000Z,2026-08-22T19:02:00.000-07:00,2026-08-23T02:00:00.000Z,2026-08-22T19:00:00.000-07:00,2026-08-22,19,O,Z,4,34,9.69,9.63,15.42,17.9,8.09,2.66,61.18,31.35,240.83,194.16,0.97,0
MULESHOE RANCH,21007,AMUL,32.40383,-110.272,4475,2026-08-23T02:03:05.000Z,2026-08-22T19:03:00.000-07:00,2026-08-23T02:00:00.000Z,2026-08-22T19:00:00.000-07:00,2026-08-22,19,O,Z,4,367,23.38,17.57,10.53,12.18,0.09,2.55,41.21,25.63,30.0,60.0,0.11,0
BLACK HILLS,21008,ABLA,33.08203,-109.95119,3262,2026-08-23T01:53:35.000Z,2026-08-22T18:53:00.000-07:00,2026-08-23T02:00:00.000Z,2026-08-22T19:00:00.000-07:00,2026-08-22,19,O,Z,4,282,3.81,4.41,7.24,9.04,66.8,17.24,123.94,102.38,30.0,60.0,0.0,0
DRY LAKE,21009,ADRL,33.35982,-109.83306,7405,2026-08-23T02:00:00.000Z,2026-08-22T19:27:00.000-07:00,2026-08-23T02:00:00.000Z,2026-08-22T19:00:00.000-07:00,2026-08-22,19,F,Z,4,382,7.05,6.81,10.34,12.75,18.02,4.47,92.25,48.05,46.91,70.76,0.35,0
NOON CREEK,21010,ANOO,32.66778,-109.78806,4925,2026-08-23T01:37:04.000Z,2026-08-22T18:37:00.000-07:00,2026-08-23T02:00:00.000Z,2026-08-22T19:00:00.000-07:00,2026-08-22,19,O,Z,4,458,6.38,5.45,8.64,10.59,17.23,2.92,106.2,42.12,30.0,60.0,0.1,0
GUTHRIE,21104,AGUT,32.88203,-109.30931,6324,2026-08-23T02:03:45.000Z,2026-08-22T19:03:00.000-07:00,2026-08-23T02:00:00.000Z,2026-08-22T19:00:00.000-07:00,2026-08-22,19,O,Z,4,401,7.39,5.92,8.7,10.57,35.92,19.12,102.21,98.28,30.0,60.0,0.23,0
TRAIL CABIN,21105,ATRA,33.26478,-109.36789,6250,2026-08-23T01:35:39.000Z,2026-08-22T18:35:00.000-07:00,2026-08-23T02:00:00.000Z,2026-08-22T19:00:00.000-07:00,2026-08-22,19,O,Z,4,414,23.36,11.98,10.41,12.1,0.07,2.19,50.01,26.08,30.0,60.0,0.16,0
STRAY HORSE,21106,ASTH,33.55253,-109.31719,7956,2026-08-23T02:19:04.000Z,2026-08-22T19:19:00.000-07:00,2026-08-23T02:00:00.000Z,2026-08-22T19:00:00.000-07:00,2026-08-22,19,O,Z,4,110,8.9,8.57,11.05,12.41,14.29,5.73,83.14,51.32,128.49,122.68,0.61,0
SAGUARO,21202,ASAG,32.31111,-110.81861,2758,2026-08-23T02:08:04.000Z,2026-08-22T19:08:00.000-07:00,2026-08-23T02:00:00.000Z,2026-08-22T19:00:00.000-07:00,2026-08-22,19,O,Z,4,424,5.45,6.29,11.05,11.94,47.02,14.62,97.74,85.09,30.0,60.0,0.01,0
EMPIRE,21205,AEMP,31.78347,-110.64325,4650,2026-08-23T01:53:55.000Z,2026-08-22T18:53:00.000-07:00,2026-08-23T02:00:00.000Z,2026-08-22T19:00:00.000-07:00,2026-08-22,19,O,Z,4,278,6.07,7.19,12.95,14.9,23.58,4.79,83.67,47.43,30.0,60.0,0.17,0
SASABE,21206,ASAS,31.69169,-111.44811,3500,2026-08-23T02:05:44.000Z,2026-08-22T19:05:00.000-07:00,2026-08-23T02:00:00.000Z,2026-08-22T19:00:00.000-07:00,2026-08-22,19,O,Z,4,624,17.82,18.92,14.07,14.47,1.73,3.74,39.86,30.07,30.0,60.0,0.05,0
RINCON,21207,ARIN,32.20639,-110.54861,8209,2026-08-23T01:37:35.000Z,2026-08-22T18:37:00.000-07:00,2026-08-23T02:00:00.000Z,2026-08-22T19:00:00.000-07:00,2026-08-22,19,O,Z,4,14,9.5,8.22,11.72,14.55,9.57,3.22,76.97,37.99,192.08,163.14,0.82,0
SCOUT CAMP,21208,ASOL,32.39806,-110.725,7554,2026-08-23T01:37:14.000Z,2026-08-22T18:37:00.000-07:00,2026-08-23T02:00:00.000Z,2026-08-22T19:00:00.000-07:00,2026-08-22,19,O,Z,4,84,6.91,6.39,9.8,12.43,22.86,6.48,95.51,57.89,151.69,137.44,0.69,0
SELLS,21209,ASES,31.91014,-111.89743,2262,2026-08-23T02:14:14.000Z,2026-08-22T19:14:00.000-07:00,2026-08-23T02:00:00.000Z,2026-08-22T19:00:00.000-07:00,2026-08-22,19,O,Z,4,177,5.16,5.47,9.66,11.56,38.47,8.76,104.64,69.38,30.0,60.0,0.04,0
HOPKINS,21302,AHPK,31.67528,-110.88,7120,2026-08-23T02:19:24.000Z,2026-08-22T19:19:00.000-07:00,2026-08-23T02:00:00.000Z,2026-08-22T19:00:00.000-07:00,2026-08-22,19,O,Z,4,481,14.41,20.53,10.33,12.36,5.58,9.14,51.22,50.94,30.0,60.0,0.28,0
CANELO,21303,ACNL,31.54972,-110.51917,4629,2026-08-23T02:08:54.000Z,2026-08-22T19:08:00.000-07:00,2026-08-23T02:00:00.000Z,2026-08-22T19:00:00.000-07:00,2026-08-22,19,O,Z,4,116,8.32,14.36,13.22,14.84,20.06,7.99,64.2,53.12,30.0,60.0,0.27,0
HEADQUARTERS,21409,ACHR,32.00611,-109.35694,5400,2026-08-23T01:37:05.000Z,2026-08-22T18:37:00.000-07:00,2026-08-23T02:00:00.000Z,2026-08-22T19:00:00.000-07:00,2026-08-22,19,O,Z,4,464,4.06,6.49,11.06,12.5,36.37,5.75,99.51,55.83,30.0,60.0,0.15,0
CARR,21411,ACAA,31.44111,-110.28611,5400,2026-08-23T02:19:14.000Z,2026-08-22T19:19:00.000-07:00,2026-08-23T02:00:00.000Z,2026-08-22T19:00:00.000-07:00,2026-08-22,19,O,Z,4,75,24.14,10.2,10.13,12.62,0.02,1.01,51.17,18.46,31.38,60.88,0.3,0
RUCKER,21414,ARUC,31.76111,-109.34861,5700,2026-08-23T01:57:04.000Z,2026-08-22T18:57:00.000-07:00,2026-08-23T02:00:00.000Z,2026-08-22T19:00:00.000-07:00,2026-08-22,19,O,Z,4,49,35.0,20.92,11.65,14.55,0.0,0.0,17.14,0.0,62.89,80.93,0.4,0
SMITH PEAK,21501,ASMI,34.11486,-113.34733,2386,2026-08-23T01:53:05.000Z,2026-08-22T18:53:00.000-07:00,2026-08-23T02:00:00.000Z,2026-08-22T19:00:00.000-07:00,2026-08-22,19,O,Z,4,654,3.23,3.64,6.76,8.32,50.24,7.66,131.27,72.39,30.0,60.0,0.02,0
OATMAN,21502,AOAT,33.04994,-113.13867,1715,2026-08-23T01:52:35.000Z,2026-08-22T18:52:00.000-07:00,2026-08-23T02:00:00.000Z,2026-08-22T19:00:00.000-07:00,2026-08-22,19,O,Z,4,634,3.08,3.73,7.05,8.16,82.26,23.29,131.14,120.67,30.0,60.0,0.0,0
AHAKHAV PRESERVE,21503,AAHA,34.13222,-114.32917,363,2026-08-23T02:00:00.000Z,2026-08-22T19:26:00.000-07:00,2026-08-23T02:00:00.000Z,2026-08-22T19:00:00.000-07:00,2026-08-22,19,F,Z,4,745,3.66,4.36,8.39,10.14,50.98,8.66,118.52,73.09,30.0,60.0,0.0,0
BELMONT,21504,ABEL,33.67411,-112.92281,1813,2026-08-23T02:01:45.000Z,2026-08-22T19:01:00.000-07:00,2026-08-23T02:00:00.000Z,2026-08-22T19:00:00.000-07:00,2026-08-22,19,O,Z,4,690,2.96,3.62,6.82,8.66,63.68,11.06,131.11,85.67,30.0,60.0,0.01,0
GOLDFIELD,21505,AGOL,33.55531,-111.6145,1367,2026-08-23T02:00:00.000Z,2026-08-22T19:23:00.000-07:00,2026-08-23T02:00:00.000Z,2026-08-22T19:00:00.000-07:00,2026-08-22,19,F,Z,4,680,3.22,4.13,9.49,10.75,46.37,6.35,116.05,62.75,30.0,60.0,0.0,0
WASHINGTON PASS,290101,XWAS,36.0765,-108.8615,9384,2026-08-23T01:41:14.000Z,2026-08-22T18:41:00.000-07:00,2026-08-23T02:00:00.000Z,2026-08-22T19:00:00.000-07:00,2026-08-22,19,O,Z,4,248,12.77,18.22,11.81,13.14,5.75,4.84,54.37,39.09,109.52,110.6,0.55,0
ALBINO CANYON,290102,XALB,36.97661,-107.62892,7173,2026-08-23T02:00:00.000Z,2026-08-22T19:26:00.000-07:00,2026-08-23T02:00:00.000Z,2026-08-22T19:00:00.000-07:00,2026-08-22,19,F,Z,4,481,16.66,12.27,9.51,9.92,2.2,4.11,66.78,39.85,30.0,60.0,0.03,0
STONE LAKE,290201,XSTO,36.73161,-106.86581,7436,2026-08-23T01:33:34.000Z,2026-08-22T18:33:00.000-07:00,2026-08-23T02:00:00.000Z,2026-08-22T19:00:00.000-07:00,2026-08-22,19,O,Z,4,484,8.03,8.84,11.8,12.08,20.42,8.2,83.7,60.73,30.0,60.0,0.06,0
COYOTE,290202,XCOY,36.07333,-106.65739,8704,2026-08-23T01:48:54.000Z,2026-08-22T18:48:00.000-07:00,2026-08-23T02:00:00.000Z,2026-08-22T19:00:00.000-07:00,2026-08-22,19,O,Z,4,247,14.84,22.55,15.34,13.99,3.33,4.43,38.12,31.85,42.57,68.0,0.34,0
DEADMAN PEAK,290203,XDEA,36.4229,-106.772,8389,2026-08-23T02:07:54.000Z,2026-08-22T19:07:00.000-07:00,2026-08-23T02:00:00.000Z,2026-08-22T19:00:00.000-07:00,2026-08-22,19,O,Z,4,489,10.25,15.3,10.78,11.83,10.52,5.34,68.22,45.39,30.0,60.0,0.01,0
JARITA MESA,290204,XJAR,36.55597,-106.10306,8864,2026-08-23T02:16:04.000Z,2026-08-22T19:16:00.000-07:00,2026-08-23T02:00:00.000Z,2026-08-22T19:00:00.000-07:00,2026-08-22,19,O,Z,4,194,8.29,9.27,12.26,13.06,11.25,2.86,79.28,36.49,30.0,60.0,0.29,0
DULCE #2,290205,XDUL,36.93519,-107.00011,6805,2026-08-23T02:00:00.000Z,2026-08-22T19:28:00.000-07:00,2026-08-23T02:00:00.000Z,2026-08-22T19:00:00.000-07:00,2026-08-22,19,F,Z,4,404,16.93,17.62,11.92,12.86,2.37,5.46,48.49,39.19,30.0,60.0,0.05,0
TRUCHAS,290210,XTRU,36.059,-105.7695,8353,2026-08-23T02:11:14.000Z,2026-08-22T19:11:00.000-07:00,2026-08-23T02:00:00.000Z,2026-08-22T19:00:00.000-07:00,2026-08-22,19,O,Z,4,246,13.34,12.38,15.09,14.55,4.08,3.33,55.73,33.27,30.0,60.0,0.16,0
BLACK MESA,290305,XBLM,36.03708,-106.04964,5762,2026-08-23T01:34:24.000Z,2026-08-22T18:34:00.000-07:00,2026-08-23T02:00:00.000Z,2026-08-22T19:00:00.000-07:00,2026-08-22,19,O,Z,4,610,5.98,7.1,11.02,11.45,30.73,8.14,95.6,64.32,30.0,60.0,0.0,0
WILD RIVERS,290307,XWDR,36.69469,-105.66872,7530,2026-08-23T01:49:55.000Z,2026-08-22T18:49:00.000-07:00,2026-08-23T02:00:00.000Z,2026-08-22T19:00:00.000-07:00,2026-08-22,19,O,Z,4,518,8.78,9.47,12.98,13.72,18.49,9.04,75.16,60.45,30.0,60.0,0.0,0
CIMARRON,290401,XCIM,36.60611,-105.12028,8806,2026-08-23T02:09:54.000Z,2026-08-22T19:09:00.000-07:00,2026-08-23T02:00:00.000Z,2026-08-22T19:00:00.000-07:00,2026-08-22,19,O,Z,4,217,9.81,9.2,13.23,14.97,9.36,3.83,70.72,39.57,119.49,116.95,0.58,0
ZUNI BUTTES,290603,XZUB,35.13919,-108.94131,6649,2026-08-23T01:42:54.000Z,2026-08-22T18:42:00.000-07:00,2026-08-23T02:00:00.000Z,2026-08-22T19:00:00.000-07:00,2026-08-22,19,O,Z,4,222,22.21,23.41,12.62,13.47,0.16,3.84,30.6,26.97,30.0,60.0,0.07,0
JEMEZ,290702,XJEM,35.84114,-106.61969,8248,2026-08-23T02:08:44.000Z,2026-08-22T19:08:00.000-07:00,2026-08-23T02:00:00.000Z,2026-08-22T19:00:00.000-07:00,2026-08-22,19,O,Z,4,311,34.09,10.02,13.9,14.05,0.0,0.0,29.39,0.0,30.0,60.0,0.24,0
CUBA,290705,XCUB,35.942,-107.07739,6890,2026-08-23T01:41:05.000Z,2026-08-22T18:41:00.000-07:00,2026-08-23T02:00:00.000Z,2026-08-22T19:00:00.000-07:00,2026-08-22,19,O,Z,4,471,8.46,8.47,11.77,12.96,18.86,8.01,81.79,59.45,30.0,60.0,0.07,0
SANDIA LAKES,290706,XSLK,35.22967,-106.59061,5027,2026-08-23T01:42:44.000Z,2026-08-22T18:42:00.000-07:00,2026-08-23T02:00:00.000Z,2026-08-22T19:00:00.000-07:00,2026-08-22,19,O,Z,4,676,34.9,7.85,11.13,11.05,0.0,0.0,38.42,0.0,30.0,60.0,0.0,0
TOWER,290801,XTOW,35.77899,-106.26611,6529,2026-08-23T02:08:24.000Z,2026-08-22T19:08:00.000-07:00,2026-08-23T02:00:00.000Z,2026-08-22T19:00:00.000-07:00,2026-08-22,19,O,Z,4,529,6.67,6.67,10.7,11.19,24.05,6.58,96.21,58.51,30.0,60.0,0.02,0
SANTA FE WATERSHED,290901,XSFW,35.68686,-105.86031,7749,2026-08-23T01:53:04.000Z,2026-08-22T18:53:00.000-07:00,2026-08-23T02:00:00.000Z,2026-08-22T19:00:00.000-07:00,2026-08-22,19,O,Z,4,367,11.35,10.0,13.94,13.94,6.94,3.59,66.65,37.4,30.0,60.0,0.2,0
BARTLEY,291002,XBAR,35.90875,-105.38769,9192,2026-08-23T02:04:14.000Z,2026-08-22T19:04:00.000-07:00,2026-08-23T02:00:00.000Z,2026-08-22T19:00:00.000-07:00,2026-08-22,19,O,Z,4,130,12.63,16.02,13.36,13.83,4.49,2.82,54.76,30.58,110.18,111.03,0.56,0
MILLS CANYON,291101,XMIL,36.05453,-104.32511,5881,2026-08-23T02:05:54.000Z,2026-08-22T19:05:00.000-07:00,2026-08-23T02:00:00.000Z,2026-08-22T19:00:00.000-07:00,2026-08-22,19,O,Z,4,537,23.37,11.11,10.19,12.26,0.1,3.27,51.48,31.82,30.0,60.0,0.09,0
PECOS,291202,XPEC,35.54558,-105.49439,8229,2026-08-23T02:14:04.000Z,2026-08-22T19:14:00.000-07:00,2026-08-23T02:00:00.000Z,2026-08-22T19:00:00.000-07:00,2026-08-22,19,O,Z,4,68,17.51,21.73,12.46,13.42,0.93,1.64,39.88,20.59,30.0,60.0,0.18,0
BRUSHY MOUNTAIN,291301,XBRU,34.72,-107.8484,8789,2026-08-23T01:49:44.000Z,2026-08-22T18:49:00.000-07:00,2026-08-23T02:00:00.000Z,2026-08-22T19:00:00.000-07:00,2026-08-22,19,O,Z,4,209,13.43,19.82,13.21,14.44,4.83,4.72,46.64,35.98,65.09,82.33,0.41,0
GRANTS,291302,XGRA,35.24278,-107.66528,8620,2026-08-23T02:16:24.000Z,2026-08-22T19:16:00.000-07:00,2026-08-23T02:00:00.000Z,2026-08-22T19:00:00.000-07:00,2026-08-22,19,O,Z,4,124,13.43,11.08,15.06,15.07,3.32,2.3,56.99,28.37,81.44,92.73,0.46,0
OAK FLATS,291402,XOAK,35.00614,-106.31583,7675,2026-08-23T02:04:04.000Z,2026-08-22T19:04:00.000-07:00,2026-08-23T02:00:00.000Z,2026-08-22T19:00:00.000-07:00,2026-08-22,19,O,Z,4,450,9.04,7.92,12.13,13.01,12.73,4.78,80.84,46.63,30.0,60.0,0.15,0
SANDIA LAB,291408,XSLB,35.00406,-106.41148,6321,2026-08-23T01:53:34.000Z,2026-08-22T18:53:00.000-07:00,2026-08-23T02:00:00.000Z,2026-08-22T19:00:00.000-07:00,2026-08-22,19,O,Z,4,258,9.84,7.07,9.99,10.66,17.34,11.08,90.15,72.16,30.0,60.0,0.11,0
MOUNTAINAIR,291501,XMOU,34.52081,-106.26269,6593,2026-08-23T02:05:54.000Z,2026-08-22T19:05:00.000-07:00,2026-08-23T02:00:00.000Z,2026-08-22T19:00:00.000-07:00,2026-08-22,19,O,Z,4,468,8.86,6.93,11.64,12.98,16.0,6.76,84.42,55.8,30.0,60.0,0.08,0
MELROSE RANGE,291901,XMEL,34.28422,-103.71497,4263,2026-08-23T02:14:11.000Z,2026-08-22T19:14:00.000-07:00,2026-08-23T02:00:00.000Z,2026-08-22T19:00:00.000-07:00,2026-08-22,19,O,Z,4,651,4.66,5.58,9.36,10.14,25.12,3.37,109.92,45.74,30.0,60.0,0.0,0
BEAVERHEAD,292001,XBEA,33.42353,-108.11019,6750,2026-08-23T02:08:14.000Z,2026-08-22T19:08:00.000-07:00,2026-08-23T02:00:00.000Z,2026-08-22T19:00:00.000-07:00,2026-08-22,19,O,Z,4,177,14.51,15.46,16.65,17.45,2.62,2.2,42.38,24.22,30.0,60.0,0.23,0
LUNA,292004,XLUN,33.82289,-108.94311,7088,2026-08-23T02:07:14.000Z,2026-08-22T19:07:00.000-07:00,2026-08-23T02:00:00.000Z,2026-08-22T19:00:00.000-07:00,2026-08-22,19,O,Z,4,259,14.79,13.54,18.08,18.06,2.29,1.94,41.92,22.76,30.0,60.0,0.29,0
RESERVE,292005,XRES,33.71489,-108.777,5846,2026-08-23T02:08:14.000Z,2026-08-22T19:08:00.000-07:00,2026-08-23T02:00:00.000Z,2026-08-22T19:00:00.000-07:00,2026-08-22,19,O,Z,4,454,14.59,12.09,16.55,16.41,2.81,2.62,48.97,28.09,30.0,60.0,0.1,0
SLAUGHTER,292008,XSLA,34.06056,-108.44472,8680,2026-08-23T02:12:54.000Z,2026-08-22T19:12:00.000-07:00,2026-08-23T02:00:00.000Z,2026-08-22T19:00:00.000-07:00,2026-08-22,19,O,Z,4,20,17.12,18.44,14.82,16.05,1.03,1.7,38.48,20.59,137.54,128.44,0.64,0
PELONA MOUNTAIN,292009,XPEL,33.69375,-108.06161,7955,2026-08-23T01:38:25.000Z,2026-08-22T18:38:00.000-07:00,2026-08-23T02:00:00.000Z,2026-08-22T19:00:00.000-07:00,2026-08-22,19,O,Z,4,235,9.06,8.59,11.7,13.63,13.67,5.68,78.99,49.94,77.68,90.34,0.45,0
GILA CENTER RAWS,292011,XGIL,33.22375,-108.24031,5767,2026-08-23T02:13:04.000Z,2026-08-22T19:13:00.000-07:00,2026-08-23T02:00:00.000Z,2026-08-22T19:00:00.000-07:00,2026-08-22,19,O,Z,4,146,13.77,17.3,14.82,16.26,3.24,2.26,45.02,25.23,30.0,60.0,0.15,0
DATIL,292012,XDAT,34.29256,-107.768,8431,2026-08-23T02:11:04.000Z,2026-08-22T19:11:00.000-07:00,2026-08-23T02:00:00.000Z,2026-08-22T19:00:00.000-07:00,2026-08-22,19,O,Z,4,176,11.45,10.52,13.87,14.66,9.88,8.04,64.35,53.34,89.82,98.07,0.49,0
MOGOLLON,292013,XMOG,33.39064,-108.80819,7602,2026-08-23T02:13:15.000Z,2026-08-22T19:13:00.000-07:00,2026-08-23T02:00:00.000Z,2026-08-22T19:00:00.000-07:00,2026-08-22,19,O,Z,4,159,15.54,17.41,11.2,12.84,2.38,3.02,52.28,30.87,54.78,75.77,0.38,0
CHUPADERA,292102,XCHU,33.77294,-106.0985,5580,2026-08-23T01:39:45.000Z,2026-08-22T18:39:00.000-07:00,2026-08-23T02:00:00.000Z,2026-08-22T19:00:00.000-07:00,2026-08-22,19,O,Z,4,515,4.48,6.54,10.41,10.94,39.43,7.9,103.46,65.81,30.0,60.0,0.01,0
BOSQUE,292103,XBOS,33.82064,-106.88169,4523,2026-08-23T01:50:24.000Z,2026-08-22T18:50:00.000-07:00,2026-08-23T02:00:00.000Z,2026-08-22T19:00:00.000-07:00,2026-08-22,19,O,Z,4,668,34.95,7.42,11.22,11.9,0.0,0.0,37.7,0.0,30.0,60.0,0.0,0
MAGDALENA,292104,XMAG,33.85061,-107.539,8495,2026-08-23T02:03:54.000Z,2026-08-22T19:03:00.000-07:00,2026-08-23T02:00:00.000Z,2026-08-22T19:00:00.000-07:00,2026-08-22,19,O,Z,4,55,10.4,9.11,12.29,13.98,6.97,2.59,73.23,33.59,115.27,114.26,0.57,0
SEVILLETA,292105,XSEV,34.35844,-106.6895,5246,2026-08-23T02:11:44.000Z,2026-08-22T19:11:00.000-07:00,2026-08-23T02:00:00.000Z,2026-08-22T19:00:00.000-07:00,2026-08-22,19,O,Z,4,555,14.26,17.86,11.59,11.64,5.61,7.19,55.03,47.13,30.0,60.0,0.0,0
SMOKEY BEAR,292203,XSMO,33.35019,-105.686,7194,2026-08-23T02:00:04.000Z,2026-08-22T19:00:00.000-07:00,2026-08-23T02:00:00.000Z,2026-08-22T19:00:00.000-07:00,2026-08-22,19,O,Z,4,95,8.35,8.72,14.79,16.56,11.36,2.85,68.92,34.16,30.0,60.0,0.28,0
EIGHT MILE DRAW,292301,XEIG,33.65064,-104.32139,3626,2026-08-23T01:37:25.000Z,2026-08-22T18:37:00.000-07:00,2026-08-23T02:00:00.000Z,2026-08-22T19:00:00.000-07:00,2026-08-22,19,O,Z,4,603,3.87,5.35,8.61,9.23,65.62,17.05,116.99,99.2,30.0,60.0,0.0,0
DUNKEN,292302,XDUN,32.82467,-105.18261,5431,2026-08-23T01:36:15.000Z,2026-08-22T18:36:00.000-07:00,2026-08-23T02:00:00.000Z,2026-08-22T19:00:00.000-07:00,2026-08-22,19,O,Z,4,484,4.08,5.51,8.66,9.79,64.88,22.89,114.37,112.43,30.0,60.0,0.02,0
BURRO MOUNTAIN,292504,XBUR,32.67203,-108.53969,6995,2026-08-23T01:59:44.000Z,2026-08-22T18:59:00.000-07:00,2026-08-23T02:00:00.000Z,2026-08-22T19:00:00.000-07:00,2026-08-22,19,O,Z,4,286,7.91,6.58,9.64,11.75,27.14,13.72,94.41,81.32,30.0,60.0,0.21,0
HACHITA VALLEY,292702,XHAC,31.702,-108.34169,4290,2026-08-23T01:40:54.000Z,2026-08-22T18:40:00.000-07:00,2026-08-23T02:00:00.000Z,2026-08-22T19:00:00.000-07:00,2026-08-22,19,O,Z,4,588,3.46,4.68,7.88,10.36,54.22,10.4,118.99,79.65,30.0,60.0,0.04,0
MCGREGGOR RANGE,292901,XMCG,32.43133,-105.62181,4832,2026-08-23T01:37:35.000Z,2026-08-22T18:37:00.000-07:00,2026-08-23T02:00:00.000Z,2026-08-22T19:00:00.000-07:00,2026-08-22,19,O,Z,4,595,3.83,4.9,7.63,9.75,57.36,13.37,119.57,89.59,30.0,60.0,0.01,0
DRIPPING SPRINGS,292903,XDRI,32.32225,-106.58661,5814,2026-08-23T02:00:00.000Z,2026-08-22T19:26:00.000-07:00,2026-08-23T02:00:00.000Z,2026-08-22T19:00:00.000-07:00,2026-08-22,19,F,Z,4,444,4.86,5.05,7.54,9.72,42.32,10.5,116.45,79.19,30.0,60.0,0.12,0
SAN ANDRES,292904,XSAA,32.58008,-106.52719,6137,2026-08-23T02:01:54.000Z,2026-08-22T19:01:00.000-07:00,2026-08-23T02:00:00.000Z,2026-08-22T19:00:00.000-07:00,2026-08-22,19,O,Z,4,489,4.47,5.0,7.86,9.96,32.59,5.57,116.25,59.1,30.0,60.0,0.09,0
MAYHILL,293002,XMAY,32.90947,-105.46981,6599,2026-08-23T02:01:54.000Z,2026-08-22T19:01:00.000-07:00,2026-08-23T02:00:00.000Z,2026-08-22T19:00:00.000-07:00,2026-08-22,19,O,Z,4,462,4.93,7.04,12.01,14.26,28.94,5.28,89.98,51.25,30.0,60.0,0.14,0
MESCAL,293003,XMES,33.15803,-105.76881,6227,2026-08-23T01:41:24.000Z,2026-08-22T18:41:00.000-07:00,2026-08-23T02:00:00.000Z,2026-08-22T19:00:00.000-07:00,2026-08-22,19,O,Z,4,210,7.22,8.18,14.24,16.56,24.79,8.62,73.33,58.46,37.64,64.86,0.32,0
COSMIC,293004,XCOS,32.77925,-105.81989,9172,2026-08-23T02:15:24.000Z,2026-08-22T19:15:00.000-07:00,2026-08-23T02:00:00.000Z,2026-08-22T19:00:00.000-07:00,2026-08-22,19,O,Z,4,65,8.3,9.01,12.99,14.34,12.19,3.41,75.91,38.79,203.17,170.2,0.85,0
BATDRAW,293101,XBAD,32.17861,-104.44056,4425,2026-08-23T01:52:34.000Z,2026-08-22T18:52:00.000-07:00,2026-08-23T02:00:00.000Z,2026-08-22T19:00:00.000-07:00,2026-08-22,19,O,Z,4,562,4.22,4.82,7.1,8.31,59.58,16.5,123.84,100.32,30.0,60.0,0.0,0
CAPROCK,293104,XCAP,32.92728,-103.85689,4167,2026-08-23T01:40:45.000Z,2026-08-22T18:40:00.000-07:00,2026-08-23T02:00:00.000Z,2026-08-22T19:00:00.000-07:00,2026-08-22,19,O,Z,4,488,4.01,5.13,7.62,9.0,55.31,13.1,120.35,89.03,30.0,60.0,0.0,0
QUEEN,293105,XQUN,32.20361,-104.69031,5642,2026-08-23T02:13:14.000Z,2026-08-22T19:13:00.000-07:00,2026-08-23T02:00:00.000Z,2026-08-22T19:00:00.000-07:00,2026-08-22,19,O,Z,4,362,5.04,5.51,8.16,9.99,36.99,8.87,112.4,72.09,30.0,60.0,0.06,0
PADUCA,293202,XPAD,32.17983,-103.722,3534,2026-08-23T01:39:54.000Z,2026-08-22T18:39:00.000-07:00,2026-08-23T02:00:00.000Z,2026-08-22T19:00:00.000-07:00,2026-08-22,19,O,Z,4,602,4.0,5.26,8.15,9.07,55.88,13.11,118.49,88.41,30.0,60.0,0.0,0
MALPAIS LAVA FLOW,293301,XMAL,34.85181,-108.17461,7514,2026-08-23T02:00:00.000Z,2026-08-22T19:25:00.000-07:00,2026-08-23T02:00:00.000Z,2026-08-22T19:00:00.000-07:00,2026-08-22,19,F,Z,4,177,17.43,27.65,14.95,15.96,2.1,6.7,25.92,32.28,30.0,60.0,0.25,0
BLUEWATER RIDGE,293303,XBLR,35.19411,-108.16336,8274,2026-08-23T02:05:44.000Z,2026-08-22T19:05:00.000-07:00,2026-08-23T02:00:00.000Z,2026-08-22T19:00:00.000-07:00,2026-08-22,19,O,Z,4,209,19.9,16.23,12.76,13.54,0.44,2.16,43.64,24.36,82.2,93.22,0.47,0
LAGUNA,293304,XLAG,35.05197,-107.42028,5805,2026-08-23T01:33:44.000Z,2026-08-22T18:33:00.000-07:00,2026-08-23T02:00:00.000Z,2026-08-22T19:00:00.000-07:00,2026-08-22,19,O,Z,4,543,7.48,7.34,9.81,10.12,27.05,11.13,96.95,74.78,30.0,60.0,0.01,0
RAMAH,293305,XRAM,34.81947,-108.29439,7645,2026-08-23T01:34:44.000Z,2026-08-22T18:34:00.000-07:00,2026-08-23T02:00:00.000Z,2026-08-22T19:00:00.000-07:00,2026-08-22,19,O,Z,4,310,10.7,9.59,13.78,15.7,10.49,6.2,65.89,47.84,30.0,60.0,0.26,0
10K,55522198,X10K,35.2085,-106.43586,10065,2026-08-23T01:38:19.000Z,2026-08-22T18:38:00.000-07:00,2026-08-23T02:00:00.000Z,2026-08-22T19:00:00.000-07:00,2026-08-22,19,O,Z,4,202,34.97,16.34,12.72,13.72,0.0,0.0,22.23,0.0,129.08,123.05,0.62,0
BAKERS TANK,55522210,AHBB,32.61528,-114.00836,563,2026-08-23T02:07:14.000Z,2026-08-22T19:07:00.000-07:00,2026-08-23T02:00:00.000Z,2026-08-22T19:00:00.000-07:00,2026-08-22,19,O,Z,4,738,2.92,3.68,7.05,7.94,69.97,12.91,132.4,92.4,30.0,60.0,0.0,0
CAVE CREEK,55522232,ACAV,34.0899,-111.8465,3477,2026-08-23T02:00:00.000Z,2026-08-22T19:20:00.000-07:00,2026-08-23T02:00:00.000Z,2026-08-22T19:00:00.000-07:00,2026-08-22,19,F,Z,4,537,5.07,12.61,8.71,9.85,42.14,10.04,93.56,70.17,30.0,60.0,0.03,0
CIPRIANO,55522238,ARIP,32.4235,-114.16211,1042,2026-08-23T01:59:08.000Z,2026-08-22T18:59:00.000-07:00,2026-08-23T02:00:00.000Z,2026-08-22T19:00:00.000-07:00,2026-08-22,19,O,Z,4,710,2.89,3.77,7.68,8.91,74.82,14.87,127.79,97.0,30.0,60.0,0.0,0
DEVILS HILLS,55522251,ADVH,32.42483,-113.79011,836,2026-08-23T02:00:00.000Z,2026-08-22T19:23:00.000-07:00,2026-08-23T02:00:00.000Z,2026-08-22T19:00:00.000-07:00,2026-08-22,19,F,Z,4,734,3.3,3.91,7.08,8.38,55.03,9.04,129.21,77.55,30.0,60.0,0.0,0
DUTCH KID,55522257,ADUT,35.12931,-112.28219,6505,2026-08-23T01:38:59.000Z,2026-08-22T18:38:00.000-07:00,2026-08-23T02:00:00.000Z,2026-08-22T19:00:00.000-07:00,2026-08-22,19,O,Z,4,106,5.53,9.33,15.76,16.81,25.7,4.96,71.29,44.78,30.0,60.0,0.28,0
FTHL YDMA,55522271,AFTH,32.48658,-114.4635,331,2026-08-23T01:38:44.000Z,2026-08-22T18:38:00.000-07:00,2026-08-23T02:00:00.000Z,2026-08-22T19:00:00.000-07:00,2026-08-22,19,O,Z,4,744,2.96,4.17,9.57,11.2,64.71,11.0,115.3,80.56,30.0,60.0,0.0,0
MIDNIGHT,55522315,XMID,36.77819,-105.34131,10815,2026-08-23T01:37:59.000Z,2026-08-22T18:37:00.000-07:00,2026-08-23T02:00:00.000Z,2026-08-22T19:00:00.000-07:00,2026-08-22,19,O,Z,4,156,29.62,28.48,16.37,16.94,0.0,0.0,7.76,0.0,197.38,166.51,0.83,0
MOHAWK DUNES,55522318,AMOD,32.68878,-113.74889,524,2026-08-23T02:00:00.000Z,2026-08-22T19:23:00.000-07:00,2026-08-23T02:00:00.000Z,2026-08-22T19:00:00.000-07:00,2026-08-22,19,F,Z,4,747,3.12,4.0,7.72,8.41,57.57,9.21,127.65,77.8,30.0,60.0,0.0,0
NEVERSHINE,55522326,ANEV,36.24753,-113.88851,2165,2026-08-23T02:03:51.000Z,2026-08-22T19:03:00.000-07:00,2026-08-23T02:00:00.000Z,2026-08-22T19:00:00.000-07:00,2026-08-22,19,O,Z,4,679,2.48,3.44,5.78,7.66,81.02,15.67,139.08,103.31,30.0,60.0,0.0,0
PICACHO PEAK,55522341,APIC,32.66314,-111.42154,1750,2026-08-23T02:17:49.000Z,2026-08-22T19:17:00.000-07:00,2026-08-23T02:00:00.000Z,2026-08-22T19:00:00.000-07:00,2026-08-22,19,O,Z,4,723,3.7,4.62,8.29,9.55,69.64,17.41,119.52,101.14,30.0,60.0,0.0,0
PINEDALE,55522344,APND,34.30617,-110.23661,6461,2026-08-23T01:38:39.000Z,2026-08-22T18:38:00.000-07:00,2026-08-23T02:00:00.000Z,2026-08-22T19:00:00.000-07:00,2026-08-22,19,O,Z,4,257,25.38,22.18,14.05,14.12,0.0,0.0,25.46,0.0,30.0,60.0,0.25,0
TANKS,55522384,ATNK,33.67314,-110.57431,5801,2026-08-23T01:38:49.000Z,2026-08-22T18:38:00.000-07:00,2026-08-23T02:00:00.000Z,2026-08-22T19:00:00.000-07:00,2026-08-22,19,O,Z,4,297,8.32,7.85,13.05,14.38,15.32,4.96,78.04,46.67,30.0,60.0,0.3,0
TAOS PUEBLO RAWS,55522385,XTAP,36.41461,-105.55689,7135,2026-08-23T02:13:34.000Z,2026-08-22T19:13:00.000-07:00,2026-08-23T02:00:00.000Z,2026-08-22T19:00:00.000-07:00,2026-08-22,19,O,Z,4,453,6.74,7.38,11.16,12.35,25.2,7.68,90.8,61.19,30.0,60.0,0.03,0
CEDAR RIDGE,55523718,ACED,32.59872,-110.76231,4735,2026-08-23T01:37:19.000Z,2026-08-22T18:37:00.000-07:00,2026-08-23T02:00:00.000Z,2026-08-22T19:00:00.000-07:00,2026-08-22,19,O,Z,4,320,6.37,6.14,9.25,10.72,33.2,10.6,102.71,75.07,30.0,60.0,0.13,0
RED CANYON,55523735,XRDC,34.62289,-106.40831,8070,2026-08-23T01:38:29.000Z,2026-08-22T18:38:00.000-07:00,2026-08-23T02:00:00.000Z,2026-08-22T19:00:00.000-07:00,2026-08-22,19,O,Z,4,377,26.42,31.44,11.59,11.77,0.0,0.0,18.57,0.0,30.0,60.0,0.27,0
SOWATS,55523737,ASOW,36.48242,-112.42281,7038,2026-08-23T01:39:09.000Z,2026-08-22T18:39:00.000-07:00,2026-08-23T02:00:00.000Z,2026-08-22T19:00:00.000-07:00,2026-08-22,19,O,Z,4,154,5.02,6.79,10.18,12.83,29.0,5.25,97.57,53.06,30.0,60.0,0.29,0
T BAR,55523738,XTBA,33.51789,-108.52419,8047,2026-08-23T01:39:19.000Z,2026-08-22T18:39:00.000-07:00,2026-08-23T02:00:00.000Z,2026-08-22T19:00:00.000-07:00,2026-08-22,19,O,Z,4,22,21.79,16.68,17.24,18.25,0.13,1.89,28.46,18.82,118.49,116.31,0.58,0
