station_name,station_id,wrcc_id,latitude,longitude,elevation,observation_time,observation_time_lst,display_hour,display_hour_lst,nfdr_date,nfdr_time,nfdr_type,fuel_model,fuel_model_version,kbdi,one_hr_tl_fuel_moisture,ten_hr_tl_fuel_moisture,hun_hr_tl_fuel_moisture,thou_hr_tl_fuel_moisture,ignition_component,spread_component,energy_release_component,burning_index,herbaceous_lfi_fuel_moisture,woody_lfi_fuel_moisture,gsi,quality_code
MAYHILL,293002,XMAY,32.90947,-105.46981,6599,8/23/2026 15:01 MDT,8/23/2026 15:01 MDT,8/23/2026 15:00 MDT,8/23/2026 15:00 MDT,8/22/2026,12/31/1969 17:00 MST,O,Y,4,467,4.09,8.15,11.54,13.91,46.04,2.39,42.32,25.16,30.0,60.0,0.13,0
MESCAL,293003,XMES,33.15803,-105.76881,6227,8/23/2026 14:41 MDT,8/23/2026 14:41 MDT,8/23/2026 15:00 MDT,8/23/2026 15:00 MDT,8/22/2026,12/31/1969 17:00 MST,O,Y,4,217,5.72,9.43,13.39,16.0,38.98,2.98,34.31,25.28,36.38,64.06,0.32,0
COSMIC,293004,XCOS,32.77925,-105.81989,9172,8/23/2026 15:15 MDT,8/23/2026 15:15 MDT,8/23/2026 15:00 MDT,8/23/2026 15:00 MDT,8/22/2026,12/31/1969 17:00 MST,O,Y,4,71,6.45,8.4,12.19,14.01,26.73,1.95,39.97,22.34,199.84,168.08,0.84,0
BATDRAW,293101,XBAD,32.17861,-104.44056,4425,8/23/2026 14:52 MDT,8/23/2026 14:52 MDT,8/23/2026 15:00 MDT,8/23/2026 15:00 MDT,8/22/2026,12/31/1969 17:00 MST,O,Y,4,566,3.4,5.17,6.95,8.17,76.04,5.69,66.29,46.12,30.0,60.0,0.0,0
CAPROCK,293104,XCAP,32.92728,-103.85689,4167,8/23/2026 14:40 MDT,8/23/2026 14:40 MDT,8/23/2026 15:00 MDT,8/23/2026 15:00 MDT,8/22/2026,12/31/1969 17:00 MST,O,Y,4,493,3.85,5.85,7.52,8.83,68.43,4.63,62.57,40.84,30.0,60.0,0.0,0
QUEEN,293105,XQUN,32.20361,-104.69031,5642,8/23/2026 15:13 MDT,8/23/2026 15:13 MDT,8/23/2026 15:00 MDT,8/23/2026 15:00 MDT,8/22/2026,12/31/1969 17:00 MST,O,Y,4,241,3.44,5.67,7.94,10.02,67.01,4.09,58.75,37.48,30.0,60.0,0.0,0
PADUCA,293202,XPAD,32.17983,-103.722,3534,8/23/2026 14:39 MDT,8/23/2026 14:39 MDT,8/23/2026 15:00 MDT,8/23/2026 15:00 MDT,8/22/2026,12/31/1969 17:00 MST,O,Y,4,605,3.62,6.16,8.02,8.93,74.26,5.12,61.64,42.5,30.0,60.0,0.0,0
MALPAIS LAVA FLOW,293301,XMAL,34.85181,-108.17461,7514,8/23/2026 15:25 MDT,8/23/2026 15:25 MDT,8/23/2026 15:00 MDT,8/23/2026 15:00 MDT,8/22/2026,12/31/1969 17:00 MST,O,Y,4,181,6.56,12.02,16.87,16.25,30.62,2.53,29.58,21.92,30.0,60.0,0.27,0
BLUEWATER RIDGE,293303,XBLR,35.19411,-108.16336,8274,8/23/2026 15:05 MDT,8/23/2026 15:05 MDT,8/23/2026 15:00 MDT,8/23/2026 15:00 MDT,8/22/2026,12/31/1969 17:00 MST,O,Y,4,213,6.76,10.42,12.82,13.5,27.55,2.29,39.42,23.89,82.82,93.61,0.47,0
LAGUNA,293304,XLAG,35.05197,-107.42028,5805,8/23/2026 14:33 MDT,8/23/2026 14:33 MDT,8/23/2026 15:00 MDT,8/23/2026 15:00 MDT,8/22/2026,12/31/1969 17:00 MST,O,Y,4,546,5.33,8.5,9.88,10.12,45.09,3.37,53.12,32.75,30.0,60.0,0.01,0
RAMAH,293305,XRAM,34.81947,-108.29439,7645,8/23/2026 14:34 MDT,8/23/2026 14:34 MDT,8/23/2026 15:00 MDT,8/23/2026 15:00 MDT,8/22/2026,12/31/1969 17:00 MST,O,Y,4,313,5.6,9.76,13.96,15.49,42.45,3.56,34.89,27.68,30.0,60.0,0.27,0
10K,55522198,X10K,35.2085,-106.43586,10065,8/23/2026 14:38 MDT,8/23/2026 14:38 MDT,8/23/2026 15:00 MDT,8/23/2026 15:00 MDT,8/22/2026,12/31/1969 17:00 MST,O,Y,4,206,8.3,12.44,13.05,13.76,17.59,1.73,36.72,20.3,135.34,127.04,0.64,0
BAKERS TANK,55522210,AHBB,32.61528,-114.00836,563,8/23/2026 15:07 MDT,8/23/2026 15:07 MDT,8/23/2026 15:00 MDT,8/23/2026 15:00 MDT,8/22/2026,12/31/1969 17:00 MST,O,Y,4,740,10.61,15.25,6.9,7.71,17.75,2.67,55.19,29.9,30.0,60.0,0.0,0
CAVE CREEK,55522232,ACAV,34.0899,-111.8465,3477,8/23/2026 15:20 MDT,8/23/2026 15:20 MDT,8/23/2026 15:00 MDT,8/23/2026 15:00 MDT,8/22/2026,12/31/1969 17:00 MST,O,Y,4,544,3.39,5.87,8.4,9.56,67.2,3.76,59.57,36.29,30.0,60.0,0.03,0
CIPRIANO,55522238,ARIP,32.4235,-114.16211,1042,8/23/2026 14:59 MDT,8/23/2026 14:59 MDT,8/23/2026 15:00 MDT,8/23/2026 15:00 MDT,8/22/2026,12/31/1969 17:00 MST,O,Y,4,712,7.08,8.87,7.92,8.82,37.82,3.78,57.55,35.81,30.0,60.0,0.0,0
DEVILS HILLS,55522251,ADVH,32.42483,-113.79011,836,8/23/2026 15:23 MDT,8/23/2026 15:23 MDT,8/23/2026 15:00 MDT,8/23/2026 15:00 MDT,8/22/2026,12/31/1969 17:00 MST,O,Y,4,736,5.45,6.96,7.22,8.1,47.15,3.36,63.24,35.43,30.0,60.0,0.0,0
DUTCH KID,55522257,ADUT,35.12931,-112.28219,6505,8/23/2026 14:38 MDT,8/23/2026 14:38 MDT,8/23/2026 15:00 MDT,8/23/2026 15:00 MDT,8/22/2026,12/31/1969 17:00 MST,O,Y,4,115,7.46,13.04,16.22,16.77,18.3,1.35,28.1,16.05,30.0,60.0,0.28,0
FTHL YDMA,55522271,AFTH,32.48658,-114.4635,331,8/23/2026 14:38 MDT,8/23/2026 14:38 MDT,8/23/2026 15:00 MDT,8/23/2026 15:00 MDT,8/22/2026,12/31/1969 17:00 MST,O,Y,4,745,7.22,9.28,9.65,10.75,37.32,3.74,49.74,33.31,30.0,60.0,0.0,0
MIDNIGHT,55522315,XMID,36.77819,-105.34131,10815,8/23/2026 14:37 MDT,8/23/2026 14:37 MDT,8/23/2026 15:00 MDT,8/23/2026 15:00 MDT,8/22/2026,12/31/1969 17:00 MST,O,Y,4,72,10.77,16.28,17.65,17.01,8.55,1.2,23.82,14.08,197.38,166.51,0.83,0
MOHAWK DUNES,55522318,AMOD,32.68878,-113.74889,524,8/23/2026 15:23 MDT,8/23/2026 15:23 MDT,8/23/2026 15:00 MDT,8/23/2026 15:00 MDT,8/22/2026,12/31/1969 17:00 MST,O,Y,4,749,5.13,6.53,7.59,8.16,50.5,3.46,63.16,35.88,30.0,60.0,0.0,0
NEVERSHINE,55522326,ANEV,36.24753,-113.88851,2165,8/23/2026 15:03 MDT,8/23/2026 15:03 MDT,8/23/2026 15:00 MDT,8/23/2026 15:00 MDT,8/22/2026,12/31/1969 17:00 MST,O,Y,4,681,2.69,3.96,5.5,7.43,86.57,4.89,72.23,44.76,30.0,60.0,0.0,0
PICACHO PEAK,55522341,APIC,32.66314,-111.42154,1750,8/23/2026 15:17 MDT,8/23/2026 15:17 MDT,8/23/2026 15:00 MDT,8/23/2026 15:00 MDT,8/22/2026,12/31/1969 17:00 MST,O,Y,4,725,4.07,5.95,7.95,9.25,59.44,3.51,60.47,35.39,30.0,60.0,0.0,0
PINEDALE,55522344,APND,34.30617,-110.23661,6461,8/23/2026 14:38 MDT,8/23/2026 14:38 MDT,8/23/2026 15:00 MDT,8/23/2026 15:00 MDT,8/22/2026,12/31/1969 17:00 MST,O,Y,4,260,8.97,13.91,14.84,14.14,15.81,1.52,33.38,18.32,30.0,60.0,0.25,0
TANKS,55522384,ATNK,33.67314,-110.57431,5801,8/23/2026 14:38 MDT,8/23/2026 14:38 MDT,8/23/2026 15:00 MDT,8/23/2026 15:00 MDT,8/22/2026,12/31/1969 17:00 MST,O,Y,4,306,5.78,9.66,12.68,14.05,30.47,1.87,39.2,21.7,30.0,60.0,0.29,0
TAOS PUEBLO RAWS,55522385,XTAP,36.41461,-105.55689,7135,8/23/2026 15:13 MDT,8/23/2026 15:13 MDT,8/23/2026 15:00 MDT,8/23/2026 15:00 MDT,8/22/2026,12/31/1969 17:00 MST,O,Y,4,448,6.88,13.13,12.67,12.41,25.86,2.06,40.71,23.08,30.0,60.0,0.02,0
CEDAR RIDGE,55523718,ACED,32.59872,-110.76231,4735,8/23/2026 14:37 MDT,8/23/2026 14:37 MDT,8/23/2026 15:00 MDT,8/23/2026 15:00 MDT,8/22/2026,12/31/1969 17:00 MST,O,Y,4,330,4.55,6.35,8.96,10.44,58.33,4.31,55.08,37.26,30.0,60.0,0.13,0
RED CANYON,55523735,XRDC,34.62289,-106.40831,8070,8/23/2026 14:38 MDT,8/23/2026 14:38 MDT,8/23/2026 15:00 MDT,8/23/2026 15:00 MDT,8/22/2026,12/31/1969 17:00 MST,O,Y,4,279,6.67,11.82,13.36,11.82,27.24,2.09,42.37,23.69,30.0,60.0,0.27,0
SOWATS,55523737,ASOW,36.48242,-112.42281,7038,8/23/2026 14:39 MDT,8/23/2026 14:39 MDT,8/23/2026 15:00 MDT,8/23/2026 15:00 MDT,8/22/2026,12/31/1969 17:00 MST,O,Y,4,161,6.35,8.78,10.13,12.56,33.98,3.11,45.29,29.31,30.0,60.0,0.3,0
T BAR,55523738,XTBA,33.51789,-108.52419,8047,8/23/2026 14:39 MDT,8/23/2026 14:39 MDT,8/23/2026 15:00 MDT,8/23/2026 15:00 MDT,8/22/2026,12/31/1969 17:00 MST,O,Y,4,28,6.65,12.66,17.9,18.25,24.69,1.73,24.69,16.95,117.43,115.64,0.58,0
FORT YUMA,20102,AFYM,32.65222,-114.63417,185,8/23/2026 16:00 MDT,8/23/2026 16:16 MDT,8/23/2026 16:00 MDT,8/23/2026 16:00 MDT,8/22/2026,12/31/1969 17:00 MST,F,Y,4,745,4.2,5.3,7.72,9.41,63.86,4.13,60.57,38.16,30.0,60.0,0.0,0
MOUNT LOGAN,20107,AMTL,36.35306,-113.19917,7605,8/23/2026 15:33 MDT,8/23/2026 15:33 MDT,8/23/2026 16:00 MDT,8/23/2026 16:00 MDT,8/22/2026,12/31/1969 17:00 MST,O,Y,4,157,5.53,6.77,9.38,11.47,41.02,3.34,50.69,31.88,94.24,100.88,0.5,0
OLAF KNOLLS,20108,AOLA,36.50725,-113.81589,2974,8/23/2026 15:33 MDT,8/23/2026 15:33 MDT,8/23/2026 16:00 MDT,8/23/2026 16:00 MDT,8/22/2026,12/31/1969 17:00 MST,O,Y,4,632,2.84,4.46,6.17,7.85,85.35,5.63,69.37,46.87,30.0,60.0,0.02,0
TWEEDS POINT,20109,ATWE,36.58186,-113.732,5334,8/23/2026 15:33 MDT,8/23/2026 15:33 MDT,8/23/2026 16:00 MDT,8/23/2026 16:00 MDT,8/22/2026,12/31/1969 17:00 MST,O,Y,4,556,3.89,5.27,7.23,9.07,69.34,6.24,62.52,46.82,30.0,60.0,0.04,0
NIXON FLATS,20113,ANIX,36.38833,-113.15806,6500,8/23/2026 15:00 MDT,8/23/2026 15:50 MDT,8/23/2026 16:00 MDT,8/23/2026 16:00 MDT,8/22/2026,12/31/1969 17:00 MST,F,Y,4,307,5.07,7.77,12.38,14.09,42.06,2.89,40.76,26.98,30.0,60.0,0.26,0
BLACK ROCK,20114,ABRK,36.79436,-113.75056,7224,8/23/2026 15:00 MDT,8/23/2026 15:50 MDT,8/23/2026 16:00 MDT,8/23/2026 16:00 MDT,8/22/2026,12/31/1969 17:00 MST,F,Y,4,198,5.05,6.72,8.82,11.36,40.3,2.65,51.93,29.02,60.96,79.7,0.4,0
MOSS BASIN,20115,AMOS,35.03397,-113.89406,5920,8/23/2026 16:00 MDT,8/23/2026 16:23 MDT,8/23/2026 16:00 MDT,8/23/2026 16:00 MDT,8/22/2026,12/31/1969 17:00 MST,F,Y,4,399,4.47,6.29,10.64,12.97,57.87,4.33,46.39,34.52,30.0,60.0,0.27,0
UNION PASS,20116,AUNI,35.23233,-114.38194,3590,8/23/2026 15:00 MDT,8/23/2026 15:52 MDT,8/23/2026 16:00 MDT,8/23/2026 16:00 MDT,8/22/2026,12/31/1969 17:00 MST,F,Y,4,583,3.65,4.76,6.75,8.42,68.7,4.38,65.79,40.74,30.0,60.0,0.03,0
HURRICANE,20117,AHUR,36.69908,-113.20731,5445,8/23/2026 15:34 MDT,8/23/2026 15:34 MDT,8/23/2026 16:00 MDT,8/23/2026 16:00 MDT,8/22/2026,12/31/1969 17:00 MST,O,Y,4,412,5.75,7.01,9.25,10.81,48.73,5.58,52.4,41.01,30.0,60.0,0.18,0
HAVASU,20118,AHAV,34.80758,-114.53456,475,8/23/2026 15:00 MDT,8/23/2026 15:52 MDT,8/23/2026 16:00 MDT,8/23/2026 16:00 MDT,8/22/2026,12/31/1969 17:00 MST,F,Y,4,657,3.35,5.33,7.6,8.97,67.71,3.46,62.78,35.79,30.0,60.0,0.0,0
MUSIC MOUNTAIN,20119,AMUS,35.61497,-113.79428,5375,8/23/2026 15:00 MDT,8/23/2026 15:52 MDT,8/23/2026 16:00 MDT,8/23/2026 16:00 MDT,8/22/2026,12/31/1969 17:00 MST,F,Y,4,551,4.19,6.16,8.43,10.49,65.97,5.61,55.87,42.35,30.0,60.0,0.12,0
TRUXTON CANYON,20120,ATRU,35.78013,-113.79563,5304,8/23/2026 16:00 MDT,8/23/2026 16:14 MDT,8/23/2026 16:00 MDT,8/23/2026 16:00 MDT,8/22/2026,12/31/1969 17:00 MST,F,Y,4,273,4.3,5.58,8.02,10.14,60.35,4.43,57.68,38.55,30.0,60.0,0.17,0
CIBOLA,20121,ACBL,33.28,-114.68489,252,8/23/2026 15:48 MDT,8/23/2026 15:48 MDT,8/23/2026 16:00 MDT,8/23/2026 16:00 MDT,8/22/2026,12/31/1969 17:00 MST,O,Y,4,749,5.33,6.42,7.98,8.85,55.63,4.35,60.4,39.05,30.0,60.0,0.0,0
TUSAYAN,20207,ATUS,35.98833,-112.12056,6570,8/23/2026 16:00 MDT,8/23/2026 16:08 MDT,8/23/2026 16:00 MDT,8/23/2026 16:00 MDT,8/22/2026,12/31/1969 17:00 MST,F,Y,4,353,4.57,7.92,13.02,15.13,37.69,1.92,37.96,21.62,30.0,60.0,0.22,0
FLAGSTAFF,20209,AFLG,35.14111,-111.6725,6903,8/23/2026 16:00 MDT,8/23/2026 16:06 MDT,8/23/2026 16:00 MDT,8/23/2026 16:00 MDT,8/22/2026,12/31/1969 17:00 MST,F,Y,4,289,5.45,8.53,12.37,14.52,36.43,2.54,39.12,24.97,52.02,74.01,0.37,0
BRIGHT ANGEL,20211,ACAN,36.20472,-112.06222,8134,8/23/2026 16:00 MDT,8/23/2026 16:07 MDT,8/23/2026 16:00 MDT,8/23/2026 16:00 MDT,8/22/2026,12/31/1969 17:00 MST,F,Y,4,271,5.17,7.44,10.47,12.56,48.92,4.05,46.51,33.51,71.34,86.3,0.43,0
DRY PARK,20212,ADRY,36.45308,-112.23819,8700,8/23/2026 15:38 MDT,8/23/2026 15:38 MDT,8/23/2026 16:00 MDT,8/23/2026 16:00 MDT,8/22/2026,12/31/1969 17:00 MST,O,Y,4,100,8.2,10.92,12.42,14.35,16.09,1.46,36.69,18.79,149.98,136.35,0.68,0
FRAZIER WELLS,20213,AFRA,35.84551,-113.05501,6796,8/23/2026 16:00 MDT,8/23/2026 16:27 MDT,8/23/2026 16:00 MDT,8/23/2026 16:00 MDT,8/22/2026,12/31/1969 17:00 MST,F,Y,4,98,4.96,6.77,9.61,11.48,49.34,3.81,50.82,33.95,57.43,77.45,0.39,0
MORMON LAKE,20215,AMOL,34.90972,-111.43842,7094,8/23/2026 16:00 MDT,8/23/2026 16:03 MDT,8/23/2026 16:00 MDT,8/23/2026 16:00 MDT,8/22/2026,12/31/1969 17:00 MST,F,Y,4,289,34.9,9.34,13.68,15.22,0.0,0.0,21.62,0.0,67.17,83.65,0.42,0
WARM SPRINGS CANYON,20216,AWAR,36.70117,-112.22689,7953,8/23/2026 15:47 MDT,8/23/2026 15:47 MDT,8/23/2026 16:00 MDT,8/23/2026 16:00 MDT,8/22/2026,12/31/1969 17:00 MST,O,Y,4,349,7.76,9.27,12.02,13.42,19.44,1.63,40.29,20.65,67.28,83.72,0.42,0
YELLOW JOHN MOUNTAIN,20217,AYEL,36.155,-113.54944,6160,8/23/2026 15:00 MDT,8/23/2026 15:50 MDT,8/23/2026 16:00 MDT,8/23/2026 16:00 MDT,8/22/2026,12/31/1969 17:00 MST,F,Y,4,289,4.77,7.8,11.46,13.78,43.56,2.71,42.5,26.7,30.0,60.0,0.18,0
OAK CREEK,20219,AOAK,34.94686,-111.75444,4804,8/23/2026 16:00 MDT,8/23/2026 16:03 MDT,8/23/2026 16:00 MDT,8/23/2026 16:00 MDT,8/22/2026,12/31/1969 17:00 MST,F,Y,4,579,4.06,6.6,9.81,11.71,45.01,2.21,50.72,26.36,30.0,60.0,0.09,0
LINDBERGH HILL,20220,ALBE,36.28556,-112.07861,8800,8/23/2026 16:00 MDT,8/23/2026 16:08 MDT,8/23/2026 16:00 MDT,8/23/2026 16:00 MDT,8/22/2026,12/31/1969 17:00 MST,F,Y,4,400,5.39,7.72,10.55,12.42,40.61,3.08,46.5,29.53,80.59,92.2,0.46,0
PROMONTORY,20221,APRO,34.36528,-111.01444,7842,8/23/2026 15:49 MDT,8/23/2026 15:49 MDT,8/23/2026 16:00 MDT,8/23/2026 16:00 MDT,8/22/2026,12/31/1969 17:00 MST,O,Y,4,130,6.59,8.28,11.66,13.82,27.67,2.12,40.86,23.45,167.61,147.57,0.74,0
GUNSIGHT,20223,AGUN,36.70464,-112.5835,5284,8/23/2026 15:34 MDT,8/23/2026 15:34 MDT,8/23/2026 16:00 MDT,8/23/2026 16:00 MDT,8/22/2026,12/31/1969 17:00 MST,O,Y,4,526,4.58,6.85,9.37,10.94,53.9,3.95,52.83,35.12,30.0,60.0,0.14,0
BUCKSKIN MTN,20224,ABUC,36.91808,-112.19981,6334,8/23/2026 15:33 MDT,8/23/2026 15:33 MDT,8/23/2026 16:00 MDT,8/23/2026 16:00 MDT,8/22/2026,12/31/1969 17:00 MST,O,Y,4,421,5.98,7.76,9.37,11.24,38.58,3.21,50.42,31.23,30.0,60.0,0.2,0
PARIA POINT,20226,APAR,36.72753,-111.822,7106,8/23/2026 16:00 MDT,8/23/2026 16:00 MDT,8/23/2026 16:00 MDT,8/23/2026 16:00 MDT,8/22/2026,12/31/1969 17:00 MST,F,Y,4,402,4.72,6.59,9.49,10.72,41.68,2.49,53.41,28.55,30.0,60.0,0.24,0
FOUR SPRINGS,20227,AFOU,36.79367,-112.04239,6560,8/23/2026 16:00 MDT,8/23/2026 16:19 MDT,8/23/2026 16:00 MDT,8/23/2026 16:00 MDT,8/22/2026,12/31/1969 17:00 MST,F,Y,4,289,4.61,6.66,9.64,10.64,46.78,3.03,53.52,31.26,30.0,60.0,0.25,0
GREENBASE,20284,AGRB,35.27619,-112.06325,6923,8/23/2026 16:00 MDT,8/23/2026 16:16 MDT,8/23/2026 16:00 MDT,8/23/2026 16:00 MDT,8/22/2026,12/31/1969 17:00 MST,F,Y,4,229,5.58,8.54,14.04,16.89,38.96,3.01,32.38,24.76,62.09,80.42,0.4,0
HAPPY JACK,20291,AHJK,34.61797,-111.34239,6812,8/23/2026 16:00 MDT,8/23/2026 16:02 MDT,8/23/2026 16:00 MDT,8/23/2026 16:00 MDT,8/22/2026,12/31/1969 17:00 MST,F,Y,4,386,34.88,9.69,13.48,15.79,0.0,0.0,20.63,0.0,59.58,78.83,0.39,0
HEBER,20301,AHBR,34.39778,-110.56444,6635,8/23/2026 16:00 MDT,8/23/2026 16:03 MDT,8/23/2026 16:00 MDT,8/23/2026 16:00 MDT,8/22/2026,12/31/1969 17:00 MST,F,Y,4,225,6.03,8.64,13.1,15.13,31.31,2.21,36.71,22.73,30.0,60.0,0.29,0
LAKESIDE,20303,ALAK,34.16283,-109.87639,7267,8/23/2026 16:00 MDT,8/23/2026 16:00 MDT,8/23/2026 16:00 MDT,8/23/2026 16:00 MDT,8/22/2026,12/31/1969 17:00 MST,F,Y,4,21,6.86,9.5,15.39,17.09,25.85,2.07,29.88,20.08,73.29,87.55,0.44,0
NAVAJO MONUMENT,20307,ANAV,36.67667,-110.54389,7204,8/23/2026 15:36 MDT,8/23/2026 15:36 MDT,8/23/2026 16:00 MDT,8/23/2026 16:00 MDT,8/22/2026,12/31/1969 17:00 MST,O,Y,4,202,5.07,7.9,10.36,11.66,32.93,1.84,48.84,23.81,30.0,60.0,0.14,0
LIMESTONE CANYON,20309,ALIM,34.17786,-110.27663,7102,8/23/2026 16:00 MDT,8/23/2026 16:24 MDT,8/23/2026 16:00 MDT,8/23/2026 16:00 MDT,8/22/2026,12/31/1969 17:00 MST,F,Y,4,340,5.57,8.11,11.21,12.51,34.35,2.3,45.3,25.5,30.77,60.49,0.3,0
MOUNTAIN LION,20310,AFAP,33.69511,-109.71078,7269,8/23/2026 16:00 MDT,8/23/2026 16:14 MDT,8/23/2026 16:00 MDT,8/23/2026 16:00 MDT,8/22/2026,12/31/1969 17:00 MST,F,Y,4,73,6.31,8.86,13.28,15.7,25.33,1.65,35.01,19.47,124.13,119.9,0.6,0
HOPI,20312,AHPI,35.86292,-110.61495,5579,8/23/2026 16:00 MDT,8/23/2026 16:13 MDT,8/23/2026 16:00 MDT,8/23/2026 16:00 MDT,8/22/2026,12/31/1969 17:00 MST,F,Y,4,476,4.04,7.22,11.3,12.44,62.03,4.14,46.91,33.99,30.0,60.0,0.07,0
ALPINE,20401,AALP,33.84272,-109.11161,8207,8/23/2026 16:00 MDT,8/23/2026 16:16 MDT,8/23/2026 16:00 MDT,8/23/2026 16:00 MDT,8/22/2026,12/31/1969 17:00 MST,F,Y,4,86,6.84,9.41,13.77,15.61,25.12,2.08,34.28,21.42,141.87,131.19,0.66,0
PINEY HILL,20402,APIN,35.76111,-109.16719,8061,8/23/2026 15:41 MDT,8/23/2026 15:41 MDT,8/23/2026 16:00 MDT,8/23/2026 16:00 MDT,8/22/2026,12/31/1969 17:00 MST,O,Y,4,188,7.12,11.91,11.73,12.59,20.95,1.55,41.57,20.48,49.92,72.68,0.36,0
GREER,20404,AGRE,34.05853,-109.44097,8240,8/23/2026 15:35 MDT,8/23/2026 15:35 MDT,8/23/2026 16:00 MDT,8/23/2026 16:00 MDT,8/22/2026,12/31/1969 17:00 MST,O,Y,4,60,12.93,11.5,14.98,16.15,6.65,1.56,28.21,17.18,162.77,144.49,0.72,0
IRON SPRINGS,20501,AIRO,34.59361,-112.51139,5385,8/23/2026 16:00 MDT,8/23/2026 16:06 MDT,8/23/2026 16:00 MDT,8/23/2026 16:00 MDT,8/22/2026,12/31/1969 17:00 MST,F,Y,4,384,4.84,6.89,10.69,13.11,43.08,2.7,45.37,27.47,30.0,60.0,0.22,0
CROWN KING,20502,ACRO,34.20336,-112.34561,6173,8/23/2026 16:00 MDT,8/23/2026 16:27 MDT,8/23/2026 16:00 MDT,8/23/2026 16:00 MDT,8/22/2026,12/31/1969 17:00 MST,F,Y,4,384,4.93,6.93,10.44,12.46,37.1,2.03,47.24,24.55,30.0,60.0,0.25,0
VERDE,20503,AVER,34.54917,-111.84417,3101,8/23/2026 16:00 MDT,8/23/2026 16:05 MDT,8/23/2026 16:00 MDT,8/23/2026 16:00 MDT,8/22/2026,12/31/1969 17:00 MST,F,Y,4,557,11.29,7.58,10.16,12.08,12.21,1.67,44.03,21.72,30.0,60.0,0.06,0
GOODWIN MESA,20507,AGOO,34.77614,-113.3375,4311,8/23/2026 16:00 MDT,8/23/2026 16:20 MDT,8/23/2026 16:00 MDT,8/23/2026 16:00 MDT,8/22/2026,12/31/1969 17:00 MST,F,Y,4,453,3.71,5.35,9.19,11.33,70.62,4.7,53.46,38.24,30.0,60.0,0.12,0
HUMBUG CREEK,20508,AHUM,34.11,-112.3,5250,8/23/2026 15:48 MDT,8/23/2026 15:48 MDT,8/23/2026 16:00 MDT,8/23/2026 16:00 MDT,8/22/2026,12/31/1969 17:00 MST,O,Y,4,265,4.92,5.95,8.71,10.64,44.29,2.95,54.72,31.23,30.0,60.0,0.19,0
STANTON,20509,ASTA,34.16403,-112.73486,3600,8/23/2026 16:00 MDT,8/23/2026 16:01 MDT,8/23/2026 16:00 MDT,8/23/2026 16:00 MDT,8/22/2026,12/31/1969 17:00 MST,F,Y,4,547,4.02,4.84,6.97,8.81,58.5,3.55,63.85,36.46,30.0,60.0,0.07,0
SUNSET POINT,20510,ASUN,34.18847,-112.13467,3380,8/23/2026 15:00 MDT,8/23/2026 15:53 MDT,8/23/2026 16:00 MDT,8/23/2026 16:00 MDT,8/22/2026,12/31/1969 17:00 MST,F,Y,4,622,4.02,5.82,7.88,9.53,56.47,3.22,59.79,33.85,30.0,60.0,0.04,0
CHERRY,20511,ACHE,34.59661,-112.04761,5147,8/23/2026 16:00 MDT,8/23/2026 16:11 MDT,8/23/2026 16:00 MDT,8/23/2026 16:00 MDT,8/22/2026,12/31/1969 17:00 MST,F,Y,4,204,4.93,8.21,11.35,13.07,42.79,2.66,44.07,26.95,30.0,60.0,0.16,0
GLOBE,20601,AGLO,33.32694,-110.76694,4137,8/23/2026 16:00 MDT,8/23/2026 16:06 MDT,8/23/2026 16:00 MDT,8/23/2026 16:00 MDT,8/22/2026,12/31/1969 17:00 MST,F,Y,4,497,4.26,6.59,9.08,9.94,50.32,2.86,56.52,31.21,30.0,60.0,0.06,0
PAYSON,20602,APAY,34.24614,-111.2935,5064,8/23/2026 16:00 MDT,8/23/2026 16:11 MDT,8/23/2026 16:00 MDT,8/23/2026 16:00 MDT,8/22/2026,12/31/1969 17:00 MST,F,Y,4,387,4.92,8.33,10.34,11.77,43.14,2.67,48.39,28.16,30.0,60.0,0.12,0
PLEASANT VALLEY,20603,APLE,34.08858,-110.94225,5232,8/23/2026 16:00 MDT,8/23/2026 16:00 MDT,8/23/2026 16:00 MDT,8/23/2026 16:00 MDT,8/22/2026,12/31/1969 17:00 MST,F,Y,4,303,4.66,7.56,12.08,13.91,43.4,2.49,41.82,25.5,30.0,60.0,0.13,0
TONTO BASIN,20606,ATON,33.86861,-111.31333,2414,8/23/2026 16:00 MDT,8/23/2026 16:11 MDT,8/23/2026 16:00 MDT,8/23/2026 16:00 MDT,8/22/2026,12/31/1969 17:00 MST,F,Y,4,603,3.98,5.94,8.47,9.65,52.28,2.69,58.7,30.87,30.0,60.0,0.0,0
SAN CARLOS #1,20608,ASCA,33.37165,-110.45683,2830,8/23/2026 16:00 MDT,8/23/2026 16:14 MDT,8/23/2026 16:00 MDT,8/23/2026 16:00 MDT,8/22/2026,12/31/1969 17:00 MST,F,Y,4,611,3.32,5.48,7.85,9.15,60.42,2.88,61.85,32.67,30.0,60.0,0.01,0
HILLTOP,20609,AHIL,33.61119,-110.41461,5732,8/23/2026 15:32 MDT,8/23/2026 15:32 MDT,8/23/2026 16:00 MDT,8/23/2026 16:00 MDT,8/22/2026,12/31/1969 17:00 MST,O,Y,4,90,4.97,9.33,13.54,15.36,38.68,2.19,36.07,22.46,30.0,60.0,0.27,0
RED LAKE,20610,ARED,34.18133,-110.78919,6524,8/23/2026 15:00 MDT,8/23/2026 15:59 MDT,8/23/2026 16:00 MDT,8/23/2026 16:00 MDT,8/22/2026,12/31/1969 17:00 MST,F,Y,4,100,5.83,10.4,16.49,18.21,27.86,1.59,27.01,16.95,52.31,74.2,0.37,0
SHADOW RIM,20611,ASHA,34.40586,-111.28319,5660,8/23/2026 16:00 MDT,8/23/2026 16:09 MDT,8/23/2026 16:00 MDT,8/23/2026 16:00 MDT,8/22/2026,12/31/1969 17:00 MST,F,Y,4,449,4.75,8.09,12.59,14.81,38.19,2.05,38.86,22.55,30.0,60.0,0.18,0
PINE,20612,APNE,34.37181,-111.4555,5313,8/23/2026 16:00 MDT,8/23/2026 16:22 MDT,8/23/2026 16:00 MDT,8/23/2026 16:00 MDT,8/22/2026,12/31/1969 17:00 MST,F,Y,4,464,4.97,8.16,11.08,12.69,40.36,2.42,45.3,26.1,30.0,60.0,0.16,0
HORSE CAMP CANYON,20903,AHOR,32.93656,-110.4935,4014,8/23/2026 16:00 MDT,8/23/2026 16:02 MDT,8/23/2026 16:00 MDT,8/23/2026 16:00 MDT,8/22/2026,12/31/1969 17:00 MST,F,Y,4,577,10.74,6.65,8.52,10.08,15.76,2.45,51.95,28.0,30.0,60.0,0.06,0
CASA GRANDE,20906,ACSG,32.99177,-111.53264,1412,8/23/2026 16:00 MDT,8/23/2026 16:22 MDT,8/23/2026 16:00 MDT,8/23/2026 16:00 MDT,8/22/2026,12/31/1969 17:00 MST,F,Y,4,687,3.94,5.74,9.07,10.78,55.67,2.96,54.79,31.27,30.0,60.0,0.0,0
COLUMBINE,21005,ACOL,32.70389,-109.91389,9521,8/23/2026 16:00 MDT,8/23/2026 16:02 MDT,8/23/2026 16:00 MDT,8/23/2026 16:00 MDT,8/22/2026,12/31/1969 17:00 MST,F,Y,4,41,6.84,8.9,14.2,17.43,22.06,1.59,30.32,17.9,239.55,193.35,0.97,0
MULESHOE RANCH,21007,AMUL,32.40383,-110.272,4475,8/23/2026 16:00 MDT,8/23/2026 16:03 MDT,8/23/2026 16:00 MDT,8/23/2026 16:00 MDT,8/22/2026,12/31/1969 17:00 MST,F,Y,4,376,4.12,7.16,9.82,11.76,49.36,2.63,50.18,28.45,30.0,60.0,0.11,0
BLACK HILLS,21008,ABLA,33.08203,-109.95119,3262,8/23/2026 15:00 MDT,8/23/2026 15:53 MDT,8/23/2026 16:00 MDT,8/23/2026 16:00 MDT,8/22/2026,12/31/1969 17:00 MST,F,Y,4,664,3.58,6.23,7.21,8.67,59.35,3.08,63.41,34.04,30.0,60.0,0.03,0
DRY LAKE,21009,ADRL,33.35982,-109.83306,7405,8/23/2026 16:00 MDT,8/23/2026 16:27 MDT,8/23/2026 16:00 MDT,8/23/2026 16:00 MDT,8/22/2026,12/31/1969 17:00 MST,F,Y,4,387,4.69,7.52,10.4,12.5,43.63,2.73,46.99,28.08,44.44,69.19,0.35,0
NOON CREEK,21010,ANOO,32.66778,-109.78806,4925,8/23/2026 15:37 MDT,8/23/2026 15:37 MDT,8/23/2026 16:00 MDT,8/23/2026 16:00 MDT,8/22/2026,12/31/1969 17:00 MST,O,Y,4,464,3.54,6.0,8.5,10.15,56.21,2.81,57.43,31.2,30.0,60.0,0.1,0
GUTHRIE,21104,AGUT,32.88203,-109.30931,6324,8/23/2026 16:00 MDT,8/23/2026 16:03 MDT,8/23/2026 16:00 MDT,8/23/2026 16:00 MDT,8/22/2026,12/31/1969 17:00 MST,F,Y,4,406,4.14,6.49,8.57,10.33,52.61,3.17,56.03,32.63,30.0,60.0,0.23,0
TRAIL CABIN,21105,ATRA,33.26478,-109.36789,6250,8/23/2026 15:35 MDT,8/23/2026 15:35 MDT,8/23/2026 16:00 MDT,8/23/2026 16:00 MDT,8/22/2026,12/31/1969 17:00 MST,O,Y,4,419,4.65,7.95,10.38,11.86,38.77,2.07,48.51,25.1,30.0,60.0,0.16,0
STRAY HORSE,21106,ASTH,33.55253,-109.31719,7956,8/23/2026 16:00 MDT,8/23/2026 16:19 MDT,8/23/2026 16:00 MDT,8/23/2026 16:00 MDT,8/22/2026,12/31/1969 17:00 MST,F,Y,4,116,5.71,10.06,10.86,12.22,33.87,2.48,45.19,26.4,125.12,120.53,0.6,0
SAGUARO,21202,ASAG,32.31111,-110.81861,2758,8/23/2026 16:00 MDT,8/23/2026 16:08 MDT,8/23/2026 16:00 MDT,8/23/2026 16:00 MDT,8/22/2026,12/31/1969 17:00 MST,F,Y,4,434,3.9,5.81,9.82,11.45,53.24,2.7,52.05,29.29,30.0,60.0,0.01,0
EMPIRE,21205,AEMP,31.78347,-110.64325,4650,8/23/2026 15:00 MDT,8/23/2026 15:53 MDT,8/23/2026 16:00 MDT,8/23/2026 16:00 MDT,8/22/2026,12/31/1969 17:00 MST,F,Y,4,287,5.22,9.68,11.97,14.25,38.89,2.35,39.64,24.25,30.0,60.0,0.17,0
SASABE,21206,ASAS,31.69169,-111.44811,3500,8/23/2026 16:00 MDT,8/23/2026 16:05 MDT,8/23/2026 16:00 MDT,8/23/2026 16:00 MDT,8/22/2026,12/31/1969 17:00 MST,F,Y,4,610,4.88,8.89,12.75,14.09,44.15,2.67,39.97,25.78,30.0,60.0,0.05,0
RINCON,21207,ARIN,32.20639,-110.54861,8209,8/23/2026 15:37 MDT,8/23/2026 15:37 MDT,8/23/2026 16:00 MDT,8/23/2026 16:00 MDT,8/22/2026,12/31/1969 17:00 MST,O,Y,4,24,34.55,8.64,11.41,14.09,0.0,0.0,25.55,0.0,187.61,160.3,0.8,0
SCOUT CAMP,21208,ASOL,32.39806,-110.725,7554,8/23/2026 15:37 MDT,8/23/2026 15:37 MDT,8/23/2026 16:00 MDT,8/23/2026 16:00 MDT,8/22/2026,12/31/1969 17:00 MST,O,Y,4,96,6.53,8.66,9.75,12.1,25.82,1.78,46.82,23.0,146.04,133.84,0.67,0
SELLS,21209,ASES,31.91014,-111.89743,2262,8/23/2026 16:00 MDT,8/23/2026 16:14 MDT,8/23/2026 16:00 MDT,8/23/2026 16:00 MDT,8/22/2026,12/31/1969 17:00 MST,F,Y,4,516,4.51,6.6,9.4,11.08,49.01,2.79,52.59,29.85,30.0,60.0,0.02,0
HOPKINS,21302,AHPK,31.67528,-110.88,7120,8/23/2026 16:00 MDT,8/23/2026 16:19 MDT,8/23/2026 16:00 MDT,8/23/2026 16:00 MDT,8/22/2026,12/31/1969 17:00 MST,F,Y,4,449,6.56,10.07,10.22,11.97,29.6,2.33,45.88,25.82,30.0,60.0,0.28,0
CANELO,21303,ACNL,31.54972,-110.51917,4629,8/23/2026 16:00 MDT,8/23/2026 16:08 MDT,8/23/2026 16:00 MDT,8/23/2026 16:00 MDT,8/22/2026,12/31/1969 17:00 MST,F,Y,4,127,5.13,8.31,12.14,14.27,40.71,2.61,40.2,25.61,30.0,60.0,0.27,0
HEADQUARTERS,21409,ACHR,32.00611,-109.35694,5400,8/23/2026 15:37 MDT,8/23/2026 15:37 MDT,8/23/2026 16:00 MDT,8/23/2026 16:00 MDT,8/22/2026,12/31/1969 17:00 MST,O,Y,4,471,3.66,6.62,10.39,12.15,53.61,2.76,49.19,28.82,30.0,60.0,0.15,0
CARR,21411,ACAA,31.44111,-110.28611,5400,8/23/2026 16:00 MDT,8/23/2026 16:19 MDT,8/23/2026 16:00 MDT,8/23/2026 16:00 MDT,8/22/2026,12/31/1969 17:00 MST,F,Y,4,90,5.08,7.79,9.88,12.17,39.9,2.4,47.95,26.71,31.38,60.88,0.3,0
RUCKER,21414,ARUC,31.76111,-109.34861,5700,8/23/2026 15:00 MDT,8/23/2026 15:57 MDT,8/23/2026 16:00 MDT,8/23/2026 16:00 MDT,8/22/2026,12/31/1969 17:00 MST,F,Y,4,62,4.79,8.48,10.86,13.96,41.48,2.46,42.2,25.45,62.89,80.93,0.4,0
SMITH PEAK,21501,ASMI,34.11486,-113.34733,2386,8/23/2026 15:00 MDT,8/23/2026 15:53 MDT,8/23/2026 16:00 MDT,8/23/2026 16:00 MDT,8/22/2026,12/31/1969 17:00 MST,F,Y,4,657,3.44,4.68,6.44,8.03,61.6,3.14,67.74,35.44,30.0,60.0,0.02,0
OATMAN,21502,AOAT,33.04994,-113.13867,1715,8/23/2026 15:00 MDT,8/23/2026 15:52 MDT,8/23/2026 16:00 MDT,8/23/2026 16:00 MDT,8/22/2026,12/31/1969 17:00 MST,F,Y,4,638,4.22,5.51,6.84,7.88,53.12,2.89,66.48,33.8,30.0,60.0,0.0,0
AHAKHAV PRESERVE,21503,AAHA,34.13222,-114.32917,363,8/23/2026 16:00 MDT,8/23/2026 16:26 MDT,8/23/2026 16:00 MDT,8/23/2026 16:00 MDT,8/22/2026,12/31/1969 17:00 MST,F,Y,4,746,3.49,5.07,8.31,9.95,74.2,4.44,58.91,38.97,30.0,60.0,0.0,0
BELMONT,21504,ABEL,33.67411,-112.92281,1813,8/23/2026 16:00 MDT,8/23/2026 16:01 MDT,8/23/2026 16:00 MDT,8/23/2026 16:00 MDT,8/22/2026,12/31/1969 17:00 MST,F,Y,4,693,3.58,4.66,6.49,8.31,60.12,3.1,66.61,34.92,30.0,60.0,0.01,0
GOLDFIELD,21505,AGOL,33.55531,-111.6145,1367,8/23/2026 16:00 MDT,8/23/2026 16:23 MDT,8/23/2026 16:00 MDT,8/23/2026 16:00 MDT,8/22/2026,12/31/1969 17:00 MST,F,Y,4,684,3.73,5.52,8.89,10.39,55.88,2.76,56.45,30.68,30.0,60.0,0.0,0
WASHINGTON PASS,290101,XWAS,36.0765,-108.8615,9384,8/23/2026 15:41 MDT,8/23/2026 15:41 MDT,8/23/2026 16:00 MDT,8/23/2026 16:00 MDT,8/22/2026,12/31/1969 17:00 MST,O,Y,4,252,6.96,11.93,12.15,13.18,21.4,1.57,39.85,20.18,114.3,113.65,0.57,0
ALBINO CANYON,290102,XALB,36.97661,-107.62892,7173,8/23/2026 16:00 MDT,8/23/2026 16:26 MDT,8/23/2026 16:00 MDT,8/23/2026 16:00 MDT,8/22/2026,12/31/1969 17:00 MST,F,Y,4,485,5.12,9.12,9.65,9.87,55.52,5.46,53.86,41.13,30.0,60.0,0.03,0
STONE LAKE,290201,XSTO,36.73161,-106.86581,7436,8/23/2026 15:33 MDT,8/23/2026 15:33 MDT,8/23/2026 16:00 MDT,8/23/2026 16:00 MDT,8/22/2026,12/31/1969 17:00 MST,O,Y,4,487,6.52,13.11,14.56,12.33,28.69,2.11,39.48,23.0,30.0,60.0,0.07,0
COYOTE,290202,XCOY,36.07333,-106.65739,8704,8/23/2026 15:48 MDT,8/23/2026 15:48 MDT,8/23/2026 16:00 MDT,8/23/2026 16:00 MDT,8/22/2026,12/31/1969 17:00 MST,O,Y,4,222,8.47,12.62,16.69,14.24,15.12,1.33,32.63,17.08,47.17,70.92,0.35,0
DEADMAN PEAK,290203,XDEA,36.4229,-106.772,8389,8/23/2026 16:00 MDT,8/23/2026 16:07 MDT,8/23/2026 16:00 MDT,8/23/2026 16:00 MDT,8/22/2026,12/31/1969 17:00 MST,F,Y,4,492,4.75,8.72,10.79,11.69,57.64,5.26,48.06,38.36,30.0,60.0,0.01,0
JARITA MESA,290204,XJAR,36.55597,-106.10306,8864,8/23/2026 16:00 MDT,8/23/2026 16:16 MDT,8/23/2026 16:00 MDT,8/23/2026 16:00 MDT,8/22/2026,12/31/1969 17:00 MST,F,Y,4,196,5.79,9.22,12.14,12.97,40.36,3.52,42.54,30.16,30.0,60.0,0.29,0
DULCE #2,290205,XDUL,36.93519,-107.00011,6805,8/23/2026 16:00 MDT,8/23/2026 16:28 MDT,8/23/2026 16:00 MDT,8/23/2026 16:00 MDT,8/22/2026,12/31/1969 17:00 MST,F,Y,4,378,5.32,10.94,13.92,12.92,51.52,4.61,40.44,33.33,30.0,60.0,0.05,0
TRUCHAS,290210,XTRU,36.059,-105.7695,8353,8/23/2026 16:00 MDT,8/23/2026 16:11 MDT,8/23/2026 16:00 MDT,8/23/2026 16:00 MDT,8/22/2026,12/31/1969 17:00 MST,F,Y,4,249,5.69,9.5,14.29,14.4,42.72,3.84,37.17,29.49,30.0,60.0,0.17,0
BLACK MESA,290305,XBLM,36.03708,-106.04964,5762,8/23/2026 15:34 MDT,8/23/2026 15:34 MDT,8/23/2026 16:00 MDT,8/23/2026 16:00 MDT,8/22/2026,12/31/1969 17:00 MST,O,Y,4,612,7.59,12.81,13.34,11.66,20.74,1.64,41.7,21.01,30.0,60.0,0.0,0
WILD RIVERS,290307,XWDR,36.69469,-105.66872,7530,8/23/2026 15:49 MDT,8/23/2026 15:49 MDT,8/23/2026 16:00 MDT,8/23/2026 16:00 MDT,8/22/2026,12/31/1969 17:00 MST,O,Y,4,521,8.69,10.94,13.33,13.74,16.21,1.55,37.06,19.39,30.0,60.0,0.0,0
CIMARRON,290401,XCIM,36.60611,-105.12028,8806,8/23/2026 16:00 MDT,8/23/2026 16:09 MDT,8/23/2026 16:00 MDT,8/23/2026 16:00 MDT,8/22/2026,12/31/1969 17:00 MST,F,Y,4,221,6.79,10.1,13.59,14.83,27.05,2.29,35.84,22.85,120.71,117.72,0.59,0
ZUNI BUTTES,290603,XZUB,35.13919,-108.94131,6649,8/23/2026 15:42 MDT,8/23/2026 15:42 MDT,8/23/2026 16:00 MDT,8/23/2026 16:00 MDT,8/22/2026,12/31/1969 17:00 MST,O,Y,4,228,6.86,12.15,14.88,13.57,26.32,2.06,36.63,22.01,30.0,60.0,0.06,0
JEMEZ,290702,XJEM,35.84114,-106.61969,8248,8/23/2026 16:00 MDT,8/23/2026 16:08 MDT,8/23/2026 16:00 MDT,8/23/2026 16:00 MDT,8/22/2026,12/31/1969 17:00 MST,F,Y,4,315,11.13,9.81,12.94,14.01,13.64,2.62,35.94,24.36,30.0,60.0,0.24,0
CUBA,290705,XCUB,35.942,-107.07739,6890,8/23/2026 15:41 MDT,8/23/2026 15:41 MDT,8/23/2026 16:00 MDT,8/23/2026 16:00 MDT,8/22/2026,12/31/1969 17:00 MST,O,Y,4,474,5.58,9.48,12.44,13.01,37.59,2.75,42.14,26.8,30.0,60.0,0.07,0
SANDIA LAKES,290706,XSLK,35.22967,-106.59061,5027,8/23/2026 15:42 MDT,8/23/2026 15:42 MDT,8/23/2026 16:00 MDT,8/23/2026 16:00 MDT,8/22/2026,12/31/1969 17:00 MST,O,Y,4,678,4.73,10.88,14.02,11.36,41.33,2.22,44.69,24.97,30.0,60.0,0.0,0
TOWER,290801,XTOW,35.77899,-106.26611,6529,8/23/2026 16:00 MDT,8/23/2026 16:08 MDT,8/23/2026 16:00 MDT,8/23/2026 16:00 MDT,8/22/2026,12/31/1969 17:00 MST,F,Y,4,533,22.11,22.76,10.48,11.22,0.38,0.94,31.93,14.42,30.0,60.0,0.02,0
SANTA FE WATERSHED,290901,XSFW,35.68686,-105.86031,7749,8/23/2026 15:00 MDT,8/23/2026 15:53 MDT,8/23/2026 16:00 MDT,8/23/2026 16:00 MDT,8/22/2026,12/31/1969 17:00 MST,F,Y,4,371,5.76,9.91,13.42,14.01,43.13,3.82,38.56,29.92,30.0,60.0,0.19,0
BARTLEY,291002,XBAR,35.90875,-105.38769,9192,8/23/2026 16:00 MDT,8/23/2026 16:04 MDT,8/23/2026 16:00 MDT,8/23/2026 16:00 MDT,8/22/2026,12/31/1969 17:00 MST,F,Y,4,127,6.24,9.36,12.94,13.75,37.81,3.69,39.58,29.8,116.72,115.18,0.58,0
MILLS CANYON,291101,XMIL,36.05453,-104.32511,5881,8/23/2026 16:00 MDT,8/23/2026 16:05 MDT,8/23/2026 16:00 MDT,8/23/2026 16:00 MDT,8/22/2026,12/31/1969 17:00 MST,F,Y,4,540,4.46,8.4,10.21,11.97,58.81,4.31,48.26,35.06,30.0,60.0,0.09,0
PECOS,291202,XPEC,35.54558,-105.49439,8229,8/23/2026 16:00 MDT,8/23/2026 16:14 MDT,8/23/2026 16:00 MDT,8/23/2026 16:00 MDT,8/22/2026,12/31/1969 17:00 MST,F,Y,4,81,5.17,9.07,12.02,12.69,53.94,5.06,43.83,36.11,48.53,71.79,0.36,0
BRUSHY MOUNTAIN,291301,XBRU,34.72,-107.8484,8789,8/23/2026 15:49 MDT,8/23/2026 15:49 MDT,8/23/2026 16:00 MDT,8/23/2026 16:00 MDT,8/22/2026,12/31/1969 17:00 MST,O,Y,4,212,34.79,13.03,13.17,14.22,0.0,0.0,22.33,0.0,67.4,83.8,0.42,0
GRANTS,291302,XGRA,35.24278,-107.66528,8620,8/23/2026 16:00 MDT,8/23/2026 16:16 MDT,8/23/2026 16:00 MDT,8/23/2026 16:00 MDT,8/22/2026,12/31/1969 17:00 MST,F,Y,4,130,6.02,9.29,14.17,15.1,35.03,2.9,35.6,25.43,79.7,91.63,0.46,0
OAK FLATS,291402,XOAK,35.00614,-106.31583,7675,8/23/2026 16:00 MDT,8/23/2026 16:04 MDT,8/23/2026 16:00 MDT,8/23/2026 16:00 MDT,8/22/2026,12/31/1969 17:00 MST,F,Y,4,455,5.12,8.02,11.53,12.77,48.05,3.74,44.68,31.7,30.0,60.0,0.13,0
SANDIA LAB,291408,XSLB,35.00406,-106.41148,6321,8/23/2026 15:00 MDT,8/23/2026 15:53 MDT,8/23/2026 16:00 MDT,8/23/2026 16:00 MDT,8/22/2026,12/31/1969 17:00 MST,F,Y,4,264,5.91,8.32,9.93,10.55,42.86,3.8,51.52,34.12,30.0,60.0,0.08,0
MOUNTAINAIR,291501,XMOU,34.52081,-106.26269,6593,8/23/2026 16:00 MDT,8/23/2026 16:05 MDT,8/23/2026 16:00 MDT,8/23/2026 16:00 MDT,8/22/2026,12/31/1969 17:00 MST,F,Y,4,472,4.47,7.9,11.1,12.6,55.64,3.97,46.0,33.02,30.0,60.0,0.08,0
MELROSE RANGE,291901,XMEL,34.28422,-103.71497,4263,8/23/2026 16:00 MDT,8/23/2026 16:14 MDT,8/23/2026 16:00 MDT,8/23/2026 16:00 MDT,8/22/2026,12/31/1969 17:00 MST,F,Y,4,654,3.4,5.74,8.85,9.92,76.79,5.66,58.03,43.28,30.0,60.0,0.0,0
BEAVERHEAD,292001,XBEA,33.42353,-108.11019,6750,8/23/2026 16:00 MDT,8/23/2026 16:08 MDT,8/23/2026 16:00 MDT,8/23/2026 16:00 MDT,8/22/2026,12/31/1969 17:00 MST,F,Y,4,183,5.12,9.58,15.66,17.27,34.3,1.97,30.16,19.69,30.0,60.0,0.24,0
LUNA,292004,XLUN,33.82289,-108.94311,7088,8/23/2026 16:00 MDT,8/23/2026 16:07 MDT,8/23/2026 16:00 MDT,8/23/2026 16:00 MDT,8/22/2026,12/31/1969 17:00 MST,F,Y,4,264,5.48,9.67,16.13,17.93,41.54,3.3,28.28,24.26,30.67,60.43,0.3,0
RESERVE,292005,XRES,33.71489,-108.777,5846,8/23/2026 16:00 MDT,8/23/2026 16:08 MDT,8/23/2026 16:00 MDT,8/23/2026 16:00 MDT,8/22/2026,12/31/1969 17:00 MST,F,Y,4,458,4.65,9.53,14.82,16.35,46.46,2.97,32.98,24.8,30.0,60.0,0.1,0
SLAUGHTER,292008,XSLA,34.06056,-108.44472,8680,8/23/2026 16:00 MDT,8/23/2026 16:12 MDT,8/23/2026 16:00 MDT,8/23/2026 16:00 MDT,8/22/2026,12/31/1969 17:00 MST,F,Y,4,22,6.8,9.79,14.08,15.78,29.22,2.74,33.51,24.09,139.0,129.36,0.65,0
PELONA MOUNTAIN,292009,XPEL,33.69375,-108.06161,7955,8/23/2026 15:38 MDT,8/23/2026 15:38 MDT,8/23/2026 16:00 MDT,8/23/2026 16:00 MDT,8/22/2026,12/31/1969 17:00 MST,O,Y,4,239,34.92,11.63,11.58,13.35,0.0,0.0,25.43,0.0,76.27,89.44,0.45,0
GILA CENTER RAWS,292011,XGIL,33.22375,-108.24031,5767,8/23/2026 16:00 MDT,8/23/2026 16:13 MDT,8/23/2026 16:00 MDT,8/23/2026 16:00 MDT,8/22/2026,12/31/1969 17:00 MST,F,Y,4,277,4.66,10.12,15.14,16.11,38.73,2.05,32.96,20.89,30.0,60.0,0.11,0
DATIL,292012,XDAT,34.29256,-107.768,8431,8/23/2026 16:00 MDT,8/23/2026 16:11 MDT,8/23/2026 16:00 MDT,8/23/2026 16:00 MDT,8/22/2026,12/31/1969 17:00 MST,F,Y,4,178,34.86,12.22,13.21,14.5,0.0,0.0,22.1,0.0,92.15,99.55,0.5,0
MOGOLLON,292013,XMOG,33.39064,-108.80819,7602,8/23/2026 16:00 MDT,8/23/2026 16:13 MDT,8/23/2026 16:00 MDT,8/23/2026 16:00 MDT,8/22/2026,12/31/1969 17:00 MST,F,Y,4,165,5.06,8.27,11.07,12.43,40.26,2.63,45.88,27.31,56.93,77.14,0.39,0
CHUPADERA,292102,XCHU,33.77294,-106.0985,5580,8/23/2026 15:39 MDT,8/23/2026 15:39 MDT,8/23/2026 16:00 MDT,8/23/2026 16:00 MDT,8/22/2026,12/31/1969 17:00 MST,O,Y,4,519,3.91,7.2,10.15,10.88,53.46,2.95,52.49,30.61,30.0,60.0,0.01,0
BOSQUE,292103,XBOS,33.82064,-106.88169,4523,8/23/2026 15:00 MDT,8/23/2026 15:50 MDT,8/23/2026 16:00 MDT,8/23/2026 16:00 MDT,8/22/2026,12/31/1969 17:00 MST,F,Y,4,670,4.3,8.54,10.89,11.72,49.82,2.82,48.28,28.86,30.0,60.0,0.0,0
MAGDALENA,292104,XMAG,33.85061,-107.539,8495,8/23/2026 16:00 MDT,8/23/2026 16:03 MDT,8/23/2026 16:00 MDT,8/23/2026 16:00 MDT,8/22/2026,12/31/1969 17:00 MST,F,Y,4,60,5.68,8.32,11.79,13.7,30.04,1.89,41.57,22.42,113.34,113.04,0.57,0
SEVILLETA,292105,XSEV,34.35844,-106.6895,5246,8/23/2026 16:00 MDT,8/23/2026 16:11 MDT,8/23/2026 16:00 MDT,8/23/2026 16:00 MDT,8/22/2026,12/31/1969 17:00 MST,F,Y,4,558,4.13,7.48,10.87,11.66,56.07,3.46,49.22,31.96,30.0,60.0,0.0,0
SMOKEY BEAR,292203,XSMO,33.35019,-105.686,7194,8/23/2026 16:00 MDT,8/23/2026 16:00 MDT,8/23/2026 16:00 MDT,8/23/2026 16:00 MDT,8/22/2026,12/31/1969 17:00 MST,F,Y,4,103,5.29,8.19,13.3,15.9,44.04,3.38,35.42,27.18,30.0,60.0,0.27,0
EIGHT MILE DRAW,292301,XEIG,33.65064,-104.32139,3626,8/23/2026 15:37 MDT,8/23/2026 15:37 MDT,8/23/2026 16:00 MDT,8/23/2026 16:00 MDT,8/22/2026,12/31/1969 17:00 MST,O,Y,4,607,3.06,5.84,8.39,9.1,81.79,5.44,61.34,43.6,30.0,60.0,0.0,0
DUNKEN,292302,XDUN,32.82467,-105.18261,5431,8/23/2026 15:36 MDT,8/23/2026 15:36 MDT,8/23/2026 16:00 MDT,8/23/2026 16:00 MDT,8/22/2026,12/31/1969 17:00 MST,O,Y,4,488,3.43,6.18,8.42,9.63,75.62,5.23,59.09,42.06,30.0,60.0,0.02,0
BURRO MOUNTAIN,292504,XBUR,32.67203,-108.53969,6995,8/23/2026 15:00 MDT,8/23/2026 15:59 MDT,8/23/2026 16:00 MDT,8/23/2026 16:00 MDT,8/22/2026,12/31/1969 17:00 MST,F,Y,4,293,4.32,6.88,9.33,11.44,55.41,3.72,51.6,33.79,30.0,60.0,0.2,0
HACHITA VALLEY,292702,XHAC,31.702,-108.34169,4290,8/23/2026 15:40 MDT,8/23/2026 15:40 MDT,8/23/2026 16:00 MDT,8/23/2026 16:00 MDT,8/22/2026,12/31/1969 17:00 MST,O,Y,4,591,3.16,5.67,7.73,10.02,67.32,3.53,59.2,35.16,30.0,60.0,0.04,0
MCGREGGOR RANGE,292901,XMCG,32.43133,-105.62181,4832,8/23/2026 15:37 MDT,8/23/2026 15:37 MDT,8/23/2026 16:00 MDT,8/23/2026 16:00 MDT,8/22/2026,12/31/1969 17:00 MST,O,Y,4,598,3.09,5.54,7.47,9.49,79.96,5.44,61.29,43.57,30.0,60.0,0.01,0
DRIPPING SPRINGS,292903,XDRI,32.32225,-106.58661,5814,8/23/2026 16:00 MDT,8/23/2026 16:26 MDT,8/23/2026 16:00 MDT,8/23/2026 16:00 MDT,8/22/2026,12/31/1969 17:00 MST,F,Y,4,449,3.89,5.23,7.26,9.43,56.1,3.28,61.33,34.52,30.0,60.0,0.12,0
SAN ANDRES,292904,XSAA,32.58008,-106.52719,6137,8/23/2026 16:00 MDT,8/23/2026 16:01 MDT,8/23/2026 16:00 MDT,8/23/2026 16:00 MDT,8/22/2026,12/31/1969 17:00 MST,F,Y,4,493,3.95,5.53,7.65,9.7,52.63,2.96,59.77,32.57,30.0,60.0,0.09,0
MAYHILL,293002,XMAY,32.90947,-105.46981,6599,8/23/2026 16:00 MDT,8/23/2026 16:01 MDT,8/23/2026 16:00 MDT,8/23/2026 16:00 MDT,8/22/2026,12/31/1969 17:00 MST,F,Y,4,467,4.24,7.24,11.21,13.81,48.8,2.85,43.28,27.57,30.0,60.0,0.13,0
MESCAL,293003,XMES,33.15803,-105.76881,6227,8/23/2026 15:41 MDT,8/23/2026 15:41 MDT,8/23/2026 16:00 MDT,8/23/2026 16:00 MDT,8/22/2026,12/31/1969 17:00 MST,O,Y,4,217,5.16,8.71,13.17,15.92,40.05,2.6,35.32,24.08,36.38,64.06,0.32,0
COSMIC,293004,XCOS,32.77925,-105.81989,9172,8/23/2026 16:00 MDT,8/23/2026 16:15 MDT,8/23/2026 16:00 MDT,8/23/2026 16:00 MDT,8/22/2026,12/31/1969 17:00 MST,F,Y,4,71,6.1,7.96,12.09,13.96,31.48,2.42,40.62,24.83,199.84,168.08,0.84,0
BATDRAW,293101,XBAD,32.17861,-104.44056,4425,8/23/2026 15:00 MDT,8/23/2026 15:52 MDT,8/23/2026 16:00 MDT,8/23/2026 16:00 MDT,8/22/2026,12/31/1969 17:00 MST,F,Y,4,566,3.88,5.64,7.04,8.17,70.2,5.4,65.44,44.74,30.0,60.0,0.0,0
CAPROCK,293104,XCAP,32.92728,-103.85689,4167,8/23/2026 15:40 MDT,8/23/2026 15:40 MDT,8/23/2026 16:00 MDT,8/23/2026 16:00 MDT,8/22/2026,12/31/1969 17:00 MST,O,Y,4,493,3.63,5.43,7.48,8.81,73.6,5.55,63.17,44.57,30.0,60.0,0.0,0
QUEEN,293105,XQUN,32.20361,-104.69031,5642,8/23/2026 16:00 MDT,8/23/2026 16:13 MDT,8/23/2026 16:00 MDT,8/23/2026 16:00 MDT,8/22/2026,12/31/1969 17:00 MST,F,Y,4,241,3.83,5.92,8.04,10.0,69.6,5.42,58.22,42.46,30.0,60.0,0.0,0
PADUCA,293202,XPAD,32.17983,-103.722,3534,8/23/2026 15:39 MDT,8/23/2026 15:39 MDT,8/23/2026 16:00 MDT,8/23/2026 16:00 MDT,8/22/2026,12/31/1969 17:00 MST,O,Y,4,605,3.49,5.7,7.96,8.91,68.51,4.07,62.2,38.38,30.0,60.0,0.0,0
MALPAIS LAVA FLOW,293301,XMAL,34.85181,-108.17461,7514,8/23/2026 16:00 MDT,8/23/2026 16:25 MDT,8/23/2026 16:00 MDT,8/23/2026 16:00 MDT,8/22/2026,12/31/1969 17:00 MST,F,Y,4,180,5.61,9.4,15.12,16.18,42.08,3.56,32.67,26.84,30.0,60.0,0.27,0
BLUEWATER RIDGE,293303,XBLR,35.19411,-108.16336,8274,8/23/2026 16:00 MDT,8/23/2026 16:05 MDT,8/23/2026 16:00 MDT,8/23/2026 16:00 MDT,8/22/2026,12/31/1969 17:00 MST,F,Y,4,213,6.33,9.19,12.5,13.43,30.13,2.37,40.76,24.64,82.82,93.61,0.47,0
LAGUNA,293304,XLAG,35.05197,-107.42028,5805,8/23/2026 15:33 MDT,8/23/2026 15:33 MDT,8/23/2026 16:00 MDT,8/23/2026 16:00 MDT,8/22/2026,12/31/1969 17:00 MST,O,Y,4,546,34.96,15.12,9.89,10.12,0.0,0.0,31.51,0.0,30.0,60.0,0.01,0
RAMAH,293305,XRAM,34.81947,-108.29439,7645,8/23/2026 15:34 MDT,8/23/2026 15:34 MDT,8/23/2026 16:00 MDT,8/23/2026 16:00 MDT,8/22/2026,12/31/1969 17:00 MST,O,Y,4,313,5.47,9.12,13.76,15.47,49.24,4.57,35.49,31.28,30.0,60.0,0.27,0
10K,55522198,X10K,35.2085,-106.43586,10065,8/23/2026 15:38 MDT,8/23/2026 15:38 MDT,8/23/2026 16:00 MDT,8/23/2026 16:00 MDT,8/22/2026,12/31/1969 17:00 MST,O,Y,4,206,7.92,11.59,13.01,13.75,19.92,1.94,37.41,21.59,135.34,127.04,0.64,0
BAKERS TANK,55522210,AHBB,32.61528,-114.00836,563,8/23/2026 16:00 MDT,8/23/2026 16:07 MDT,8/23/2026 16:00 MDT,8/23/2026 16:00 MDT,8/22/2026,12/31/1969 17:00 MST,F,Y,4,740,4.37,5.15,6.77,7.69,58.74,3.73,67.38,38.28,30.0,60.0,0.0,0
CAVE CREEK,55522232,ACAV,34.0899,-111.8465,3477,8/23/2026 16:00 MDT,8/23/2026 16:20 MDT,8/23/2026 16:00 MDT,8/23/2026 16:00 MDT,8/22/2026,12/31/1969 17:00 MST,F,Y,4,544,3.57,5.59,8.19,9.52,59.1,3.08,59.99,33.21,30.0,60.0,0.03,0
CIPRIANO,55522238,ARIP,32.4235,-114.16211,1042,8/23/2026 15:00 MDT,8/23/2026 15:59 MDT,8/23/2026 16:00 MDT,8/23/2026 16:00 MDT,8/22/2026,12/31/1969 17:00 MST,F,Y,4,712,5.15,5.8,7.31,8.56,49.99,3.46,62.7,35.77,30.0,60.0,0.0,0
DEVILS HILLS,55522251,ADVH,32.42483,-113.79011,836,8/23/2026 16:00 MDT,8/23/2026 16:23 MDT,8/23/2026 16:00 MDT,8/23/2026 16:00 MDT,8/22/2026,12/31/1969 17:00 MST,F,Y,4,736,4.65,5.25,6.75,8.02,50.58,3.04,65.94,34.49,30.0,60.0,0.0,0
DUTCH KID,55522257,ADUT,35.12931,-112.28219,6505,8/23/2026 15:38 MDT,8/23/2026 15:38 MDT,8/23/2026 16:00 MDT,8/23/2026 16:00 MDT,8/22/2026,12/31/1969 17:00 MST,O,Y,4,115,9.08,12.55,16.34,16.77,12.77,1.24,27.44,15.26,30.0,60.0,0.28,0
FTHL YDMA,55522271,AFTH,32.48658,-114.4635,331,8/23/2026 15:38 MDT,8/23/2026 15:38 MDT,8/23/2026 16:00 MDT,8/23/2026 16:00 MDT,8/22/2026,12/31/1969 17:00 MST,O,Y,4,745,6.15,8.47,9.67,10.74,46.75,4.04,50.99,34.91,30.0,60.0,0.0,0
MIDNIGHT,55522315,XMID,36.77819,-105.34131,10815,8/23/2026 15:37 MDT,8/23/2026 15:37 MDT,8/23/2026 16:00 MDT,8/23/2026 16:00 MDT,8/22/2026,12/31/1969 17:00 MST,O,Y,4,72,10.96,15.53,17.87,17.04,8.5,1.28,23.85,14.51,197.38,166.51,0.83,0
MOHAWK DUNES,55522318,AMOD,32.68878,-113.74889,524,8/23/2026 16:00 MDT,8/23/2026 16:23 MDT,8/23/2026 16:00 MDT,8/23/2026 16:00 MDT,8/22/2026,12/31/1969 17:00 MST,F,Y,4,749,4.16,5.13,7.23,8.11,58.87,3.49,65.55,36.64,30.0,60.0,0.0,0
NEVERSHINE,55522326,ANEV,36.24753,-113.88851,2165,8/23/2026 16:00 MDT,8/23/2026 16:03 MDT,8/23/2026 16:00 MDT,8/23/2026 16:00 MDT,8/22/2026,12/31/1969 17:00 MST,F,Y,4,681,2.98,4.17,5.63,7.41,83.36,5.13,71.72,45.6,30.0,60.0,0.0,0
PICACHO PEAK,55522341,APIC,32.66314,-111.42154,1750,8/23/2026 16:00 MDT,8/23/2026 16:17 MDT,8/23/2026 16:00 MDT,8/23/2026 16:00 MDT,8/22/2026,12/31/1969 17:00 MST,F,Y,4,725,4.26,5.93,8.05,9.25,53.77,3.15,60.23,33.6,30.0,60.0,0.0,0
PINEDALE,55522344,APND,34.30617,-110.23661,6461,8/23/2026 15:38 MDT,8/23/2026 15:38 MDT,8/23/2026 16:00 MDT,8/23/2026 16:00 MDT,8/22/2026,12/31/1969 17:00 MST,O,Y,4,260,7.54,12.46,14.79,14.1,26.81,2.6,34.97,23.98,30.0,60.0,0.25,0
TANKS,55522384,ATNK,33.67314,-110.57431,5801,8/23/2026 15:38 MDT,8/23/2026 15:38 MDT,8/23/2026 16:00 MDT,8/23/2026 16:00 MDT,8/22/2026,12/31/1969 17:00 MST,O,Y,4,306,5.31,9.0,12.53,14.01,34.26,1.95,40.03,22.31,30.0,60.0,0.29,0
TAOS PUEBLO RAWS,55522385,XTAP,36.41461,-105.55689,7135,8/23/2026 16:00 MDT,8/23/2026 16:13 MDT,8/23/2026 16:00 MDT,8/23/2026 16:00 MDT,8/22/2026,12/31/1969 17:00 MST,F,Y,4,456,11.41,8.83,11.04,12.17,14.67,3.29,42.26,29.13,30.0,60.0,0.02,0
CEDAR RIDGE,55523718,ACED,32.59872,-110.76231,4735,8/23/2026 15:37 MDT,8/23/2026 15:37 MDT,8/23/2026 16:00 MDT,8/23/2026 16:00 MDT,8/22/2026,12/31/1969 17:00 MST,O,Y,4,330,5.01,6.03,8.88,10.41,47.93,3.5,55.13,33.87,30.0,60.0,0.13,0
RED CANYON,55523735,XRDC,34.62289,-106.40831,8070,8/23/2026 15:38 MDT,8/23/2026 15:38 MDT,8/23/2026 16:00 MDT,8/23/2026 16:00 MDT,8/22/2026,12/31/1969 17:00 MST,O,Y,4,279,6.11,10.84,13.58,11.85,29.25,1.99,42.98,23.29,30.0,60.0,0.27,0
SOWATS,55523737,ASOW,36.48242,-112.42281,7038,8/23/2026 15:39 MDT,8/23/2026 15:39 MDT,8/23/2026 16:00 MDT,8/23/2026 16:00 MDT,8/22/2026,12/31/1969 17:00 MST,O,Y,4,161,6.43,8.49,10.13,12.54,30.74,2.59,45.44,26.98,30.0,60.0,0.3,0
T BAR,55523738,XTBA,33.51789,-108.52419,8047,8/23/2026 15:39 MDT,8/23/2026 15:39 MDT,8/23/2026 16:00 MDT,8/23/2026 16:00 MDT,8/22/2026,12/31/1969 17:00 MST,O,Y,4,28,6.4,11.68,17.5,18.25,29.73,2.34,25.46,19.71,117.43,115.64,0.58,0
FORT YUMA,20102,AFYM,32.65222,-114.63417,185,8/23/2026 15:16 MDT,8/23/2026 15:16 MDT,8/23/2026 15:00 MDT,8/23/2026 15:00 MDT,8/22/2026,12/31/1969 17:00 MST,O,Z,4,745,6.71,8.28,8.25,9.53,47.13,19.92,101.61,99.88,30.0,60.0,0.0,0
MOUNT LOGAN,20107,AMTL,36.35306,-113.19917,7605,8/23/2026 14:33 MDT,8/23/2026 14:33 MDT,8/23/2026 15:00 MDT,8/23/2026 15:00 MDT,8/22/2026,12/31/1969 17:00 MST,O,Z,4,157,5.65,7.12,9.42,11.49,49.28,19.71,99.95,98.64,94.24,100.88,0.5,0
OLAF KNOLLS,20108,AOLA,36.50725,-113.81589,2974,8/23/2026 14:33 MDT,8/23/2026 14:33 MDT,8/23/2026 15:00 MDT,8/23/2026 15:00 MDT,8/22/2026,12/31/1969 17:00 MST,O,Z,4,632,3.09,4.85,6.18,7.88,81.9,33.35,131.0,142.28,30.0,60.0,0.02,0
TWEEDS POINT,20109,ATWE,36.58186,-113.732,5334,8/23/2026 14:33 MDT,8/23/2026 14:33 MDT,8/23/2026 15:00 MDT,8/23/2026 15:00 MDT,8/22/2026,12/31/1969 17:00 MST,O,Z,4,556,4.18,5.58,7.25,9.09,66.0,32.06,119.37,133.87,30.0,60.0,0.04,0
NIXON FLATS,20113,ANIX,36.38833,-113.15806,6500,8/23/2026 14:50 MDT,8/23/2026 14:50 MDT,8/23/2026 15:00 MDT,8/23/2026 15:00 MDT,8/22/2026,12/31/1969 17:00 MST,O,Z,4,307,5.05,9.26,13.09,14.09,49.52,14.97,82.9,79.73,30.0,60.0,0.26,0
BLACK ROCK,20114,ABRK,36.79436,-113.75056,7224,8/23/2026 14:50 MDT,8/23/2026 14:50 MDT,8/23/2026 15:00 MDT,8/23/2026 15:00 MDT,8/22/2026,12/31/1969 17:00 MST,O,Z,4,198,5.12,6.66,8.82,11.37,37.0,8.77,104.19,69.26,60.96,79.7,0.4,0
MOSS BASIN,20115,AMOS,35.03397,-113.89406,5920,8/23/2026 15:23 MDT,8/23/2026 15:23 MDT,8/23/2026 15:00 MDT,8/23/2026 15:00 MDT,8/22/2026,12/31/1969 17:00 MST,O,Z,4,399,5.87,7.87,11.13,13.12,39.89,12.45,90.15,76.16,30.0,60.0,0.27,0
UNION PASS,20116,AUNI,35.23233,-114.38194,3590,8/23/2026 14:52 MDT,8/23/2026 14:52 MDT,8/23/2026 15:00 MDT,8/23/2026 15:00 MDT,8/22/2026,12/31/1969 17:00 MST,O,Z,4,583,3.47,4.78,6.78,8.43,65.12,13.9,126.82,93.73,30.0,60.0,0.03,0
HURRICANE,20117,AHUR,36.69908,-113.20731,5445,8/23/2026 14:34 MDT,8/23/2026 14:34 MDT,8/23/2026 15:00 MDT,8/23/2026 15:00 MDT,8/22/2026,12/31/1969 17:00 MST,O,Z,4,412,5.29,7.27,9.29,10.83,44.17,13.11,102.4,82.69,30.0,60.0,0.18,0
HAVASU,20118,AHAV,34.80758,-114.53456,475,8/23/2026 14:52 MDT,8/23/2026 14:52 MDT,8/23/2026 15:00 MDT,8/23/2026 15:00 MDT,8/22/2026,12/31/1969 17:00 MST,O,Z,4,657,3.19,6.84,8.29,9.1,77.77,16.15,116.06,96.39,30.0,60.0,0.0,0
MUSIC MOUNTAIN,20119,AMUS,35.61497,-113.79428,5375,8/23/2026 14:52 MDT,8/23/2026 14:52 MDT,8/23/2026 15:00 MDT,8/23/2026 15:00 MDT,8/22/2026,12/31/1969 17:00 MST,O,Z,4,551,4.41,6.3,8.53,10.51,51.87,12.53,109.86,83.63,30.0,60.0,0.12,0
TRUXTON CANYON,20120,ATRU,35.78013,-113.79563,5304,8/23/2026 15:14 MDT,8/23/2026 15:14 MDT,8/23/2026 15:00 MDT,8/23/2026 15:00 MDT,8/22/2026,12/31/1969 17:00 MST,O,Z,4,273,4.91,5.85,8.05,10.18,46.09,11.98,111.68,82.55,30.0,60.0,0.17,0
CIBOLA,20121,ACBL,33.28,-114.68489,252,8/23/2026 14:48 MDT,8/23/2026 14:48 MDT,8/23/2026 15:00 MDT,8/23/2026 15:00 MDT,8/22/2026,12/31/1969 17:00 MST,O,Z,4,749,5.78,6.86,7.99,8.88,54.85,19.55,109.96,102.67,30.0,60.0,0.0,0
TUSAYAN,20207,ATUS,35.98833,-112.12056,6570,8/23/2026 15:08 MDT,8/23/2026 15:08 MDT,8/23/2026 15:00 MDT,8/23/2026 15:00 MDT,8/22/2026,12/31/1969 17:00 MST,O,Z,4,353,6.58,10.47,14.15,15.34,22.38,5.5,72.55,47.31,30.0,60.0,0.22,0
FLAGSTAFF,20209,AFLG,35.14111,-111.6725,6903,8/23/2026 15:06 MDT,8/23/2026 15:06 MDT,8/23/2026 15:00 MDT,8/23/2026 15:00 MDT,8/22/2026,12/31/1969 17:00 MST,O,Z,4,289,34.77,14.39,13.39,14.74,0.0,0.0,22.89,0.0,52.02,74.01,0.37,0
BRIGHT ANGEL,20211,ACAN,36.20472,-112.06222,8134,8/23/2026 15:07 MDT,8/23/2026 15:07 MDT,8/23/2026 15:00 MDT,8/23/2026 15:00 MDT,8/22/2026,12/31/1969 17:00 MST,O,Z,4,271,6.85,9.07,10.84,12.62,22.56,6.46,86.8,55.32,71.34,86.3,0.43,0
DRY PARK,20212,ADRY,36.45308,-112.23819,8700,8/23/2026 14:38 MDT,8/23/2026 14:38 MDT,8/23/2026 15:00 MDT,8/23/2026 15:00 MDT,8/22/2026,12/31/1969 17:00 MST,O,Z,4,100,8.24,11.41,12.39,14.36,15.33,4.96,72.34,45.05,149.98,136.35,0.68,0
FRAZIER WELLS,20213,AFRA,35.84551,-113.05501,6796,8/23/2026 15:27 MDT,8/23/2026 15:27 MDT,8/23/2026 15:00 MDT,8/23/2026 15:00 MDT,8/22/2026,12/31/1969 17:00 MST,O,Z,4,98,6.65,7.49,9.67,11.54,28.53,8.99,95.81,67.41,57.43,77.45,0.39,0
MORMON LAKE,20215,AMOL,34.90972,-111.43842,7094,8/23/2026 15:03 MDT,8/23/2026 15:03 MDT,8/23/2026 15:00 MDT,8/23/2026 15:00 MDT,8/22/2026,12/31/1969 17:00 MST,O,Z,4,289,34.99,22.49,15.05,15.31,0.0,0.0,11.09,0.0,67.17,83.65,0.42,0
WARM SPRINGS CANYON,20216,AWAR,36.70117,-112.22689,7953,8/23/2026 14:47 MDT,8/23/2026 14:47 MDT,8/23/2026 15:00 MDT,8/23/2026 15:00 MDT,8/22/2026,12/31/1969 17:00 MST,O,Z,4,349,8.58,9.51,12.06,13.44,13.24,4.06,77.82,42.49,67.28,83.72,0.42,0
YELLOW JOHN MOUNTAIN,20217,AYEL,36.155,-113.54944,6160,8/23/2026 14:50 MDT,8/23/2026 14:50 MDT,8/23/2026 15:00 MDT,8/23/2026 15:00 MDT,8/22/2026,12/31/1969 17:00 MST,O,Z,4,289,5.14,8.56,11.72,13.85,46.16,13.2,87.53,77.17,30.0,60.0,0.18,0
OAK CREEK,20219,AOAK,34.94686,-111.75444,4804,8/23/2026 15:03 MDT,8/23/2026 15:03 MDT,8/23/2026 15:00 MDT,8/23/2026 15:00 MDT,8/22/2026,12/31/1969 17:00 MST,O,Z,4,579,11.75,13.04,10.3,11.81,10.9,7.94,70.39,55.25,30.0,60.0,0.09,0
LINDBERGH HILL,20220,ALBE,36.28556,-112.07861,8800,8/23/2026 15:08 MDT,8/23/2026 15:08 MDT,8/23/2026 15:00 MDT,8/23/2026 15:00 MDT,8/22/2026,12/31/1969 17:00 MST,O,Z,4,400,5.91,8.11,10.64,12.44,23.36,4.85,92.08,49.82,80.59,92.2,0.46,0
PROMONTORY,20221,APRO,34.36528,-111.01444,7842,8/23/2026 14:49 MDT,8/23/2026 14:49 MDT,8/23/2026 15:00 MDT,8/23/2026 15:00 MDT,8/22/2026,12/31/1969 17:00 MST,O,Z,4,130,6.93,8.75,11.77,13.86,21.11,5.4,82.85,49.86,167.61,147.57,0.74,0
GUNSIGHT,20223,AGUN,36.70464,-112.5835,5284,8/23/2026 14:34 MDT,8/23/2026 14:34 MDT,8/23/2026 15:00 MDT,8/23/2026 15:00 MDT,8/22/2026,12/31/1969 17:00 MST,O,Z,4,526,4.67,7.23,9.42,10.96,60.57,30.33,103.51,122.21,30.0,60.0,0.14,0
BUCKSKIN MTN,20224,ABUC,36.91808,-112.19981,6334,8/23/2026 14:33 MDT,8/23/2026 14:33 MDT,8/23/2026 15:00 MDT,8/23/2026 15:00 MDT,8/22/2026,12/31/1969 17:00 MST,O,Z,4,421,6.23,8.04,9.38,11.26,37.89,13.68,96.87,82.19,30.0,60.0,0.2,0
PARIA POINT,20226,APAR,36.72753,-111.822,7106,8/23/2026 15:00 MDT,8/23/2026 15:00 MDT,8/23/2026 15:00 MDT,8/23/2026 15:00 MDT,8/22/2026,12/31/1969 17:00 MST,O,Z,4,402,6.76,8.8,9.95,10.78,29.37,10.23,93.5,70.73,30.0,60.0,0.24,0
FOUR SPRINGS,20227,AFOU,36.79367,-112.04239,6560,8/23/2026 15:19 MDT,8/23/2026 15:19 MDT,8/23/2026 15:00 MDT,8/23/2026 15:00 MDT,8/22/2026,12/31/1969 17:00 MST,O,Z,4,289,35.0,24.38,10.28,10.77,0.0,0.0,18.74,0.0,30.0,60.0,0.25,0
GREENBASE,20284,AGRB,35.27619,-112.06325,6923,8/23/2026 15:16 MDT,8/23/2026 15:16 MDT,8/23/2026 15:00 MDT,8/23/2026 15:00 MDT,8/22/2026,12/31/1969 17:00 MST,O,Z,4,229,35.0,24.6,16.77,17.44,0.0,0.0,4.92,0.0,62.09,80.42,0.4,0
HAPPY JACK,20291,AHJK,34.61797,-111.34239,6812,8/23/2026 15:02 MDT,8/23/2026 15:02 MDT,8/23/2026 15:00 MDT,8/23/2026 15:00 MDT,8/22/2026,12/31/1969 17:00 MST,O,Z,4,386,20.3,25.93,14.94,16.03,0.54,3.23,24.25,22.36,59.58,78.83,0.39,0
HEBER,20301,AHBR,34.39778,-110.56444,6635,8/23/2026 15:03 MDT,8/23/2026 15:03 MDT,8/23/2026 15:00 MDT,8/23/2026 15:00 MDT,8/22/2026,12/31/1969 17:00 MST,O,Z,4,225,6.19,10.7,14.11,15.33,27.88,6.73,73.01,52.07,30.0,60.0,0.29,0
LAKESIDE,20303,ALAK,34.16283,-109.87639,7267,8/23/2026 15:00 MDT,8/23/2026 15:00 MDT,8/23/2026 15:00 MDT,8/23/2026 15:00 MDT,8/22/2026,12/31/1969 17:00 MST,O,Z,4,21,7.11,11.89,16.9,17.33,15.47,3.05,60.5,33.18,73.29,87.55,0.44,0
NAVAJO MONUMENT,20307,ANAV,36.67667,-110.54389,7204,8/23/2026 14:36 MDT,8/23/2026 14:36 MDT,8/23/2026 15:00 MDT,8/23/2026 15:00 MDT,8/22/2026,12/31/1969 17:00 MST,O,Z,4,202,5.04,8.37,10.35,11.67,34.98,7.46,95.98,61.92,30.0,60.0,0.14,0
LIMESTONE CANYON,20309,ALIM,34.17786,-110.27663,7102,8/23/2026 15:24 MDT,8/23/2026 15:24 MDT,8/23/2026 15:00 MDT,8/23/2026 15:00 MDT,8/22/2026,12/31/1969 17:00 MST,O,Z,4,189,6.29,9.64,11.46,12.76,31.9,9.17,85.25,64.48,30.0,60.0,0.17,0
MOUNTAIN LION,20310,AFAP,33.69511,-109.71078,7269,8/23/2026 15:14 MDT,8/23/2026 15:14 MDT,8/23/2026 15:00 MDT,8/23/2026 15:00 MDT,8/22/2026,12/31/1969 17:00 MST,O,Z,4,73,6.87,9.8,13.63,15.8,21.55,5.4,73.4,47.18,124.13,119.9,0.6,0
HOPI,20312,AHPI,35.86292,-110.61495,5579,8/23/2026 15:13 MDT,8/23/2026 15:13 MDT,8/23/2026 15:00 MDT,8/23/2026 15:00 MDT,8/22/2026,12/31/1969 17:00 MST,O,Z,4,476,5.14,8.64,11.94,12.47,54.9,33.5,89.84,119.87,30.0,60.0,0.07,0
ALPINE,20401,AALP,33.84272,-109.11161,8207,8/23/2026 15:16 MDT,8/23/2026 15:16 MDT,8/23/2026 15:00 MDT,8/23/2026 15:00 MDT,8/22/2026,12/31/1969 17:00 MST,O,Z,4,86,6.71,11.06,14.48,15.72,23.65,6.48,69.83,50.14,141.87,131.19,0.66,0
PINEY HILL,20402,APIN,35.76111,-109.16719,8061,8/23/2026 14:41 MDT,8/23/2026 14:41 MDT,8/23/2026 15:00 MDT,8/23/2026 15:00 MDT,8/22/2026,12/31/1969 17:00 MST,O,Z,4,188,7.75,12.86,11.55,12.58,17.89,5.08,75.4,46.45,49.92,72.68,0.36,0
GREER,20404,AGRE,34.05853,-109.44097,8240,8/23/2026 14:35 MDT,8/23/2026 14:35 MDT,8/23/2026 15:00 MDT,8/23/2026 15:00 MDT,8/22/2026,12/31/1969 17:00 MST,O,Z,4,60,16.34,12.14,15.12,16.16,2.61,4.91,48.48,37.32,162.77,144.49,0.72,0
IRON SPRINGS,20501,AIRO,34.59361,-112.51139,5385,8/23/2026 15:06 MDT,8/23/2026 15:06 MDT,8/23/2026 15:00 MDT,8/23/2026 15:00 MDT,8/22/2026,12/31/1969 17:00 MST,O,Z,4,384,35.0,21.97,11.37,13.5,0.0,0.0,17.38,0.0,30.0,60.0,0.22,0
CROWN KING,20502,ACRO,34.20336,-112.34561,6173,8/23/2026 15:27 MDT,8/23/2026 15:27 MDT,8/23/2026 15:00 MDT,8/23/2026 15:00 MDT,8/22/2026,12/31/1969 17:00 MST,O,Z,4,384,5.56,7.16,10.55,12.48,35.84,9.79,95.29,69.94,30.0,60.0,0.25,0
VERDE,20503,AVER,34.54917,-111.84417,3101,8/23/2026 15:05 MDT,8/23/2026 15:05 MDT,8/23/2026 15:00 MDT,8/23/2026 15:00 MDT,8/22/2026,12/31/1969 17:00 MST,O,Z,4,557,6.91,10.65,12.55,12.81,36.46,16.08,79.4,80.8,30.0,60.0,0.06,0
GOODWIN MESA,20507,AGOO,34.77614,-113.3375,4311,8/23/2026 15:20 MDT,8/23/2026 15:20 MDT,8/23/2026 15:00 MDT,8/23/2026 15:00 MDT,8/22/2026,12/31/1969 17:00 MST,O,Z,4,453,16.29,15.92,10.0,11.54,3.6,6.55,57.36,46.03,30.0,60.0,0.12,0
HUMBUG CREEK,20508,AHUM,34.11,-112.3,5250,8/23/2026 14:48 MDT,8/23/2026 14:48 MDT,8/23/2026 15:00 MDT,8/23/2026 15:00 MDT,8/22/2026,12/31/1969 17:00 MST,O,Z,4,265,4.83,6.34,8.8,10.69,59.58,34.78,107.52,132.45,30.0,60.0,0.19,0
STANTON,20509,ASTA,34.16403,-112.73486,3600,8/23/2026 15:01 MDT,8/23/2026 15:01 MDT,8/23/2026 15:00 MDT,8/23/2026 15:00 MDT,8/22/2026,12/31/1969 17:00 MST,O,Z,4,547,3.95,5.29,7.08,8.84,53.86,11.47,121.98,84.26,30.0,60.0,0.07,0
SUNSET POINT,20510,ASUN,34.18847,-112.13467,3380,8/23/2026 14:53 MDT,8/23/2026 14:53 MDT,8/23/2026 15:00 MDT,8/23/2026 15:00 MDT,8/22/2026,12/31/1969 17:00 MST,O,Z,4,622,3.74,6.07,8.07,9.56,62.5,13.42,115.94,88.49,30.0,60.0,0.04,0
CHERRY,20511,ACHE,34.59661,-112.04761,5147,8/23/2026 15:11 MDT,8/23/2026 15:11 MDT,8/23/2026 15:00 MDT,8/23/2026 15:00 MDT,8/22/2026,12/31/1969 17:00 MST,O,Z,4,204,34.81,11.44,12.13,13.22,0.0,0.0,29.74,0.0,30.0,60.0,0.16,0
GLOBE,20601,AGLO,33.32694,-110.76694,4137,8/23/2026 15:06 MDT,8/23/2026 15:06 MDT,8/23/2026 15:00 MDT,8/23/2026 15:00 MDT,8/22/2026,12/31/1969 17:00 MST,O,Z,4,478,4.93,8.47,9.62,10.03,34.5,6.33,101.45,58.88,30.0,60.0,0.06,0
PAYSON,20602,APAY,34.24614,-111.2935,5064,8/23/2026 15:11 MDT,8/23/2026 15:11 MDT,8/23/2026 15:00 MDT,8/23/2026 15:00 MDT,8/22/2026,12/31/1969 17:00 MST,O,Z,4,387,5.19,9.59,10.72,11.89,38.19,8.62,91.45,64.74,30.0,60.0,0.12,0
PLEASANT VALLEY,20603,APLE,34.08858,-110.94225,5232,8/23/2026 15:00 MDT,8/23/2026 15:00 MDT,8/23/2026 15:00 MDT,8/23/2026 15:00 MDT,8/22/2026,12/31/1969 17:00 MST,O,Z,4,303,6.21,9.95,13.15,14.11,23.46,4.71,78.68,45.72,30.0,60.0,0.13,0
TONTO BASIN,20606,ATON,33.86861,-111.31333,2414,8/23/2026 15:11 MDT,8/23/2026 15:11 MDT,8/23/2026 15:00 MDT,8/23/2026 15:00 MDT,8/22/2026,12/31/1969 17:00 MST,O,Z,4,603,6.36,9.04,8.94,9.77,28.5,6.7,98.51,59.63,30.0,60.0,0.0,0
SAN CARLOS #1,20608,ASCA,33.37165,-110.45683,2830,8/23/2026 15:14 MDT,8/23/2026 15:14 MDT,8/23/2026 15:00 MDT,8/23/2026 15:00 MDT,8/22/2026,12/31/1969 17:00 MST,O,Z,4,611,3.58,6.3,7.98,9.19,60.39,11.86,116.94,83.92,30.0,60.0,0.01,0
HILLTOP,20609,AHIL,33.61119,-110.41461,5732,8/23/2026 14:32 MDT,8/23/2026 14:32 MDT,8/23/2026 15:00 MDT,8/23/2026 15:00 MDT,8/22/2026,12/31/1969 17:00 MST,O,Z,4,86,5.73,10.23,13.8,15.44,31.07,6.98,75.29,53.72,30.0,60.0,0.28,0
RED LAKE,20610,ARED,34.18133,-110.78919,6524,8/23/2026 14:59 MDT,8/23/2026 14:59 MDT,8/23/2026 15:00 MDT,8/23/2026 15:00 MDT,8/22/2026,12/31/1969 17:00 MST,O,Z,4,100,8.51,16.6,19.08,18.69,12.07,2.79,44.98,27.8,52.31,74.2,0.37,0
SHADOW RIM,20611,ASHA,34.40586,-111.28319,5660,8/23/2026 15:09 MDT,8/23/2026 15:09 MDT,8/23/2026 15:00 MDT,8/23/2026 15:00 MDT,8/22/2026,12/31/1969 17:00 MST,O,Z,4,449,5.58,10.81,14.44,15.22,26.7,4.93,73.66,45.3,30.0,60.0,0.18,0
PINE,20612,APNE,34.37181,-111.4555,5313,8/23/2026 15:22 MDT,8/23/2026 15:22 MDT,8/23/2026 15:00 MDT,8/23/2026 15:00 MDT,8/22/2026,12/31/1969 17:00 MST,O,Z,4,464,5.07,11.1,14.46,13.17,35.37,7.35,78.04,55.91,30.0,60.0,0.16,0
HORSE CAMP CANYON,20903,AHOR,32.93656,-110.4935,4014,8/23/2026 15:02 MDT,8/23/2026 15:02 MDT,8/23/2026 15:00 MDT,8/23/2026 15:00 MDT,8/22/2026,12/31/1969 17:00 MST,O,Z,4,577,3.89,6.93,8.88,10.15,63.32,14.98,109.66,90.72,30.0,60.0,0.06,0
CASA GRANDE,20906,ACSG,32.99177,-111.53264,1412,8/23/2026 15:22 MDT,8/23/2026 15:22 MDT,8/23/2026 15:00 MDT,8/23/2026 15:00 MDT,8/22/2026,12/31/1969 17:00 MST,O,Z,4,687,4.05,6.4,9.34,10.83,59.45,12.97,107.82,84.26,30.0,60.0,0.0,0
COLUMBINE,21005,ACOL,32.70389,-109.91389,9521,8/23/2026 15:02 MDT,8/23/2026 15:02 MDT,8/23/2026 15:00 MDT,8/23/2026 15:00 MDT,8/22/2026,12/31/1969 17:00 MST,O,Z,4,41,8.92,11.56,15.31,17.67,11.1,3.29,59.78,34.17,239.55,193.35,0.97,0
MULESHOE RANCH,21007,AMUL,32.40383,-110.272,4475,8/23/2026 15:03 MDT,8/23/2026 15:03 MDT,8/23/2026 15:00 MDT,8/23/2026 15:00 MDT,8/22/2026,12/31/1969 17:00 MST,O,Z,4,376,4.42,8.68,10.66,11.89,55.18,14.11,95.61,82.86,30.0,60.0,0.11,0
BLACK HILLS,21008,ABLA,33.08203,-109.95119,3262,8/23/2026 14:53 MDT,8/23/2026 14:53 MDT,8/23/2026 15:00 MDT,8/23/2026 15:00 MDT,8/22/2026,12/31/1969 17:00 MST,O,Z,4,294,3.9,7.73,7.42,8.86,52.01,9.82,114.43,76.19,30.0,60.0,0.0,0
DRY LAKE,21009,ADRL,33.35982,-109.83306,7405,8/23/2026 15:27 MDT,8/23/2026 15:27 MDT,8/23/2026 15:00 MDT,8/23/2026 15:00 MDT,8/22/2026,12/31/1969 17:00 MST,O,Z,4,387,5.3,7.49,10.34,12.51,35.74,8.6,95.55,65.97,44.44,69.19,0.35,0
NOON CREEK,21010,ANOO,32.66778,-109.78806,4925,8/23/2026 14:37 MDT,8/23/2026 14:37 MDT,8/23/2026 15:00 MDT,8/23/2026 15:00 MDT,8/22/2026,12/31/1969 17:00 MST,O,Z,4,464,3.91,6.5,8.52,10.18,42.95,7.04,111.58,64.6,30.0,60.0,0.1,0
GUTHRIE,21104,AGUT,32.88203,-109.30931,6324,8/23/2026 15:03 MDT,8/23/2026 15:03 MDT,8/23/2026 15:00 MDT,8/23/2026 15:00 MDT,8/22/2026,12/31/1969 17:00 MST,O,Z,4,406,4.23,6.8,8.61,10.36,60.43,16.34,109.22,94.26,30.0,60.0,0.23,0
TRAIL CABIN,21105,ATRA,33.26478,-109.36789,6250,8/23/2026 14:35 MDT,8/23/2026 14:35 MDT,8/23/2026 15:00 MDT,8/23/2026 15:00 MDT,8/22/2026,12/31/1969 17:00 MST,O,Z,4,419,4.89,8.37,10.41,11.88,30.34,5.28,95.74,52.75,30.0,60.0,0.16,0
STRAY HORSE,21106,ASTH,33.55253,-109.31719,7956,8/23/2026 15:19 MDT,8/23/2026 15:19 MDT,8/23/2026 15:00 MDT,8/23/2026 15:00 MDT,8/22/2026,12/31/1969 17:00 MST,O,Z,4,116,5.18,8.06,10.79,12.22,30.73,6.19,94.15,56.33,125.12,120.53,0.6,0
SAGUARO,21202,ASAG,32.31111,-110.81861,2758,8/23/2026 15:08 MDT,8/23/2026 15:08 MDT,8/23/2026 15:00 MDT,8/23/2026 15:00 MDT,8/22/2026,12/31/1969 17:00 MST,O,Z,4,434,4.16,6.41,10.03,11.5,53.61,11.15,104.21,77.36,30.0,60.0,0.01,0
EMPIRE,21205,AEMP,31.78347,-110.64325,4650,8/23/2026 14:53 MDT,8/23/2026 14:53 MDT,8/23/2026 15:00 MDT,8/23/2026 15:00 MDT,8/22/2026,12/31/1969 17:00 MST,O,Z,4,287,5.43,8.61,12.57,14.39,33.04,7.19,83.86,57.22,30.0,60.0,0.17,0
SASABE,21206,ASAS,31.69169,-111.44811,3500,8/23/2026 15:05 MDT,8/23/2026 15:05 MDT,8/23/2026 15:00 MDT,8/23/2026 15:00 MDT,8/22/2026,12/31/1969 17:00 MST,O,Z,4,610,6.72,11.23,16.13,14.61,28.39,7.61,68.51,53.5,30.0,60.0,0.05,0
RINCON,21207,ARIN,32.20639,-110.54861,8209,8/23/2026 14:37 MDT,8/23/2026 14:37 MDT,8/23/2026 15:00 MDT,8/23/2026 15:00 MDT,8/22/2026,12/31/1969 17:00 MST,O,Z,4,24,7.69,8.27,11.32,14.13,14.41,3.54,82.51,41.0,187.61,160.3,0.8,0
SCOUT CAMP,21208,ASOL,32.39806,-110.725,7554,8/23/2026 14:37 MDT,8/23/2026 14:37 MDT,8/23/2026 15:00 MDT,8/23/2026 15:00 MDT,8/22/2026,12/31/1969 17:00 MST,O,Z,4,96,6.73,9.33,9.77,12.14,20.7,4.55,89.8,47.82,146.04,133.84,0.67,0
SELLS,21209,ASES,31.91014,-111.89743,2262,8/23/2026 15:14 MDT,8/23/2026 15:14 MDT,8/23/2026 15:00 MDT,8/23/2026 15:00 MDT,8/22/2026,12/31/1969 17:00 MST,O,Z,4,193,5.11,7.59,9.74,11.19,46.33,11.69,100.18,77.64,30.0,60.0,0.03,0
HOPKINS,21302,AHPK,31.67528,-110.88,7120,8/23/2026 15:19 MDT,8/23/2026 15:19 MDT,8/23/2026 15:00 MDT,8/23/2026 15:00 MDT,8/22/2026,12/31/1969 17:00 MST,O,Z,4,450,7.63,8.62,10.12,11.96,23.13,7.23,88.88,58.92,30.0,60.0,0.28,0
CANELO,21303,ACNL,31.54972,-110.51917,4629,8/23/2026 15:08 MDT,8/23/2026 15:08 MDT,8/23/2026 15:00 MDT,8/23/2026 15:00 MDT,8/22/2026,12/31/1969 17:00 MST,O,Z,4,127,6.27,10.92,14.98,14.91,30.26,7.86,71.55,55.41,30.0,60.0,0.27,0
HEADQUARTERS,21409,ACHR,32.00611,-109.35694,5400,8/23/2026 14:37 MDT,8/23/2026 14:37 MDT,8/23/2026 15:00 MDT,8/23/2026 15:00 MDT,8/22/2026,12/31/1969 17:00 MST,O,Z,4,471,3.65,7.01,10.49,12.18,59.95,13.47,101.38,83.34,30.0,60.0,0.15,0
CARR,21411,ACAA,31.44111,-110.28611,5400,8/23/2026 15:19 MDT,8/23/2026 15:19 MDT,8/23/2026 15:00 MDT,8/23/2026 15:00 MDT,8/22/2026,12/31/1969 17:00 MST,O,Z,4,90,5.01,7.61,9.88,12.2,28.02,4.34,97.73,48.65,31.38,60.88,0.3,0
RUCKER,21414,ARUC,31.76111,-109.34861,5700,8/23/2026 14:57 MDT,8/23/2026 14:57 MDT,8/23/2026 15:00 MDT,8/23/2026 15:00 MDT,8/22/2026,12/31/1969 17:00 MST,O,Z,4,62,4.85,9.55,11.14,14.09,30.11,5.27,86.74,50.38,62.89,80.93,0.4,0
SMITH PEAK,21501,ASMI,34.11486,-113.34733,2386,8/23/2026 14:53 MDT,8/23/2026 14:53 MDT,8/23/2026 15:00 MDT,8/23/2026 15:00 MDT,8/22/2026,12/31/1969 17:00 MST,O,Z,4,657,4.2,4.8,6.43,8.03,51.42,11.21,126.58,84.83,30.0,60.0,0.02,0
OATMAN,21502,AOAT,33.04994,-113.13867,1715,8/23/2026 14:52 MDT,8/23/2026 14:52 MDT,8/23/2026 15:00 MDT,8/23/2026 15:00 MDT,8/22/2026,12/31/1969 17:00 MST,O,Z,4,638,4.83,4.99,6.65,7.87,59.6,17.42,123.94,102.87,30.0,60.0,0.0,0
AHAKHAV PRESERVE,21503,AAHA,34.13222,-114.32917,363,8/23/2026 15:26 MDT,8/23/2026 15:26 MDT,8/23/2026 15:00 MDT,8/23/2026 15:00 MDT,8/22/2026,12/31/1969 17:00 MST,O,Z,4,746,3.63,6.54,9.22,10.13,74.02,17.39,110.63,97.56,30.0,60.0,0.0,0
BELMONT,21504,ABEL,33.67411,-112.92281,1813,8/23/2026 15:01 MDT,8/23/2026 15:01 MDT,8/23/2026 15:00 MDT,8/23/2026 15:00 MDT,8/22/2026,12/31/1969 17:00 MST,O,Z,4,693,3.39,4.76,6.53,8.32,68.13,14.02,128.12,94.53,30.0,60.0,0.01,0
GOLDFIELD,21505,AGOL,33.55531,-111.6145,1367,8/23/2026 15:23 MDT,8/23/2026 15:23 MDT,8/23/2026 15:00 MDT,8/23/2026 15:00 MDT,8/22/2026,12/31/1969 17:00 MST,O,Z,4,684,3.58,6.67,9.31,10.46,61.51,11.83,109.4,81.29,30.0,60.0,0.0,0
WASHINGTON PASS,290101,XWAS,36.0765,-108.8615,9384,8/23/2026 14:41 MDT,8/23/2026 14:41 MDT,8/23/2026 15:00 MDT,8/23/2026 15:00 MDT,8/22/2026,12/31/1969 17:00 MST,O,Z,4,252,7.31,12.85,12.13,13.19,19.24,5.22,74.08,46.63,114.3,113.65,0.57,0
ALBINO CANYON,290102,XALB,36.97661,-107.62892,7173,8/23/2026 15:26 MDT,8/23/2026 15:26 MDT,8/23/2026 15:00 MDT,8/23/2026 15:00 MDT,8/22/2026,12/31/1969 17:00 MST,O,Z,4,485,5.97,11.27,13.0,9.89,32.85,9.35,85.21,65.04,30.0,60.0,0.03,0
STONE LAKE,290201,XSTO,36.73161,-106.86581,7436,8/23/2026 14:33 MDT,8/23/2026 14:33 MDT,8/23/2026 15:00 MDT,8/23/2026 15:00 MDT,8/22/2026,12/31/1969 17:00 MST,O,Z,4,487,7.57,14.65,14.41,12.24,22.6,7.16,67.62,51.73,30.0,60.0,0.07,0
COYOTE,290202,XCOY,36.07333,-106.65739,8704,8/23/2026 14:48 MDT,8/23/2026 14:48 MDT,8/23/2026 15:00 MDT,8/23/2026 15:00 MDT,8/22/2026,12/31/1969 17:00 MST,O,Z,4,222,8.79,13.54,16.55,14.18,14.03,4.8,60.27,40.8,47.17,70.92,0.35,0
DEADMAN PEAK,290203,XDEA,36.4229,-106.772,8389,8/23/2026 15:07 MDT,8/23/2026 15:07 MDT,8/23/2026 15:00 MDT,8/23/2026 15:00 MDT,8/22/2026,12/31/1969 17:00 MST,O,Z,4,492,6.45,10.27,11.57,11.9,21.2,4.63,85.07,47.01,30.0,60.0,0.01,0
JARITA MESA,290204,XJAR,36.55597,-106.10306,8864,8/23/2026 15:16 MDT,8/23/2026 15:16 MDT,8/23/2026 15:00 MDT,8/23/2026 15:00 MDT,8/22/2026,12/31/1969 17:00 MST,O,Z,4,198,7.61,11.46,12.4,13.06,13.89,2.96,75.99,36.37,30.0,60.0,0.29,0
DULCE #2,290205,XDUL,36.93519,-107.00011,6805,8/23/2026 15:28 MDT,8/23/2026 15:28 MDT,8/23/2026 15:00 MDT,8/23/2026 15:00 MDT,8/22/2026,12/31/1969 17:00 MST,O,Z,4,369,7.2,14.27,14.34,13.1,30.09,11.15,67.67,63.44,30.0,60.0,0.05,0
TRUCHAS,290210,XTRU,36.059,-105.7695,8353,8/23/2026 15:11 MDT,8/23/2026 15:11 MDT,8/23/2026 15:00 MDT,8/23/2026 15:00 MDT,8/22/2026,12/31/1969 17:00 MST,O,Z,4,249,7.23,13.22,15.92,14.59,23.37,7.33,64.15,51.02,30.0,60.0,0.17,0
BLACK MESA,290305,XBLM,36.03708,-106.04964,5762,8/23/2026 14:34 MDT,8/23/2026 14:34 MDT,8/23/2026 15:00 MDT,8/23/2026 15:00 MDT,8/22/2026,12/31/1969 17:00 MST,O,Z,4,612,7.23,13.47,13.36,11.62,28.73,11.15,73.66,65.96,30.0,60.0,0.0,0
WILD RIVERS,290307,XWDR,36.69469,-105.66872,7530,8/23/2026 14:49 MDT,8/23/2026 14:49 MDT,8/23/2026 15:00 MDT,8/23/2026 15:00 MDT,8/22/2026,12/31/1969 17:00 MST,O,Z,4,521,8.83,11.24,13.34,13.74,17.53,7.82,70.82,55.02,30.0,60.0,0.0,0
CIMARRON,290401,XCIM,36.60611,-105.12028,8806,8/23/2026 15:09 MDT,8/23/2026 15:09 MDT,8/23/2026 15:00 MDT,8/23/2026 15:00 MDT,8/22/2026,12/31/1969 17:00 MST,O,Z,4,221,34.69,10.22,12.99,14.74,0.0,0.0,28.59,0.0,120.71,117.72,0.59,0
ZUNI BUTTES,290603,XZUB,35.13919,-108.94131,6649,8/23/2026 14:42 MDT,8/23/2026 14:42 MDT,8/23/2026 15:00 MDT,8/23/2026 15:00 MDT,8/22/2026,12/31/1969 17:00 MST,O,Z,4,228,6.8,12.93,14.51,13.51,23.28,6.41,69.97,49.94,30.0,60.0,0.06,0
JEMEZ,290702,XJEM,35.84114,-106.61969,8248,8/23/2026 15:08 MDT,8/23/2026 15:08 MDT,8/23/2026 15:00 MDT,8/23/2026 15:00 MDT,8/22/2026,12/31/1969 17:00 MST,O,Z,4,315,6.43,10.84,13.75,14.06,18.95,3.82,75.28,40.71,30.0,60.0,0.24,0
CUBA,290705,XCUB,35.942,-107.07739,6890,8/23/2026 14:41 MDT,8/23/2026 14:41 MDT,8/23/2026 15:00 MDT,8/23/2026 15:00 MDT,8/22/2026,12/31/1969 17:00 MST,O,Z,4,474,5.8,10.08,12.38,13.0,34.59,9.5,83.05,64.76,30.0,60.0,0.07,0
SANDIA LAKES,290706,XSLK,35.22967,-106.59061,5027,8/23/2026 14:42 MDT,8/23/2026 14:42 MDT,8/23/2026 15:00 MDT,8/23/2026 15:00 MDT,8/22/2026,12/31/1969 17:00 MST,O,Z,4,678,5.47,12.15,13.71,11.22,28.42,4.95,80.29,47.25,30.0,60.0,0.0,0
TOWER,290801,XTOW,35.77899,-106.26611,6529,8/23/2026 15:08 MDT,8/23/2026 15:08 MDT,8/23/2026 15:00 MDT,8/23/2026 15:00 MDT,8/22/2026,12/31/1969 17:00 MST,O,Z,4,533,6.37,9.35,11.45,11.3,26.18,6.67,88.8,56.76,30.0,60.0,0.02,0
SANTA FE WATERSHED,290901,XSFW,35.68686,-105.86031,7749,8/23/2026 14:53 MDT,8/23/2026 14:53 MDT,8/23/2026 15:00 MDT,8/23/2026 15:00 MDT,8/22/2026,12/31/1969 17:00 MST,O,Z,4,371,6.59,12.17,15.69,14.29,28.67,8.9,68.33,57.45,30.0,60.0,0.19,0
BARTLEY,291002,XBAR,35.90875,-105.38769,9192,8/23/2026 15:04 MDT,8/23/2026 15:04 MDT,8/23/2026 15:00 MDT,8/23/2026 15:00 MDT,8/22/2026,12/31/1969 17:00 MST,O,Z,4,127,6.88,9.8,13.04,13.76,23.29,6.43,78.41,52.68,116.72,115.18,0.58,0
MILLS CANYON,291101,XMIL,36.05453,-104.32511,5881,8/23/2026 15:05 MDT,8/23/2026 15:05 MDT,8/23/2026 15:00 MDT,8/23/2026 15:00 MDT,8/22/2026,12/31/1969 17:00 MST,O,Z,4,540,23.0,21.43,10.63,12.07,0.13,2.1,36.36,22.12,30.0,60.0,0.09,0
PECOS,291202,XPEC,35.54558,-105.49439,8229,8/23/2026 15:14 MDT,8/23/2026 15:14 MDT,8/23/2026 15:00 MDT,8/23/2026 15:00 MDT,8/22/2026,12/31/1969 17:00 MST,O,Z,4,68,6.47,10.55,12.53,13.27,27.85,7.77,79.73,57.92,30.0,60.0,0.19,0
BRUSHY MOUNTAIN,291301,XBRU,34.72,-107.8484,8789,8/23/2026 14:49 MDT,8/23/2026 14:49 MDT,8/23/2026 15:00 MDT,8/23/2026 15:00 MDT,8/22/2026,12/31/1969 17:00 MST,O,Z,4,212,6.15,10.55,13.21,14.24,30.3,7.94,77.16,57.65,67.4,83.8,0.42,0
GRANTS,291302,XGRA,35.24278,-107.66528,8620,8/23/2026 15:16 MDT,8/23/2026 15:16 MDT,8/23/2026 15:00 MDT,8/23/2026 15:00 MDT,8/22/2026,12/31/1969 17:00 MST,O,Z,4,130,6.6,10.4,14.72,15.11,20.57,4.57,72.01,43.29,79.7,91.63,0.46,0
OAK FLATS,291402,XOAK,35.00614,-106.31583,7675,8/23/2026 15:04 MDT,8/23/2026 15:04 MDT,8/23/2026 15:00 MDT,8/23/2026 15:00 MDT,8/22/2026,12/31/1969 17:00 MST,O,Z,4,455,5.56,9.08,12.18,12.86,29.05,5.97,86.51,53.29,30.0,60.0,0.13,0
SANDIA LAB,291408,XSLB,35.00406,-106.41148,6321,8/23/2026 14:53 MDT,8/23/2026 14:53 MDT,8/23/2026 15:00 MDT,8/23/2026 15:00 MDT,8/22/2026,12/31/1969 17:00 MST,O,Z,4,264,5.71,8.71,10.05,10.65,38.57,11.07,96.46,74.41,30.0,60.0,0.08,0
MOUNTAINAIR,291501,XMOU,34.52081,-106.26269,6593,8/23/2026 15:05 MDT,8/23/2026 15:05 MDT,8/23/2026 15:00 MDT,8/23/2026 15:00 MDT,8/22/2026,12/31/1969 17:00 MST,O,Z,4,472,5.16,10.15,12.8,12.98,46.45,13.1,83.57,75.29,30.0,60.0,0.08,0
MELROSE RANGE,291901,XMEL,34.28422,-103.71497,4263,8/23/2026 15:14 MDT,8/23/2026 15:14 MDT,8/23/2026 15:00 MDT,8/23/2026 15:00 MDT,8/22/2026,12/31/1969 17:00 MST,O,Z,4,654,3.28,6.29,9.16,9.97,78.3,24.82,112.84,115.96,30.0,60.0,0.0,0
BEAVERHEAD,292001,XBEA,33.42353,-108.11019,6750,8/23/2026 15:08 MDT,8/23/2026 15:08 MDT,8/23/2026 15:00 MDT,8/23/2026 15:00 MDT,8/22/2026,12/31/1969 17:00 MST,O,Z,4,183,5.31,12.33,17.25,17.45,21.59,3.1,62.32,33.87,30.0,60.0,0.24,0
LUNA,292004,XLUN,33.82289,-108.94311,7088,8/23/2026 15:07 MDT,8/23/2026 15:07 MDT,8/23/2026 15:00 MDT,8/23/2026 15:00 MDT,8/22/2026,12/31/1969 17:00 MST,O,Z,4,264,34.86,21.29,18.73,18.14,0.0,0.0,5.93,0.0,30.67,60.43,0.3,0
RESERVE,292005,XRES,33.71489,-108.777,5846,8/23/2026 15:08 MDT,8/23/2026 15:08 MDT,8/23/2026 15:00 MDT,8/23/2026 15:00 MDT,8/22/2026,12/31/1969 17:00 MST,O,Z,4,458,5.07,12.47,17.68,16.61,38.73,8.59,63.23,54.53,30.0,60.0,0.1,0
SLAUGHTER,292008,XSLA,34.06056,-108.44472,8680,8/23/2026 15:12 MDT,8/23/2026 15:12 MDT,8/23/2026 15:00 MDT,8/23/2026 15:00 MDT,8/22/2026,12/31/1969 17:00 MST,O,Z,4,22,7.13,11.34,14.71,15.87,14.89,3.05,67.73,34.95,139.0,129.36,0.65,0
PELONA MOUNTAIN,292009,XPEL,33.69375,-108.06161,7955,8/23/2026 14:38 MDT,8/23/2026 14:38 MDT,8/23/2026 15:00 MDT,8/23/2026 15:00 MDT,8/22/2026,12/31/1969 17:00 MST,O,Z,4,239,5.09,8.81,11.71,13.39,32.05,6.22,88.12,54.77,76.27,89.44,0.45,0
GILA CENTER RAWS,292011,XGIL,33.22375,-108.24031,5767,8/23/2026 15:13 MDT,8/23/2026 15:13 MDT,8/23/2026 15:00 MDT,8/23/2026 15:00 MDT,8/22/2026,12/31/1969 17:00 MST,O,Z,4,155,5.37,12.7,16.1,16.25,23.21,3.45,65.61,36.47,30.0,60.0,0.14,0
DATIL,292012,XDAT,34.29256,-107.768,8431,8/23/2026 15:11 MDT,8/23/2026 15:11 MDT,8/23/2026 15:00 MDT,8/23/2026 15:00 MDT,8/22/2026,12/31/1969 17:00 MST,O,Z,4,178,6.74,10.61,13.77,14.57,23.39,6.48,74.09,51.51,92.15,99.55,0.5,0
MOGOLLON,292013,XMOG,33.39064,-108.80819,7602,8/23/2026 15:13 MDT,8/23/2026 15:13 MDT,8/23/2026 15:00 MDT,8/23/2026 15:00 MDT,8/22/2026,12/31/1969 17:00 MST,O,Z,4,165,5.39,9.65,11.19,12.47,40.75,11.32,88.55,72.29,56.93,77.14,0.39,0
CHUPADERA,292102,XCHU,33.77294,-106.0985,5580,8/23/2026 14:39 MDT,8/23/2026 14:39 MDT,8/23/2026 15:00 MDT,8/23/2026 15:00 MDT,8/22/2026,12/31/1969 17:00 MST,O,Z,4,519,4.27,7.79,10.25,10.88,57.19,14.36,101.38,85.81,30.0,60.0,0.01,0
BOSQUE,292103,XBOS,33.82064,-106.88169,4523,8/23/2026 14:50 MDT,8/23/2026 14:50 MDT,8/23/2026 15:00 MDT,8/23/2026 15:00 MDT,8/22/2026,12/31/1969 17:00 MST,O,Z,4,670,4.79,11.15,12.49,11.95,45.59,10.31,84.99,67.95,30.0,60.0,0.0,0
MAGDALENA,292104,XMAG,33.85061,-107.539,8495,8/23/2026 15:03 MDT,8/23/2026 15:03 MDT,8/23/2026 15:00 MDT,8/23/2026 15:00 MDT,8/22/2026,12/31/1969 17:00 MST,O,Z,4,60,5.88,10.46,12.26,13.78,31.13,8.12,80.76,59.47,113.34,113.04,0.57,0
SEVILLETA,292105,XSEV,34.35844,-106.6895,5246,8/23/2026 15:11 MDT,8/23/2026 15:11 MDT,8/23/2026 15:00 MDT,8/23/2026 15:00 MDT,8/22/2026,12/31/1969 17:00 MST,O,Z,4,558,4.94,10.85,13.05,11.84,37.04,7.45,84.38,58.31,30.0,60.0,0.0,0
SMOKEY BEAR,292203,XSMO,33.35019,-105.686,7194,8/23/2026 15:00 MDT,8/23/2026 15:00 MDT,8/23/2026 15:00 MDT,8/23/2026 15:00 MDT,8/22/2026,12/31/1969 17:00 MST,O,Z,4,103,5.61,8.77,13.49,15.98,34.36,8.33,78.12,59.26,30.0,60.0,0.27,0
EIGHT MILE DRAW,292301,XEIG,33.65064,-104.32139,3626,8/23/2026 14:37 MDT,8/23/2026 14:37 MDT,8/23/2026 15:00 MDT,8/23/2026 15:00 MDT,8/22/2026,12/31/1969 17:00 MST,O,Z,4,607,3.33,6.35,8.48,9.11,78.27,29.6,116.45,127.59,30.0,60.0,0.0,0
DUNKEN,292302,XDUN,32.82467,-105.18261,5431,8/23/2026 14:36 MDT,8/23/2026 14:36 MDT,8/23/2026 15:00 MDT,8/23/2026 15:00 MDT,8/22/2026,12/31/1969 17:00 MST,O,Z,4,488,3.68,6.65,8.45,9.65,64.78,15.33,113.32,93.08,30.0,60.0,0.02,0
BURRO MOUNTAIN,292504,XBUR,32.67203,-108.53969,6995,8/23/2026 14:59 MDT,8/23/2026 14:59 MDT,8/23/2026 15:00 MDT,8/23/2026 15:00 MDT,8/22/2026,12/31/1969 17:00 MST,O,Z,4,293,3.97,7.12,9.47,11.47,68.14,25.25,104.34,112.75,30.0,60.0,0.2,0
HACHITA VALLEY,292702,XHAC,31.702,-108.34169,4290,8/23/2026 14:40 MDT,8/23/2026 14:40 MDT,8/23/2026 15:00 MDT,8/23/2026 15:00 MDT,8/22/2026,12/31/1969 17:00 MST,O,Z,4,591,3.49,6.17,7.77,10.06,60.47,11.98,115.88,83.97,30.0,60.0,0.04,0
MCGREGGOR RANGE,292901,XMCG,32.43133,-105.62181,4832,8/23/2026 14:37 MDT,8/23/2026 14:37 MDT,8/23/2026 15:00 MDT,8/23/2026 15:00 MDT,8/22/2026,12/31/1969 17:00 MST,O,Z,4,598,3.37,5.96,7.49,9.52,74.3,17.95,118.94,102.35,30.0,60.0,0.01,0
DRIPPING SPRINGS,292903,XDRI,32.32225,-106.58661,5814,8/23/2026 15:26 MDT,8/23/2026 15:26 MDT,8/23/2026 15:00 MDT,8/23/2026 15:00 MDT,8/22/2026,12/31/1969 17:00 MST,O,Z,4,449,3.68,5.13,7.2,9.46,64.3,15.44,121.25,96.34,30.0,60.0,0.12,0
SAN ANDRES,292904,XSAA,32.58008,-106.52719,6137,8/23/2026 15:01 MDT,8/23/2026 15:01 MDT,8/23/2026 15:00 MDT,8/23/2026 15:00 MDT,8/22/2026,12/31/1969 17:00 MST,O,Z,4,493,3.7,5.5,7.57,9.72,55.55,11.75,118.48,84.08,30.0,60.0,0.09,0
MAYHILL,293002,XMAY,32.90947,-105.46981,6599,8/23/2026 15:01 MDT,8/23/2026 15:01 MDT,8/23/2026 15:00 MDT,8/23/2026 15:00 MDT,8/22/2026,12/31/1969 17:00 MST,O,Z,4,467,4.09,8.15,11.54,13.91,39.97,6.84,91.25,58.14,30.0,60.0,0.13,0
MESCAL,293003,XMES,33.15803,-105.76881,6227,8/23/2026 14:41 MDT,8/23/2026 14:41 MDT,8/23/2026 15:00 MDT,8/23/2026 15:00 MDT,8/22/2026,12/31/1969 17:00 MST,O,Z,4,217,5.72,9.43,13.39,16.0,38.47,11.02,76.67,66.81,36.38,64.06,0.32,0
COSMIC,293004,XCOS,32.77925,-105.81989,9172,8/23/2026 15:15 MDT,8/23/2026 15:15 MDT,8/23/2026 15:00 MDT,8/23/2026 15:00 MDT,8/22/2026,12/31/1969 17:00 MST,O,Z,4,71,6.45,8.4,12.19,14.01,23.19,5.59,83.57,50.86,199.84,168.08,0.84,0
BATDRAW,293101,XBAD,32.17861,-104.44056,4425,8/23/2026 14:52 MDT,8/23/2026 14:52 MDT,8/23/2026 15:00 MDT,8/23/2026 15:00 MDT,8/22/2026,12/31/1969 17:00 MST,O,Z,4,566,3.4,5.17,6.95,8.17,76.04,24.67,126.14,121.71,30.0,60.0,0.0,0
CAPROCK,293104,XCAP,32.92728,-103.85689,4167,8/23/2026 14:40 MDT,8/23/2026 14:40 MDT,8/23/2026 15:00 MDT,8/23/2026 15:00 MDT,8/22/2026,12/31/1969 17:00 MST,O,Z,4,493,3.85,5.85,7.52,8.83,71.11,19.09,119.54,105.54,30.0,60.0,0.0,0
QUEEN,293105,XQUN,32.20361,-104.69031,5642,8/23/2026 15:13 MDT,8/23/2026 15:13 MDT,8/23/2026 15:00 MDT,8/23/2026 15:00 MDT,8/22/2026,12/31/1969 17:00 MST,O,Z,4,367,3.44,5.67,7.94,9.79,67.53,15.79,117.64,96.01,30.0,60.0,0.05,0
PADUCA,293202,XPAD,32.17983,-103.722,3534,8/23/2026 14:39 MDT,8/23/2026 14:39 MDT,8/23/2026 15:00 MDT,8/23/2026 15:00 MDT,8/22/2026,12/31/1969 17:00 MST,O,Z,4,605,3.62,6.16,8.02,8.93,74.26,21.7,117.8,111.2,30.0,60.0,0.0,0
MALPAIS LAVA FLOW,293301,XMAL,34.85181,-108.17461,7514,8/23/2026 15:25 MDT,8/23/2026 15:25 MDT,8/23/2026 15:00 MDT,8/23/2026 15:00 MDT,8/22/2026,12/31/1969 17:00 MST,O,Z,4,181,6.56,12.02,16.87,16.25,29.48,8.92,63.21,55.49,30.0,60.0,0.27,0
BLUEWATER RIDGE,293303,XBLR,35.19411,-108.16336,8274,8/23/2026 15:05 MDT,8/23/2026 15:05 MDT,8/23/2026 15:00 MDT,8/23/2026 15:00 MDT,8/22/2026,12/31/1969 17:00 MST,O,Z,4,213,6.76,10.42,12.82,13.5,25.76,7.61,78.31,56.91,82.82,93.61,0.47,0
LAGUNA,293304,XLAG,35.05197,-107.42028,5805,8/23/2026 14:33 MDT,8/23/2026 14:33 MDT,8/23/2026 15:00 MDT,8/23/2026 15:00 MDT,8/22/2026,12/31/1969 17:00 MST,O,Z,4,546,5.33,8.5,9.88,10.12,45.42,13.01,99.51,81.32,30.0,60.0,0.01,0
RAMAH,293305,XRAM,34.81947,-108.29439,7645,8/23/2026 14:34 MDT,8/23/2026 14:34 MDT,8/23/2026 15:00 MDT,8/23/2026 15:00 MDT,8/22/2026,12/31/1969 17:00 MST,O,Z,4,313,5.6,9.76,13.96,15.49,43.56,14.26,76.13,74.99,30.0,60.0,0.27,0
10K,55522198,X10K,35.2085,-106.43586,10065,8/23/2026 14:38 MDT,8/23/2026 14:38 MDT,8/23/2026 15:00 MDT,8/23/2026 15:00 MDT,8/22/2026,12/31/1969 17:00 MST,O,Z,4,206,8.3,12.44,13.05,13.76,15.26,4.93,70.09,44.29,135.34,127.04,0.64,0
BAKERS TANK,55522210,AHBB,32.61528,-114.00836,563,8/23/2026 15:07 MDT,8/23/2026 15:07 MDT,8/23/2026 15:00 MDT,8/23/2026 15:00 MDT,8/22/2026,12/31/1969 17:00 MST,O,Z,4,740,10.61,15.25,6.9,7.71,18.18,10.63,82.79,68.1,30.0,60.0,0.0,0
CAVE CREEK,55522232,ACAV,34.0899,-111.8465,3477,8/23/2026 15:20 MDT,8/23/2026 15:20 MDT,8/23/2026 15:00 MDT,8/23/2026 15:00 MDT,8/22/2026,12/31/1969 17:00 MST,O,Z,4,544,3.39,5.87,8.4,9.56,66.33,13.93,116.64,90.26,30.0,60.0,0.03,0
CIPRIANO,55522238,ARIP,32.4235,-114.16211,1042,8/23/2026 14:59 MDT,8/23/2026 14:59 MDT,8/23/2026 15:00 MDT,8/23/2026 15:00 MDT,8/22/2026,12/31/1969 17:00 MST,O,Z,4,712,7.08,8.87,7.92,8.82,39.9,15.99,101.59,90.26,30.0,60.0,0.0,0
DEVILS HILLS,55522251,ADVH,32.42483,-113.79011,836,8/23/2026 15:23 MDT,8/23/2026 15:23 MDT,8/23/2026 15:00 MDT,8/23/2026 15:00 MDT,8/22/2026,12/31/1969 17:00 MST,O,Z,4,736,5.45,6.96,7.22,8.1,47.48,12.96,114.5,86.59,30.0,60.0,0.0,0
DUTCH KID,55522257,ADUT,35.12931,-112.28219,6505,8/23/2026 14:38 MDT,8/23/2026 14:38 MDT,8/23/2026 15:00 MDT,8/23/2026 15:00 MDT,8/22/2026,12/31/1969 17:00 MST,O,Z,4,115,7.46,13.04,16.22,16.77,13.15,2.66,59.89,30.99,30.0,60.0,0.28,0
FTHL YDMA,55522271,AFTH,32.48658,-114.4635,331,8/23/2026 14:38 MDT,8/23/2026 14:38 MDT,8/23/2026 15:00 MDT,8/23/2026 15:00 MDT,8/22/2026,12/31/1969 17:00 MST,O,Z,4,745,7.22,9.28,9.65,10.75,39.37,15.82,91.96,85.79,30.0,60.0,0.0,0
MIDNIGHT,55522315,XMID,36.77819,-105.34131,10815,8/23/2026 14:37 MDT,8/23/2026 14:37 MDT,8/23/2026 15:00 MDT,8/23/2026 15:00 MDT,8/22/2026,12/31/1969 17:00 MST,O,Z,4,72,10.77,16.28,17.65,17.01,6.37,2.53,46.26,26.91,197.38,166.51,0.83,0
MOHAWK DUNES,55522318,AMOD,32.68878,-113.74889,524,8/23/2026 15:23 MDT,8/23/2026 15:23 MDT,8/23/2026 15:00 MDT,8/23/2026 15:00 MDT,8/22/2026,12/31/1969 17:00 MST,O,Z,4,749,5.13,6.53,7.59,8.16,50.86,13.34,115.48,88.09,30.0,60.0,0.0,0
NEVERSHINE,55522326,ANEV,36.24753,-113.88851,2165,8/23/2026 15:03 MDT,8/23/2026 15:03 MDT,8/23/2026 15:00 MDT,8/23/2026 15:00 MDT,8/22/2026,12/31/1969 17:00 MST,O,Z,4,681,2.69,3.96,5.5,7.43,87.5,19.57,138.21,114.1,30.0,60.0,0.0,0
PICACHO PEAK,55522341,APIC,32.66314,-111.42154,1750,8/23/2026 15:17 MDT,8/23/2026 15:17 MDT,8/23/2026 15:00 MDT,8/23/2026 15:00 MDT,8/22/2026,12/31/1969 17:00 MST,O,Z,4,725,4.07,5.95,7.95,9.25,58.65,12.98,116.39,87.3,30.0,60.0,0.0,0
PINEDALE,55522344,APND,34.30617,-110.23661,6461,8/23/2026 14:38 MDT,8/23/2026 14:38 MDT,8/23/2026 15:00 MDT,8/23/2026 15:00 MDT,8/22/2026,12/31/1969 17:00 MST,O,Z,4,260,8.97,13.91,14.84,14.14,13.08,3.95,62.2,37.87,30.0,60.0,0.25,0
TANKS,55522384,ATNK,33.67314,-110.57431,5801,8/23/2026 14:38 MDT,8/23/2026 14:38 MDT,8/23/2026 15:00 MDT,8/23/2026 15:00 MDT,8/22/2026,12/31/1969 17:00 MST,O,Z,4,306,5.78,9.66,12.68,14.05,25.23,4.87,81.28,47.14,30.0,60.0,0.29,0
TAOS PUEBLO RAWS,55522385,XTAP,36.41461,-105.55689,7135,8/23/2026 15:13 MDT,8/23/2026 15:13 MDT,8/23/2026 15:00 MDT,8/23/2026 15:00 MDT,8/22/2026,12/31/1969 17:00 MST,O,Z,4,448,6.88,13.13,12.67,12.41,23.36,6.38,74.92,51.42,30.0,60.0,0.02,0
CEDAR RIDGE,55523718,ACED,32.59872,-110.76231,4735,8/23/2026 14:37 MDT,8/23/2026 14:37 MDT,8/23/2026 15:00 MDT,8/23/2026 15:00 MDT,8/22/2026,12/31/1969 17:00 MST,O,Z,4,330,4.55,6.35,8.96,10.44,60.76,17.77,108.46,97.64,30.0,60.0,0.13,0
RED CANYON,55523735,XRDC,34.62289,-106.40831,8070,8/23/2026 14:38 MDT,8/23/2026 14:38 MDT,8/23/2026 15:00 MDT,8/23/2026 15:00 MDT,8/22/2026,12/31/1969 17:00 MST,O,Z,4,279,6.67,11.82,13.36,11.82,24.61,6.49,77.84,52.74,30.0,60.0,0.27,0
SOWATS,55523737,ASOW,36.48242,-112.42281,7038,8/23/2026 14:39 MDT,8/23/2026 14:39 MDT,8/23/2026 15:00 MDT,8/23/2026 15:00 MDT,8/22/2026,12/31/1969 17:00 MST,O,Z,4,161,6.35,8.78,10.13,12.56,34.22,11.99,90.3,74.89,30.0,60.0,0.3,0
T BAR,55523738,XTBA,33.51789,-108.52419,8047,8/23/2026 14:39 MDT,8/23/2026 14:39 MDT,8/23/2026 15:00 MDT,8/23/2026 15:00 MDT,8/22/2026,12/31/1969 17:00 MST,O,Z,4,28,6.65,12.66,17.9,18.25,20.45,4.52,56.89,38.65,117.43,115.64,0.58,0
FORT YUMA,20102,AFYM,32.65222,-114.63417,185,8/23/2026 16:00 MDT,8/23/2026 16:16 MDT,8/23/2026 16:00 MDT,8/23/2026 16:00 MDT,8/22/2026,12/31/1969 17:00 MST,F,Z,4,745,4.2,5.3,7.72,9.41,65.51,16.5,117.99,98.1,30.0,60.0,0.0,0
MOUNT LOGAN,20107,AMTL,36.35306,-113.19917,7605,8/23/2026 15:33 MDT,8/23/2026 15:33 MDT,8/23/2026 16:00 MDT,8/23/2026 16:00 MDT,8/22/2026,12/31/1969 17:00 MST,O,Z,4,157,5.53,6.77,9.38,11.47,41.33,12.86,101.28,81.55,94.24,100.88,0.5,0
OLAF KNOLLS,20108,AOLA,36.50725,-113.81589,2974,8/23/2026 15:33 MDT,8/23/2026 15:33 MDT,8/23/2026 16:00 MDT,8/23/2026 16:00 MDT,8/22/2026,12/31/1969 17:00 MST,O,Z,4,632,2.84,4.46,6.17,7.85,85.35,23.86,133.06,122.84,30.0,60.0,0.02,0
TWEEDS POINT,20109,ATWE,36.58186,-113.732,5334,8/23/2026 15:33 MDT,8/23/2026 15:33 MDT,8/23/2026 16:00 MDT,8/23/2026 16:00 MDT,8/22/2026,12/31/1969 17:00 MST,O,Z,4,556,3.89,5.27,7.23,9.07,69.34,28.08,121.23,126.85,30.0,60.0,0.04,0
NIXON FLATS,20113,ANIX,36.38833,-113.15806,6500,8/23/2026 15:00 MDT,8/23/2026 15:50 MDT,8/23/2026 16:00 MDT,8/23/2026 16:00 MDT,8/22/2026,12/31/1969 17:00 MST,F,Z,4,307,5.07,7.77,12.38,14.09,40.51,10.18,87.6,68.49,30.0,60.0,0.26,0
BLACK ROCK,20114,ABRK,36.79436,-113.75056,7224,8/23/2026 15:00 MDT,8/23/2026 15:50 MDT,8/23/2026 16:00 MDT,8/23/2026 16:00 MDT,8/22/2026,12/31/1969 17:00 MST,F,Z,4,198,5.05,6.72,8.82,11.36,37.68,8.82,104.26,69.47,60.96,79.7,0.4,0
MOSS BASIN,20115,AMOS,35.03397,-113.89406,5920,8/23/2026 16:00 MDT,8/23/2026 16:23 MDT,8/23/2026 16:00 MDT,8/23/2026 16:00 MDT,8/22/2026,12/31/1969 17:00 MST,F,Z,4,399,4.47,6.29,10.64,12.97,60.31,17.89,98.87,93.86,30.0,60.0,0.27,0
UNION PASS,20116,AUNI,35.23233,-114.38194,3590,8/23/2026 15:00 MDT,8/23/2026 15:52 MDT,8/23/2026 16:00 MDT,8/23/2026 16:00 MDT,8/22/2026,12/31/1969 17:00 MST,F,Z,4,583,3.65,4.76,6.75,8.42,70.46,17.51,126.43,104.08,30.0,60.0,0.03,0
HURRICANE,20117,AHUR,36.69908,-113.20731,5445,8/23/2026 15:34 MDT,8/23/2026 15:34 MDT,8/23/2026 16:00 MDT,8/23/2026 16:00 MDT,8/22/2026,12/31/1969 17:00 MST,O,Z,4,412,5.75,7.01,9.25,10.81,48.73,25.51,101.94,112.07,30.0,60.0,0.18,0
HAVASU,20118,AHAV,34.80758,-114.53456,475,8/23/2026 15:00 MDT,8/23/2026 15:52 MDT,8/23/2026 16:00 MDT,8/23/2026 16:00 MDT,8/22/2026,12/31/1969 17:00 MST,F,Z,4,657,3.35,5.33,7.6,8.97,65.2,12.21,121.9,86.69,30.0,60.0,0.0,0
MUSIC MOUNTAIN,20119,AMUS,35.61497,-113.79428,5375,8/23/2026 15:00 MDT,8/23/2026 15:52 MDT,8/23/2026 16:00 MDT,8/23/2026 16:00 MDT,8/22/2026,12/31/1969 17:00 MST,F,Z,4,551,4.19,6.16,8.43,10.49,65.97,24.82,111.14,115.15,30.0,60.0,0.12,0
TRUXTON CANYON,20120,ATRU,35.78013,-113.79563,5304,8/23/2026 16:00 MDT,8/23/2026 16:14 MDT,8/23/2026 16:00 MDT,8/23/2026 16:00 MDT,8/22/2026,12/31/1969 17:00 MST,F,Z,4,273,4.3,5.58,8.02,10.14,62.86,18.27,114.32,101.31,30.0,60.0,0.17,0
CIBOLA,20121,ACBL,33.28,-114.68489,252,8/23/2026 15:48 MDT,8/23/2026 15:48 MDT,8/23/2026 16:00 MDT,8/23/2026 16:00 MDT,8/22/2026,12/31/1969 17:00 MST,O,Z,4,749,5.33,6.42,7.98,8.85,58.7,18.41,112.48,100.92,30.0,60.0,0.0,0
TUSAYAN,20207,ATUS,35.98833,-112.12056,6570,8/23/2026 16:00 MDT,8/23/2026 16:08 MDT,8/23/2026 16:00 MDT,8/23/2026 16:00 MDT,8/22/2026,12/31/1969 17:00 MST,F,Z,4,353,4.57,7.92,13.02,15.13,29.63,4.5,84.93,46.38,30.0,60.0,0.22,0
FLAGSTAFF,20209,AFLG,35.14111,-111.6725,6903,8/23/2026 16:00 MDT,8/23/2026 16:06 MDT,8/23/2026 16:00 MDT,8/23/2026 16:00 MDT,8/22/2026,12/31/1969 17:00 MST,F,Z,4,289,5.45,8.53,12.37,14.52,34.08,8.45,84.16,61.73,52.02,74.01,0.37,0
BRIGHT ANGEL,20211,ACAN,36.20472,-112.06222,8134,8/23/2026 16:00 MDT,8/23/2026 16:07 MDT,8/23/2026 16:00 MDT,8/23/2026 16:00 MDT,8/22/2026,12/31/1969 17:00 MST,F,Z,4,271,5.17,7.44,10.47,12.56,50.97,16.71,95.59,89.56,71.34,86.3,0.43,0
DRY PARK,20212,ADRY,36.45308,-112.23819,8700,8/23/2026 15:38 MDT,8/23/2026 15:38 MDT,8/23/2026 16:00 MDT,8/23/2026 16:00 MDT,8/22/2026,12/31/1969 17:00 MST,O,Z,4,100,8.2,10.92,12.42,14.35,12.63,3.42,73.35,38.23,149.98,136.35,0.68,0
FRAZIER WELLS,20213,AFRA,35.84551,-113.05501,6796,8/23/2026 16:00 MDT,8/23/2026 16:27 MDT,8/23/2026 16:00 MDT,8/23/2026 16:00 MDT,8/22/2026,12/31/1969 17:00 MST,F,Z,4,98,4.96,6.77,9.61,11.48,50.61,15.25,102.22,88.57,57.43,77.45,0.39,0
MORMON LAKE,20215,AMOL,34.90972,-111.43842,7094,8/23/2026 16:00 MDT,8/23/2026 16:03 MDT,8/23/2026 16:00 MDT,8/23/2026 16:00 MDT,8/22/2026,12/31/1969 17:00 MST,F,Z,4,289,34.9,9.34,13.68,15.22,0.0,0.0,28.04,0.0,67.17,83.65,0.42,0
WARM SPRINGS CANYON,20216,AWAR,36.70117,-112.22689,7953,8/23/2026 15:47 MDT,8/23/2026 15:47 MDT,8/23/2026 16:00 MDT,8/23/2026 16:00 MDT,8/22/2026,12/31/1969 17:00 MST,O,Z,4,349,7.76,9.27,12.02,13.42,16.09,4.25,80.23,44.02,67.28,83.72,0.42,0
YELLOW JOHN MOUNTAIN,20217,AYEL,36.155,-113.54944,6160,8/23/2026 15:00 MDT,8/23/2026 15:50 MDT,8/23/2026 16:00 MDT,8/23/2026 16:00 MDT,8/22/2026,12/31/1969 17:00 MST,F,Z,4,289,4.77,7.8,11.46,13.78,40.75,9.0,90.88,65.83,30.0,60.0,0.18,0
OAK CREEK,20219,AOAK,34.94686,-111.75444,4804,8/23/2026 16:00 MDT,8/23/2026 16:03 MDT,8/23/2026 16:00 MDT,8/23/2026 16:00 MDT,8/22/2026,12/31/1969 17:00 MST,F,Z,4,579,4.06,6.6,9.81,11.71,37.28,5.75,104.02,57.0,30.0,60.0,0.09,0
LINDBERGH HILL,20220,ALBE,36.28556,-112.07861,8800,8/23/2026 16:00 MDT,8/23/2026 16:08 MDT,8/23/2026 16:00 MDT,8/23/2026 16:00 MDT,8/22/2026,12/31/1969 17:00 MST,F,Z,4,400,5.39,7.72,10.55,12.42,40.07,11.39,94.52,74.71,80.59,92.2,0.46,0
PROMONTORY,20221,APRO,34.36528,-111.01444,7842,8/23/2026 15:49 MDT,8/23/2026 15:49 MDT,8/23/2026 16:00 MDT,8/23/2026 16:00 MDT,8/22/2026,12/31/1969 17:00 MST,O,Z,4,130,6.59,8.28,11.66,13.82,25.0,6.59,84.96,55.28,167.61,147.57,0.74,0
GUNSIGHT,20223,AGUN,36.70464,-112.5835,5284,8/23/2026 15:34 MDT,8/23/2026 15:34 MDT,8/23/2026 16:00 MDT,8/23/2026 16:00 MDT,8/22/2026,12/31/1969 17:00 MST,O,Z,4,526,4.58,6.85,9.37,10.94,55.29,15.79,104.89,91.08,30.0,60.0,0.14,0
BUCKSKIN MTN,20224,ABUC,36.91808,-112.19981,6334,8/23/2026 15:33 MDT,8/23/2026 15:33 MDT,8/23/2026 16:00 MDT,8/23/2026 16:00 MDT,8/22/2026,12/31/1969 17:00 MST,O,Z,4,421,5.98,7.76,9.37,11.24,38.86,12.36,98.2,78.95,30.0,60.0,0.2,0
PARIA POINT,20226,APAR,36.72753,-111.822,7106,8/23/2026 16:00 MDT,8/23/2026 16:00 MDT,8/23/2026 16:00 MDT,8/23/2026 16:00 MDT,8/22/2026,12/31/1969 17:00 MST,F,Z,4,402,4.72,6.59,9.49,10.72,37.66,7.73,105.42,65.71,30.0,60.0,0.24,0
FOUR SPRINGS,20227,AFOU,36.79367,-112.04239,6560,8/23/2026 16:00 MDT,8/23/2026 16:19 MDT,8/23/2026 16:00 MDT,8/23/2026 16:00 MDT,8/22/2026,12/31/1969 17:00 MST,F,Z,4,289,4.61,6.66,9.64,10.64,45.05,10.67,105.32,76.17,30.0,60.0,0.25,0
GREENBASE,20284,AGRB,35.27619,-112.06325,6923,8/23/2026 16:00 MDT,8/23/2026 16:16 MDT,8/23/2026 16:00 MDT,8/23/2026 16:00 MDT,8/22/2026,12/31/1969 17:00 MST,F,Z,4,229,5.58,8.54,14.04,16.89,38.46,11.16,75.82,66.87,62.09,80.42,0.4,0
HAPPY JACK,20291,AHJK,34.61797,-111.34239,6812,8/23/2026 16:00 MDT,8/23/2026 16:02 MDT,8/23/2026 16:00 MDT,8/23/2026 16:00 MDT,8/22/2026,12/31/1969 17:00 MST,F,Z,4,386,34.88,9.69,13.48,15.79,0.0,0.0,27.18,0.0,59.58,78.83,0.39,0
HEBER,20301,AHBR,34.39778,-110.56444,6635,8/23/2026 16:00 MDT,8/23/2026 16:03 MDT,8/23/2026 16:00 MDT,8/23/2026 16:00 MDT,8/22/2026,12/31/1969 17:00 MST,F,Z,4,225,6.03,8.64,13.1,15.13,28.29,6.85,79.9,54.74,30.0,60.0,0.29,0
LAKESIDE,20303,ALAK,34.16283,-109.87639,7267,8/23/2026 16:00 MDT,8/23/2026 16:00 MDT,8/23/2026 16:00 MDT,8/23/2026 16:00 MDT,8/22/2026,12/31/1969 17:00 MST,F,Z,4,21,6.86,9.5,15.39,17.09,23.36,6.43,68.4,49.49,73.29,87.55,0.44,0
NAVAJO MONUMENT,20307,ANAV,36.67667,-110.54389,7204,8/23/2026 15:36 MDT,8/23/2026 15:36 MDT,8/23/2026 16:00 MDT,8/23/2026 16:00 MDT,8/22/2026,12/31/1969 17:00 MST,O,Z,4,202,5.07,7.9,10.36,11.66,25.87,4.3,97.02,48.32,30.0,60.0,0.14,0
LIMESTONE CANYON,20309,ALIM,34.17786,-110.27663,7102,8/23/2026 16:00 MDT,8/23/2026 16:24 MDT,8/23/2026 16:00 MDT,8/23/2026 16:00 MDT,8/22/2026,12/31/1969 17:00 MST,F,Z,4,189,5.57,8.11,11.21,12.7,31.04,7.13,91.09,59.2,30.0,60.0,0.17,0
MOUNTAIN LION,20310,AFAP,33.69511,-109.71078,7269,8/23/2026 16:00 MDT,8/23/2026 16:14 MDT,8/23/2026 16:00 MDT,8/23/2026 16:00 MDT,8/22/2026,12/31/1969 17:00 MST,F,Z,4,73,6.31,8.86,13.28,15.7,19.9,3.88,77.36,41.5,124.13,119.9,0.6,0
HOPI,20312,AHPI,35.86292,-110.61495,5579,8/23/2026 16:00 MDT,8/23/2026 16:13 MDT,8/23/2026 16:00 MDT,8/23/2026 16:00 MDT,8/22/2026,12/31/1969 17:00 MST,F,Z,4,476,4.04,7.22,11.3,12.44,63.67,16.59,97.4,90.04,30.0,60.0,0.07,0
ALPINE,20401,AALP,33.84272,-109.11161,8207,8/23/2026 16:00 MDT,8/23/2026 16:16 MDT,8/23/2026 16:00 MDT,8/23/2026 16:00 MDT,8/22/2026,12/31/1969 17:00 MST,F,Z,4,86,6.84,9.41,13.77,15.61,22.7,6.45,74.33,51.47,141.87,131.19,0.66,0
PINEY HILL,20402,APIN,35.76111,-109.16719,8061,8/23/2026 15:41 MDT,8/23/2026 15:41 MDT,8/23/2026 16:00 MDT,8/23/2026 16:00 MDT,8/22/2026,12/31/1969 17:00 MST,O,Z,4,188,7.12,11.91,11.73,12.59,16.45,3.64,78.34,40.55,49.92,72.68,0.36,0
GREER,20404,AGRE,34.05853,-109.44097,8240,8/23/2026 15:35 MDT,8/23/2026 15:35 MDT,8/23/2026 16:00 MDT,8/23/2026 16:00 MDT,8/22/2026,12/31/1969 17:00 MST,O,Z,4,60,12.93,11.5,14.98,16.15,6.01,4.84,55.61,39.49,162.77,144.49,0.72,0
IRON SPRINGS,20501,AIRO,34.59361,-112.51139,5385,8/23/2026 16:00 MDT,8/23/2026 16:06 MDT,8/23/2026 16:00 MDT,8/23/2026 16:00 MDT,8/22/2026,12/31/1969 17:00 MST,F,Z,4,384,4.84,6.89,10.69,13.11,40.3,8.97,95.99,67.4,30.0,60.0,0.22,0
CROWN KING,20502,ACRO,34.20336,-112.34561,6173,8/23/2026 16:00 MDT,8/23/2026 16:27 MDT,8/23/2026 16:00 MDT,8/23/2026 16:00 MDT,8/22/2026,12/31/1969 17:00 MST,F,Z,4,384,4.93,6.93,10.44,12.46,30.72,5.29,97.72,53.29,30.0,60.0,0.25,0
VERDE,20503,AVER,34.54917,-111.84417,3101,8/23/2026 16:00 MDT,8/23/2026 16:05 MDT,8/23/2026 16:00 MDT,8/23/2026 16:00 MDT,8/22/2026,12/31/1969 17:00 MST,F,Z,4,557,11.29,7.58,10.16,12.08,11.03,5.17,82.29,48.71,30.0,60.0,0.06,0
GOODWIN MESA,20507,AGOO,34.77614,-113.3375,4311,8/23/2026 16:00 MDT,8/23/2026 16:20 MDT,8/23/2026 16:00 MDT,8/23/2026 16:00 MDT,8/22/2026,12/31/1969 17:00 MST,F,Z,4,453,3.71,5.35,9.19,11.33,72.86,19.39,110.65,102.57,30.0,60.0,0.12,0
HUMBUG CREEK,20508,AHUM,34.11,-112.3,5250,8/23/2026 15:48 MDT,8/23/2026 15:48 MDT,8/23/2026 16:00 MDT,8/23/2026 16:00 MDT,8/22/2026,12/31/1969 17:00 MST,O,Z,4,265,4.92,5.95,8.71,10.64,42.64,10.4,108.6,76.37,30.0,60.0,0.19,0
STANTON,20509,ASTA,34.16403,-112.73486,3600,8/23/2026 16:00 MDT,8/23/2026 16:01 MDT,8/23/2026 16:00 MDT,8/23/2026 16:00 MDT,8/22/2026,12/31/1969 17:00 MST,F,Z,4,547,4.02,4.84,6.97,8.81,57.71,13.11,123.4,90.1,30.0,60.0,0.07,0
SUNSET POINT,20510,ASUN,34.18847,-112.13467,3380,8/23/2026 15:00 MDT,8/23/2026 15:53 MDT,8/23/2026 16:00 MDT,8/23/2026 16:00 MDT,8/22/2026,12/31/1969 17:00 MST,F,Z,4,622,4.02,5.82,7.88,9.53,54.36,11.35,116.36,82.06,30.0,60.0,0.04,0
CHERRY,20511,ACHE,34.59661,-112.04761,5147,8/23/2026 16:00 MDT,8/23/2026 16:11 MDT,8/23/2026 16:00 MDT,8/23/2026 16:00 MDT,8/22/2026,12/31/1969 17:00 MST,F,Z,4,204,4.93,8.21,11.35,13.07,40.03,8.86,91.33,65.49,30.0,60.0,0.16,0
GLOBE,20601,AGLO,33.32694,-110.76694,4137,8/23/2026 16:00 MDT,8/23/2026 16:06 MDT,8/23/2026 16:00 MDT,8/23/2026 16:00 MDT,8/22/2026,12/31/1969 17:00 MST,F,Z,4,497,4.26,6.59,9.08,9.94,47.06,9.5,109.57,73.54,30.0,60.0,0.06,0
PAYSON,20602,APAY,34.24614,-111.2935,5064,8/23/2026 16:00 MDT,8/23/2026 16:11 MDT,8/23/2026 16:00 MDT,8/23/2026 16:00 MDT,8/22/2026,12/31/1969 17:00 MST,F,Z,4,387,4.92,8.33,10.34,11.77,40.34,8.87,96.18,67.11,30.0,60.0,0.12,0
PLEASANT VALLEY,20603,APLE,34.08858,-110.94225,5232,8/23/2026 16:00 MDT,8/23/2026 16:00 MDT,8/23/2026 16:00 MDT,8/23/2026 16:00 MDT,8/22/2026,12/31/1969 17:00 MST,F,Z,4,303,4.66,7.56,12.08,13.91,39.24,7.73,90.09,61.14,30.0,60.0,0.13,0
TONTO BASIN,20606,ATON,33.86861,-111.31333,2414,8/23/2026 16:00 MDT,8/23/2026 16:11 MDT,8/23/2026 16:00 MDT,8/23/2026 16:00 MDT,8/22/2026,12/31/1969 17:00 MST,F,Z,4,603,3.98,5.94,8.47,9.65,47.24,8.33,114.33,70.61,30.0,60.0,0.0,0
SAN CARLOS #1,20608,ASCA,33.37165,-110.45683,2830,8/23/2026 16:00 MDT,8/23/2026 16:14 MDT,8/23/2026 16:00 MDT,8/23/2026 16:00 MDT,8/22/2026,12/31/1969 17:00 MST,F,Z,4,611,3.32,5.48,7.85,9.15,54.61,8.95,120.46,74.76,30.0,60.0,0.01,0
HILLTOP,20609,AHIL,33.61119,-110.41461,5732,8/23/2026 15:32 MDT,8/23/2026 15:32 MDT,8/23/2026 16:00 MDT,8/23/2026 16:00 MDT,8/22/2026,12/31/1969 17:00 MST,O,Z,4,86,4.97,9.33,13.54,15.39,33.58,6.27,79.42,52.4,30.0,60.0,0.28,0
RED LAKE,20610,ARED,34.18133,-110.78919,6524,8/23/2026 15:00 MDT,8/23/2026 15:59 MDT,8/23/2026 16:00 MDT,8/23/2026 16:00 MDT,8/22/2026,12/31/1969 17:00 MST,F,Z,4,100,5.83,10.4,16.49,18.21,20.77,3.35,64.86,35.78,52.31,74.2,0.37,0
SHADOW RIM,20611,ASHA,34.40586,-111.28319,5660,8/23/2026 16:00 MDT,8/23/2026 16:09 MDT,8/23/2026 16:00 MDT,8/23/2026 16:00 MDT,8/22/2026,12/31/1969 17:00 MST,F,Z,4,449,4.75,8.09,12.59,14.81,31.64,5.34,85.67,50.41,30.0,60.0,0.18,0
PINE,20612,APNE,34.37181,-111.4555,5313,8/23/2026 16:00 MDT,8/23/2026 16:22 MDT,8/23/2026 16:00 MDT,8/23/2026 16:00 MDT,8/22/2026,12/31/1969 17:00 MST,F,Z,4,464,4.97,8.16,11.08,12.69,36.48,7.5,92.74,61.11,30.0,60.0,0.16,0
HORSE CAMP CANYON,20903,AHOR,32.93656,-110.4935,4014,8/23/2026 16:00 MDT,8/23/2026 16:02 MDT,8/23/2026 16:00 MDT,8/23/2026 16:00 MDT,8/22/2026,12/31/1969 17:00 MST,F,Z,4,577,10.74,6.65,8.52,10.08,15.87,9.46,93.39,68.19,30.0,60.0,0.06,0
CASA GRANDE,20906,ACSG,32.99177,-111.53264,1412,8/23/2026 16:00 MDT,8/23/2026 16:22 MDT,8/23/2026 16:00 MDT,8/23/2026 16:00 MDT,8/22/2026,12/31/1969 17:00 MST,F,Z,4,687,3.94,5.74,9.07,10.78,52.08,9.84,110.64,75.09,30.0,60.0,0.0,0
COLUMBINE,21005,ACOL,32.70389,-109.91389,9521,8/23/2026 16:00 MDT,8/23/2026 16:02 MDT,8/23/2026 16:00 MDT,8/23/2026 16:00 MDT,8/22/2026,12/31/1969 17:00 MST,F,Z,4,41,6.84,8.9,14.2,17.43,17.33,3.73,71.14,39.23,239.55,193.35,0.97,0
MULESHOE RANCH,21007,AMUL,32.40383,-110.272,4475,8/23/2026 16:00 MDT,8/23/2026 16:03 MDT,8/23/2026 16:00 MDT,8/23/2026 16:00 MDT,8/22/2026,12/31/1969 17:00 MST,F,Z,4,376,4.12,7.16,9.82,11.76,44.62,8.16,102.32,66.47,30.0,60.0,0.11,0
BLACK HILLS,21008,ABLA,33.08203,-109.95119,3262,8/23/2026 15:00 MDT,8/23/2026 15:53 MDT,8/23/2026 16:00 MDT,8/23/2026 16:00 MDT,8/22/2026,12/31/1969 17:00 MST,F,Z,4,294,3.58,6.23,7.21,8.8,55.49,10.22,120.18,79.35,30.0,60.0,0.0,0
DRY LAKE,21009,ADRL,33.35982,-109.83306,7405,8/23/2026 16:00 MDT,8/23/2026 16:27 MDT,8/23/2026 16:00 MDT,8/23/2026 16:00 MDT,8/22/2026,12/31/1969 17:00 MST,F,Z,4,387,4.69,7.52,10.4,12.5,40.81,9.08,96.91,68.07,44.44,69.19,0.35,0
NOON CREEK,21010,ANOO,32.66778,-109.78806,4925,8/23/2026 15:37 MDT,8/23/2026 15:37 MDT,8/23/2026 16:00 MDT,8/23/2026 16:00 MDT,8/22/2026,12/31/1969 17:00 MST,O,Z,4,464,3.54,6.0,8.5,10.15,50.8,8.72,114.09,72.04,30.0,60.0,0.1,0
GUTHRIE,21104,AGUT,32.88203,-109.30931,6324,8/23/2026 16:00 MDT,8/23/2026 16:03 MDT,8/23/2026 16:00 MDT,8/23/2026 16:00 MDT,8/22/2026,12/31/1969 17:00 MST,F,Z,4,406,4.14,6.49,8.57,10.33,50.65,11.18,110.44,79.56,30.0,60.0,0.23,0
TRAIL CABIN,21105,ATRA,33.26478,-109.36789,6250,8/23/2026 15:35 MDT,8/23/2026 15:35 MDT,8/23/2026 16:00 MDT,8/23/2026 16:00 MDT,8/22/2026,12/31/1969 17:00 MST,O,Z,4,419,4.65,7.95,10.38,11.86,32.1,5.4,97.46,53.75,30.0,60.0,0.16,0
STRAY HORSE,21106,ASTH,33.55253,-109.31719,7956,8/23/2026 16:00 MDT,8/23/2026 16:19 MDT,8/23/2026 16:00 MDT,8/23/2026 16:00 MDT,8/22/2026,12/31/1969 17:00 MST,F,Z,4,116,5.71,10.06,10.86,12.22,31.66,8.25,88.1,62.34,125.12,120.53,0.6,0
SAGUARO,21202,ASAG,32.31111,-110.81861,2758,8/23/2026 16:00 MDT,8/23/2026 16:08 MDT,8/23/2026 16:00 MDT,8/23/2026 16:00 MDT,8/22/2026,12/31/1969 17:00 MST,F,Z,4,434,3.9,5.81,9.82,11.45,48.13,8.39,107.09,68.74,30.0,60.0,0.01,0
EMPIRE,21205,AEMP,31.78347,-110.64325,4650,8/23/2026 15:00 MDT,8/23/2026 15:53 MDT,8/23/2026 16:00 MDT,8/23/2026 16:00 MDT,8/22/2026,12/31/1969 17:00 MST,F,Z,4,287,5.22,9.68,11.97,14.25,35.15,7.31,83.57,57.54,30.0,60.0,0.17,0
SASABE,21206,ASAS,31.69169,-111.44811,3500,8/23/2026 16:00 MDT,8/23/2026 16:05 MDT,8/23/2026 16:00 MDT,8/23/2026 16:00 MDT,8/22/2026,12/31/1969 17:00 MST,F,Z,4,610,4.88,8.89,12.75,14.09,41.3,8.87,84.79,63.34,30.0,60.0,0.05,0
RINCON,21207,ARIN,32.20639,-110.54861,8209,8/23/2026 15:37 MDT,8/23/2026 15:37 MDT,8/23/2026 16:00 MDT,8/23/2026 16:00 MDT,8/22/2026,12/31/1969 17:00 MST,O,Z,4,24,34.55,8.64,11.41,14.09,0.0,0.0,33.56,0.0,187.61,160.3,0.8,0
SCOUT CAMP,21208,ASOL,32.39806,-110.725,7554,8/23/2026 15:37 MDT,8/23/2026 15:37 MDT,8/23/2026 16:00 MDT,8/23/2026 16:00 MDT,8/22/2026,12/31/1969 17:00 MST,O,Z,4,96,6.53,8.66,9.75,12.1,21.37,4.62,91.98,48.71,146.04,133.84,0.67,0
SELLS,21209,ASES,31.91014,-111.89743,2262,8/23/2026 16:00 MDT,8/23/2026 16:14 MDT,8/23/2026 16:00 MDT,8/23/2026 16:00 MDT,8/22/2026,12/31/1969 17:00 MST,F,Z,4,193,4.51,6.6,9.4,11.09,45.84,9.27,105.26,71.38,30.0,60.0,0.03,0
HOPKINS,21302,AHPK,31.67528,-110.88,7120,8/23/2026 16:00 MDT,8/23/2026 16:19 MDT,8/23/2026 16:00 MDT,8/23/2026 16:00 MDT,8/22/2026,12/31/1969 17:00 MST,F,Z,4,449,6.56,10.07,10.22,11.97,27.67,7.74,87.94,60.48,30.0,60.0,0.28,0
CANELO,21303,ACNL,31.54972,-110.51917,4629,8/23/2026 16:00 MDT,8/23/2026 16:08 MDT,8/23/2026 16:00 MDT,8/23/2026 16:00 MDT,8/22/2026,12/31/1969 17:00 MST,F,Z,4,127,5.13,8.31,12.14,14.27,38.08,8.69,86.35,63.27,30.0,60.0,0.27,0
HEADQUARTERS,21409,ACHR,32.00611,-109.35694,5400,8/23/2026 15:37 MDT,8/23/2026 15:37 MDT,8/23/2026 16:00 MDT,8/23/2026 16:00 MDT,8/22/2026,12/31/1969 17:00 MST,O,Z,4,471,3.66,6.62,10.39,12.15,48.47,8.57,102.65,68.08,30.0,60.0,0.15,0
CARR,21411,ACAA,31.44111,-110.28611,5400,8/23/2026 16:00 MDT,8/23/2026 16:19 MDT,8/23/2026 16:00 MDT,8/23/2026 16:00 MDT,8/22/2026,12/31/1969 17:00 MST,F,Z,4,90,5.08,7.79,9.88,12.17,36.05,7.45,97.19,62.22,31.38,60.88,0.3,0
RUCKER,21414,ARUC,31.76111,-109.34861,5700,8/23/2026 15:00 MDT,8/23/2026 15:57 MDT,8/23/2026 16:00 MDT,8/23/2026 16:00 MDT,8/22/2026,12/31/1969 17:00 MST,F,Z,4,62,4.79,8.48,10.86,13.96,37.48,7.62,90.18,60.76,62.89,80.93,0.4,0
SMITH PEAK,21501,ASMI,34.11486,-113.34733,2386,8/23/2026 15:00 MDT,8/23/2026 15:53 MDT,8/23/2026 16:00 MDT,8/23/2026 16:00 MDT,8/22/2026,12/31/1969 17:00 MST,F,Z,4,657,3.44,4.68,6.44,8.03,57.6,10.44,129.26,82.88,30.0,60.0,0.02,0
OATMAN,21502,AOAT,33.04994,-113.13867,1715,8/23/2026 15:00 MDT,8/23/2026 15:52 MDT,8/23/2026 16:00 MDT,8/23/2026 16:00 MDT,8/22/2026,12/31/1969 17:00 MST,F,Z,4,638,4.22,5.51,6.84,7.88,49.66,9.59,123.73,78.13,30.0,60.0,0.0,0
AHAKHAV PRESERVE,21503,AAHA,34.13222,-114.32917,363,8/23/2026 16:00 MDT,8/23/2026 16:26 MDT,8/23/2026 16:00 MDT,8/23/2026 16:00 MDT,8/22/2026,12/31/1969 17:00 MST,F,Z,4,746,3.49,5.07,8.31,9.95,76.14,17.77,117.78,101.42,30.0,60.0,0.0,0
BELMONT,21504,ABEL,33.67411,-112.92281,1813,8/23/2026 16:00 MDT,8/23/2026 16:01 MDT,8/23/2026 16:00 MDT,8/23/2026 16:00 MDT,8/22/2026,12/31/1969 17:00 MST,F,Z,4,693,3.58,4.66,6.49,8.31,56.22,10.28,127.96,81.92,30.0,60.0,0.01,0
GOLDFIELD,21505,AGOL,33.55531,-111.6145,1367,8/23/2026 16:00 MDT,8/23/2026 16:23 MDT,8/23/2026 16:00 MDT,8/23/2026 16:00 MDT,8/22/2026,12/31/1969 17:00 MST,F,Z,4,684,3.73,5.52,8.89,10.39,50.51,8.56,113.26,71.18,30.0,60.0,0.0,0
WASHINGTON PASS,290101,XWAS,36.0765,-108.8615,9384,8/23/2026 15:41 MDT,8/23/2026 15:41 MDT,8/23/2026 16:00 MDT,8/23/2026 16:00 MDT,8/22/2026,12/31/1969 17:00 MST,O,Z,4,252,6.96,11.93,12.15,13.18,16.8,3.68,76.69,40.35,114.3,113.65,0.57,0
ALBINO CANYON,290102,XALB,36.97661,-107.62892,7173,8/23/2026 16:00 MDT,8/23/2026 16:26 MDT,8/23/2026 16:00 MDT,8/23/2026 16:00 MDT,8/22/2026,12/31/1969 17:00 MST,F,Z,4,485,5.12,9.12,9.65,9.87,55.52,24.58,99.65,109.04,30.0,60.0,0.03,0
STONE LAKE,290201,XSTO,36.73161,-106.86581,7436,8/23/2026 15:33 MDT,8/23/2026 15:33 MDT,8/23/2026 16:00 MDT,8/23/2026 16:00 MDT,8/22/2026,12/31/1969 17:00 MST,O,Z,4,487,6.52,13.11,14.56,12.33,25.92,6.53,72.29,51.13,30.0,60.0,0.07,0
COYOTE,290202,XCOY,36.07333,-106.65739,8704,8/23/2026 15:48 MDT,8/23/2026 15:48 MDT,8/23/2026 16:00 MDT,8/23/2026 16:00 MDT,8/22/2026,12/31/1969 17:00 MST,O,Z,4,222,8.47,12.62,16.69,14.24,11.26,2.81,62.18,32.38,47.17,70.92,0.35,0
DEADMAN PEAK,290203,XDEA,36.4229,-106.772,8389,8/23/2026 16:00 MDT,8/23/2026 16:07 MDT,8/23/2026 16:00 MDT,8/23/2026 16:00 MDT,8/22/2026,12/31/1969 17:00 MST,F,Z,4,492,4.75,8.72,10.79,11.69,57.64,23.28,94.83,103.94,30.0,60.0,0.01,0
JARITA MESA,290204,XJAR,36.55597,-106.10306,8864,8/23/2026 16:00 MDT,8/23/2026 16:16 MDT,8/23/2026 16:00 MDT,8/23/2026 16:00 MDT,8/22/2026,12/31/1969 17:00 MST,F,Z,4,196,5.79,9.22,12.14,12.97,41.4,14.09,85.54,78.68,30.0,60.0,0.29,0
DULCE #2,290205,XDUL,36.93519,-107.00011,6805,8/23/2026 16:00 MDT,8/23/2026 16:28 MDT,8/23/2026 16:00 MDT,8/23/2026 16:00 MDT,8/22/2026,12/31/1969 17:00 MST,F,Z,4,378,5.32,10.94,13.92,12.92,53.68,19.97,79.36,89.25,30.0,60.0,0.05,0
TRUCHAS,290210,XTRU,36.059,-105.7695,8353,8/23/2026 16:00 MDT,8/23/2026 16:11 MDT,8/23/2026 16:00 MDT,8/23/2026 16:00 MDT,8/22/2026,12/31/1969 17:00 MST,F,Z,4,249,5.69,9.5,14.29,14.4,44.52,15.85,77.93,79.58,30.0,60.0,0.17,0
BLACK MESA,290305,XBLM,36.03708,-106.04964,5762,8/23/2026 15:34 MDT,8/23/2026 15:34 MDT,8/23/2026 16:00 MDT,8/23/2026 16:00 MDT,8/22/2026,12/31/1969 17:00 MST,O,Z,4,612,7.59,12.81,13.34,11.66,17.16,4.26,74.19,42.53,30.0,60.0,0.0,0
WILD RIVERS,290307,XWDR,36.69469,-105.66872,7530,8/23/2026 15:49 MDT,8/23/2026 15:49 MDT,8/23/2026 16:00 MDT,8/23/2026 16:00 MDT,8/22/2026,12/31/1969 17:00 MST,O,Z,4,521,8.69,10.94,13.33,13.74,13.41,4.03,71.72,40.78,30.0,60.0,0.0,0
CIMARRON,290401,XCIM,36.60611,-105.12028,8806,8/23/2026 16:00 MDT,8/23/2026 16:09 MDT,8/23/2026 16:00 MDT,8/23/2026 16:00 MDT,8/22/2026,12/31/1969 17:00 MST,F,Z,4,221,6.79,10.1,13.59,14.83,25.29,7.6,74.86,55.7,120.71,117.72,0.59,0
ZUNI BUTTES,290603,XZUB,35.13919,-108.94131,6649,8/23/2026 15:42 MDT,8/23/2026 15:42 MDT,8/23/2026 16:00 MDT,8/23/2026 16:00 MDT,8/22/2026,12/31/1969 17:00 MST,O,Z,4,228,6.86,12.15,14.88,13.57,23.78,6.4,70.61,50.09,30.0,60.0,0.06,0
JEMEZ,290702,XJEM,35.84114,-106.61969,8248,8/23/2026 16:00 MDT,8/23/2026 16:08 MDT,8/23/2026 16:00 MDT,8/23/2026 16:00 MDT,8/22/2026,12/31/1969 17:00 MST,F,Z,4,315,11.13,9.81,12.94,14.01,13.99,10.47,69.11,62.21,30.0,60.0,0.24,0
CUBA,290705,XCUB,35.942,-107.07739,6890,8/23/2026 15:41 MDT,8/23/2026 15:41 MDT,8/23/2026 16:00 MDT,8/23/2026 16:00 MDT,8/22/2026,12/31/1969 17:00 MST,O,Z,4,474,5.58,9.48,12.44,13.01,36.19,9.69,84.72,65.94,30.0,60.0,0.07,0
SANDIA LAKES,290706,XSLK,35.22967,-106.59061,5027,8/23/2026 15:42 MDT,8/23/2026 15:42 MDT,8/23/2026 16:00 MDT,8/23/2026 16:00 MDT,8/22/2026,12/31/1969 17:00 MST,O,Z,4,678,4.73,10.88,14.02,11.36,35.89,6.37,83.81,54.11,30.0,60.0,0.0,0
TOWER,290801,XTOW,35.77899,-106.26611,6529,8/23/2026 16:00 MDT,8/23/2026 16:08 MDT,8/23/2026 16:00 MDT,8/23/2026 16:00 MDT,8/22/2026,12/31/1969 17:00 MST,F,Z,4,533,22.11,22.76,10.48,11.22,0.37,3.56,37.13,28.45,30.0,60.0,0.02,0
SANTA FE WATERSHED,290901,XSFW,35.68686,-105.86031,7749,8/23/2026 15:00 MDT,8/23/2026 15:53 MDT,8/23/2026 16:00 MDT,8/23/2026 16:00 MDT,8/22/2026,12/31/1969 17:00 MST,F,Z,4,371,5.76,9.91,13.42,14.01,44.93,15.76,79.42,80.06,30.0,60.0,0.19,0
BARTLEY,291002,XBAR,35.90875,-105.38769,9192,8/23/2026 16:00 MDT,8/23/2026 16:04 MDT,8/23/2026 16:00 MDT,8/23/2026 16:00 MDT,8/22/2026,12/31/1969 17:00 MST,F,Z,4,127,6.24,9.36,12.94,13.75,39.38,15.21,80.97,79.47,116.72,115.18,0.58,0
MILLS CANYON,291101,XMIL,36.05453,-104.32511,5881,8/23/2026 16:00 MDT,8/23/2026 16:05 MDT,8/23/2026 16:00 MDT,8/23/2026 16:00 MDT,8/22/2026,12/31/1969 17:00 MST,F,Z,4,540,4.46,8.4,10.21,11.97,61.27,17.77,97.03,92.77,30.0,60.0,0.09,0
PECOS,291202,XPEC,35.54558,-105.49439,8229,8/23/2026 16:00 MDT,8/23/2026 16:14 MDT,8/23/2026 16:00 MDT,8/23/2026 16:00 MDT,8/22/2026,12/31/1969 17:00 MST,F,Z,4,70,5.17,9.07,12.02,13.18,53.94,22.38,87.15,98.18,30.0,60.0,0.19,0
BRUSHY MOUNTAIN,291301,XBRU,34.72,-107.8484,8789,8/23/2026 15:49 MDT,8/23/2026 15:49 MDT,8/23/2026 16:00 MDT,8/23/2026 16:00 MDT,8/22/2026,12/31/1969 17:00 MST,O,Z,4,212,34.79,13.03,13.17,14.22,0.0,0.0,25.37,0.0,67.4,83.8,0.42,0
GRANTS,291302,XGRA,35.24278,-107.66528,8620,8/23/2026 16:00 MDT,8/23/2026 16:16 MDT,8/23/2026 16:00 MDT,8/23/2026 16:00 MDT,8/22/2026,12/31/1969 17:00 MST,F,Z,4,130,6.02,9.29,14.17,15.1,34.57,10.75,76.55,66.02,79.7,91.63,0.46,0
OAK FLATS,291402,XOAK,35.00614,-106.31583,7675,8/23/2026 16:00 MDT,8/23/2026 16:04 MDT,8/23/2026 16:00 MDT,8/23/2026 16:00 MDT,8/22/2026,12/31/1969 17:00 MST,F,Z,4,455,5.12,8.02,11.53,12.77,49.3,14.96,91.57,83.45,30.0,60.0,0.13,0
SANDIA LAB,291408,XSLB,35.00406,-106.41148,6321,8/23/2026 15:00 MDT,8/23/2026 15:53 MDT,8/23/2026 16:00 MDT,8/23/2026 16:00 MDT,8/22/2026,12/31/1969 17:00 MST,F,Z,4,264,5.91,8.32,9.93,10.55,44.64,15.68,97.35,87.71,30.0,60.0,0.08,0
MOUNTAINAIR,291501,XMOU,34.52081,-106.26269,6593,8/23/2026 16:00 MDT,8/23/2026 16:05 MDT,8/23/2026 16:00 MDT,8/23/2026 16:00 MDT,8/22/2026,12/31/1969 17:00 MST,F,Z,4,472,4.47,7.9,11.1,12.6,57.09,15.88,94.78,87.15,30.0,60.0,0.08,0
MELROSE RANGE,291901,XMEL,34.28422,-103.71497,4263,8/23/2026 16:00 MDT,8/23/2026 16:14 MDT,8/23/2026 16:00 MDT,8/23/2026 16:00 MDT,8/22/2026,12/31/1969 17:00 MST,F,Z,4,654,3.4,5.74,8.85,9.92,76.79,24.57,114.89,116.38,30.0,60.0,0.0,0
BEAVERHEAD,292001,XBEA,33.42353,-108.11019,6750,8/23/2026 16:00 MDT,8/23/2026 16:08 MDT,8/23/2026 16:00 MDT,8/23/2026 16:00 MDT,8/22/2026,12/31/1969 17:00 MST,F,Z,4,183,5.12,9.58,15.66,17.27,28.42,5.13,70.97,45.37,30.0,60.0,0.24,0
LUNA,292004,XLUN,33.82289,-108.94311,7088,8/23/2026 16:00 MDT,8/23/2026 16:07 MDT,8/23/2026 16:00 MDT,8/23/2026 16:00 MDT,8/22/2026,12/31/1969 17:00 MST,F,Z,4,264,5.48,9.67,16.13,17.93,41.89,12.75,68.03,67.64,30.67,60.43,0.3,0
RESERVE,292005,XRES,33.71489,-108.777,5846,8/23/2026 16:00 MDT,8/23/2026 16:08 MDT,8/23/2026 16:00 MDT,8/23/2026 16:00 MDT,8/22/2026,12/31/1969 17:00 MST,F,Z,4,458,4.65,9.53,14.82,16.35,44.77,10.48,75.37,64.78,30.0,60.0,0.1,0
SLAUGHTER,292008,XSLA,34.06056,-108.44472,8680,8/23/2026 16:00 MDT,8/23/2026 16:12 MDT,8/23/2026 16:00 MDT,8/23/2026 16:00 MDT,8/22/2026,12/31/1969 17:00 MST,F,Z,4,22,6.8,9.79,14.08,15.78,28.83,10.16,72.75,62.82,139.0,129.36,0.65,0
PELONA MOUNTAIN,292009,XPEL,33.69375,-108.06161,7955,8/23/2026 15:38 MDT,8/23/2026 15:38 MDT,8/23/2026 16:00 MDT,8/23/2026 16:00 MDT,8/22/2026,12/31/1969 17:00 MST,O,Z,4,239,34.92,11.63,11.58,13.35,0.0,0.0,29.83,0.0,76.27,89.44,0.45,0
GILA CENTER RAWS,292011,XGIL,33.22375,-108.24031,5767,8/23/2026 16:00 MDT,8/23/2026 16:13 MDT,8/23/2026 16:00 MDT,8/23/2026 16:00 MDT,8/22/2026,12/31/1969 17:00 MST,F,Z,4,155,4.66,10.12,15.14,16.14,32.09,5.34,73.94,47.09,30.0,60.0,0.14,0
DATIL,292012,XDAT,34.29256,-107.768,8431,8/23/2026 16:00 MDT,8/23/2026 16:11 MDT,8/23/2026 16:00 MDT,8/23/2026 16:00 MDT,8/22/2026,12/31/1969 17:00 MST,F,Z,4,178,34.86,12.22,13.21,14.5,0.0,0.0,25.9,0.0,92.15,99.55,0.5,0
MOGOLLON,292013,XMOG,33.39064,-108.80819,7602,8/23/2026 16:00 MDT,8/23/2026 16:13 MDT,8/23/2026 16:00 MDT,8/23/2026 16:00 MDT,8/22/2026,12/31/1969 17:00 MST,F,Z,4,165,5.06,8.27,11.07,12.43,37.66,8.75,92.87,65.63,56.93,77.14,0.39,0
CHUPADERA,292102,XCHU,33.77294,-106.0985,5580,8/23/2026 15:39 MDT,8/23/2026 15:39 MDT,8/23/2026 16:00 MDT,8/23/2026 16:00 MDT,8/22/2026,12/31/1969 17:00 MST,O,Z,4,519,3.91,7.2,10.15,10.88,50.01,9.81,104.11,72.9,30.0,60.0,0.01,0
BOSQUE,292103,XBOS,33.82064,-106.88169,4523,8/23/2026 15:00 MDT,8/23/2026 15:50 MDT,8/23/2026 16:00 MDT,8/23/2026 16:00 MDT,8/22/2026,12/31/1969 17:00 MST,F,Z,4,670,4.3,8.54,10.89,11.72,46.6,9.38,96.1,68.84,30.0,60.0,0.0,0
MAGDALENA,292104,XMAG,33.85061,-107.539,8495,8/23/2026 16:00 MDT,8/23/2026 16:03 MDT,8/23/2026 16:00 MDT,8/23/2026 16:00 MDT,8/22/2026,12/31/1969 17:00 MST,F,Z,4,60,5.68,8.32,11.79,13.7,24.87,4.93,86.99,48.91,113.34,113.04,0.57,0
SEVILLETA,292105,XSEV,34.35844,-106.6895,5246,8/23/2026 16:00 MDT,8/23/2026 16:11 MDT,8/23/2026 16:00 MDT,8/23/2026 16:00 MDT,8/22/2026,12/31/1969 17:00 MST,F,Z,4,558,4.13,7.48,10.87,11.66,55.35,12.8,99.29,80.61,30.0,60.0,0.0,0
SMOKEY BEAR,292203,XSMO,33.35019,-105.686,7194,8/23/2026 16:00 MDT,8/23/2026 16:00 MDT,8/23/2026 16:00 MDT,8/23/2026 16:00 MDT,8/22/2026,12/31/1969 17:00 MST,F,Z,4,103,5.29,8.19,13.3,15.9,44.4,13.03,80.56,73.84,30.0,60.0,0.27,0
EIGHT MILE DRAW,292301,XEIG,33.65064,-104.32139,3626,8/23/2026 15:37 MDT,8/23/2026 15:37 MDT,8/23/2026 16:00 MDT,8/23/2026 16:00 MDT,8/22/2026,12/31/1969 17:00 MST,O,Z,4,607,3.06,5.84,8.39,9.1,81.79,23.07,118.91,114.87,30.0,60.0,0.0,0
DUNKEN,292302,XDUN,32.82467,-105.18261,5431,8/23/2026 15:36 MDT,8/23/2026 15:36 MDT,8/23/2026 16:00 MDT,8/23/2026 16:00 MDT,8/22/2026,12/31/1969 17:00 MST,O,Z,4,488,3.43,6.18,8.42,9.63,75.62,22.14,115.46,111.2,30.0,60.0,0.02,0
BURRO MOUNTAIN,292504,XBUR,32.67203,-108.53969,6995,8/23/2026 15:00 MDT,8/23/2026 15:59 MDT,8/23/2026 16:00 MDT,8/23/2026 16:00 MDT,8/22/2026,12/31/1969 17:00 MST,F,Z,4,293,4.32,6.88,9.33,11.44,55.84,14.35,104.4,86.96,30.0,60.0,0.2,0
HACHITA VALLEY,292702,XHAC,31.702,-108.34169,4290,8/23/2026 15:40 MDT,8/23/2026 15:40 MDT,8/23/2026 16:00 MDT,8/23/2026 16:00 MDT,8/22/2026,12/31/1969 17:00 MST,O,Z,4,591,3.16,5.67,7.73,10.02,64.82,12.45,118.43,86.32,30.0,60.0,0.04,0
MCGREGGOR RANGE,292901,XMCG,32.43133,-105.62181,4832,8/23/2026 15:37 MDT,8/23/2026 15:37 MDT,8/23/2026 16:00 MDT,8/23/2026 16:00 MDT,8/22/2026,12/31/1969 17:00 MST,O,Z,4,598,3.09,5.54,7.47,9.49,79.96,23.05,121.03,115.75,30.0,60.0,0.01,0
DRIPPING SPRINGS,292903,XDRI,32.32225,-106.58661,5814,8/23/2026 16:00 MDT,8/23/2026 16:26 MDT,8/23/2026 16:00 MDT,8/23/2026 16:00 MDT,8/22/2026,12/31/1969 17:00 MST,F,Z,4,449,3.89,5.23,7.26,9.43,54.01,11.54,120.27,83.97,30.0,60.0,0.12,0
SAN ANDRES,292904,XSAA,32.58008,-106.52719,6137,8/23/2026 16:00 MDT,8/23/2026 16:01 MDT,8/23/2026 16:00 MDT,8/23/2026 16:00 MDT,8/22/2026,12/31/1969 17:00 MST,F,Z,4,493,3.95,5.53,7.65,9.7,49.22,9.85,117.52,77.24,30.0,60.0,0.09,0
MAYHILL,293002,XMAY,32.90947,-105.46981,6599,8/23/2026 16:00 MDT,8/23/2026 16:01 MDT,8/23/2026 16:00 MDT,8/23/2026 16:00 MDT,8/22/2026,12/31/1969 17:00 MST,F,Z,4,467,4.24,7.24,11.21,13.81,45.66,9.48,93.95,68.46,30.0,60.0,0.13,0
MESCAL,293003,XMES,33.15803,-105.76881,6227,8/23/2026 15:41 MDT,8/23/2026 15:41 MDT,8/23/2026 16:00 MDT,8/23/2026 16:00 MDT,8/22/2026,12/31/1969 17:00 MST,O,Z,4,217,5.16,8.71,13.17,15.92,37.48,8.66,79.99,60.97,36.38,64.06,0.32,0
COSMIC,293004,XCOS,32.77925,-105.81989,9172,8/23/2026 16:00 MDT,8/23/2026 16:15 MDT,8/23/2026 16:00 MDT,8/23/2026 16:00 MDT,8/22/2026,12/31/1969 17:00 MST,F,Z,4,71,6.1,7.96,12.09,13.96,29.45,8.04,85.64,60.8,199.84,168.08,0.84,0
BATDRAW,293101,XBAD,32.17861,-104.44056,4425,8/23/2026 15:00 MDT,8/23/2026 15:52 MDT,8/23/2026 16:00 MDT,8/23/2026 16:00 MDT,8/22/2026,12/31/1969 17:00 MST,F,Z,4,566,3.88,5.64,7.04,8.17,70.2,23.38,123.06,117.41,30.0,60.0,0.0,0
CAPROCK,293104,XCAP,32.92728,-103.85689,4167,8/23/2026 15:40 MDT,8/23/2026 15:40 MDT,8/23/2026 16:00 MDT,8/23/2026 16:00 MDT,8/22/2026,12/31/1969 17:00 MST,O,Z,4,493,3.63,5.43,7.48,8.81,73.6,24.04,121.56,118.24,30.0,60.0,0.0,0
QUEEN,293105,XQUN,32.20361,-104.69031,5642,8/23/2026 16:00 MDT,8/23/2026 16:13 MDT,8/23/2026 16:00 MDT,8/23/2026 16:00 MDT,8/22/2026,12/31/1969 17:00 MST,F,Z,4,367,3.83,5.92,8.04,9.78,69.6,23.47,115.6,114.28,30.0,60.0,0.05,0
PADUCA,293202,XPAD,32.17983,-103.722,3534,8/23/2026 15:39 MDT,8/23/2026 15:39 MDT,8/23/2026 16:00 MDT,8/23/2026 16:00 MDT,8/22/2026,12/31/1969 17:00 MST,O,Z,4,605,3.49,5.7,7.96,8.91,69.04,15.7,119.67,96.52,30.0,60.0,0.0,0
MALPAIS LAVA FLOW,293301,XMAL,34.85181,-108.17461,7514,8/23/2026 16:00 MDT,8/23/2026 16:25 MDT,8/23/2026 16:00 MDT,8/23/2026 16:00 MDT,8/22/2026,12/31/1969 17:00 MST,F,Z,4,180,5.61,9.4,15.12,16.18,43.2,14.25,73.33,73.69,30.0,60.0,0.27,0
BLUEWATER RIDGE,293303,XBLR,35.19411,-108.16336,8274,8/23/2026 16:00 MDT,8/23/2026 16:05 MDT,8/23/2026 16:00 MDT,8/23/2026 16:00 MDT,8/22/2026,12/31/1969 17:00 MST,F,Z,4,213,6.33,9.19,12.5,13.43,28.17,7.88,82.67,59.27,82.82,93.61,0.47,0
LAGUNA,293304,XLAG,35.05197,-107.42028,5805,8/23/2026 15:33 MDT,8/23/2026 15:33 MDT,8/23/2026 16:00 MDT,8/23/2026 16:00 MDT,8/22/2026,12/31/1969 17:00 MST,O,Z,4,546,34.96,15.12,9.89,10.12,0.0,0.0,31.26,0.0,30.0,60.0,0.01,0
RAMAH,293305,XRAM,34.81947,-108.29439,7645,8/23/2026 15:34 MDT,8/23/2026 15:34 MDT,8/23/2026 16:00 MDT,8/23/2026 16:00 MDT,8/22/2026,12/31/1969 17:00 MST,O,Z,4,313,5.47,9.12,13.76,15.47,51.48,19.84,78.17,88.35,30.0,60.0,0.27,0
10K,55522198,X10K,35.2085,-106.43586,10065,8/23/2026 15:38 MDT,8/23/2026 15:38 MDT,8/23/2026 16:00 MDT,8/23/2026 16:00 MDT,8/22/2026,12/31/1969 17:00 MST,O,Z,4,206,7.92,11.59,13.01,13.75,17.99,6.0,72.61,49.28,135.34,127.04,0.64,0
BAKERS TANK,55522210,AHBB,32.61528,-114.00836,563,8/23/2026 16:00 MDT,8/23/2026 16:07 MDT,8/23/2026 16:00 MDT,8/23/2026 16:00 MDT,8/22/2026,12/31/1969 17:00 MST,F,Z,4,740,4.37,5.15,6.77,7.69,59.16,14.4,125.04,94.63,30.0,60.0,0.0,0
CAVE CREEK,55522232,ACAV,34.0899,-111.8465,3477,8/23/2026 16:00 MDT,8/23/2026 16:20 MDT,8/23/2026 16:00 MDT,8/23/2026 16:00 MDT,8/22/2026,12/31/1969 17:00 MST,F,Z,4,544,3.57,5.59,8.19,9.52,55.28,10.24,117.55,78.64,30.0,60.0,0.03,0
CIPRIANO,55522238,ARIP,32.4235,-114.16211,1042,8/23/2026 15:00 MDT,8/23/2026 15:59 MDT,8/23/2026 16:00 MDT,8/23/2026 16:00 MDT,8/22/2026,12/31/1969 17:00 MST,F,Z,4,712,5.15,5.8,7.31,8.56,50.35,13.36,117.13,88.71,30.0,60.0,0.0,0
DEVILS HILLS,55522251,ADVH,32.42483,-113.79011,836,8/23/2026 16:00 MDT,8/23/2026 16:23 MDT,8/23/2026 16:00 MDT,8/23/2026 16:00 MDT,8/22/2026,12/31/1969 17:00 MST,F,Z,4,736,4.65,5.25,6.75,8.02,48.68,10.71,123.05,81.98,30.0,60.0,0.0,0
DUTCH KID,55522257,ADUT,35.12931,-112.28219,6505,8/23/2026 15:38 MDT,8/23/2026 15:38 MDT,8/23/2026 16:00 MDT,8/23/2026 16:00 MDT,8/22/2026,12/31/1969 17:00 MST,O,Z,4,115,9.08,12.55,16.34,16.77,9.17,2.44,57.54,29.24,30.0,60.0,0.28,0
FTHL YDMA,55522271,AFTH,32.48658,-114.4635,331,8/23/2026 15:38 MDT,8/23/2026 15:38 MDT,8/23/2026 16:00 MDT,8/23/2026 16:00 MDT,8/22/2026,12/31/1969 17:00 MST,O,Z,4,745,6.15,8.47,9.67,10.74,49.33,17.1,96.54,90.94,30.0,60.0,0.0,0
MIDNIGHT,55522315,XMID,36.77819,-105.34131,10815,8/23/2026 15:37 MDT,8/23/2026 15:37 MDT,8/23/2026 16:00 MDT,8/23/2026 16:00 MDT,8/22/2026,12/31/1969 17:00 MST,O,Z,4,72,10.96,15.53,17.87,17.04,6.67,3.0,46.76,29.25,197.38,166.51,0.83,0
MOHAWK DUNES,55522318,AMOD,32.68878,-113.74889,524,8/23/2026 16:00 MDT,8/23/2026 16:23 MDT,8/23/2026 16:00 MDT,8/23/2026 16:00 MDT,8/22/2026,12/31/1969 17:00 MST,F,Z,4,749,4.16,5.13,7.23,8.11,58.08,12.91,123.31,89.42,30.0,60.0,0.0,0
NEVERSHINE,55522326,ANEV,36.24753,-113.88851,2165,8/23/2026 16:00 MDT,8/23/2026 16:03 MDT,8/23/2026 16:00 MDT,8/23/2026 16:00 MDT,8/22/2026,12/31/1969 17:00 MST,F,Z,4,681,2.98,4.17,5.63,7.41,83.36,21.16,136.3,117.54,30.0,60.0,0.0,0
PICACHO PEAK,55522341,APIC,32.66314,-111.42154,1750,8/23/2026 16:00 MDT,8/23/2026 16:17 MDT,8/23/2026 16:00 MDT,8/23/2026 16:00 MDT,8/22/2026,12/31/1969 17:00 MST,F,Z,4,725,4.26,5.93,8.05,9.25,51.76,11.08,115.67,80.95,30.0,60.0,0.0,0
PINEDALE,55522344,APND,34.30617,-110.23661,6461,8/23/2026 15:38 MDT,8/23/2026 15:38 MDT,8/23/2026 16:00 MDT,8/23/2026 16:00 MDT,8/22/2026,12/31/1969 17:00 MST,O,Z,4,260,7.54,12.46,14.79,14.1,26.45,9.63,67.84,59.35,30.0,60.0,0.25,0
TANKS,55522384,ATNK,33.67314,-110.57431,5801,8/23/2026 15:38 MDT,8/23/2026 15:38 MDT,8/23/2026 16:00 MDT,8/23/2026 16:00 MDT,8/22/2026,12/31/1969 17:00 MST,O,Z,4,306,5.31,9.0,12.53,14.01,28.37,5.07,84.16,48.8,30.0,60.0,0.29,0
TAOS PUEBLO RAWS,55522385,XTAP,36.41461,-105.55689,7135,8/23/2026 16:00 MDT,8/23/2026 16:13 MDT,8/23/2026 16:00 MDT,8/23/2026 16:00 MDT,8/22/2026,12/31/1969 17:00 MST,F,Z,4,456,11.41,8.83,11.04,12.17,15.65,14.24,77.47,75.54,30.0,60.0,0.02,0
CEDAR RIDGE,55523718,ACED,32.59872,-110.76231,4735,8/23/2026 15:37 MDT,8/23/2026 15:37 MDT,8/23/2026 16:00 MDT,8/23/2026 16:00 MDT,8/22/2026,12/31/1969 17:00 MST,O,Z,4,330,5.01,6.03,8.88,10.41,48.3,13.49,108.31,85.98,30.0,60.0,0.13,0
RED CANYON,55523735,XRDC,34.62289,-106.40831,8070,8/23/2026 15:38 MDT,8/23/2026 15:38 MDT,8/23/2026 16:00 MDT,8/23/2026 16:00 MDT,8/22/2026,12/31/1969 17:00 MST,O,Z,4,279,6.11,10.84,13.58,11.85,25.39,5.69,80.65,50.45,30.0,60.0,0.27,0
SOWATS,55523737,ASOW,36.48242,-112.42281,7038,8/23/2026 15:39 MDT,8/23/2026 15:39 MDT,8/23/2026 16:00 MDT,8/23/2026 16:00 MDT,8/22/2026,12/31/1969 17:00 MST,O,Z,4,161,6.43,8.49,10.13,12.54,29.58,9.11,90.8,66.17,30.0,60.0,0.3,0
T BAR,55523738,XTBA,33.51789,-108.52419,8047,8/23/2026 15:39 MDT,8/23/2026 15:39 MDT,8/23/2026 16:00 MDT,8/23/2026 16:00 MDT,8/22/2026,12/31/1969 17:00 MST,O,Z,4,28,6.4,11.68,17.5,18.25,27.81,7.77,59.69,50.7,117.43,115.64,0.58,0
