FDRA,Zone,FDRA_ID,MFD_Thresh,LFD_Threshold,SIG_RAWS,Analysis_Period,FM_Short,FM_Long,FDRA_ZONE,Percentiles,Avg1HrFM,Avg10HrFM,Avg100HrFM,Avg1000HrFM,AvgWoodFM,AvgKBDI,AvgGSI,AvgHerbFM,AvgIC,AvgERC,AvgSC,AvgBI
Brush,FDZ,5,2,8,"20511, 20503, 20219",1/1/03 - 12/31/16, ,Y,FDZ Brush,1,1.89,3.77,5.69,6.61,60,8.35,0,30,0.48,9.41,0.45,4.52
Brush,FDZ,5,2,8,"20511, 20503, 20219",1/1/03 - 12/31/16, ,Y,FDZ Brush,2,2.17,4.03,5.97,6.94,60,29.05,0,30,1.36,11.98,0.63,5.75
Brush,FDZ,5,2,8,"20511, 20503, 20219",1/1/03 - 12/31/16, ,Y,FDZ Brush,3,2.33,4.25,6.18,7.25,60,44.37,0,30,2.27,13.9,0.84,7.55
Brush,FDZ,5,2,8,"20511, 20503, 20219",1/1/03 - 12/31/16, ,Y,FDZ Brush,4,2.46,4.41,6.43,7.5,60,53.33,0,30,3.31,15.66,1.05,9.19
Brush,FDZ,5,2,8,"20511, 20503, 20219",1/1/03 - 12/31/16, ,Y,FDZ Brush,5,2.57,4.54,6.64,7.69,60,62.4,0,30,4.18,16.94,1.21,11.17
Brush,FDZ,5,2,8,"20511, 20503, 20219",1/1/03 - 12/31/16, ,Y,FDZ Brush,6,2.69,4.65,6.84,7.88,60,73,0,30,5.06,18.22,1.36,12.27
Brush,FDZ,5,2,8,"20511, 20503, 20219",1/1/03 - 12/31/16, ,Y,FDZ Brush,7,2.79,4.76,7.01,8.13,60,80.09,0,30,5.88,19.28,1.49,13.45
Brush,FDZ,5,2,8,"20511, 20503, 20219",1/1/03 - 12/31/16, ,Y,FDZ Brush,8,2.87,4.9,7.16,8.34,60,88,0,30,7.06,20.67,1.6,14.51
Brush,FDZ,5,2,8,"20511, 20503, 20219",1/1/03 - 12/31/16, ,Y,FDZ Brush,9,2.97,5.02,7.3,8.49,60,96,0,30,8.17,21.68,1.68,15.37
Brush,FDZ,5,2,8,"20511, 20503, 20219",1/1/03 - 12/31/16, ,Y,FDZ Brush,10,3.05,5.14,7.43,8.69,60,101.8,0,30,9.17,22.62,1.78,16.2
Brush,FDZ,5,2,8,"20511, 20503, 20219",1/1/03 - 12/31/16, ,Y,FDZ Brush,11,3.13,5.26,7.59,8.86,60,108,0,30,10.15,23.35,1.84,16.72
Brush,FDZ,5,2,8,"20511, 20503, 20219",1/1/03 - 12/31/16, ,Y,FDZ Brush,12,3.2,5.37,7.77,9.01,60,115,0,30,10.98,23.99,1.89,17.37
Brush,FDZ,5,2,8,"20511, 20503, 20219",1/1/03 - 12/31/16, ,Y,FDZ Brush,13,3.27,5.47,7.91,9.19,60,123.17,0,30,11.99,24.63,1.94,17.93
Brush,FDZ,5,2,8,"20511, 20503, 20219",1/1/03 - 12/31/16, ,Y,FDZ Brush,14,3.36,5.57,8.03,9.36,60,128.33,0,30,12.9,25.24,1.98,18.32
Brush,FDZ,5,2,8,"20511, 20503, 20219",1/1/03 - 12/31/16, ,Y,FDZ Brush,15,3.44,5.67,8.16,9.51,60,132.67,0,30,13.81,25.93,2.02,18.75
Brush,FDZ,5,2,8,"20511, 20503, 20219",1/1/03 - 12/31/16, ,Y,FDZ Brush,16,3.51,5.76,8.27,9.66,60,136,0,30,14.72,26.52,2.05,19.08
Brush,FDZ,5,2,8,"20511, 20503, 20219",1/1/03 - 12/31/16, ,Y,FDZ Brush,17,3.58,5.84,8.38,9.78,60,139.67,0,30,15.57,27.17,2.08,19.43
Brush,FDZ,5,2,8,"20511, 20503, 20219",1/1/03 - 12/31/16, ,Y,FDZ Brush,18,3.64,5.94,8.5,9.87,60,145.33,0,30,16.29,27.72,2.11,19.76
Brush,FDZ,5,2,8,"20511, 20503, 20219",1/1/03 - 12/31/16, ,Y,FDZ Brush,19,3.71,6.04,8.62,9.98,60,151,0,30,17.08,28.25,2.14,20.15
Brush,FDZ,5,2,8,"20511, 20503, 20219",1/1/03 - 12/31/16, ,Y,FDZ Brush,20,3.78,6.12,8.71,10.09,60,157,0,30,17.75,28.84,2.18,20.5
Brush,FDZ,5,2,8,"20511, 20503, 20219",1/1/03 - 12/31/16, ,Y,FDZ Brush,21,3.85,6.2,8.82,10.18,60,162.33,0,30,18.31,29.28,2.21,20.8
Brush,FDZ,5,2,8,"20511, 20503, 20219",1/1/03 - 12/31/16, ,Y,FDZ Brush,22,3.91,6.29,8.94,10.28,60,168.96,0,30,19.07,29.91,2.23,21.08
Brush,FDZ,5,2,8,"20511, 20503, 20219",1/1/03 - 12/31/16, ,Y,FDZ Brush,23,3.97,6.38,9.03,10.39,60,173.64,0,30,19.68,30.38,2.27,21.35
Brush,FDZ,5,2,8,"20511, 20503, 20219",1/1/03 - 12/31/16, ,Y,FDZ Brush,24,4.04,6.46,9.14,10.5,60,181.67,0,30,20.3,30.93,2.3,21.61
Brush,FDZ,5,2,8,"20511, 20503, 20219",1/1/03 - 12/31/16, ,Y,FDZ Brush,25,4.1,6.54,9.24,10.59,60,192.33,0,30,20.93,31.41,2.32,21.86
Brush,FDZ,5,2,8,"20511, 20503, 20219",1/1/03 - 12/31/16, ,Y,FDZ Brush,26,4.14,6.6,9.33,10.7,60,200.33,0,30,21.58,31.93,2.35,22.08
Brush,FDZ,5,2,8,"20511, 20503, 20219",1/1/03 - 12/31/16, ,Y,FDZ Brush,27,4.21,6.66,9.41,10.78,60,209.36,0,30,22.18,32.57,2.37,22.31
Brush,FDZ,5,2,8,"20511, 20503, 20219",1/1/03 - 12/31/16, ,Y,FDZ Brush,28,4.27,6.72,9.5,10.88,60,219.67,0,30,22.81,32.95,2.4,22.6
Brush,FDZ,5,2,8,"20511, 20503, 20219",1/1/03 - 12/31/16, ,Y,FDZ Brush,29,4.32,6.79,9.57,10.99,60,228.05,0,30,23.45,33.4,2.43,22.86
Brush,FDZ,5,2,8,"20511, 20503, 20219",1/1/03 - 12/31/16, ,Y,FDZ Brush,30,4.39,6.87,9.64,11.09,60,234.67,0,30,24.1,33.95,2.45,23.15
Brush,FDZ,5,2,8,"20511, 20503, 20219",1/1/03 - 12/31/16, ,Y,FDZ Brush,31,4.45,6.94,9.73,11.17,60,240,0,30,24.63,34.45,2.48,23.39
Brush,FDZ,5,2,8,"20511, 20503, 20219",1/1/03 - 12/31/16, ,Y,FDZ Brush,32,4.5,7.01,9.8,11.24,60,245.67,0,30,25.19,35.05,2.51,23.63
Brush,FDZ,5,2,8,"20511, 20503, 20219",1/1/03 - 12/31/16, ,Y,FDZ Brush,33,4.55,7.07,9.87,11.31,60,249,0,30,25.75,35.42,2.54,23.8
Brush,FDZ,5,2,8,"20511, 20503, 20219",1/1/03 - 12/31/16, ,Y,FDZ Brush,34,4.6,7.14,9.94,11.38,60,254.33,0,30,26.35,36.03,2.56,24.06
Brush,FDZ,5,2,8,"20511, 20503, 20219",1/1/03 - 12/31/16, ,Y,FDZ Brush,35,4.66,7.22,10.02,11.45,60,259.33,0,30,26.81,36.51,2.59,24.28
Brush,FDZ,5,2,8,"20511, 20503, 20219",1/1/03 - 12/31/16, ,Y,FDZ Brush,36,4.72,7.3,10.11,11.52,60,265.67,0,30,27.44,36.96,2.62,24.5
Brush,FDZ,5,2,8,"20511, 20503, 20219",1/1/03 - 12/31/16, ,Y,FDZ Brush,37,4.77,7.36,10.2,11.64,60,271.33,0,30,28.01,37.4,2.65,24.73
Brush,FDZ,5,2,8,"20511, 20503, 20219",1/1/03 - 12/31/16, ,Y,FDZ Brush,38,4.84,7.42,10.29,11.71,60,277.33,0,30,28.52,37.82,2.68,24.98
Brush,FDZ,5,2,8,"20511, 20503, 20219",1/1/03 - 12/31/16, ,Y,FDZ Brush,39,4.9,7.49,10.36,11.81,60,283.67,0,30,29.12,38.31,2.71,25.19
Brush,FDZ,5,2,8,"20511, 20503, 20219",1/1/03 - 12/31/16, ,Y,FDZ Brush,40,4.95,7.56,10.44,11.89,60,291,0.01,30,29.65,38.8,2.74,25.42
Brush,FDZ,5,2,8,"20511, 20503, 20219",1/1/03 - 12/31/16, ,Y,FDZ Brush,41,5.01,7.65,10.52,11.98,60,297.67,0.01,30,30.2,39.26,2.78,25.66
Brush,FDZ,5,2,8,"20511, 20503, 20219",1/1/03 - 12/31/16, ,Y,FDZ Brush,42,5.06,7.72,10.61,12.07,60,307.33,0.01,30,30.73,39.74,2.8,25.86
Brush,FDZ,5,2,8,"20511, 20503, 20219",1/1/03 - 12/31/16, ,Y,FDZ Brush,43,5.12,7.79,10.69,12.16,60,316.33,0.01,30,31.41,40.13,2.84,26.08
Brush,FDZ,5,2,8,"20511, 20503, 20219",1/1/03 - 12/31/16, ,Y,FDZ Brush,44,5.18,7.87,10.78,12.24,60,325,0.02,30,32,40.56,2.86,26.32
Brush,FDZ,5,2,8,"20511, 20503, 20219",1/1/03 - 12/31/16, ,Y,FDZ Brush,45,5.24,7.94,10.86,12.33,60,331.6,0.02,30,32.62,41.01,2.89,26.53
Brush,FDZ,5,2,8,"20511, 20503, 20219",1/1/03 - 12/31/16, ,Y,FDZ Brush,46,5.31,8,10.95,12.4,60,341.33,0.02,30,33.23,41.3,2.93,26.78
Brush,FDZ,5,2,8,"20511, 20503, 20219",1/1/03 - 12/31/16, ,Y,FDZ Brush,47,5.37,8.08,11.03,12.5,60,348.67,0.02,30,33.89,41.69,2.96,26.99
Brush,FDZ,5,2,8,"20511, 20503, 20219",1/1/03 - 12/31/16, ,Y,FDZ Brush,48,5.42,8.16,11.12,12.59,60,356.33,0.03,30,34.5,42.09,3,27.21
Brush,FDZ,5,2,8,"20511, 20503, 20219",1/1/03 - 12/31/16, ,Y,FDZ Brush,49,5.5,8.25,11.2,12.7,60,364.33,0.03,30,35.12,42.52,3.03,27.44
Brush,FDZ,5,2,8,"20511, 20503, 20219",1/1/03 - 12/31/16, ,Y,FDZ Brush,50,5.58,8.33,11.32,12.79,60,371,0.03,30,35.74,42.85,3.07,27.7
Brush,FDZ,5,2,8,"20511, 20503, 20219",1/1/03 - 12/31/16, ,Y,FDZ Brush,51,5.65,8.4,11.42,12.86,60,377.35,0.04,30,36.39,43.27,3.09,27.9
Brush,FDZ,5,2,8,"20511, 20503, 20219",1/1/03 - 12/31/16, ,Y,FDZ Brush,52,5.72,8.46,11.5,12.95,60,383.67,0.04,30,37.18,43.63,3.12,28.14
Brush,FDZ,5,2,8,"20511, 20503, 20219",1/1/03 - 12/31/16, ,Y,FDZ Brush,53,5.78,8.54,11.63,13.05,60,389.33,0.05,30,37.7,44.02,3.15,28.31
Brush,FDZ,5,2,8,"20511, 20503, 20219",1/1/03 - 12/31/16, ,Y,FDZ Brush,54,5.85,8.61,11.73,13.14,60,394.67,0.05,30,38.28,44.45,3.19,28.53
Brush,FDZ,5,2,8,"20511, 20503, 20219",1/1/03 - 12/31/16, ,Y,FDZ Brush,55,5.93,8.69,11.86,13.23,60,400.67,0.06,30,38.91,44.88,3.21,28.76
Brush,FDZ,5,2,8,"20511, 20503, 20219",1/1/03 - 12/31/16, ,Y,FDZ Brush,56,6.01,8.79,11.99,13.33,60,406.67,0.06,30,39.42,45.24,3.24,28.95
Brush,FDZ,5,2,8,"20511, 20503, 20219",1/1/03 - 12/31/16, ,Y,FDZ Brush,57,6.07,8.89,12.08,13.43,60,412,0.06,30,40.12,45.68,3.28,29.22
Brush,FDZ,5,2,8,"20511, 20503, 20219",1/1/03 - 12/31/16, ,Y,FDZ Brush,58,6.16,8.97,12.19,13.55,60,417.11,0.07,30,40.84,46.05,3.31,29.46
Brush,FDZ,5,2,8,"20511, 20503, 20219",1/1/03 - 12/31/16, ,Y,FDZ Brush,59,6.23,9.05,12.31,13.64,60,421.33,0.07,30,41.44,46.48,3.34,29.69
Brush,FDZ,5,2,8,"20511, 20503, 20219",1/1/03 - 12/31/16, ,Y,FDZ Brush,60,6.33,9.14,12.43,13.73,60,425.67,0.08,30,42.03,46.91,3.38,29.91
Brush,FDZ,5,2,8,"20511, 20503, 20219",1/1/03 - 12/31/16, ,Y,FDZ Brush,61,6.4,9.23,12.54,13.83,60,430.48,0.09,30,42.63,47.27,3.41,30.19
Brush,FDZ,5,2,8,"20511, 20503, 20219",1/1/03 - 12/31/16, ,Y,FDZ Brush,62,6.48,9.32,12.66,13.93,60,436.33,0.09,30,43.22,47.65,3.44,30.4
Brush,FDZ,5,2,8,"20511, 20503, 20219",1/1/03 - 12/31/16, ,Y,FDZ Brush,63,6.57,9.43,12.79,14.06,60,441,0.1,30,43.91,47.94,3.49,30.67
Brush,FDZ,5,2,8,"20511, 20503, 20219",1/1/03 - 12/31/16, ,Y,FDZ Brush,64,6.66,9.52,12.9,14.19,60,448,0.1,30,44.58,48.41,3.52,30.96
Brush,FDZ,5,2,8,"20511, 20503, 20219",1/1/03 - 12/31/16, ,Y,FDZ Brush,65,6.75,9.63,13.03,14.28,60,453.67,0.11,30,45.22,48.77,3.56,31.22
Brush,FDZ,5,2,8,"20511, 20503, 20219",1/1/03 - 12/31/16, ,Y,FDZ Brush,66,6.84,9.75,13.17,14.4,60,460,0.11,30,45.71,49.12,3.6,31.47
Brush,FDZ,5,2,8,"20511, 20503, 20219",1/1/03 - 12/31/16, ,Y,FDZ Brush,67,6.94,9.85,13.3,14.54,60,465.33,0.12,30,46.31,49.45,3.64,31.74
Brush,FDZ,5,2,8,"20511, 20503, 20219",1/1/03 - 12/31/16, ,Y,FDZ Brush,68,7.03,9.96,13.42,14.68,60,471,0.13,30,46.88,49.84,3.68,32.03
Brush,FDZ,5,2,8,"20511, 20503, 20219",1/1/03 - 12/31/16, ,Y,FDZ Brush,69,7.14,10.07,13.56,14.8,60,476.33,0.13,30,47.56,50.14,3.72,32.37
Brush,FDZ,5,2,8,"20511, 20503, 20219",1/1/03 - 12/31/16, ,Y,FDZ Brush,70,7.24,10.19,13.71,14.96,60,482.27,0.14,30,48.24,50.51,3.76,32.66
Brush,FDZ,5,2,8,"20511, 20503, 20219",1/1/03 - 12/31/16, ,Y,FDZ Brush,71,7.35,10.3,13.84,15.11,60,487,0.15,30,49.08,50.85,3.8,32.96
Brush,FDZ,5,2,8,"20511, 20503, 20219",1/1/03 - 12/31/16, ,Y,FDZ Brush,72,7.47,10.4,14.06,15.23,60,492.29,0.16,30,49.93,51.32,3.84,33.27
Brush,FDZ,5,2,8,"20511, 20503, 20219",1/1/03 - 12/31/16, ,Y,FDZ Brush,73,7.58,10.53,14.23,15.37,60,497.33,0.17,30,50.8,51.79,3.88,33.57
Brush,FDZ,5,2,8,"20511, 20503, 20219",1/1/03 - 12/31/16, ,Y,FDZ Brush,74,7.7,10.67,14.38,15.51,60,501.67,0.18,30,51.45,52.27,3.93,33.84
Brush,FDZ,5,2,8,"20511, 20503, 20219",1/1/03 - 12/31/16, ,Y,FDZ Brush,75,7.87,10.84,14.59,15.64,60,505.67,0.19,30,52.35,52.8,3.97,34.19
Brush,FDZ,5,2,8,"20511, 20503, 20219",1/1/03 - 12/31/16, ,Y,FDZ Brush,76,8.03,10.96,14.74,15.78,60,509.67,0.2,30,53.09,53.36,4.02,34.53
Brush,FDZ,5,2,8,"20511, 20503, 20219",1/1/03 - 12/31/16, ,Y,FDZ Brush,77,8.18,11.13,14.91,15.92,60.23,514.33,0.21,30.36,54.03,53.91,4.07,34.86
Brush,FDZ,5,2,8,"20511, 20503, 20219",1/1/03 - 12/31/16, ,Y,FDZ Brush,78,8.36,11.33,15.08,16.06,60.86,518.33,0.21,31.36,54.9,54.45,4.12,35.23
Brush,FDZ,5,2,8,"20511, 20503, 20219",1/1/03 - 12/31/16, ,Y,FDZ Brush,79,8.53,11.47,15.24,16.18,61.7,522.33,0.22,32.67,55.75,55.04,4.16,35.66
Brush,FDZ,5,2,8,"20511, 20503, 20219",1/1/03 - 12/31/16, ,Y,FDZ Brush,80,8.73,11.68,15.42,16.33,62.44,525.67,0.23,33.84,56.72,55.47,4.22,36.05
Brush,FDZ,5,2,8,"20511, 20503, 20219",1/1/03 - 12/31/16, ,Y,FDZ Brush,81,8.95,11.9,15.59,16.49,63.52,529.33,0.24,35.54,57.72,55.96,4.28,36.48
Brush,FDZ,5,2,8,"20511, 20503, 20219",1/1/03 - 12/31/16, ,Y,FDZ Brush,82,9.16,12.16,15.78,16.62,64.64,533,0.25,37.3,58.73,56.45,4.35,36.87
Brush,FDZ,5,2,8,"20511, 20503, 20219",1/1/03 - 12/31/16, ,Y,FDZ Brush,83,9.38,12.4,15.97,16.75,65.88,537.33,0.26,39.24,59.78,56.98,4.41,37.25
Brush,FDZ,5,2,8,"20511, 20503, 20219",1/1/03 - 12/31/16, ,Y,FDZ Brush,84,9.6,12.64,16.2,16.9,67.27,540.45,0.27,41.43,60.98,57.63,4.46,37.59
Brush,FDZ,5,2,8,"20511, 20503, 20219",1/1/03 - 12/31/16, ,Y,FDZ Brush,85,9.96,12.94,16.4,17.04,68.83,544.67,0.28,43.87,62.15,58.4,4.52,37.99
Brush,FDZ,5,2,8,"20511, 20503, 20219",1/1/03 - 12/31/16, ,Y,FDZ Brush,86,10.4,13.28,16.58,17.19,70.22,549,0.29,46.06,63.26,59.37,4.59,38.34
Brush,FDZ,5,2,8,"20511, 20503, 20219",1/1/03 - 12/31/16, ,Y,FDZ Brush,87,10.95,13.7,16.81,17.35,71.48,554,0.3,48.04,64.29,60.29,4.66,38.82
Brush,FDZ,5,2,8,"20511, 20503, 20219",1/1/03 - 12/31/16, ,Y,FDZ Brush,88,11.49,14.08,17.06,17.57,72.7,559.67,0.31,49.95,65.7,61.14,4.72,39.24
Brush,FDZ,5,2,8,"20511, 20503, 20219",1/1/03 - 12/31/16, ,Y,FDZ Brush,89,12.29,14.65,17.33,17.75,74.02,565.67,0.32,52.03,66.88,62.06,4.82,39.79
Brush,FDZ,5,2,8,"20511, 20503, 20219",1/1/03 - 12/31/16, ,Y,FDZ Brush,90,13.18,15.21,17.66,17.94,75.33,571.67,0.33,54.09,68.32,63.03,4.9,40.34
Brush,FDZ,5,2,8,"20511, 20503, 20219",1/1/03 - 12/31/16, ,Y,FDZ Brush,91,14.33,15.78,17.89,18.16,76.96,577.21,0.34,56.66,70,63.84,4.99,40.86
Brush,FDZ,5,2,8,"20511, 20503, 20219",1/1/03 - 12/31/16, ,Y,FDZ Brush,92,15.12,16.38,18.19,18.36,78.66,581.89,0.35,59.32,71.62,64.63,5.09,41.48
Brush,FDZ,5,2,8,"20511, 20503, 20219",1/1/03 - 12/31/16, ,Y,FDZ Brush,93,15.91,17,18.53,18.64,81.01,593.33,0.36,63.01,73.37,65.6,5.2,42.11
Brush,FDZ,5,2,8,"20511, 20503, 20219",1/1/03 - 12/31/16, ,Y,FDZ Brush,94,16.89,17.88,18.95,18.88,83.26,603,0.38,66.55,75.33,66.91,5.31,42.89
Brush,FDZ,5,2,8,"20511, 20503, 20219",1/1/03 - 12/31/16, ,Y,FDZ Brush,95,18.22,19.16,19.53,19.15,86.02,611.2,0.39,70.88,76.88,67.97,5.46,43.59
Brush,FDZ,5,2,8,"20511, 20503, 20219",1/1/03 - 12/31/16, ,Y,FDZ Brush,96,20.26,20.34,20,19.54,88.06,624.33,0.4,74.09,79.02,69.13,5.6,44.42
Brush,FDZ,5,2,8,"20511, 20503, 20219",1/1/03 - 12/31/16, ,Y,FDZ Brush,97,22.97,20.98,20.69,19.91,90.35,638.33,0.42,77.7,81.09,70.72,5.81,45.33
Brush,FDZ,5,2,8,"20511, 20503, 20219",1/1/03 - 12/31/16, ,Y,FDZ Brush,98,24.39,21.95,21.41,20.26,95.09,661.23,0.44,85.14,84.58,72.3,6.1,46.68
Brush,FDZ,5,2,8,"20511, 20503, 20219",1/1/03 - 12/31/16, ,Y,FDZ Brush,99,25.42,23.5,22.42,21.16,103.02,706.33,0.49,97.6,87.91,74.05,6.55,48.5
Brush,FDZ,5,2,8,"20511, 20503, 20219",1/1/03 - 12/31/16, ,Y,FDZ Brush,100,32.64,30.77,27.33,29.81,124.12,721,0.62,130.77,100,81.53,8.87,55.04
Brush,PIFC,2,2,5,"20610, 20602, 20603",01/01/06 - 12/31/19,W,Y,PIFC Brush,1,2.31,4.47,6.54,7.76,60,0,0,30,0,6.68,0,0
Brush,PIFC,2,2,5,"20610, 20602, 20603",01/01/06 - 12/31/19,W,Y,PIFC Brush,2,2.69,4.86,6.94,7.94,60,0.67,0,30,0,9.45,0,0
Brush,PIFC,2,2,5,"20610, 20602, 20603",01/01/06 - 12/31/19,W,Y,PIFC Brush,3,2.92,5.12,7.14,8.12,60,2,0,30,0.05,11.47,0.29,3.27
Brush,PIFC,2,2,5,"20610, 20602, 20603",01/01/06 - 12/31/19,W,Y,PIFC Brush,4,3.11,5.33,7.3,8.26,60,3.33,0,30,0.71,13.21,0.55,5.61
Brush,PIFC,2,2,5,"20610, 20602, 20603",01/01/06 - 12/31/19,W,Y,PIFC Brush,5,3.3,5.54,7.44,8.39,60,5.33,0,30,1.83,14.82,0.75,7.34
Brush,PIFC,2,2,5,"20610, 20602, 20603",01/01/06 - 12/31/19,W,Y,PIFC Brush,6,3.46,5.7,7.6,8.55,60,7,0,30,2.9,15.93,1.01,9.8
Brush,PIFC,2,2,5,"20610, 20602, 20603",01/01/06 - 12/31/19,W,Y,PIFC Brush,7,3.61,5.81,7.76,8.73,60,9,0,30,3.86,17.1,1.18,11.03
Brush,PIFC,2,2,5,"20610, 20602, 20603",01/01/06 - 12/31/19,W,Y,PIFC Brush,8,3.72,5.95,7.89,8.87,60,11,0,30,4.83,18.15,1.32,11.87
Brush,PIFC,2,2,5,"20610, 20602, 20603",01/01/06 - 12/31/19,W,Y,PIFC Brush,9,3.9,6.08,7.99,9.04,60,14,0,30,5.89,19.05,1.4,12.54
Brush,PIFC,2,2,5,"20610, 20602, 20603",01/01/06 - 12/31/19,W,Y,PIFC Brush,10,4.02,6.21,8.09,9.21,60,16.33,0,30,6.65,20.21,1.47,13.24
Brush,PIFC,2,2,5,"20610, 20602, 20603",01/01/06 - 12/31/19,W,Y,PIFC Brush,11,4.15,6.27,8.19,9.36,60,19.33,0,30,7.5,21,1.53,13.99
Brush,PIFC,2,2,5,"20610, 20602, 20603",01/01/06 - 12/31/19,W,Y,PIFC Brush,12,4.27,6.35,8.33,9.51,60,23.67,0,30,8.21,21.94,1.58,14.68
Brush,PIFC,2,2,5,"20610, 20602, 20603",01/01/06 - 12/31/19,W,Y,PIFC Brush,13,4.4,6.41,8.44,9.65,60,27.67,0,30,9.02,22.71,1.64,15.15
Brush,PIFC,2,2,5,"20610, 20602, 20603",01/01/06 - 12/31/19,W,Y,PIFC Brush,14,4.51,6.48,8.54,9.82,60,33.33,0,30,9.77,23.49,1.68,15.85
Brush,PIFC,2,2,5,"20610, 20602, 20603",01/01/06 - 12/31/19,W,Y,PIFC Brush,15,4.61,6.57,8.65,9.93,60,38.33,0,30,10.54,24.18,1.72,16.3
Brush,PIFC,2,2,5,"20610, 20602, 20603",01/01/06 - 12/31/19,W,Y,PIFC Brush,16,4.71,6.65,8.74,10.05,60,43.21,0,30,11.32,24.7,1.76,16.83
Brush,PIFC,2,2,5,"20610, 20602, 20603",01/01/06 - 12/31/19,W,Y,PIFC Brush,17,4.81,6.73,8.84,10.16,60,47.67,0,30,11.83,25.34,1.8,17.18
Brush,PIFC,2,2,5,"20610, 20602, 20603",01/01/06 - 12/31/19,W,Y,PIFC Brush,18,4.91,6.8,8.94,10.31,60,52,0,30,12.47,25.96,1.84,17.58
Brush,PIFC,2,2,5,"20610, 20602, 20603",01/01/06 - 12/31/19,W,Y,PIFC Brush,19,5,6.88,9.02,10.43,60,56.92,0,30,13.06,26.59,1.88,17.99
Brush,PIFC,2,2,5,"20610, 20602, 20603",01/01/06 - 12/31/19,W,Y,PIFC Brush,20,5.09,6.96,9.09,10.52,60,62,0,30,13.65,27.18,1.91,18.35
Brush,PIFC,2,2,5,"20610, 20602, 20603",01/01/06 - 12/31/19,W,Y,PIFC Brush,21,5.16,7.03,9.17,10.61,60,67,0,30,14.17,27.8,1.94,18.68
Brush,PIFC,2,2,5,"20610, 20602, 20603",01/01/06 - 12/31/19,W,Y,PIFC Brush,22,5.24,7.09,9.26,10.69,60,72,0,30,14.75,28.36,1.96,19.07
Brush,PIFC,2,2,5,"20610, 20602, 20603",01/01/06 - 12/31/19,W,Y,PIFC Brush,23,5.32,7.15,9.35,10.78,60,75.67,0,30,15.28,28.93,1.98,19.31
Brush,PIFC,2,2,5,"20610, 20602, 20603",01/01/06 - 12/31/19,W,Y,PIFC Brush,24,5.38,7.22,9.45,10.88,60,81.33,0,30,15.7,29.54,2.01,19.61
Brush,PIFC,2,2,5,"20610, 20602, 20603",01/01/06 - 12/31/19,W,Y,PIFC Brush,25,5.45,7.27,9.52,10.96,60,86.33,0,30,16.17,30.02,2.04,19.89
Brush,PIFC,2,2,5,"20610, 20602, 20603",01/01/06 - 12/31/19,W,Y,PIFC Brush,26,5.52,7.33,9.61,11.05,60,92.67,0,30,16.65,30.49,2.06,20.2
Brush,PIFC,2,2,5,"20610, 20602, 20603",01/01/06 - 12/31/19,W,Y,PIFC Brush,27,5.59,7.39,9.7,11.14,60,99.03,0,30,17.23,31.01,2.08,20.49
Brush,PIFC,2,2,5,"20610, 20602, 20603",01/01/06 - 12/31/19,W,Y,PIFC Brush,28,5.63,7.44,9.79,11.23,60,102.67,0,30,17.76,31.56,2.1,20.74
Brush,PIFC,2,2,5,"20610, 20602, 20603",01/01/06 - 12/31/19,W,Y,PIFC Brush,29,5.7,7.51,9.89,11.33,60,107.67,0,30,18.32,32.08,2.13,21.02
Brush,PIFC,2,2,5,"20610, 20602, 20603",01/01/06 - 12/31/19,W,Y,PIFC Brush,30,5.76,7.57,9.98,11.42,60,112.33,0,30,18.83,32.56,2.14,21.25
Brush,PIFC,2,2,5,"20610, 20602, 20603",01/01/06 - 12/31/19,W,Y,PIFC Brush,31,5.82,7.63,10.06,11.5,60,118.08,0,30,19.26,33.05,2.17,21.47
Brush,PIFC,2,2,5,"20610, 20602, 20603",01/01/06 - 12/31/19,W,Y,PIFC Brush,32,5.87,7.68,10.14,11.59,60,125,0,30,19.67,33.54,2.19,21.66
Brush,PIFC,2,2,5,"20610, 20602, 20603",01/01/06 - 12/31/19,W,Y,PIFC Brush,33,5.93,7.75,10.21,11.66,60,131,0,30,20.18,34.12,2.21,21.95
Brush,PIFC,2,2,5,"20610, 20602, 20603",01/01/06 - 12/31/19,W,Y,PIFC Brush,34,5.98,7.81,10.27,11.73,60,137.79,0,30,20.65,34.57,2.23,22.14
Brush,PIFC,2,2,5,"20610, 20602, 20603",01/01/06 - 12/31/19,W,Y,PIFC Brush,35,6.04,7.86,10.35,11.8,60,145.33,0,30,21.09,35.05,2.25,22.34
Brush,PIFC,2,2,5,"20610, 20602, 20603",01/01/06 - 12/31/19,W,Y,PIFC Brush,36,6.1,7.91,10.42,11.88,60,151.67,0,30,21.53,35.5,2.27,22.53
Brush,PIFC,2,2,5,"20610, 20602, 20603",01/01/06 - 12/31/19,W,Y,PIFC Brush,37,6.15,7.97,10.49,11.95,60,157.67,0,30,21.98,35.89,2.29,22.75
Brush,PIFC,2,2,5,"20610, 20602, 20603",01/01/06 - 12/31/19,W,Y,PIFC Brush,38,6.22,8.04,10.59,12.02,60,164,0,30,22.47,36.3,2.32,22.92
Brush,PIFC,2,2,5,"20610, 20602, 20603",01/01/06 - 12/31/19,W,Y,PIFC Brush,39,6.28,8.09,10.67,12.11,60,169.19,0,30,22.96,36.68,2.34,23.11
Brush,PIFC,2,2,5,"20610, 20602, 20603",01/01/06 - 12/31/19,W,Y,PIFC Brush,40,6.34,8.14,10.76,12.18,60,176,0.01,30,23.45,37.05,2.37,23.27
Brush,PIFC,2,2,5,"20610, 20602, 20603",01/01/06 - 12/31/19,W,Y,PIFC Brush,41,6.4,8.22,10.86,12.26,60,183.33,0.01,30,23.89,37.56,2.39,23.42
Brush,PIFC,2,2,5,"20610, 20602, 20603",01/01/06 - 12/31/19,W,Y,PIFC Brush,42,6.46,8.28,10.93,12.33,60,191,0.01,30,24.37,37.98,2.41,23.59
Brush,PIFC,2,2,5,"20610, 20602, 20603",01/01/06 - 12/31/19,W,Y,PIFC Brush,43,6.52,8.33,11.01,12.4,60,199.33,0.02,30,24.8,38.4,2.43,23.78
Brush,PIFC,2,2,5,"20610, 20602, 20603",01/01/06 - 12/31/19,W,Y,PIFC Brush,44,6.58,8.39,11.1,12.47,60,207,0.02,30,25.21,38.78,2.45,23.93
Brush,PIFC,2,2,5,"20610, 20602, 20603",01/01/06 - 12/31/19,W,Y,PIFC Brush,45,6.64,8.45,11.2,12.56,60,214.2,0.02,30,25.67,39.13,2.47,24.09
Brush,PIFC,2,2,5,"20610, 20602, 20603",01/01/06 - 12/31/19,W,Y,PIFC Brush,46,6.7,8.52,11.3,12.65,60,221,0.03,30,26.09,39.56,2.49,24.27
Brush,PIFC,2,2,5,"20610, 20602, 20603",01/01/06 - 12/31/19,W,Y,PIFC Brush,47,6.76,8.57,11.39,12.74,60,228.67,0.04,30,26.48,39.9,2.51,24.46
Brush,PIFC,2,2,5,"20610, 20602, 20603",01/01/06 - 12/31/19,W,Y,PIFC Brush,48,6.81,8.64,11.48,12.83,60,236.67,0.04,30,26.9,40.24,2.54,24.63
Brush,PIFC,2,2,5,"20610, 20602, 20603",01/01/06 - 12/31/19,W,Y,PIFC Brush,49,6.87,8.71,11.59,12.93,60,243.33,0.05,30,27.35,40.65,2.56,24.84
Brush,PIFC,2,2,5,"20610, 20602, 20603",01/01/06 - 12/31/19,W,Y,PIFC Brush,50,6.93,8.8,11.67,13.01,60,250.67,0.05,30,27.72,40.96,2.58,25.06
Brush,PIFC,2,2,5,"20610, 20602, 20603",01/01/06 - 12/31/19,W,Y,PIFC Brush,51,6.99,8.87,11.77,13.09,60,257.67,0.06,30,28.18,41.33,2.6,25.25
Brush,PIFC,2,2,5,"20610, 20602, 20603",01/01/06 - 12/31/19,W,Y,PIFC Brush,52,7.06,8.95,11.88,13.18,60,264.67,0.07,30,28.67,41.72,2.62,25.43
Brush,PIFC,2,2,5,"20610, 20602, 20603",01/01/06 - 12/31/19,W,Y,PIFC Brush,53,7.15,9.02,11.98,13.28,60,271.33,0.07,30,29.17,42.14,2.64,25.62
Brush,PIFC,2,2,5,"20610, 20602, 20603",01/01/06 - 12/31/19,W,Y,PIFC Brush,54,7.21,9.09,12.07,13.38,60,277.72,0.08,30,29.66,42.43,2.66,25.8
Brush,PIFC,2,2,5,"20610, 20602, 20603",01/01/06 - 12/31/19,W,Y,PIFC Brush,55,7.28,9.17,12.16,13.48,60,284.73,0.09,30,30.15,42.79,2.68,25.93
Brush,PIFC,2,2,5,"20610, 20602, 20603",01/01/06 - 12/31/19,W,Y,PIFC Brush,56,7.35,9.25,12.28,13.57,60,291.67,0.1,30,30.62,43.17,2.71,26.1
Brush,PIFC,2,2,5,"20610, 20602, 20603",01/01/06 - 12/31/19,W,Y,PIFC Brush,57,7.43,9.32,12.4,13.68,60,298.09,0.11,30,31.14,43.52,2.73,26.35
Brush,PIFC,2,2,5,"20610, 20602, 20603",01/01/06 - 12/31/19,W,Y,PIFC Brush,58,7.51,9.42,12.49,13.78,60,306,0.11,30,31.55,43.89,2.76,26.54
Brush,PIFC,2,2,5,"20610, 20602, 20603",01/01/06 - 12/31/19,W,Y,PIFC Brush,59,7.58,9.5,12.62,13.86,60,313.33,0.13,30,32.05,44.25,2.78,26.72
Brush,PIFC,2,2,5,"20610, 20602, 20603",01/01/06 - 12/31/19,W,Y,PIFC Brush,60,7.66,9.61,12.74,13.97,60,321.33,0.14,30,32.48,44.59,2.81,26.94
Brush,PIFC,2,2,5,"20610, 20602, 20603",01/01/06 - 12/31/19,W,Y,PIFC Brush,61,7.74,9.69,12.85,14.07,60,327.67,0.15,30,32.91,44.91,2.84,27.11
Brush,PIFC,2,2,5,"20610, 20602, 20603",01/01/06 - 12/31/19,W,Y,PIFC Brush,62,7.81,9.77,12.96,14.17,60,334,0.15,30,33.41,45.29,2.87,27.32
Brush,PIFC,2,2,5,"20610, 20602, 20603",01/01/06 - 12/31/19,W,Y,PIFC Brush,63,7.9,9.88,13.07,14.29,60,341,0.16,30,33.88,45.68,2.89,27.51
Brush,PIFC,2,2,5,"20610, 20602, 20603",01/01/06 - 12/31/19,W,Y,PIFC Brush,64,7.99,10,13.19,14.43,60,347.67,0.17,30,34.33,45.99,2.91,27.71
Brush,PIFC,2,2,5,"20610, 20602, 20603",01/01/06 - 12/31/19,W,Y,PIFC Brush,65,8.1,10.11,13.32,14.55,60.27,354.67,0.18,30.42,34.82,46.32,2.94,27.9
Brush,PIFC,2,2,5,"20610, 20602, 20603",01/01/06 - 12/31/19,W,Y,PIFC Brush,66,8.2,10.23,13.46,14.67,61.4,360.55,0.19,32.21,35.45,46.68,2.97,28.1
Brush,PIFC,2,2,5,"20610, 20602, 20603",01/01/06 - 12/31/19,W,Y,PIFC Brush,67,8.29,10.36,13.61,14.79,62.23,366.23,0.2,33.51,36.03,47.05,3,28.3
Brush,PIFC,2,2,5,"20610, 20602, 20603",01/01/06 - 12/31/19,W,Y,PIFC Brush,68,8.39,10.48,13.76,14.93,63.08,371.57,0.21,34.83,36.59,47.4,3.03,28.52
Brush,PIFC,2,2,5,"20610, 20602, 20603",01/01/06 - 12/31/19,W,Y,PIFC Brush,69,8.5,10.61,13.91,15.05,63.82,376,0.22,36.01,37.28,47.72,3.06,28.78
Brush,PIFC,2,2,5,"20610, 20602, 20603",01/01/06 - 12/31/19,W,Y,PIFC Brush,70,8.6,10.75,14.04,15.14,64.84,381.33,0.23,37.6,37.87,48,3.08,29.02
Brush,PIFC,2,2,5,"20610, 20602, 20603",01/01/06 - 12/31/19,W,Y,PIFC Brush,71,8.77,10.88,14.21,15.28,66.21,387.61,0.24,39.77,38.41,48.42,3.12,29.25
Brush,PIFC,2,2,5,"20610, 20602, 20603",01/01/06 - 12/31/19,W,Y,PIFC Brush,72,8.9,11.04,14.35,15.4,67.44,394.96,0.25,41.69,39.01,48.83,3.14,29.51
Brush,PIFC,2,2,5,"20610, 20602, 20603",01/01/06 - 12/31/19,W,Y,PIFC Brush,73,9.03,11.18,14.46,15.55,68.93,401.67,0.26,44.04,39.68,49.25,3.18,29.76
Brush,PIFC,2,2,5,"20610, 20602, 20603",01/01/06 - 12/31/19,W,Y,PIFC Brush,74,9.19,11.35,14.63,15.67,70.31,409.99,0.27,46.21,40.34,49.67,3.21,30.03
Brush,PIFC,2,2,5,"20610, 20602, 20603",01/01/06 - 12/31/19,W,Y,PIFC Brush,75,9.35,11.52,14.82,15.81,71.89,418.33,0.28,48.69,40.99,50.03,3.25,30.33
Brush,PIFC,2,2,5,"20610, 20602, 20603",01/01/06 - 12/31/19,W,Y,PIFC Brush,76,9.58,11.69,15,15.94,73.07,429.33,0.29,50.54,41.61,50.43,3.28,30.53
Brush,PIFC,2,2,5,"20610, 20602, 20603",01/01/06 - 12/31/19,W,Y,PIFC Brush,77,9.77,11.89,15.19,16.06,74.88,439.36,0.3,53.38,42.37,50.85,3.33,30.86
Brush,PIFC,2,2,5,"20610, 20602, 20603",01/01/06 - 12/31/19,W,Y,PIFC Brush,78,9.99,12.1,15.37,16.21,76.24,450.04,0.31,55.53,43.3,51.28,3.37,31.11
Brush,PIFC,2,2,5,"20610, 20602, 20603",01/01/06 - 12/31/19,W,Y,PIFC Brush,79,10.2,12.33,15.59,16.34,77.69,460.05,0.32,57.8,44.06,51.82,3.4,31.43
Brush,PIFC,2,2,5,"20610, 20602, 20603",01/01/06 - 12/31/19,W,Y,PIFC Brush,80,10.47,12.57,15.77,16.48,79.51,467.67,0.33,60.66,44.96,52.29,3.44,31.72
Brush,PIFC,2,2,5,"20610, 20602, 20603",01/01/06 - 12/31/19,W,Y,PIFC Brush,81,10.81,13,15.98,16.63,81.38,475.41,0.35,63.6,46.01,52.7,3.48,32.06
Brush,PIFC,2,2,5,"20610, 20602, 20603",01/01/06 - 12/31/19,W,Y,PIFC Brush,82,11.2,13.34,16.16,16.77,83.87,483.67,0.36,67.51,46.95,53.24,3.53,32.4
Brush,PIFC,2,2,5,"20610, 20602, 20603",01/01/06 - 12/31/19,W,Y,PIFC Brush,83,11.6,13.83,16.34,16.91,85.94,490.67,0.37,70.76,47.8,53.75,3.57,32.74
Brush,PIFC,2,2,5,"20610, 20602, 20603",01/01/06 - 12/31/19,W,Y,PIFC Brush,84,12.13,14.19,16.55,17.12,87.43,497,0.38,73.1,48.59,54.38,3.62,33.11
Brush,PIFC,2,2,5,"20610, 20602, 20603",01/01/06 - 12/31/19,W,Y,PIFC Brush,85,12.77,14.61,16.75,17.29,89.09,503,0.39,75.72,49.4,55.11,3.68,33.51
Brush,PIFC,2,2,5,"20610, 20602, 20603",01/01/06 - 12/31/19,W,Y,PIFC Brush,86,13.84,14.92,16.96,17.47,91.23,507,0.4,79.07,50.15,55.7,3.74,33.92
Brush,PIFC,2,2,5,"20610, 20602, 20603",01/01/06 - 12/31/19,W,Y,PIFC Brush,87,14.63,15.26,17.22,17.68,93.05,511.33,0.41,81.93,51.06,56.4,3.8,34.37
Brush,PIFC,2,2,5,"20610, 20602, 20603",01/01/06 - 12/31/19,W,Y,PIFC Brush,88,15.18,15.59,17.54,17.87,94.98,515,0.42,84.97,52.05,57.03,3.86,34.72
Brush,PIFC,2,2,5,"20610, 20602, 20603",01/01/06 - 12/31/19,W,Y,PIFC Brush,89,15.59,15.97,17.82,18.1,97.08,521.33,0.44,88.28,53.19,57.81,3.93,35.18
Brush,PIFC,2,2,5,"20610, 20602, 20603",01/01/06 - 12/31/19,W,Y,PIFC Brush,90,16,16.42,18.09,18.32,98.92,529.33,0.45,91.15,54.63,58.62,3.98,35.58
Brush,PIFC,2,2,5,"20610, 20602, 20603",01/01/06 - 12/31/19,W,Y,PIFC Brush,91,16.59,16.96,18.38,18.52,100.62,538.55,0.46,93.83,55.98,59.53,4.04,36.1
Brush,PIFC,2,2,5,"20610, 20602, 20603",01/01/06 - 12/31/19,W,Y,PIFC Brush,92,17.43,17.47,18.66,18.72,102.16,545.33,0.48,96.25,57.25,60.33,4.12,36.62
Brush,PIFC,2,2,5,"20610, 20602, 20603",01/01/06 - 12/31/19,W,Y,PIFC Brush,93,18.29,18.1,19.07,18.9,103.74,558.57,0.49,98.74,58.86,61.22,4.21,37.12
Brush,PIFC,2,2,5,"20610, 20602, 20603",01/01/06 - 12/31/19,W,Y,PIFC Brush,94,19.81,19.48,19.51,19.17,105.65,573,0.51,101.74,60.64,61.96,4.31,37.63
Brush,PIFC,2,2,5,"20610, 20602, 20603",01/01/06 - 12/31/19,W,Y,PIFC Brush,95,22.32,20.81,19.92,19.4,108.57,580,0.53,106.33,63.02,62.86,4.39,38.24
Brush,PIFC,2,2,5,"20610, 20602, 20603",01/01/06 - 12/31/19,W,Y,PIFC Brush,96,24.38,21.89,20.45,19.76,112.94,598.28,0.56,113.2,65.23,63.79,4.52,38.85
Brush,PIFC,2,2,5,"20610, 20602, 20603",01/01/06 - 12/31/19,W,Y,PIFC Brush,97,26.4,23.92,21.05,20.09,119.15,626.96,0.6,122.95,67.85,64.75,4.67,39.6
Brush,PIFC,2,2,5,"20610, 20602, 20603",01/01/06 - 12/31/19,W,Y,PIFC Brush,98,31.12,25.19,21.76,20.5,124.37,657.28,0.62,131.15,70.71,65.65,4.87,40.65
Brush,PIFC,2,2,5,"20610, 20602, 20603",01/01/06 - 12/31/19,W,Y,PIFC Brush,99,32.64,25.24,22.68,21.26,129.69,666.65,0.65,139.51,75.96,67.6,5.22,42.34
Brush,PIFC,2,2,5,"20610, 20602, 20603",01/01/06 - 12/31/19,W,Y,PIFC Brush,100,33.75,32.1,27.85,29.86,150.44,697,0.75,172.13,92.95,75.76,6.9,48.14
Brush,WAZ,3,2,10,"20219, 20503, 20511",1/1/03 - 12/31/17, ,Y,WAZ Brush,1,1.89,3.77,5.69,6.61,60,8.35,0,30,0.48,9.41,0.45,4.52
Brush,WAZ,3,2,10,"20219, 20503, 20511",1/1/03 - 12/31/17, ,Y,WAZ Brush,2,2.17,4.03,5.97,6.94,60,29.05,0,30,1.36,11.98,0.63,5.75
Brush,WAZ,3,2,10,"20219, 20503, 20511",1/1/03 - 12/31/17, ,Y,WAZ Brush,3,2.33,4.25,6.18,7.25,60,44.37,0,30,2.27,13.9,0.84,7.55
Brush,WAZ,3,2,10,"20219, 20503, 20511",1/1/03 - 12/31/17, ,Y,WAZ Brush,4,2.46,4.41,6.43,7.5,60,53.33,0,30,3.31,15.66,1.05,9.19
Brush,WAZ,3,2,10,"20219, 20503, 20511",1/1/03 - 12/31/17, ,Y,WAZ Brush,5,2.57,4.54,6.64,7.69,60,62.4,0,30,4.18,16.94,1.21,11.17
Brush,WAZ,3,2,10,"20219, 20503, 20511",1/1/03 - 12/31/17, ,Y,WAZ Brush,6,2.69,4.65,6.84,7.88,60,73,0,30,5.06,18.22,1.36,12.27
Brush,WAZ,3,2,10,"20219, 20503, 20511",1/1/03 - 12/31/17, ,Y,WAZ Brush,7,2.79,4.76,7.01,8.13,60,80.09,0,30,5.88,19.28,1.49,13.45
Brush,WAZ,3,2,10,"20219, 20503, 20511",1/1/03 - 12/31/17, ,Y,WAZ Brush,8,2.87,4.9,7.16,8.34,60,88,0,30,7.06,20.67,1.6,14.51
Brush,WAZ,3,2,10,"20219, 20503, 20511",1/1/03 - 12/31/17, ,Y,WAZ Brush,9,2.97,5.02,7.3,8.49,60,96,0,30,8.17,21.68,1.68,15.37
Brush,WAZ,3,2,10,"20219, 20503, 20511",1/1/03 - 12/31/17, ,Y,WAZ Brush,10,3.05,5.14,7.43,8.69,60,101.8,0,30,9.17,22.62,1.78,16.2
Brush,WAZ,3,2,10,"20219, 20503, 20511",1/1/03 - 12/31/17, ,Y,WAZ Brush,11,3.13,5.26,7.59,8.86,60,108,0,30,10.15,23.35,1.84,16.72
Brush,WAZ,3,2,10,"20219, 20503, 20511",1/1/03 - 12/31/17, ,Y,WAZ Brush,12,3.2,5.37,7.77,9.01,60,115,0,30,10.98,23.99,1.89,17.37
Brush,WAZ,3,2,10,"20219, 20503, 20511",1/1/03 - 12/31/17, ,Y,WAZ Brush,13,3.27,5.47,7.91,9.19,60,123.17,0,30,11.99,24.63,1.94,17.93
Brush,WAZ,3,2,10,"20219, 20503, 20511",1/1/03 - 12/31/17, ,Y,WAZ Brush,14,3.36,5.57,8.03,9.36,60,128.33,0,30,12.9,25.24,1.98,18.32
Brush,WAZ,3,2,10,"20219, 20503, 20511",1/1/03 - 12/31/17, ,Y,WAZ Brush,15,3.44,5.67,8.16,9.51,60,132.67,0,30,13.81,25.93,2.02,18.75
Brush,WAZ,3,2,10,"20219, 20503, 20511",1/1/03 - 12/31/17, ,Y,WAZ Brush,16,3.51,5.76,8.27,9.66,60,136,0,30,14.72,26.52,2.05,19.08
Brush,WAZ,3,2,10,"20219, 20503, 20511",1/1/03 - 12/31/17, ,Y,WAZ Brush,17,3.58,5.84,8.38,9.78,60,139.67,0,30,15.57,27.17,2.08,19.43
Brush,WAZ,3,2,10,"20219, 20503, 20511",1/1/03 - 12/31/17, ,Y,WAZ Brush,18,3.64,5.94,8.5,9.87,60,145.33,0,30,16.29,27.72,2.11,19.76
Brush,WAZ,3,2,10,"20219, 20503, 20511",1/1/03 - 12/31/17, ,Y,WAZ Brush,19,3.71,6.04,8.62,9.98,60,151,0,30,17.08,28.25,2.14,20.15
Brush,WAZ,3,2,10,"20219, 20503, 20511",1/1/03 - 12/31/17, ,Y,WAZ Brush,20,3.78,6.12,8.71,10.09,60,157,0,30,17.75,28.84,2.18,20.5
Brush,WAZ,3,2,10,"20219, 20503, 20511",1/1/03 - 12/31/17, ,Y,WAZ Brush,21,3.85,6.2,8.82,10.18,60,162.33,0,30,18.31,29.28,2.21,20.8
Brush,WAZ,3,2,10,"20219, 20503, 20511",1/1/03 - 12/31/17, ,Y,WAZ Brush,22,3.91,6.29,8.94,10.28,60,168.96,0,30,19.07,29.91,2.23,21.08
Brush,WAZ,3,2,10,"20219, 20503, 20511",1/1/03 - 12/31/17, ,Y,WAZ Brush,23,3.97,6.38,9.03,10.39,60,173.64,0,30,19.68,30.38,2.27,21.35
Brush,WAZ,3,2,10,"20219, 20503, 20511",1/1/03 - 12/31/17, ,Y,WAZ Brush,24,4.04,6.46,9.14,10.5,60,181.67,0,30,20.3,30.93,2.3,21.61
Brush,WAZ,3,2,10,"20219, 20503, 20511",1/1/03 - 12/31/17, ,Y,WAZ Brush,25,4.1,6.54,9.24,10.59,60,192.33,0,30,20.93,31.41,2.32,21.86
Brush,WAZ,3,2,10,"20219, 20503, 20511",1/1/03 - 12/31/17, ,Y,WAZ Brush,26,4.14,6.6,9.33,10.7,60,200.33,0,30,21.58,31.93,2.35,22.08
Brush,WAZ,3,2,10,"20219, 20503, 20511",1/1/03 - 12/31/17, ,Y,WAZ Brush,27,4.21,6.66,9.41,10.78,60,209.36,0,30,22.18,32.57,2.37,22.31
Brush,WAZ,3,2,10,"20219, 20503, 20511",1/1/03 - 12/31/17, ,Y,WAZ Brush,28,4.27,6.72,9.5,10.88,60,219.67,0,30,22.81,32.95,2.4,22.6
Brush,WAZ,3,2,10,"20219, 20503, 20511",1/1/03 - 12/31/17, ,Y,WAZ Brush,29,4.32,6.79,9.57,10.99,60,228.05,0,30,23.45,33.4,2.43,22.86
Brush,WAZ,3,2,10,"20219, 20503, 20511",1/1/03 - 12/31/17, ,Y,WAZ Brush,30,4.39,6.87,9.64,11.09,60,234.67,0,30,24.1,33.95,2.45,23.15
Brush,WAZ,3,2,10,"20219, 20503, 20511",1/1/03 - 12/31/17, ,Y,WAZ Brush,31,4.45,6.94,9.73,11.17,60,240,0,30,24.63,34.45,2.48,23.39
Brush,WAZ,3,2,10,"20219, 20503, 20511",1/1/03 - 12/31/17, ,Y,WAZ Brush,32,4.5,7.01,9.8,11.24,60,245.67,0,30,25.19,35.05,2.51,23.63
Brush,WAZ,3,2,10,"20219, 20503, 20511",1/1/03 - 12/31/17, ,Y,WAZ Brush,33,4.55,7.07,9.87,11.31,60,249,0,30,25.75,35.42,2.54,23.8
Brush,WAZ,3,2,10,"20219, 20503, 20511",1/1/03 - 12/31/17, ,Y,WAZ Brush,34,4.6,7.14,9.94,11.38,60,254.33,0,30,26.35,36.03,2.56,24.06
Brush,WAZ,3,2,10,"20219, 20503, 20511",1/1/03 - 12/31/17, ,Y,WAZ Brush,35,4.66,7.22,10.02,11.45,60,259.33,0,30,26.81,36.51,2.59,24.28
Brush,WAZ,3,2,10,"20219, 20503, 20511",1/1/03 - 12/31/17, ,Y,WAZ Brush,36,4.72,7.3,10.11,11.52,60,265.67,0,30,27.44,36.96,2.62,24.5
Brush,WAZ,3,2,10,"20219, 20503, 20511",1/1/03 - 12/31/17, ,Y,WAZ Brush,37,4.77,7.36,10.2,11.64,60,271.33,0,30,28.01,37.4,2.65,24.73
Brush,WAZ,3,2,10,"20219, 20503, 20511",1/1/03 - 12/31/17, ,Y,WAZ Brush,38,4.84,7.42,10.29,11.71,60,277.33,0,30,28.52,37.82,2.68,24.98
Brush,WAZ,3,2,10,"20219, 20503, 20511",1/1/03 - 12/31/17, ,Y,WAZ Brush,39,4.9,7.49,10.36,11.81,60,283.67,0,30,29.12,38.31,2.71,25.19
Brush,WAZ,3,2,10,"20219, 20503, 20511",1/1/03 - 12/31/17, ,Y,WAZ Brush,40,4.95,7.56,10.44,11.89,60,291,0.01,30,29.65,38.8,2.74,25.42
Brush,WAZ,3,2,10,"20219, 20503, 20511",1/1/03 - 12/31/17, ,Y,WAZ Brush,41,5.01,7.65,10.52,11.98,60,297.67,0.01,30,30.2,39.26,2.78,25.66
Brush,WAZ,3,2,10,"20219, 20503, 20511",1/1/03 - 12/31/17, ,Y,WAZ Brush,42,5.06,7.72,10.61,12.07,60,307.33,0.01,30,30.73,39.74,2.8,25.86
Brush,WAZ,3,2,10,"20219, 20503, 20511",1/1/03 - 12/31/17, ,Y,WAZ Brush,43,5.12,7.79,10.69,12.16,60,316.33,0.01,30,31.41,40.13,2.84,26.08
Brush,WAZ,3,2,10,"20219, 20503, 20511",1/1/03 - 12/31/17, ,Y,WAZ Brush,44,5.18,7.87,10.78,12.24,60,325,0.02,30,32,40.56,2.86,26.32
Brush,WAZ,3,2,10,"20219, 20503, 20511",1/1/03 - 12/31/17, ,Y,WAZ Brush,45,5.24,7.94,10.86,12.33,60,331.6,0.02,30,32.62,41.01,2.89,26.53
Brush,WAZ,3,2,10,"20219, 20503, 20511",1/1/03 - 12/31/17, ,Y,WAZ Brush,46,5.31,8,10.95,12.4,60,341.33,0.02,30,33.23,41.3,2.93,26.78
Brush,WAZ,3,2,10,"20219, 20503, 20511",1/1/03 - 12/31/17, ,Y,WAZ Brush,47,5.37,8.08,11.03,12.5,60,348.67,0.02,30,33.89,41.69,2.96,26.99
Brush,WAZ,3,2,10,"20219, 20503, 20511",1/1/03 - 12/31/17, ,Y,WAZ Brush,48,5.42,8.16,11.12,12.59,60,356.33,0.03,30,34.5,42.09,3,27.21
Brush,WAZ,3,2,10,"20219, 20503, 20511",1/1/03 - 12/31/17, ,Y,WAZ Brush,49,5.5,8.25,11.2,12.7,60,364.33,0.03,30,35.12,42.52,3.03,27.44
Brush,WAZ,3,2,10,"20219, 20503, 20511",1/1/03 - 12/31/17, ,Y,WAZ Brush,50,5.58,8.33,11.32,12.79,60,371,0.03,30,35.74,42.85,3.07,27.7
Brush,WAZ,3,2,10,"20219, 20503, 20511",1/1/03 - 12/31/17, ,Y,WAZ Brush,51,5.65,8.4,11.42,12.86,60,377.35,0.04,30,36.39,43.27,3.09,27.9
Brush,WAZ,3,2,10,"20219, 20503, 20511",1/1/03 - 12/31/17, ,Y,WAZ Brush,52,5.72,8.46,11.5,12.95,60,383.67,0.04,30,37.18,43.63,3.12,28.14
Brush,WAZ,3,2,10,"20219, 20503, 20511",1/1/03 - 12/31/17, ,Y,WAZ Brush,53,5.78,8.54,11.63,13.05,60,389.33,0.05,30,37.7,44.02,3.15,28.31
Brush,WAZ,3,2,10,"20219, 20503, 20511",1/1/03 - 12/31/17, ,Y,WAZ Brush,54,5.85,8.61,11.73,13.14,60,394.67,0.05,30,38.28,44.45,3.19,28.53
Brush,WAZ,3,2,10,"20219, 20503, 20511",1/1/03 - 12/31/17, ,Y,WAZ Brush,55,5.93,8.69,11.86,13.23,60,400.67,0.06,30,38.91,44.88,3.21,28.76
Brush,WAZ,3,2,10,"20219, 20503, 20511",1/1/03 - 12/31/17, ,Y,WAZ Brush,56,6.01,8.79,11.99,13.33,60,406.67,0.06,30,39.42,45.24,3.24,28.95
Brush,WAZ,3,2,10,"20219, 20503, 20511",1/1/03 - 12/31/17, ,Y,WAZ Brush,57,6.07,8.89,12.08,13.43,60,412,0.06,30,40.12,45.68,3.28,29.22
Brush,WAZ,3,2,10,"20219, 20503, 20511",1/1/03 - 12/31/17, ,Y,WAZ Brush,58,6.16,8.97,12.19,13.55,60,417.11,0.07,30,40.84,46.05,3.31,29.46
Brush,WAZ,3,2,10,"20219, 20503, 20511",1/1/03 - 12/31/17, ,Y,WAZ Brush,59,6.23,9.05,12.31,13.64,60,421.33,0.07,30,41.44,46.48,3.34,29.69
Brush,WAZ,3,2,10,"20219, 20503, 20511",1/1/03 - 12/31/17, ,Y,WAZ Brush,60,6.33,9.14,12.43,13.73,60,425.67,0.08,30,42.03,46.91,3.38,29.91
Brush,WAZ,3,2,10,"20219, 20503, 20511",1/1/03 - 12/31/17, ,Y,WAZ Brush,61,6.4,9.23,12.54,13.83,60,430.48,0.09,30,42.63,47.27,3.41,30.19
Brush,WAZ,3,2,10,"20219, 20503, 20511",1/1/03 - 12/31/17, ,Y,WAZ Brush,62,6.48,9.32,12.66,13.93,60,436.33,0.09,30,43.22,47.65,3.44,30.4
Brush,WAZ,3,2,10,"20219, 20503, 20511",1/1/03 - 12/31/17, ,Y,WAZ Brush,63,6.57,9.43,12.79,14.06,60,441,0.1,30,43.91,47.94,3.49,30.67
Brush,WAZ,3,2,10,"20219, 20503, 20511",1/1/03 - 12/31/17, ,Y,WAZ Brush,64,6.66,9.52,12.9,14.19,60,448,0.1,30,44.58,48.41,3.52,30.96
Brush,WAZ,3,2,10,"20219, 20503, 20511",1/1/03 - 12/31/17, ,Y,WAZ Brush,65,6.75,9.63,13.03,14.28,60,453.67,0.11,30,45.22,48.77,3.56,31.22
Brush,WAZ,3,2,10,"20219, 20503, 20511",1/1/03 - 12/31/17, ,Y,WAZ Brush,66,6.84,9.75,13.17,14.4,60,460,0.11,30,45.71,49.12,3.6,31.47
Brush,WAZ,3,2,10,"20219, 20503, 20511",1/1/03 - 12/31/17, ,Y,WAZ Brush,67,6.94,9.85,13.3,14.54,60,465.33,0.12,30,46.31,49.45,3.64,31.74
Brush,WAZ,3,2,10,"20219, 20503, 20511",1/1/03 - 12/31/17, ,Y,WAZ Brush,68,7.03,9.96,13.42,14.68,60,471,0.13,30,46.88,49.84,3.68,32.03
Brush,WAZ,3,2,10,"20219, 20503, 20511",1/1/03 - 12/31/17, ,Y,WAZ Brush,69,7.14,10.07,13.56,14.8,60,476.33,0.13,30,47.56,50.14,3.72,32.37
Brush,WAZ,3,2,10,"20219, 20503, 20511",1/1/03 - 12/31/17, ,Y,WAZ Brush,70,7.24,10.19,13.71,14.96,60,482.27,0.14,30,48.24,50.51,3.76,32.66
Brush,WAZ,3,2,10,"20219, 20503, 20511",1/1/03 - 12/31/17, ,Y,WAZ Brush,71,7.35,10.3,13.84,15.11,60,487,0.15,30,49.08,50.85,3.8,32.96
Brush,WAZ,3,2,10,"20219, 20503, 20511",1/1/03 - 12/31/17, ,Y,WAZ Brush,72,7.47,10.4,14.06,15.23,60,492.29,0.16,30,49.93,51.32,3.84,33.27
Brush,WAZ,3,2,10,"20219, 20503, 20511",1/1/03 - 12/31/17, ,Y,WAZ Brush,73,7.58,10.53,14.23,15.37,60,497.33,0.17,30,50.8,51.79,3.88,33.57
Brush,WAZ,3,2,10,"20219, 20503, 20511",1/1/03 - 12/31/17, ,Y,WAZ Brush,74,7.7,10.67,14.38,15.51,60,501.67,0.18,30,51.45,52.27,3.93,33.84
Brush,WAZ,3,2,10,"20219, 20503, 20511",1/1/03 - 12/31/17, ,Y,WAZ Brush,75,7.87,10.84,14.59,15.64,60,505.67,0.19,30,52.35,52.8,3.97,34.19
Brush,WAZ,3,2,10,"20219, 20503, 20511",1/1/03 - 12/31/17, ,Y,WAZ Brush,76,8.03,10.96,14.74,15.78,60,509.67,0.2,30,53.09,53.36,4.02,34.53
Brush,WAZ,3,2,10,"20219, 20503, 20511",1/1/03 - 12/31/17, ,Y,WAZ Brush,77,8.18,11.13,14.91,15.92,60.23,514.33,0.21,30.36,54.03,53.91,4.07,34.86
Brush,WAZ,3,2,10,"20219, 20503, 20511",1/1/03 - 12/31/17, ,Y,WAZ Brush,78,8.36,11.33,15.08,16.06,60.86,518.33,0.21,31.36,54.9,54.45,4.12,35.23
Brush,WAZ,3,2,10,"20219, 20503, 20511",1/1/03 - 12/31/17, ,Y,WAZ Brush,79,8.53,11.47,15.24,16.18,61.7,522.33,0.22,32.67,55.75,55.04,4.16,35.66
Brush,WAZ,3,2,10,"20219, 20503, 20511",1/1/03 - 12/31/17, ,Y,WAZ Brush,80,8.73,11.68,15.42,16.33,62.44,525.67,0.23,33.84,56.72,55.47,4.22,36.05
Brush,WAZ,3,2,10,"20219, 20503, 20511",1/1/03 - 12/31/17, ,Y,WAZ Brush,81,8.95,11.9,15.59,16.49,63.52,529.33,0.24,35.54,57.72,55.96,4.28,36.48
Brush,WAZ,3,2,10,"20219, 20503, 20511",1/1/03 - 12/31/17, ,Y,WAZ Brush,82,9.16,12.16,15.78,16.62,64.64,533,0.25,37.3,58.73,56.45,4.35,36.87
Brush,WAZ,3,2,10,"20219, 20503, 20511",1/1/03 - 12/31/17, ,Y,WAZ Brush,83,9.38,12.4,15.97,16.75,65.88,537.33,0.26,39.24,59.78,56.98,4.41,37.25
Brush,WAZ,3,2,10,"20219, 20503, 20511",1/1/03 - 12/31/17, ,Y,WAZ Brush,84,9.6,12.64,16.2,16.9,67.27,540.45,0.27,41.43,60.98,57.63,4.46,37.59
Brush,WAZ,3,2,10,"20219, 20503, 20511",1/1/03 - 12/31/17, ,Y,WAZ Brush,85,9.96,12.94,16.4,17.04,68.83,544.67,0.28,43.87,62.15,58.4,4.52,37.99
Brush,WAZ,3,2,10,"20219, 20503, 20511",1/1/03 - 12/31/17, ,Y,WAZ Brush,86,10.4,13.28,16.58,17.19,70.22,549,0.29,46.06,63.26,59.37,4.59,38.34
Brush,WAZ,3,2,10,"20219, 20503, 20511",1/1/03 - 12/31/17, ,Y,WAZ Brush,87,10.95,13.7,16.81,17.35,71.48,554,0.3,48.04,64.29,60.29,4.66,38.82
Brush,WAZ,3,2,10,"20219, 20503, 20511",1/1/03 - 12/31/17, ,Y,WAZ Brush,88,11.49,14.08,17.06,17.57,72.7,559.67,0.31,49.95,65.7,61.14,4.72,39.24
Brush,WAZ,3,2,10,"20219, 20503, 20511",1/1/03 - 12/31/17, ,Y,WAZ Brush,89,12.29,14.65,17.33,17.75,74.02,565.67,0.32,52.03,66.88,62.06,4.82,39.79
Brush,WAZ,3,2,10,"20219, 20503, 20511",1/1/03 - 12/31/17, ,Y,WAZ Brush,90,13.18,15.21,17.66,17.94,75.33,571.67,0.33,54.09,68.32,63.03,4.9,40.34
Brush,WAZ,3,2,10,"20219, 20503, 20511",1/1/03 - 12/31/17, ,Y,WAZ Brush,91,14.33,15.78,17.89,18.16,76.96,577.21,0.34,56.66,70,63.84,4.99,40.86
Brush,WAZ,3,2,10,"20219, 20503, 20511",1/1/03 - 12/31/17, ,Y,WAZ Brush,92,15.12,16.38,18.19,18.36,78.66,581.89,0.35,59.32,71.62,64.63,5.09,41.48
Brush,WAZ,3,2,10,"20219, 20503, 20511",1/1/03 - 12/31/17, ,Y,WAZ Brush,93,15.91,17,18.53,18.64,81.01,593.33,0.36,63.01,73.37,65.6,5.2,42.11
Brush,WAZ,3,2,10,"20219, 20503, 20511",1/1/03 - 12/31/17, ,Y,WAZ Brush,94,16.89,17.88,18.95,18.88,83.26,603,0.38,66.55,75.33,66.91,5.31,42.89
Brush,WAZ,3,2,10,"20219, 20503, 20511",1/1/03 - 12/31/17, ,Y,WAZ Brush,95,18.22,19.16,19.53,19.15,86.02,611.2,0.39,70.88,76.88,67.97,5.46,43.59
Brush,WAZ,3,2,10,"20219, 20503, 20511",1/1/03 - 12/31/17, ,Y,WAZ Brush,96,20.26,20.34,20,19.54,88.06,624.33,0.4,74.09,79.02,69.13,5.6,44.42
Brush,WAZ,3,2,10,"20219, 20503, 20511",1/1/03 - 12/31/17, ,Y,WAZ Brush,97,22.97,20.98,20.69,19.91,90.35,638.33,0.42,77.7,81.09,70.72,5.81,45.33
Brush,WAZ,3,2,10,"20219, 20503, 20511",1/1/03 - 12/31/17, ,Y,WAZ Brush,98,24.39,21.95,21.41,20.26,95.09,661.23,0.44,85.14,84.58,72.3,6.1,46.68
Brush,WAZ,3,2,10,"20219, 20503, 20511",1/1/03 - 12/31/17, ,Y,WAZ Brush,99,25.42,23.5,22.42,21.16,103.02,706.33,0.49,97.6,87.91,74.05,6.55,48.5
Brush,WAZ,3,2,10,"20219, 20503, 20511",1/1/03 - 12/31/17, ,Y,WAZ Brush,100,32.64,30.77,27.33,29.81,124.12,721,0.62,130.77,100,81.53,8.87,55.04
Desert Grasslands,GLZ,3,2,50,"292504, 21104, 292702",4/1/02 - 9/30/16, ,Y,GLZ Desert Grasslands,1,1.96,3.5,5.33,6.34,60,42.35,0,30,1.49,14.89,0.85,7.01
Desert Grasslands,GLZ,3,2,50,"292504, 21104, 292702",4/1/02 - 9/30/16, ,Y,GLZ Desert Grasslands,2,2.21,3.78,5.61,6.64,60,51.36,0,30,3.21,17.75,1.37,10.79
Desert Grasslands,GLZ,3,2,50,"292504, 21104, 292702",4/1/02 - 9/30/16, ,Y,GLZ Desert Grasslands,3,2.35,3.95,5.87,6.81,60,77.37,0,30,4.63,19.42,1.74,13.46
Desert Grasslands,GLZ,3,2,50,"292504, 21104, 292702",4/1/02 - 9/30/16, ,Y,GLZ Desert Grasslands,4,2.49,4.1,6.08,7.02,60,94,0,30,5.77,20.74,2.02,15.73
Desert Grasslands,GLZ,3,2,50,"292504, 21104, 292702",4/1/02 - 9/30/16, ,Y,GLZ Desert Grasslands,5,2.62,4.26,6.24,7.29,60,104.07,0,30,7.04,22.23,2.18,17.15
Desert Grasslands,GLZ,3,2,50,"292504, 21104, 292702",4/1/02 - 9/30/16, ,Y,GLZ Desert Grasslands,6,2.76,4.38,6.41,7.46,60,119,0,30,8.18,23.54,2.33,18.56
Desert Grasslands,GLZ,3,2,50,"292504, 21104, 292702",4/1/02 - 9/30/16, ,Y,GLZ Desert Grasslands,7,2.87,4.49,6.55,7.6,60,129,0,30,9.28,24.62,2.45,19.69
Desert Grasslands,GLZ,3,2,50,"292504, 21104, 292702",4/1/02 - 9/30/16, ,Y,GLZ Desert Grasslands,8,2.97,4.6,6.71,7.77,60,136.11,0,30,10.51,25.6,2.53,20.41
Desert Grasslands,GLZ,3,2,50,"292504, 21104, 292702",4/1/02 - 9/30/16, ,Y,GLZ Desert Grasslands,9,3.07,4.72,6.83,7.96,60,144.33,0,30,11.28,26.6,2.62,21.14
Desert Grasslands,GLZ,3,2,50,"292504, 21104, 292702",4/1/02 - 9/30/16, ,Y,GLZ Desert Grasslands,10,3.16,4.82,6.95,8.12,60,150.47,0,30,12.16,27.39,2.7,21.68
Desert Grasslands,GLZ,3,2,50,"292504, 21104, 292702",4/1/02 - 9/30/16, ,Y,GLZ Desert Grasslands,11,3.24,4.95,7.09,8.25,60,154.67,0,30,13.16,28.07,2.75,22.18
Desert Grasslands,GLZ,3,2,50,"292504, 21104, 292702",4/1/02 - 9/30/16, ,Y,GLZ Desert Grasslands,12,3.33,5.06,7.23,8.36,60,159.67,0,30,14.13,28.74,2.81,22.77
Desert Grasslands,GLZ,3,2,50,"292504, 21104, 292702",4/1/02 - 9/30/16, ,Y,GLZ Desert Grasslands,13,3.41,5.14,7.33,8.49,60,166.33,0,30,14.96,29.44,2.88,23.32
Desert Grasslands,GLZ,3,2,50,"292504, 21104, 292702",4/1/02 - 9/30/16, ,Y,GLZ Desert Grasslands,14,3.49,5.24,7.46,8.62,60,174,0,30,15.56,29.91,2.94,23.74
Desert Grasslands,GLZ,3,2,50,"292504, 21104, 292702",4/1/02 - 9/30/16, ,Y,GLZ Desert Grasslands,15,3.57,5.32,7.58,8.75,60,181.33,0,30,16.38,30.62,2.99,24.24
Desert Grasslands,GLZ,3,2,50,"292504, 21104, 292702",4/1/02 - 9/30/16, ,Y,GLZ Desert Grasslands,16,3.65,5.4,7.7,8.87,60,186,0,30,17.09,31.16,3.04,24.59
Desert Grasslands,GLZ,3,2,50,"292504, 21104, 292702",4/1/02 - 9/30/16, ,Y,GLZ Desert Grasslands,17,3.73,5.5,7.79,9.02,60,195.33,0,30,17.82,31.66,3.09,24.96
Desert Grasslands,GLZ,3,2,50,"292504, 21104, 292702",4/1/02 - 9/30/16, ,Y,GLZ Desert Grasslands,18,3.8,5.59,7.91,9.13,60,204.48,0,30,18.83,32.16,3.14,25.32
Desert Grasslands,GLZ,3,2,50,"292504, 21104, 292702",4/1/02 - 9/30/16, ,Y,GLZ Desert Grasslands,19,3.88,5.67,8.03,9.25,60,213.33,0,30,19.39,32.63,3.18,25.61
Desert Grasslands,GLZ,3,2,50,"292504, 21104, 292702",4/1/02 - 9/30/16, ,Y,GLZ Desert Grasslands,20,3.95,5.76,8.14,9.41,60,220,0,30,20.05,33.09,3.23,25.97
Desert Grasslands,GLZ,3,2,50,"292504, 21104, 292702",4/1/02 - 9/30/16, ,Y,GLZ Desert Grasslands,21,4.01,5.83,8.23,9.53,60,224.33,0,30,20.85,33.51,3.29,26.28
Desert Grasslands,GLZ,3,2,50,"292504, 21104, 292702",4/1/02 - 9/30/16, ,Y,GLZ Desert Grasslands,22,4.07,5.91,8.32,9.66,60,228,0,30,21.57,33.91,3.33,26.59
Desert Grasslands,GLZ,3,2,50,"292504, 21104, 292702",4/1/02 - 9/30/16, ,Y,GLZ Desert Grasslands,23,4.14,5.97,8.41,9.75,60,233,0,30,22.14,34.36,3.39,26.95
Desert Grasslands,GLZ,3,2,50,"292504, 21104, 292702",4/1/02 - 9/30/16, ,Y,GLZ Desert Grasslands,24,4.2,6.06,8.48,9.82,60,237.33,0,30,22.74,34.76,3.44,27.26
Desert Grasslands,GLZ,3,2,50,"292504, 21104, 292702",4/1/02 - 9/30/16, ,Y,GLZ Desert Grasslands,25,4.26,6.13,8.57,9.92,60,240.33,0,30,23.43,35.19,3.49,27.56
Desert Grasslands,GLZ,3,2,50,"292504, 21104, 292702",4/1/02 - 9/30/16, ,Y,GLZ Desert Grasslands,26,4.33,6.19,8.66,10.02,60,243.01,0,30,24.15,35.64,3.54,27.88
Desert Grasslands,GLZ,3,2,50,"292504, 21104, 292702",4/1/02 - 9/30/16, ,Y,GLZ Desert Grasslands,27,4.41,6.26,8.74,10.11,60,244.67,0,30,24.61,36.07,3.58,28.18
Desert Grasslands,GLZ,3,2,50,"292504, 21104, 292702",4/1/02 - 9/30/16, ,Y,GLZ Desert Grasslands,28,4.48,6.32,8.84,10.18,60,248,0,30,25.23,36.42,3.63,28.53
Desert Grasslands,GLZ,3,2,50,"292504, 21104, 292702",4/1/02 - 9/30/16, ,Y,GLZ Desert Grasslands,29,4.56,6.39,8.93,10.26,60,251,0,30,25.9,36.82,3.68,28.85
Desert Grasslands,GLZ,3,2,50,"292504, 21104, 292702",4/1/02 - 9/30/16, ,Y,GLZ Desert Grasslands,30,4.63,6.46,8.99,10.37,60,254.67,0,30,26.48,37.26,3.72,29.12
Desert Grasslands,GLZ,3,2,50,"292504, 21104, 292702",4/1/02 - 9/30/16, ,Y,GLZ Desert Grasslands,31,4.69,6.53,9.1,10.47,60,259,0,30,27.1,37.72,3.77,29.39
Desert Grasslands,GLZ,3,2,50,"292504, 21104, 292702",4/1/02 - 9/30/16, ,Y,GLZ Desert Grasslands,32,4.77,6.59,9.17,10.57,60,263.33,0,30,27.76,38.04,3.81,29.67
Desert Grasslands,GLZ,3,2,50,"292504, 21104, 292702",4/1/02 - 9/30/16, ,Y,GLZ Desert Grasslands,33,4.84,6.65,9.25,10.65,60,267.67,0,30,28.29,38.48,3.87,29.89
Desert Grasslands,GLZ,3,2,50,"292504, 21104, 292702",4/1/02 - 9/30/16, ,Y,GLZ Desert Grasslands,34,4.91,6.73,9.32,10.72,60,271.67,0,30,28.89,38.93,3.92,30.14
Desert Grasslands,GLZ,3,2,50,"292504, 21104, 292702",4/1/02 - 9/30/16, ,Y,GLZ Desert Grasslands,35,4.97,6.8,9.4,10.79,60,275.33,0,30,29.41,39.29,3.96,30.43
Desert Grasslands,GLZ,3,2,50,"292504, 21104, 292702",4/1/02 - 9/30/16, ,Y,GLZ Desert Grasslands,36,5.04,6.89,9.5,10.85,60,278.33,0,30,29.88,39.66,4.01,30.77
Desert Grasslands,GLZ,3,2,50,"292504, 21104, 292702",4/1/02 - 9/30/16, ,Y,GLZ Desert Grasslands,37,5.11,6.97,9.58,10.91,60,282,0,30,30.39,40.06,4.05,31.03
Desert Grasslands,GLZ,3,2,50,"292504, 21104, 292702",4/1/02 - 9/30/16, ,Y,GLZ Desert Grasslands,38,5.18,7.03,9.65,10.97,60,287,0,30,30.92,40.45,4.09,31.28
Desert Grasslands,GLZ,3,2,50,"292504, 21104, 292702",4/1/02 - 9/30/16, ,Y,GLZ Desert Grasslands,39,5.25,7.11,9.73,11.05,60,291.33,0,30,31.42,41.03,4.13,31.51
Desert Grasslands,GLZ,3,2,50,"292504, 21104, 292702",4/1/02 - 9/30/16, ,Y,GLZ Desert Grasslands,40,5.3,7.19,9.82,11.13,60,295.67,0,30,31.94,41.45,4.17,31.75
Desert Grasslands,GLZ,3,2,50,"292504, 21104, 292702",4/1/02 - 9/30/16, ,Y,GLZ Desert Grasslands,41,5.35,7.26,9.89,11.19,60,299.55,0,30,32.56,41.88,4.22,31.99
Desert Grasslands,GLZ,3,2,50,"292504, 21104, 292702",4/1/02 - 9/30/16, ,Y,GLZ Desert Grasslands,42,5.41,7.34,9.97,11.27,60,303.67,0,30,33.23,42.31,4.27,32.22
Desert Grasslands,GLZ,3,2,50,"292504, 21104, 292702",4/1/02 - 9/30/16, ,Y,GLZ Desert Grasslands,43,5.48,7.4,10.05,11.36,60,307.91,0,30,33.86,42.68,4.32,32.47
Desert Grasslands,GLZ,3,2,50,"292504, 21104, 292702",4/1/02 - 9/30/16, ,Y,GLZ Desert Grasslands,44,5.56,7.46,10.14,11.42,60,312.33,0,30,34.38,43.12,4.37,32.76
Desert Grasslands,GLZ,3,2,50,"292504, 21104, 292702",4/1/02 - 9/30/16, ,Y,GLZ Desert Grasslands,45,5.62,7.53,10.22,11.51,60,317,0,30,34.92,43.58,4.42,33.03
Desert Grasslands,GLZ,3,2,50,"292504, 21104, 292702",4/1/02 - 9/30/16, ,Y,GLZ Desert Grasslands,46,5.7,7.61,10.3,11.61,60,321,0,30,35.46,44.02,4.47,33.33
Desert Grasslands,GLZ,3,2,50,"292504, 21104, 292702",4/1/02 - 9/30/16, ,Y,GLZ Desert Grasslands,47,5.77,7.68,10.39,11.7,60,326.33,0.01,30,35.93,44.47,4.54,33.64
Desert Grasslands,GLZ,3,2,50,"292504, 21104, 292702",4/1/02 - 9/30/16, ,Y,GLZ Desert Grasslands,48,5.85,7.76,10.48,11.79,60,330,0.01,30,36.51,44.91,4.59,33.96
Desert Grasslands,GLZ,3,2,50,"292504, 21104, 292702",4/1/02 - 9/30/16, ,Y,GLZ Desert Grasslands,49,5.91,7.82,10.57,11.9,60,334,0.01,30,37.21,45.29,4.65,34.3
Desert Grasslands,GLZ,3,2,50,"292504, 21104, 292702",4/1/02 - 9/30/16, ,Y,GLZ Desert Grasslands,50,5.98,7.91,10.69,12,60,338,0.02,30,37.82,45.73,4.7,34.6
Desert Grasslands,GLZ,3,2,50,"292504, 21104, 292702",4/1/02 - 9/30/16, ,Y,GLZ Desert Grasslands,51,6.06,7.98,10.8,12.09,60,341,0.02,30,38.35,46.19,4.76,34.9
Desert Grasslands,GLZ,3,2,50,"292504, 21104, 292702",4/1/02 - 9/30/16, ,Y,GLZ Desert Grasslands,52,6.12,8.05,10.9,12.19,60,344.33,0.02,30,38.96,46.55,4.81,35.16
Desert Grasslands,GLZ,3,2,50,"292504, 21104, 292702",4/1/02 - 9/30/16, ,Y,GLZ Desert Grasslands,53,6.19,8.12,11.01,12.29,60,350,0.03,30,39.57,46.95,4.88,35.46
Desert Grasslands,GLZ,3,2,50,"292504, 21104, 292702",4/1/02 - 9/30/16, ,Y,GLZ Desert Grasslands,54,6.24,8.2,11.11,12.4,60,355,0.04,30,40.18,47.36,4.92,35.73
Desert Grasslands,GLZ,3,2,50,"292504, 21104, 292702",4/1/02 - 9/30/16, ,Y,GLZ Desert Grasslands,55,6.31,8.28,11.23,12.48,60,361.67,0.04,30,40.87,47.75,4.99,36.01
Desert Grasslands,GLZ,3,2,50,"292504, 21104, 292702",4/1/02 - 9/30/16, ,Y,GLZ Desert Grasslands,56,6.38,8.36,11.33,12.58,60,368.08,0.05,30,41.57,48.12,5.04,36.37
Desert Grasslands,GLZ,3,2,50,"292504, 21104, 292702",4/1/02 - 9/30/16, ,Y,GLZ Desert Grasslands,57,6.47,8.44,11.43,12.68,60,376,0.05,30,42.2,48.56,5.1,36.68
Desert Grasslands,GLZ,3,2,50,"292504, 21104, 292702",4/1/02 - 9/30/16, ,Y,GLZ Desert Grasslands,58,6.53,8.52,11.52,12.78,60,384.33,0.06,30,42.94,49.05,5.16,36.98
Desert Grasslands,GLZ,3,2,50,"292504, 21104, 292702",4/1/02 - 9/30/16, ,Y,GLZ Desert Grasslands,59,6.61,8.6,11.63,12.88,60,390.33,0.07,30,43.69,49.4,5.23,37.33
Desert Grasslands,GLZ,3,2,50,"292504, 21104, 292702",4/1/02 - 9/30/16, ,Y,GLZ Desert Grasslands,60,6.7,8.68,11.72,12.98,60,395.33,0.07,30,44.5,49.68,5.3,37.64
Desert Grasslands,GLZ,3,2,50,"292504, 21104, 292702",4/1/02 - 9/30/16, ,Y,GLZ Desert Grasslands,61,6.77,8.76,11.82,13.06,60,400,0.08,30,45.34,49.99,5.38,37.99
Desert Grasslands,GLZ,3,2,50,"292504, 21104, 292702",4/1/02 - 9/30/16, ,Y,GLZ Desert Grasslands,62,6.86,8.83,11.93,13.15,60,404.33,0.09,30,45.95,50.49,5.45,38.29
Desert Grasslands,GLZ,3,2,50,"292504, 21104, 292702",4/1/02 - 9/30/16, ,Y,GLZ Desert Grasslands,63,6.95,8.91,12.03,13.25,60,409,0.1,30,46.62,50.86,5.5,38.63
Desert Grasslands,GLZ,3,2,50,"292504, 21104, 292702",4/1/02 - 9/30/16, ,Y,GLZ Desert Grasslands,64,7.02,9.01,12.14,13.38,60,413.33,0.11,30,47.25,51.2,5.57,38.98
Desert Grasslands,GLZ,3,2,50,"292504, 21104, 292702",4/1/02 - 9/30/16, ,Y,GLZ Desert Grasslands,65,7.1,9.09,12.25,13.47,60,417.67,0.12,30,48.14,51.51,5.64,39.54
Desert Grasslands,GLZ,3,2,50,"292504, 21104, 292702",4/1/02 - 9/30/16, ,Y,GLZ Desert Grasslands,66,7.17,9.18,12.36,13.58,60,422,0.13,30,49.05,51.96,5.7,39.93
Desert Grasslands,GLZ,3,2,50,"292504, 21104, 292702",4/1/02 - 9/30/16, ,Y,GLZ Desert Grasslands,67,7.25,9.29,12.48,13.67,60,425.33,0.14,30,50,52.3,5.8,40.29
Desert Grasslands,GLZ,3,2,50,"292504, 21104, 292702",4/1/02 - 9/30/16, ,Y,GLZ Desert Grasslands,68,7.34,9.36,12.58,13.76,60,429.91,0.15,30,50.75,52.73,5.88,40.66
Desert Grasslands,GLZ,3,2,50,"292504, 21104, 292702",4/1/02 - 9/30/16, ,Y,GLZ Desert Grasslands,69,7.44,9.46,12.69,13.87,60,434.33,0.16,30,51.55,53.05,5.95,41.08
Desert Grasslands,GLZ,3,2,50,"292504, 21104, 292702",4/1/02 - 9/30/16, ,Y,GLZ Desert Grasslands,70,7.53,9.55,12.84,13.97,60,439,0.17,30,52.44,53.41,6.02,41.5
Desert Grasslands,GLZ,3,2,50,"292504, 21104, 292702",4/1/02 - 9/30/16, ,Y,GLZ Desert Grasslands,71,7.63,9.63,12.96,14.05,60.92,443.33,0.18,31.45,53.4,53.95,6.1,41.93
Desert Grasslands,GLZ,3,2,50,"292504, 21104, 292702",4/1/02 - 9/30/16, ,Y,GLZ Desert Grasslands,72,7.73,9.74,13.09,14.13,61.93,448,0.19,33.03,54.13,54.34,6.18,42.36
Desert Grasslands,GLZ,3,2,50,"292504, 21104, 292702",4/1/02 - 9/30/16, ,Y,GLZ Desert Grasslands,73,7.87,9.87,13.22,14.22,63.4,453,0.2,35.35,55.02,54.8,6.26,42.86
Desert Grasslands,GLZ,3,2,50,"292504, 21104, 292702",4/1/02 - 9/30/16, ,Y,GLZ Desert Grasslands,74,7.99,10,13.33,14.32,64.92,458,0.21,37.73,55.77,55.26,6.35,43.33
Desert Grasslands,GLZ,3,2,50,"292504, 21104, 292702",4/1/02 - 9/30/16, ,Y,GLZ Desert Grasslands,75,8.12,10.15,13.43,14.43,66.11,465,0.23,39.61,56.63,55.7,6.42,43.78
Desert Grasslands,GLZ,3,2,50,"292504, 21104, 292702",4/1/02 - 9/30/16, ,Y,GLZ Desert Grasslands,76,8.27,10.29,13.52,14.53,67.63,473.33,0.24,41.98,57.54,56.18,6.5,44.28
Desert Grasslands,GLZ,3,2,50,"292504, 21104, 292702",4/1/02 - 9/30/16, ,Y,GLZ Desert Grasslands,77,8.44,10.43,13.65,14.65,69.61,478.67,0.25,45.1,58.59,56.71,6.58,44.76
Desert Grasslands,GLZ,3,2,50,"292504, 21104, 292702",4/1/02 - 9/30/16, ,Y,GLZ Desert Grasslands,78,8.59,10.57,13.79,14.74,71.08,485.04,0.27,47.41,59.62,57.28,6.68,45.28
Desert Grasslands,GLZ,3,2,50,"292504, 21104, 292702",4/1/02 - 9/30/16, ,Y,GLZ Desert Grasslands,79,8.72,10.73,13.94,14.85,72.73,489.67,0.28,50,60.71,57.95,6.79,45.87
Desert Grasslands,GLZ,3,2,50,"292504, 21104, 292702",4/1/02 - 9/30/16, ,Y,GLZ Desert Grasslands,80,8.88,10.87,14.09,14.97,74.62,497,0.29,52.98,61.58,58.66,6.89,46.38
Desert Grasslands,GLZ,3,2,50,"292504, 21104, 292702",4/1/02 - 9/30/16, ,Y,GLZ Desert Grasslands,81,9.1,11.06,14.24,15.1,76.52,502.33,0.3,55.97,62.75,59.22,6.98,46.93
Desert Grasslands,GLZ,3,2,50,"292504, 21104, 292702",4/1/02 - 9/30/16, ,Y,GLZ Desert Grasslands,82,9.28,11.22,14.38,15.21,78.47,507,0.31,59.03,63.71,59.98,7.12,47.38
Desert Grasslands,GLZ,3,2,50,"292504, 21104, 292702",4/1/02 - 9/30/16, ,Y,GLZ Desert Grasslands,83,9.51,11.42,14.56,15.34,80.39,511.33,0.33,62.04,64.78,60.66,7.23,47.89
Desert Grasslands,GLZ,3,2,50,"292504, 21104, 292702",4/1/02 - 9/30/16, ,Y,GLZ Desert Grasslands,84,9.7,11.64,14.73,15.47,82.73,515,0.34,65.72,65.79,61.28,7.34,48.44
Desert Grasslands,GLZ,3,2,50,"292504, 21104, 292702",4/1/02 - 9/30/16, ,Y,GLZ Desert Grasslands,85,9.92,11.89,14.91,15.61,85.32,518.67,0.36,69.79,66.73,62.05,7.48,49.03
Desert Grasslands,GLZ,3,2,50,"292504, 21104, 292702",4/1/02 - 9/30/16, ,Y,GLZ Desert Grasslands,86,10.26,12.11,15.11,15.73,87.61,523.15,0.38,73.39,67.89,62.66,7.61,49.66
Desert Grasslands,GLZ,3,2,50,"292504, 21104, 292702",4/1/02 - 9/30/16, ,Y,GLZ Desert Grasslands,87,10.56,12.33,15.34,15.89,89.95,527.49,0.39,77.07,68.96,63.3,7.75,50.22
Desert Grasslands,GLZ,3,2,50,"292504, 21104, 292702",4/1/02 - 9/30/16, ,Y,GLZ Desert Grasslands,88,10.88,12.7,15.58,16.02,92.01,534,0.41,80.3,69.97,64.06,7.89,50.85
Desert Grasslands,GLZ,3,2,50,"292504, 21104, 292702",4/1/02 - 9/30/16, ,Y,GLZ Desert Grasslands,89,11.29,13.08,15.79,16.17,93.91,540.33,0.43,83.29,71.15,64.79,8.03,51.56
Desert Grasslands,GLZ,3,2,50,"292504, 21104, 292702",4/1/02 - 9/30/16, ,Y,GLZ Desert Grasslands,90,11.7,13.47,16.04,16.37,96.51,545.53,0.45,87.37,72.63,65.58,8.18,52.21
Desert Grasslands,GLZ,3,2,50,"292504, 21104, 292702",4/1/02 - 9/30/16, ,Y,GLZ Desert Grasslands,91,12.34,13.97,16.32,16.55,99.45,550.67,0.46,91.99,74.3,66.22,8.38,52.89
Desert Grasslands,GLZ,3,2,50,"292504, 21104, 292702",4/1/02 - 9/30/16, ,Y,GLZ Desert Grasslands,92,13.28,14.56,16.6,16.78,102.43,555,0.47,96.67,75.57,67.31,8.59,53.6
Desert Grasslands,GLZ,3,2,50,"292504, 21104, 292702",4/1/02 - 9/30/16, ,Y,GLZ Desert Grasslands,93,14.43,15.19,16.87,17.01,105.31,561,0.49,101.2,77.21,68.26,8.82,54.56
Desert Grasslands,GLZ,3,2,50,"292504, 21104, 292702",4/1/02 - 9/30/16, ,Y,GLZ Desert Grasslands,94,15.22,15.85,17.2,17.27,108.01,566.33,0.52,105.45,78.84,69.34,9.06,55.31
Desert Grasslands,GLZ,3,2,50,"292504, 21104, 292702",4/1/02 - 9/30/16, ,Y,GLZ Desert Grasslands,95,16.17,16.5,17.61,17.54,111.32,574.27,0.54,110.65,80.79,70.5,9.42,56.35
Desert Grasslands,GLZ,3,2,50,"292504, 21104, 292702",4/1/02 - 9/30/16, ,Y,GLZ Desert Grasslands,96,17.51,17.24,18.09,17.8,116.09,587.67,0.57,118.14,82.63,71.61,9.8,57.68
Desert Grasslands,GLZ,3,2,50,"292504, 21104, 292702",4/1/02 - 9/30/16, ,Y,GLZ Desert Grasslands,97,19.2,18.37,18.63,18.14,120.81,600.67,0.59,125.55,84.92,72.76,10.29,58.88
Desert Grasslands,GLZ,3,2,50,"292504, 21104, 292702",4/1/02 - 9/30/16, ,Y,GLZ Desert Grasslands,98,22.17,20.16,19.27,18.62,128.13,609.67,0.64,137.06,87.5,73.94,11.01,60.62
Desert Grasslands,GLZ,3,2,50,"292504, 21104, 292702",4/1/02 - 9/30/16, ,Y,GLZ Desert Grasslands,99,24.61,21.5,20.2,19.31,139.35,637.99,0.7,154.7,91.27,75.74,12.23,63.81
Desert Grasslands,GLZ,3,2,50,"292504, 21104, 292702",4/1/02 - 9/30/16, ,Y,GLZ Desert Grasslands,100,32.64,30.39,26.32,29.63,164.08,699,0.82,193.56,100,80.02,19.24,78.29
Forested,GLZ,1,2,20,"20401, 292001, 292004",4/1/06 - 9/30/16, ,Y,GLZ Forested,1,2.23,4.65,6.41,7.51,60,1,0,30,0,8.18,0,0
Forested,GLZ,1,2,20,"20401, 292001, 292004",4/1/06 - 9/30/16, ,Y,GLZ Forested,2,2.5,4.91,6.85,7.98,60,2.33,0,30,0,10.35,0,0
Forested,GLZ,1,2,20,"20401, 292001, 292004",4/1/06 - 9/30/16, ,Y,GLZ Forested,3,2.69,5.16,7.15,8.43,60,4,0,30,0,11.53,0.16,2.66
Forested,GLZ,1,2,20,"20401, 292001, 292004",4/1/06 - 9/30/16, ,Y,GLZ Forested,4,2.92,5.36,7.42,8.76,60,5,0,30,0.2,12.98,0.49,5.27
Forested,GLZ,1,2,20,"20401, 292001, 292004",4/1/06 - 9/30/16, ,Y,GLZ Forested,5,3.08,5.51,7.63,9,60,5.87,0,30,1.02,14.01,0.64,6.14
Forested,GLZ,1,2,20,"20401, 292001, 292004",4/1/06 - 9/30/16, ,Y,GLZ Forested,6,3.21,5.66,7.79,9.27,60,7.67,0,30,1.83,14.93,0.75,7.19
Forested,GLZ,1,2,20,"20401, 292001, 292004",4/1/06 - 9/30/16, ,Y,GLZ Forested,7,3.34,5.83,7.99,9.57,60,10.01,0,30,3.05,15.85,0.89,8.69
Forested,GLZ,1,2,20,"20401, 292001, 292004",4/1/06 - 9/30/16, ,Y,GLZ Forested,8,3.48,6,8.19,9.82,60,13,0,30,3.62,16.69,1.07,10.42
Forested,GLZ,1,2,20,"20401, 292001, 292004",4/1/06 - 9/30/16, ,Y,GLZ Forested,9,3.58,6.18,8.38,10,60,18,0,30,4.42,17.4,1.19,11.48
Forested,GLZ,1,2,20,"20401, 292001, 292004",4/1/06 - 9/30/16, ,Y,GLZ Forested,10,3.7,6.32,8.52,10.13,60,20.67,0,30,5.18,18.04,1.27,12.06
Forested,GLZ,1,2,20,"20401, 292001, 292004",4/1/06 - 9/30/16, ,Y,GLZ Forested,11,3.79,6.46,8.69,10.27,60,23.97,0,30,5.81,18.65,1.35,12.7
Forested,GLZ,1,2,20,"20401, 292001, 292004",4/1/06 - 9/30/16, ,Y,GLZ Forested,12,3.9,6.58,8.88,10.41,60,28.33,0,30,6.31,19.45,1.42,13.23
Forested,GLZ,1,2,20,"20401, 292001, 292004",4/1/06 - 9/30/16, ,Y,GLZ Forested,13,3.98,6.69,9.02,10.56,60,31.67,0,30,6.85,20,1.47,13.73
Forested,GLZ,1,2,20,"20401, 292001, 292004",4/1/06 - 9/30/16, ,Y,GLZ Forested,14,4.08,6.8,9.13,10.7,60,34.33,0,30,7.56,20.53,1.54,14.23
Forested,GLZ,1,2,20,"20401, 292001, 292004",4/1/06 - 9/30/16, ,Y,GLZ Forested,15,4.17,6.91,9.29,10.89,60,37.93,0,30,8.21,20.94,1.61,14.72
Forested,GLZ,1,2,20,"20401, 292001, 292004",4/1/06 - 9/30/16, ,Y,GLZ Forested,16,4.26,7.01,9.43,11.06,60,40.33,0,30,8.96,21.39,1.67,15.14
Forested,GLZ,1,2,20,"20401, 292001, 292004",4/1/06 - 9/30/16, ,Y,GLZ Forested,17,4.34,7.08,9.57,11.2,60,45.33,0,30,9.57,21.88,1.72,15.54
Forested,GLZ,1,2,20,"20401, 292001, 292004",4/1/06 - 9/30/16, ,Y,GLZ Forested,18,4.43,7.21,9.67,11.36,60,49.33,0,30,10.12,22.33,1.76,16
Forested,GLZ,1,2,20,"20401, 292001, 292004",4/1/06 - 9/30/16, ,Y,GLZ Forested,19,4.5,7.31,9.77,11.48,60,53.56,0,30,10.76,22.74,1.82,16.41
Forested,GLZ,1,2,20,"20401, 292001, 292004",4/1/06 - 9/30/16, ,Y,GLZ Forested,20,4.6,7.4,9.91,11.57,60,57,0,30,11.24,23.24,1.85,16.73
Forested,GLZ,1,2,20,"20401, 292001, 292004",4/1/06 - 9/30/16, ,Y,GLZ Forested,21,4.66,7.5,10.03,11.69,60,60.37,0,30,11.78,23.75,1.89,16.97
Forested,GLZ,1,2,20,"20401, 292001, 292004",4/1/06 - 9/30/16, ,Y,GLZ Forested,22,4.75,7.58,10.16,11.81,60,63.33,0,30,12.38,24.14,1.92,17.3
Forested,GLZ,1,2,20,"20401, 292001, 292004",4/1/06 - 9/30/16, ,Y,GLZ Forested,23,4.82,7.66,10.26,11.96,60,66.33,0,30,12.9,24.46,1.96,17.55
Forested,GLZ,1,2,20,"20401, 292001, 292004",4/1/06 - 9/30/16, ,Y,GLZ Forested,24,4.88,7.74,10.38,12.08,60,69.43,0,30,13.29,24.94,1.99,17.91
Forested,GLZ,1,2,20,"20401, 292001, 292004",4/1/06 - 9/30/16, ,Y,GLZ Forested,25,4.95,7.82,10.49,12.18,60,72.67,0,30,13.78,25.3,2.01,18.17
Forested,GLZ,1,2,20,"20401, 292001, 292004",4/1/06 - 9/30/16, ,Y,GLZ Forested,26,5.03,7.91,10.61,12.33,60,77.67,0,30,14.32,25.65,2.04,18.43
Forested,GLZ,1,2,20,"20401, 292001, 292004",4/1/06 - 9/30/16, ,Y,GLZ Forested,27,5.1,8.02,10.69,12.43,60,81.33,0,30,14.85,25.98,2.06,18.72
Forested,GLZ,1,2,20,"20401, 292001, 292004",4/1/06 - 9/30/16, ,Y,GLZ Forested,28,5.17,8.11,10.82,12.53,60,84,0,30,15.43,26.35,2.1,18.9
Forested,GLZ,1,2,20,"20401, 292001, 292004",4/1/06 - 9/30/16, ,Y,GLZ Forested,29,5.24,8.19,10.93,12.62,60,87,0,30,15.92,26.68,2.12,19.26
Forested,GLZ,1,2,20,"20401, 292001, 292004",4/1/06 - 9/30/16, ,Y,GLZ Forested,30,5.32,8.27,11.06,12.75,60,90.2,0,30,16.38,27.01,2.15,19.5
Forested,GLZ,1,2,20,"20401, 292001, 292004",4/1/06 - 9/30/16, ,Y,GLZ Forested,31,5.4,8.35,11.15,12.88,60,93.67,0,30,16.82,27.34,2.18,19.76
Forested,GLZ,1,2,20,"20401, 292001, 292004",4/1/06 - 9/30/16, ,Y,GLZ Forested,32,5.47,8.43,11.28,13,60,97.33,0,30,17.35,27.69,2.21,19.94
Forested,GLZ,1,2,20,"20401, 292001, 292004",4/1/06 - 9/30/16, ,Y,GLZ Forested,33,5.55,8.5,11.39,13.11,60,101,0,30,17.8,27.99,2.23,20.15
Forested,GLZ,1,2,20,"20401, 292001, 292004",4/1/06 - 9/30/16, ,Y,GLZ Forested,34,5.61,8.59,11.48,13.22,60,104,0,30,18.42,28.34,2.26,20.41
Forested,GLZ,1,2,20,"20401, 292001, 292004",4/1/06 - 9/30/16, ,Y,GLZ Forested,35,5.67,8.65,11.61,13.29,60,106.67,0,30,18.78,28.67,2.29,20.69
Forested,GLZ,1,2,20,"20401, 292001, 292004",4/1/06 - 9/30/16, ,Y,GLZ Forested,36,5.75,8.75,11.74,13.4,60,109.33,0,30,19.38,29.03,2.31,20.93
Forested,GLZ,1,2,20,"20401, 292001, 292004",4/1/06 - 9/30/16, ,Y,GLZ Forested,37,5.82,8.82,11.85,13.48,60,112,0,30,19.78,29.39,2.33,21.13
Forested,GLZ,1,2,20,"20401, 292001, 292004",4/1/06 - 9/30/16, ,Y,GLZ Forested,38,5.87,8.89,11.96,13.56,60,115.67,0,30,20.24,29.77,2.35,21.34
Forested,GLZ,1,2,20,"20401, 292001, 292004",4/1/06 - 9/30/16, ,Y,GLZ Forested,39,5.95,8.96,12.05,13.67,60,118.03,0,30,20.77,30.07,2.37,21.56
Forested,GLZ,1,2,20,"20401, 292001, 292004",4/1/06 - 9/30/16, ,Y,GLZ Forested,40,6.02,9.04,12.17,13.78,60,121.33,0,30,21.31,30.43,2.39,21.77
Forested,GLZ,1,2,20,"20401, 292001, 292004",4/1/06 - 9/30/16, ,Y,GLZ Forested,41,6.1,9.11,12.27,13.89,60,125.84,0,30,21.88,30.78,2.42,22
Forested,GLZ,1,2,20,"20401, 292001, 292004",4/1/06 - 9/30/16, ,Y,GLZ Forested,42,6.18,9.19,12.4,13.97,60,129,0,30,22.38,31.21,2.45,22.24
Forested,GLZ,1,2,20,"20401, 292001, 292004",4/1/06 - 9/30/16, ,Y,GLZ Forested,43,6.26,9.31,12.49,14.05,60,132,0,30,22.9,31.63,2.48,22.46
Forested,GLZ,1,2,20,"20401, 292001, 292004",4/1/06 - 9/30/16, ,Y,GLZ Forested,44,6.33,9.39,12.62,14.12,60,136.33,0,30,23.36,32.01,2.51,22.64
Forested,GLZ,1,2,20,"20401, 292001, 292004",4/1/06 - 9/30/16, ,Y,GLZ Forested,45,6.44,9.49,12.74,14.25,60,139.33,0.01,30,23.8,32.46,2.54,22.81
Forested,GLZ,1,2,20,"20401, 292001, 292004",4/1/06 - 9/30/16, ,Y,GLZ Forested,46,6.5,9.57,12.85,14.35,60,142.67,0.01,30,24.31,32.84,2.56,23
Forested,GLZ,1,2,20,"20401, 292001, 292004",4/1/06 - 9/30/16, ,Y,GLZ Forested,47,6.58,9.67,12.97,14.46,60,145,0.01,30,24.74,33.39,2.59,23.21
Forested,GLZ,1,2,20,"20401, 292001, 292004",4/1/06 - 9/30/16, ,Y,GLZ Forested,48,6.69,9.74,13.1,14.57,60,147.67,0.01,30,25.26,33.88,2.62,23.42
Forested,GLZ,1,2,20,"20401, 292001, 292004",4/1/06 - 9/30/16, ,Y,GLZ Forested,49,6.76,9.85,13.25,14.66,60,150.33,0.01,30,25.77,34.31,2.64,23.62
Forested,GLZ,1,2,20,"20401, 292001, 292004",4/1/06 - 9/30/16, ,Y,GLZ Forested,50,6.86,9.94,13.35,14.75,60,153.33,0.01,30,26.26,34.78,2.67,23.78
Forested,GLZ,1,2,20,"20401, 292001, 292004",4/1/06 - 9/30/16, ,Y,GLZ Forested,51,6.96,10.05,13.47,14.87,60,157,0.02,30,26.67,35.24,2.7,24.04
Forested,GLZ,1,2,20,"20401, 292001, 292004",4/1/06 - 9/30/16, ,Y,GLZ Forested,52,7.03,10.15,13.61,15,60,161.48,0.02,30,27.09,35.58,2.73,24.26
Forested,GLZ,1,2,20,"20401, 292001, 292004",4/1/06 - 9/30/16, ,Y,GLZ Forested,53,7.11,10.24,13.72,15.13,60,165.67,0.03,30,27.62,36,2.76,24.46
Forested,GLZ,1,2,20,"20401, 292001, 292004",4/1/06 - 9/30/16, ,Y,GLZ Forested,54,7.19,10.33,13.8,15.27,60,169.33,0.03,30,28.09,36.46,2.79,24.67
Forested,GLZ,1,2,20,"20401, 292001, 292004",4/1/06 - 9/30/16, ,Y,GLZ Forested,55,7.28,10.41,13.92,15.42,60,172.33,0.03,30,28.61,36.93,2.82,24.9
Forested,GLZ,1,2,20,"20401, 292001, 292004",4/1/06 - 9/30/16, ,Y,GLZ Forested,56,7.36,10.51,14.02,15.52,60,178,0.04,30,29.19,37.28,2.85,25.05
Forested,GLZ,1,2,20,"20401, 292001, 292004",4/1/06 - 9/30/16, ,Y,GLZ Forested,57,7.46,10.6,14.13,15.63,60,182.67,0.04,30,29.74,37.69,2.89,25.29
Forested,GLZ,1,2,20,"20401, 292001, 292004",4/1/06 - 9/30/16, ,Y,GLZ Forested,58,7.56,10.72,14.26,15.76,60,187,0.05,30,30.31,38,2.92,25.46
Forested,GLZ,1,2,20,"20401, 292001, 292004",4/1/06 - 9/30/16, ,Y,GLZ Forested,59,7.66,10.81,14.39,15.88,60,190.83,0.05,30,30.97,38.33,2.96,25.74
Forested,GLZ,1,2,20,"20401, 292001, 292004",4/1/06 - 9/30/16, ,Y,GLZ Forested,60,7.79,10.94,14.51,15.99,60,195.33,0.06,30,31.52,38.75,3,26.02
Forested,GLZ,1,2,20,"20401, 292001, 292004",4/1/06 - 9/30/16, ,Y,GLZ Forested,61,7.92,11.06,14.64,16.12,60,200,0.07,30,31.94,39.06,3.03,26.3
Forested,GLZ,1,2,20,"20401, 292001, 292004",4/1/06 - 9/30/16, ,Y,GLZ Forested,62,8.07,11.16,14.76,16.23,60,203.33,0.07,30,32.55,39.5,3.06,26.55
Forested,GLZ,1,2,20,"20401, 292001, 292004",4/1/06 - 9/30/16, ,Y,GLZ Forested,63,8.19,11.27,14.88,16.33,60,209,0.08,30,33.24,39.94,3.11,26.79
Forested,GLZ,1,2,20,"20401, 292001, 292004",4/1/06 - 9/30/16, ,Y,GLZ Forested,64,8.32,11.41,15.01,16.44,60,215.67,0.09,30,33.86,40.24,3.14,27.09
Forested,GLZ,1,2,20,"20401, 292001, 292004",4/1/06 - 9/30/16, ,Y,GLZ Forested,65,8.45,11.53,15.14,16.54,60,220.6,0.1,30,34.7,40.66,3.18,27.32
Forested,GLZ,1,2,20,"20401, 292001, 292004",4/1/06 - 9/30/16, ,Y,GLZ Forested,66,8.62,11.68,15.24,16.62,60,224.84,0.11,30,35.18,41.05,3.22,27.58
Forested,GLZ,1,2,20,"20401, 292001, 292004",4/1/06 - 9/30/16, ,Y,GLZ Forested,67,8.75,11.83,15.35,16.7,60,229.67,0.13,30,35.75,41.47,3.26,27.87
Forested,GLZ,1,2,20,"20401, 292001, 292004",4/1/06 - 9/30/16, ,Y,GLZ Forested,68,8.92,11.99,15.45,16.8,60,234.33,0.14,30,36.31,41.94,3.29,28.14
Forested,GLZ,1,2,20,"20401, 292001, 292004",4/1/06 - 9/30/16, ,Y,GLZ Forested,69,9.09,12.16,15.53,16.89,60,240.56,0.16,30,36.99,42.42,3.34,28.42
Forested,GLZ,1,2,20,"20401, 292001, 292004",4/1/06 - 9/30/16, ,Y,GLZ Forested,70,9.29,12.33,15.67,16.96,61.08,246.33,0.17,31.7,37.57,42.91,3.39,28.69
Forested,GLZ,1,2,20,"20401, 292001, 292004",4/1/06 - 9/30/16, ,Y,GLZ Forested,71,9.47,12.51,15.78,17.04,62.51,251.37,0.19,33.95,38.53,43.42,3.45,29.06
Forested,GLZ,1,2,20,"20401, 292001, 292004",4/1/06 - 9/30/16, ,Y,GLZ Forested,72,9.68,12.67,15.88,17.11,64.17,254.67,0.21,36.56,39.18,43.96,3.5,29.51
Forested,GLZ,1,2,20,"20401, 292001, 292004",4/1/06 - 9/30/16, ,Y,GLZ Forested,73,9.93,12.86,16.04,17.18,65.96,259.67,0.23,39.37,39.99,44.5,3.55,29.84
Forested,GLZ,1,2,20,"20401, 292001, 292004",4/1/06 - 9/30/16, ,Y,GLZ Forested,74,10.16,13.02,16.16,17.27,67.7,263.67,0.24,42.11,40.76,44.92,3.6,30.28
Forested,GLZ,1,2,20,"20401, 292001, 292004",4/1/06 - 9/30/16, ,Y,GLZ Forested,75,10.41,13.25,16.26,17.34,69.52,267,0.26,44.95,41.59,45.4,3.66,30.61
Forested,GLZ,1,2,20,"20401, 292001, 292004",4/1/06 - 9/30/16, ,Y,GLZ Forested,76,10.67,13.5,16.4,17.42,71.54,270,0.29,48.14,42.21,45.83,3.71,31
Forested,GLZ,1,2,20,"20401, 292001, 292004",4/1/06 - 9/30/16, ,Y,GLZ Forested,77,10.9,13.74,16.5,17.49,73.46,273,0.31,51.16,42.92,46.43,3.76,31.37
Forested,GLZ,1,2,20,"20401, 292001, 292004",4/1/06 - 9/30/16, ,Y,GLZ Forested,78,11.21,14,16.64,17.57,75.86,275.67,0.33,54.92,44.04,46.95,3.81,31.81
Forested,GLZ,1,2,20,"20401, 292001, 292004",4/1/06 - 9/30/16, ,Y,GLZ Forested,79,11.65,14.28,16.8,17.63,79.26,278.67,0.36,60.26,45.36,47.53,3.88,32.21
Forested,GLZ,1,2,20,"20401, 292001, 292004",4/1/06 - 9/30/16, ,Y,GLZ Forested,80,12.12,14.53,16.97,17.73,82.62,282.87,0.4,65.54,46.25,48.22,3.93,32.62
Forested,GLZ,1,2,20,"20401, 292001, 292004",4/1/06 - 9/30/16, ,Y,GLZ Forested,81,12.79,14.85,17.1,17.82,87.11,287.67,0.43,72.6,47.39,48.73,3.99,33.04
Forested,GLZ,1,2,20,"20401, 292001, 292004",4/1/06 - 9/30/16, ,Y,GLZ Forested,82,13.38,15.18,17.22,17.9,92.47,292.33,0.46,81.03,48.37,49.39,4.06,33.51
Forested,GLZ,1,2,20,"20401, 292001, 292004",4/1/06 - 9/30/16, ,Y,GLZ Forested,83,14.07,15.4,17.39,18.04,96.82,300,0.48,87.86,49.36,50,4.11,33.94
Forested,GLZ,1,2,20,"20401, 292001, 292004",4/1/06 - 9/30/16, ,Y,GLZ Forested,84,14.78,15.68,17.54,18.12,101.03,305.67,0.5,94.47,50.69,50.63,4.19,34.43
Forested,GLZ,1,2,20,"20401, 292001, 292004",4/1/06 - 9/30/16, ,Y,GLZ Forested,85,15.22,15.93,17.75,18.27,105.14,314.73,0.53,100.94,52.04,51.34,4.27,34.93
Forested,GLZ,1,2,20,"20401, 292001, 292004",4/1/06 - 9/30/16, ,Y,GLZ Forested,86,15.58,16.26,17.9,18.38,108.35,326.67,0.54,105.99,53.74,52.27,4.35,35.42
Forested,GLZ,1,2,20,"20401, 292001, 292004",4/1/06 - 9/30/16, ,Y,GLZ Forested,87,15.88,16.51,18.06,18.51,111.5,338.88,0.56,110.93,55.13,53.06,4.45,35.96
Forested,GLZ,1,2,20,"20401, 292001, 292004",4/1/06 - 9/30/16, ,Y,GLZ Forested,88,16.23,16.91,18.2,18.61,115.33,351,0.58,116.96,56.39,53.86,4.52,36.45
Forested,GLZ,1,2,20,"20401, 292001, 292004",4/1/06 - 9/30/16, ,Y,GLZ Forested,89,16.63,17.27,18.39,18.71,119.22,356.67,0.6,123.06,58.01,54.75,4.61,36.96
Forested,GLZ,1,2,20,"20401, 292001, 292004",4/1/06 - 9/30/16, ,Y,GLZ Forested,90,17.22,17.7,18.56,18.83,123.52,362.33,0.62,129.81,59.37,55.58,4.73,37.63
Forested,GLZ,1,2,20,"20401, 292001, 292004",4/1/06 - 9/30/16, ,Y,GLZ Forested,91,18.15,18.32,18.75,18.93,126.97,366.33,0.64,135.24,61.05,56.41,4.85,38.4
Forested,GLZ,1,2,20,"20401, 292001, 292004",4/1/06 - 9/30/16, ,Y,GLZ Forested,92,19.69,19.24,19.06,19.02,132.53,370.67,0.66,143.98,62.44,57.27,4.96,39.28
Forested,GLZ,1,2,20,"20401, 292001, 292004",4/1/06 - 9/30/16, ,Y,GLZ Forested,93,21.88,20.05,19.36,19.16,137.07,377.32,0.69,151.11,63.97,58.45,5.1,39.94
Forested,GLZ,1,2,20,"20401, 292001, 292004",4/1/06 - 9/30/16, ,Y,GLZ Forested,94,24.05,20.84,19.71,19.31,141.15,384.67,0.71,157.53,65.96,59.53,5.28,40.76
Forested,GLZ,1,2,20,"20401, 292001, 292004",4/1/06 - 9/30/16, ,Y,GLZ Forested,95,24.47,21.53,19.97,19.49,146.56,391.47,0.73,166.02,67.86,60.9,5.47,41.59
Forested,GLZ,1,2,20,"20401, 292001, 292004",4/1/06 - 9/30/16, ,Y,GLZ Forested,96,25.29,22.27,20.3,19.65,152.66,406.12,0.76,175.61,71.2,62.27,5.67,42.6
Forested,GLZ,1,2,20,"20401, 292001, 292004",4/1/06 - 9/30/16, ,Y,GLZ Forested,97,28.13,24,20.79,19.86,156.33,422.33,0.78,181.38,74.54,64.01,5.87,43.88
Forested,GLZ,1,2,20,"20401, 292001, 292004",4/1/06 - 9/30/16, ,Y,GLZ Forested,98,32.64,25.09,21.27,20.11,160.35,436,0.8,187.69,77.94,66.41,6.24,45.38
Forested,GLZ,1,2,20,"20401, 292001, 292004",4/1/06 - 9/30/16, ,Y,GLZ Forested,99,32.64,25.24,22.06,20.63,168.24,460.13,0.84,200.08,82.47,68.85,6.71,47.58
Forested,GLZ,1,2,20,"20401, 292001, 292004",4/1/06 - 9/30/16, ,Y,GLZ Forested,100,32.64,31.69,25.19,22.27,181.57,522.33,0.91,221.03,95.75,72.11,9.89,60.83
Forested,WAZ,1,2,5,"20501, 20502, 20511",1/1/07 - 12/31/17, ,Y,WAZ Forested,1,2.19,3.98,5.92,6.89,60,0.33,0,30,0,6.92,0,0
Forested,WAZ,1,2,5,"20501, 20502, 20511",1/1/07 - 12/31/17, ,Y,WAZ Forested,2,2.48,4.23,6.24,7.2,60,1,0,30,0,9.79,0,0
Forested,WAZ,1,2,5,"20501, 20502, 20511",1/1/07 - 12/31/17, ,Y,WAZ Forested,3,2.68,4.47,6.4,7.48,60,2.33,0,30,0.03,11.84,0.33,3.46
Forested,WAZ,1,2,5,"20501, 20502, 20511",1/1/07 - 12/31/17, ,Y,WAZ Forested,4,2.84,4.61,6.63,7.74,60,4,0,30,0.51,13.79,0.68,6.2
Forested,WAZ,1,2,5,"20501, 20502, 20511",1/1/07 - 12/31/17, ,Y,WAZ Forested,5,2.96,4.75,6.81,7.98,60,5.33,0,30,1.38,15.37,1.01,9.26
Forested,WAZ,1,2,5,"20501, 20502, 20511",1/1/07 - 12/31/17, ,Y,WAZ Forested,6,3.08,4.89,7.04,8.15,60,8,0,30,2.58,16.87,1.24,11.1
Forested,WAZ,1,2,5,"20501, 20502, 20511",1/1/07 - 12/31/17, ,Y,WAZ Forested,7,3.2,5.05,7.19,8.34,60,10.67,0,30,3.64,18.13,1.4,12.43
Forested,WAZ,1,2,5,"20501, 20502, 20511",1/1/07 - 12/31/17, ,Y,WAZ Forested,8,3.29,5.16,7.33,8.51,60,13.44,0,30,4.54,19.16,1.55,13.58
Forested,WAZ,1,2,5,"20501, 20502, 20511",1/1/07 - 12/31/17, ,Y,WAZ Forested,9,3.37,5.27,7.46,8.68,60,16.33,0,30,5.36,20.19,1.64,14.62
Forested,WAZ,1,2,5,"20501, 20502, 20511",1/1/07 - 12/31/17, ,Y,WAZ Forested,10,3.46,5.36,7.62,8.85,60,19.33,0,30,6.35,21.09,1.72,15.41
Forested,WAZ,1,2,5,"20501, 20502, 20511",1/1/07 - 12/31/17, ,Y,WAZ Forested,11,3.53,5.46,7.77,9.02,60,22,0,30,7.45,21.99,1.79,16.13
Forested,WAZ,1,2,5,"20501, 20502, 20511",1/1/07 - 12/31/17, ,Y,WAZ Forested,12,3.62,5.55,7.94,9.21,60,25.67,0,30,8.66,22.76,1.86,16.81
Forested,WAZ,1,2,5,"20501, 20502, 20511",1/1/07 - 12/31/17, ,Y,WAZ Forested,13,3.69,5.65,8.06,9.4,60,29.51,0,30,9.38,23.45,1.91,17.38
Forested,WAZ,1,2,5,"20501, 20502, 20511",1/1/07 - 12/31/17, ,Y,WAZ Forested,14,3.76,5.73,8.16,9.59,60,33,0,30,10.27,24.19,1.96,17.88
Forested,WAZ,1,2,5,"20501, 20502, 20511",1/1/07 - 12/31/17, ,Y,WAZ Forested,15,3.84,5.83,8.3,9.72,60,36.33,0,30,11.22,24.85,2.01,18.32
Forested,WAZ,1,2,5,"20501, 20502, 20511",1/1/07 - 12/31/17, ,Y,WAZ Forested,16,3.91,5.92,8.43,9.83,60,40.55,0,30,12.05,25.52,2.05,18.68
Forested,WAZ,1,2,5,"20501, 20502, 20511",1/1/07 - 12/31/17, ,Y,WAZ Forested,17,3.99,6.01,8.54,9.93,60,44,0,30,12.64,26.17,2.09,19.02
Forested,WAZ,1,2,5,"20501, 20502, 20511",1/1/07 - 12/31/17, ,Y,WAZ Forested,18,4.06,6.1,8.63,10.05,60,47.67,0,30,13.41,26.69,2.13,19.37
Forested,WAZ,1,2,5,"20501, 20502, 20511",1/1/07 - 12/31/17, ,Y,WAZ Forested,19,4.13,6.19,8.74,10.18,60,52.33,0,30,14.24,27.37,2.16,19.71
Forested,WAZ,1,2,5,"20501, 20502, 20511",1/1/07 - 12/31/17, ,Y,WAZ Forested,20,4.21,6.27,8.84,10.32,60,55.33,0,30,14.9,27.94,2.19,20.08
Forested,WAZ,1,2,5,"20501, 20502, 20511",1/1/07 - 12/31/17, ,Y,WAZ Forested,21,4.27,6.34,8.94,10.44,60,59,0,30,15.61,28.55,2.23,20.43
Forested,WAZ,1,2,5,"20501, 20502, 20511",1/1/07 - 12/31/17, ,Y,WAZ Forested,22,4.34,6.43,9.03,10.56,60,64.33,0,30,16.26,29.21,2.25,20.71
Forested,WAZ,1,2,5,"20501, 20502, 20511",1/1/07 - 12/31/17, ,Y,WAZ Forested,23,4.41,6.51,9.12,10.66,60,70.67,0,30,16.99,29.79,2.28,21.01
Forested,WAZ,1,2,5,"20501, 20502, 20511",1/1/07 - 12/31/17, ,Y,WAZ Forested,24,4.47,6.59,9.21,10.74,60,76.33,0,30,17.69,30.32,2.31,21.38
Forested,WAZ,1,2,5,"20501, 20502, 20511",1/1/07 - 12/31/17, ,Y,WAZ Forested,25,4.53,6.67,9.28,10.81,60,80.33,0,30,18.32,30.83,2.34,21.66
Forested,WAZ,1,2,5,"20501, 20502, 20511",1/1/07 - 12/31/17, ,Y,WAZ Forested,26,4.58,6.74,9.38,10.91,60,85.68,0,30,18.99,31.33,2.36,21.92
Forested,WAZ,1,2,5,"20501, 20502, 20511",1/1/07 - 12/31/17, ,Y,WAZ Forested,27,4.65,6.81,9.46,10.98,60,91.33,0,30,19.61,31.78,2.4,22.19
Forested,WAZ,1,2,5,"20501, 20502, 20511",1/1/07 - 12/31/17, ,Y,WAZ Forested,28,4.71,6.88,9.53,11.08,60,98,0,30,20.08,32.37,2.42,22.45
Forested,WAZ,1,2,5,"20501, 20502, 20511",1/1/07 - 12/31/17, ,Y,WAZ Forested,29,4.77,6.97,9.61,11.16,60,102.67,0,30,20.71,32.95,2.44,22.72
Forested,WAZ,1,2,5,"20501, 20502, 20511",1/1/07 - 12/31/17, ,Y,WAZ Forested,30,4.81,7.03,9.68,11.24,60,108,0,30,21.29,33.6,2.47,23
Forested,WAZ,1,2,5,"20501, 20502, 20511",1/1/07 - 12/31/17, ,Y,WAZ Forested,31,4.86,7.1,9.77,11.32,60,113,0,30,21.89,34.04,2.49,23.22
Forested,WAZ,1,2,5,"20501, 20502, 20511",1/1/07 - 12/31/17, ,Y,WAZ Forested,32,4.92,7.16,9.85,11.39,60,118,0,30,22.41,34.62,2.52,23.45
Forested,WAZ,1,2,5,"20501, 20502, 20511",1/1/07 - 12/31/17, ,Y,WAZ Forested,33,4.98,7.23,9.92,11.48,60,124.33,0,30,22.87,35.09,2.55,23.68
Forested,WAZ,1,2,5,"20501, 20502, 20511",1/1/07 - 12/31/17, ,Y,WAZ Forested,34,5.04,7.3,10.01,11.55,60,130,0,30,23.38,35.6,2.58,23.92
Forested,WAZ,1,2,5,"20501, 20502, 20511",1/1/07 - 12/31/17, ,Y,WAZ Forested,35,5.12,7.36,10.1,11.61,60,136.33,0,30,23.93,36.05,2.6,24.15
Forested,WAZ,1,2,5,"20501, 20502, 20511",1/1/07 - 12/31/17, ,Y,WAZ Forested,36,5.18,7.43,10.19,11.67,60,141,0,30,24.53,36.42,2.63,24.38
Forested,WAZ,1,2,5,"20501, 20502, 20511",1/1/07 - 12/31/17, ,Y,WAZ Forested,37,5.25,7.5,10.26,11.74,60,145.33,0,30,25.16,36.92,2.66,24.62
Forested,WAZ,1,2,5,"20501, 20502, 20511",1/1/07 - 12/31/17, ,Y,WAZ Forested,38,5.3,7.55,10.35,11.81,60,151.67,0,30,25.77,37.44,2.69,24.88
Forested,WAZ,1,2,5,"20501, 20502, 20511",1/1/07 - 12/31/17, ,Y,WAZ Forested,39,5.37,7.62,10.42,11.89,60,157.19,0,30,26.24,37.9,2.71,25.08
Forested,WAZ,1,2,5,"20501, 20502, 20511",1/1/07 - 12/31/17, ,Y,WAZ Forested,40,5.42,7.68,10.49,11.95,60,163.67,0,30,26.72,38.33,2.74,25.26
Forested,WAZ,1,2,5,"20501, 20502, 20511",1/1/07 - 12/31/17, ,Y,WAZ Forested,41,5.46,7.74,10.56,12.03,60,169.67,0.01,30,27.17,38.83,2.77,25.48
Forested,WAZ,1,2,5,"20501, 20502, 20511",1/1/07 - 12/31/17, ,Y,WAZ Forested,42,5.53,7.8,10.64,12.12,60,177,0.01,30,27.75,39.24,2.79,25.67
Forested,WAZ,1,2,5,"20501, 20502, 20511",1/1/07 - 12/31/17, ,Y,WAZ Forested,43,5.6,7.88,10.72,12.21,60,184,0.01,30,28.3,39.71,2.82,25.88
Forested,WAZ,1,2,5,"20501, 20502, 20511",1/1/07 - 12/31/17, ,Y,WAZ Forested,44,5.66,7.96,10.8,12.29,60,191.25,0.02,30,28.83,40.14,2.85,26.12
Forested,WAZ,1,2,5,"20501, 20502, 20511",1/1/07 - 12/31/17, ,Y,WAZ Forested,45,5.72,8.05,10.88,12.37,60,197.93,0.02,30,29.35,40.55,2.88,26.32
Forested,WAZ,1,2,5,"20501, 20502, 20511",1/1/07 - 12/31/17, ,Y,WAZ Forested,46,5.78,8.11,10.97,12.46,60,204.67,0.03,30,29.83,40.97,2.9,26.55
Forested,WAZ,1,2,5,"20501, 20502, 20511",1/1/07 - 12/31/17, ,Y,WAZ Forested,47,5.84,8.18,11.04,12.55,60,210,0.04,30,30.4,41.41,2.93,26.79
Forested,WAZ,1,2,5,"20501, 20502, 20511",1/1/07 - 12/31/17, ,Y,WAZ Forested,48,5.9,8.24,11.14,12.63,60,215.31,0.04,30,30.93,41.8,2.96,26.98
Forested,WAZ,1,2,5,"20501, 20502, 20511",1/1/07 - 12/31/17, ,Y,WAZ Forested,49,5.97,8.31,11.23,12.71,60,220.67,0.05,30,31.52,42.19,2.98,27.16
Forested,WAZ,1,2,5,"20501, 20502, 20511",1/1/07 - 12/31/17, ,Y,WAZ Forested,50,6.04,8.39,11.3,12.78,60,226.33,0.06,30,32.04,42.46,3.01,27.4
Forested,WAZ,1,2,5,"20501, 20502, 20511",1/1/07 - 12/31/17, ,Y,WAZ Forested,51,6.11,8.47,11.39,12.85,60,232.33,0.06,30,32.6,42.84,3.03,27.64
Forested,WAZ,1,2,5,"20501, 20502, 20511",1/1/07 - 12/31/17, ,Y,WAZ Forested,52,6.19,8.56,11.49,12.94,60,237,0.07,30,33.07,43.19,3.06,27.85
Forested,WAZ,1,2,5,"20501, 20502, 20511",1/1/07 - 12/31/17, ,Y,WAZ Forested,53,6.27,8.65,11.6,13.06,60,242,0.08,30,33.63,43.53,3.09,28.11
Forested,WAZ,1,2,5,"20501, 20502, 20511",1/1/07 - 12/31/17, ,Y,WAZ Forested,54,6.35,8.72,11.69,13.15,60,246.72,0.09,30,34.24,43.91,3.12,28.33
Forested,WAZ,1,2,5,"20501, 20502, 20511",1/1/07 - 12/31/17, ,Y,WAZ Forested,55,6.43,8.79,11.82,13.26,60,252,0.09,30,34.72,44.25,3.16,28.53
Forested,WAZ,1,2,5,"20501, 20502, 20511",1/1/07 - 12/31/17, ,Y,WAZ Forested,56,6.51,8.87,11.94,13.34,60,258,0.1,30,35.22,44.61,3.19,28.75
Forested,WAZ,1,2,5,"20501, 20502, 20511",1/1/07 - 12/31/17, ,Y,WAZ Forested,57,6.6,8.95,12.04,13.45,60,262.33,0.11,30,35.73,45.01,3.22,28.97
Forested,WAZ,1,2,5,"20501, 20502, 20511",1/1/07 - 12/31/17, ,Y,WAZ Forested,58,6.69,9.06,12.18,13.55,60,268,0.12,30,36.26,45.36,3.25,29.2
Forested,WAZ,1,2,5,"20501, 20502, 20511",1/1/07 - 12/31/17, ,Y,WAZ Forested,59,6.76,9.16,12.27,13.66,60,275.12,0.13,30,36.8,45.69,3.28,29.38
Forested,WAZ,1,2,5,"20501, 20502, 20511",1/1/07 - 12/31/17, ,Y,WAZ Forested,60,6.85,9.25,12.39,13.77,60,281.33,0.14,30,37.4,46.04,3.31,29.61
Forested,WAZ,1,2,5,"20501, 20502, 20511",1/1/07 - 12/31/17, ,Y,WAZ Forested,61,6.94,9.33,12.49,13.88,60,287,0.15,30,37.98,46.33,3.34,29.8
Forested,WAZ,1,2,5,"20501, 20502, 20511",1/1/07 - 12/31/17, ,Y,WAZ Forested,62,7.02,9.42,12.59,13.98,60,292.83,0.16,30,38.56,46.75,3.37,29.98
Forested,WAZ,1,2,5,"20501, 20502, 20511",1/1/07 - 12/31/17, ,Y,WAZ Forested,63,7.1,9.51,12.71,14.11,60,298,0.17,30,39.3,47.09,3.4,30.24
Forested,WAZ,1,2,5,"20501, 20502, 20511",1/1/07 - 12/31/17, ,Y,WAZ Forested,64,7.18,9.62,12.85,14.23,60,303,0.18,30,39.85,47.49,3.44,30.48
Forested,WAZ,1,2,5,"20501, 20502, 20511",1/1/07 - 12/31/17, ,Y,WAZ Forested,65,7.28,9.73,13.02,14.34,60,308.33,0.19,30,40.58,47.84,3.47,30.68
Forested,WAZ,1,2,5,"20501, 20502, 20511",1/1/07 - 12/31/17, ,Y,WAZ Forested,66,7.39,9.84,13.16,14.46,60,313.55,0.2,30,41.12,48.16,3.51,30.93
Forested,WAZ,1,2,5,"20501, 20502, 20511",1/1/07 - 12/31/17, ,Y,WAZ Forested,67,7.52,9.95,13.3,14.59,60,318.67,0.21,30,41.84,48.58,3.54,31.19
Forested,WAZ,1,2,5,"20501, 20502, 20511",1/1/07 - 12/31/17, ,Y,WAZ Forested,68,7.62,10.07,13.43,14.73,60.7,324,0.22,31.1,42.56,48.9,3.57,31.44
Forested,WAZ,1,2,5,"20501, 20502, 20511",1/1/07 - 12/31/17, ,Y,WAZ Forested,69,7.75,10.2,13.59,14.87,61.88,329,0.23,32.96,43.14,49.25,3.62,31.77
Forested,WAZ,1,2,5,"20501, 20502, 20511",1/1/07 - 12/31/17, ,Y,WAZ Forested,70,7.86,10.36,13.77,14.99,62.83,333.67,0.24,34.44,43.81,49.67,3.65,32.03
Forested,WAZ,1,2,5,"20501, 20502, 20511",1/1/07 - 12/31/17, ,Y,WAZ Forested,71,7.98,10.49,13.92,15.11,64.08,338,0.25,36.41,44.53,49.99,3.69,32.29
Forested,WAZ,1,2,5,"20501, 20502, 20511",1/1/07 - 12/31/17, ,Y,WAZ Forested,72,8.1,10.63,14.07,15.26,65.06,341.33,0.27,37.95,45.19,50.31,3.74,32.63
Forested,WAZ,1,2,5,"20501, 20502, 20511",1/1/07 - 12/31/17, ,Y,WAZ Forested,73,8.24,10.75,14.24,15.39,66.31,346.33,0.28,39.91,45.87,50.67,3.79,32.96
Forested,WAZ,1,2,5,"20501, 20502, 20511",1/1/07 - 12/31/17, ,Y,WAZ Forested,74,8.42,10.87,14.4,15.55,67.31,351.33,0.29,41.49,46.52,51.09,3.84,33.26
Forested,WAZ,1,2,5,"20501, 20502, 20511",1/1/07 - 12/31/17, ,Y,WAZ Forested,75,8.58,11.01,14.6,15.68,68.35,355.33,0.3,43.12,47.28,51.51,3.89,33.6
Forested,WAZ,1,2,5,"20501, 20502, 20511",1/1/07 - 12/31/17, ,Y,WAZ Forested,76,8.79,11.18,14.75,15.82,69.6,359.33,0.31,45.09,48.06,51.88,3.93,33.85
Forested,WAZ,1,2,5,"20501, 20502, 20511",1/1/07 - 12/31/17, ,Y,WAZ Forested,77,8.99,11.37,14.97,15.96,70.83,365.33,0.32,47.02,49.03,52.4,3.97,34.15
Forested,WAZ,1,2,5,"20501, 20502, 20511",1/1/07 - 12/31/17, ,Y,WAZ Forested,78,9.18,11.6,15.14,16.09,72.19,371,0.33,49.15,49.87,52.96,4.01,34.54
Forested,WAZ,1,2,5,"20501, 20502, 20511",1/1/07 - 12/31/17, ,Y,WAZ Forested,79,9.41,11.83,15.31,16.22,73.44,377.67,0.34,51.12,50.86,53.47,4.07,34.93
Forested,WAZ,1,2,5,"20501, 20502, 20511",1/1/07 - 12/31/17, ,Y,WAZ Forested,80,9.63,12.07,15.52,16.39,75.02,386,0.35,53.6,51.56,54.02,4.12,35.33
Forested,WAZ,1,2,5,"20501, 20502, 20511",1/1/07 - 12/31/17, ,Y,WAZ Forested,81,9.88,12.28,15.73,16.56,76.6,392.33,0.36,56.08,52.68,54.5,4.17,35.68
Forested,WAZ,1,2,5,"20501, 20502, 20511",1/1/07 - 12/31/17, ,Y,WAZ Forested,82,10.15,12.58,15.95,16.72,78.19,399.67,0.37,58.58,53.47,55.15,4.22,36.07
Forested,WAZ,1,2,5,"20501, 20502, 20511",1/1/07 - 12/31/17, ,Y,WAZ Forested,83,10.45,12.82,16.17,16.88,79.7,405.33,0.38,60.96,54.51,55.69,4.27,36.54
Forested,WAZ,1,2,5,"20501, 20502, 20511",1/1/07 - 12/31/17, ,Y,WAZ Forested,84,10.84,13.16,16.4,17.04,81.27,412.67,0.39,63.43,55.43,56.38,4.34,36.84
Forested,WAZ,1,2,5,"20501, 20502, 20511",1/1/07 - 12/31/17, ,Y,WAZ Forested,85,11.27,13.5,16.61,17.2,83,420.33,0.4,66.14,56.49,57.15,4.41,37.29
Forested,WAZ,1,2,5,"20501, 20502, 20511",1/1/07 - 12/31/17, ,Y,WAZ Forested,86,11.62,13.88,16.89,17.37,85.25,427.48,0.42,69.68,57.65,58.07,4.48,37.78
Forested,WAZ,1,2,5,"20501, 20502, 20511",1/1/07 - 12/31/17, ,Y,WAZ Forested,87,12.24,14.3,17.16,17.53,87.36,435.16,0.43,72.99,58.86,58.88,4.55,38.24
Forested,WAZ,1,2,5,"20501, 20502, 20511",1/1/07 - 12/31/17, ,Y,WAZ Forested,88,13.02,14.8,17.44,17.7,89.88,445.33,0.44,76.95,60.47,59.81,4.62,38.71
Forested,WAZ,1,2,5,"20501, 20502, 20511",1/1/07 - 12/31/17, ,Y,WAZ Forested,89,13.92,15.4,17.7,17.89,92.25,451.67,0.46,80.68,61.65,60.65,4.71,39.13
Forested,WAZ,1,2,5,"20501, 20502, 20511",1/1/07 - 12/31/17, ,Y,WAZ Forested,90,14.67,16,18.04,18.12,95.24,460.53,0.47,85.37,62.99,61.49,4.8,39.7
Forested,WAZ,1,2,5,"20501, 20502, 20511",1/1/07 - 12/31/17, ,Y,WAZ Forested,91,15.53,16.72,18.3,18.3,98.52,472.43,0.49,90.53,64.35,62.42,4.88,40.32
Forested,WAZ,1,2,5,"20501, 20502, 20511",1/1/07 - 12/31/17, ,Y,WAZ Forested,92,16.26,17.29,18.59,18.59,102.44,483.33,0.51,96.69,65.84,63.16,4.96,40.92
Forested,WAZ,1,2,5,"20501, 20502, 20511",1/1/07 - 12/31/17, ,Y,WAZ Forested,93,17.33,18.07,18.98,18.8,106.92,490,0.53,103.73,67.44,64.13,5.06,41.56
Forested,WAZ,1,2,5,"20501, 20502, 20511",1/1/07 - 12/31/17, ,Y,WAZ Forested,94,18.83,19.29,19.43,19.01,110.29,501,0.55,109.03,69.05,65.25,5.2,42.17
Forested,WAZ,1,2,5,"20501, 20502, 20511",1/1/07 - 12/31/17, ,Y,WAZ Forested,95,20.76,20.63,19.97,19.25,113.97,511.67,0.57,114.81,71.02,66.21,5.33,42.83
Forested,WAZ,1,2,5,"20501, 20502, 20511",1/1/07 - 12/31/17, ,Y,WAZ Forested,96,24.11,21.64,20.46,19.55,119.72,535.28,0.6,123.84,73.13,67.39,5.48,43.58
Forested,WAZ,1,2,5,"20501, 20502, 20511",1/1/07 - 12/31/17, ,Y,WAZ Forested,97,25.86,23.57,21.05,19.96,125.72,560.33,0.63,133.27,75.73,68.77,5.65,44.33
Forested,WAZ,1,2,5,"20501, 20502, 20511",1/1/07 - 12/31/17, ,Y,WAZ Forested,98,30.77,25.16,21.88,20.47,131.27,576.59,0.66,141.99,79.61,70.44,5.91,45.66
Forested,WAZ,1,2,5,"20501, 20502, 20511",1/1/07 - 12/31/17, ,Y,WAZ Forested,99,32.64,25.24,22.69,21.05,137.75,616,0.69,152.18,84.83,72.23,6.38,47.68
Forested,WAZ,1,2,5,"20501, 20502, 20511",1/1/07 - 12/31/17, ,Y,WAZ Forested,100,35,30.3,27.87,29.87,156.3,627.67,0.78,181.33,99.13,79.79,8.5,57.74
Magdalena & San Mateo,ABZ,2,2,5,"292104, 292009, 292012",4/1/06 - 08/31/16, ,Y,ABZ Magdalena & San Mateo,1,2.17,4.4,6.46,7.87,60,0.67,0,30,0,3.11,0,0
Magdalena & San Mateo,ABZ,2,2,5,"292104, 292009, 292012",4/1/06 - 08/31/16, ,Y,ABZ Magdalena & San Mateo,2,2.47,4.72,6.82,8.18,60,1.33,0,30,0,6.24,0,0
Magdalena & San Mateo,ABZ,2,2,5,"292104, 292009, 292012",4/1/06 - 08/31/16, ,Y,ABZ Magdalena & San Mateo,3,2.73,4.92,7.11,8.42,60,2.33,0,30,0,8.54,0,0
Magdalena & San Mateo,ABZ,2,2,5,"292104, 292009, 292012",4/1/06 - 08/31/16, ,Y,ABZ Magdalena & San Mateo,4,2.93,5.1,7.34,8.63,60,3.67,0,30,0,10.52,0,0
Magdalena & San Mateo,ABZ,2,2,5,"292104, 292009, 292012",4/1/06 - 08/31/16, ,Y,ABZ Magdalena & San Mateo,5,3.1,5.26,7.52,8.9,60,5.4,0,30,0,12.07,0,0
Magdalena & San Mateo,ABZ,2,2,5,"292104, 292009, 292012",4/1/06 - 08/31/16, ,Y,ABZ Magdalena & San Mateo,6,3.26,5.43,7.7,9.06,60,6.75,0,30,0,13.61,0.27,3.74
Magdalena & San Mateo,ABZ,2,2,5,"292104, 292009, 292012",4/1/06 - 08/31/16, ,Y,ABZ Magdalena & San Mateo,7,3.41,5.57,7.84,9.27,60,8.33,0,30,0.28,14.99,0.67,5.95
Magdalena & San Mateo,ABZ,2,2,5,"292104, 292009, 292012",4/1/06 - 08/31/16, ,Y,ABZ Magdalena & San Mateo,8,3.52,5.7,8.01,9.44,60,10.11,0,30,1.04,16.19,0.84,7.43
Magdalena & San Mateo,ABZ,2,2,5,"292104, 292009, 292012",4/1/06 - 08/31/16, ,Y,ABZ Magdalena & San Mateo,9,3.65,5.82,8.16,9.65,60,12.33,0,30,1.94,17.39,1.04,9.52
Magdalena & San Mateo,ABZ,2,2,5,"292104, 292009, 292012",4/1/06 - 08/31/16, ,Y,ABZ Magdalena & San Mateo,10,3.76,5.96,8.31,9.84,60,14.67,0,30,3.01,18.42,1.32,11.72
Magdalena & San Mateo,ABZ,2,2,5,"292104, 292009, 292012",4/1/06 - 08/31/16, ,Y,ABZ Magdalena & San Mateo,11,3.87,6.08,8.46,9.99,60,17,0,30,3.9,19.35,1.48,13.09
Magdalena & San Mateo,ABZ,2,2,5,"292104, 292009, 292012",4/1/06 - 08/31/16, ,Y,ABZ Magdalena & San Mateo,12,3.95,6.2,8.59,10.11,60,19.49,0,30,4.69,20.46,1.59,14.04
Magdalena & San Mateo,ABZ,2,2,5,"292104, 292009, 292012",4/1/06 - 08/31/16, ,Y,ABZ Magdalena & San Mateo,13,4.06,6.3,8.71,10.25,60,22.67,0,30,5.38,21.3,1.69,15.04
Magdalena & San Mateo,ABZ,2,2,5,"292104, 292009, 292012",4/1/06 - 08/31/16, ,Y,ABZ Magdalena & San Mateo,14,4.15,6.38,8.84,10.41,60,26.33,0,30,6.02,22.1,1.77,15.78
Magdalena & San Mateo,ABZ,2,2,5,"292104, 292009, 292012",4/1/06 - 08/31/16, ,Y,ABZ Magdalena & San Mateo,15,4.25,6.46,8.98,10.54,60,27.67,0,30,6.69,22.73,1.84,16.5
Magdalena & San Mateo,ABZ,2,2,5,"292104, 292009, 292012",4/1/06 - 08/31/16, ,Y,ABZ Magdalena & San Mateo,16,4.34,6.56,9.12,10.67,60,30,0,30,7.38,23.51,1.9,17
Magdalena & San Mateo,ABZ,2,2,5,"292104, 292009, 292012",4/1/06 - 08/31/16, ,Y,ABZ Magdalena & San Mateo,17,4.41,6.64,9.22,10.77,60,32.23,0,30,8.11,23.99,1.96,17.5
Magdalena & San Mateo,ABZ,2,2,5,"292104, 292009, 292012",4/1/06 - 08/31/16, ,Y,ABZ Magdalena & San Mateo,18,4.48,6.73,9.33,10.91,60,34.91,0,30,8.76,24.47,2,17.96
Magdalena & San Mateo,ABZ,2,2,5,"292104, 292009, 292012",4/1/06 - 08/31/16, ,Y,ABZ Magdalena & San Mateo,19,4.56,6.83,9.43,11.06,60,36.67,0,30,9.53,24.98,2.05,18.38
Magdalena & San Mateo,ABZ,2,2,5,"292104, 292009, 292012",4/1/06 - 08/31/16, ,Y,ABZ Magdalena & San Mateo,20,4.64,6.92,9.54,11.19,60,38.6,0,30,10.16,25.58,2.09,18.77
Magdalena & San Mateo,ABZ,2,2,5,"292104, 292009, 292012",4/1/06 - 08/31/16, ,Y,ABZ Magdalena & San Mateo,21,4.71,7,9.65,11.34,60,40.33,0,30,10.72,26,2.14,19.12
Magdalena & San Mateo,ABZ,2,2,5,"292104, 292009, 292012",4/1/06 - 08/31/16, ,Y,ABZ Magdalena & San Mateo,22,4.76,7.07,9.77,11.45,60,42,0,30,11.5,26.45,2.19,19.42
Magdalena & San Mateo,ABZ,2,2,5,"292104, 292009, 292012",4/1/06 - 08/31/16, ,Y,ABZ Magdalena & San Mateo,23,4.84,7.13,9.88,11.55,60,43.33,0,30,12.15,26.94,2.22,19.78
Magdalena & San Mateo,ABZ,2,2,5,"292104, 292009, 292012",4/1/06 - 08/31/16, ,Y,ABZ Magdalena & San Mateo,24,4.92,7.2,9.99,11.66,60,45,0,30,12.87,27.35,2.26,20.1
Magdalena & San Mateo,ABZ,2,2,5,"292104, 292009, 292012",4/1/06 - 08/31/16, ,Y,ABZ Magdalena & San Mateo,25,4.99,7.26,10.07,11.77,60,46.67,0,30,13.55,27.86,2.29,20.4
Magdalena & San Mateo,ABZ,2,2,5,"292104, 292009, 292012",4/1/06 - 08/31/16, ,Y,ABZ Magdalena & San Mateo,26,5.06,7.34,10.16,11.86,60,48.67,0,30,14.18,28.3,2.33,20.69
Magdalena & San Mateo,ABZ,2,2,5,"292104, 292009, 292012",4/1/06 - 08/31/16, ,Y,ABZ Magdalena & San Mateo,27,5.13,7.42,10.24,11.95,60,50.69,0,30,14.6,28.76,2.36,20.94
Magdalena & San Mateo,ABZ,2,2,5,"292104, 292009, 292012",4/1/06 - 08/31/16, ,Y,ABZ Magdalena & San Mateo,28,5.19,7.5,10.33,12.05,60,53,0,30,15.19,29.21,2.39,21.16
Magdalena & San Mateo,ABZ,2,2,5,"292104, 292009, 292012",4/1/06 - 08/31/16, ,Y,ABZ Magdalena & San Mateo,29,5.27,7.56,10.43,12.17,60,55.33,0,30,15.73,29.52,2.42,21.39
Magdalena & San Mateo,ABZ,2,2,5,"292104, 292009, 292012",4/1/06 - 08/31/16, ,Y,ABZ Magdalena & San Mateo,30,5.33,7.64,10.53,12.25,60,57,0,30,16.44,29.88,2.45,21.66
Magdalena & San Mateo,ABZ,2,2,5,"292104, 292009, 292012",4/1/06 - 08/31/16, ,Y,ABZ Magdalena & San Mateo,31,5.39,7.7,10.62,12.35,60,58.33,0,30,17.02,30.26,2.48,21.94
Magdalena & San Mateo,ABZ,2,2,5,"292104, 292009, 292012",4/1/06 - 08/31/16, ,Y,ABZ Magdalena & San Mateo,32,5.48,7.79,10.71,12.45,60,60,0,30,17.46,30.56,2.5,22.2
Magdalena & San Mateo,ABZ,2,2,5,"292104, 292009, 292012",4/1/06 - 08/31/16, ,Y,ABZ Magdalena & San Mateo,33,5.56,7.86,10.82,12.51,60,62.33,0,30,18.14,30.91,2.53,22.47
Magdalena & San Mateo,ABZ,2,2,5,"292104, 292009, 292012",4/1/06 - 08/31/16, ,Y,ABZ Magdalena & San Mateo,34,5.63,7.93,10.93,12.59,60,63.67,0,30,18.61,31.34,2.56,22.74
Magdalena & San Mateo,ABZ,2,2,5,"292104, 292009, 292012",4/1/06 - 08/31/16, ,Y,ABZ Magdalena & San Mateo,35,5.69,8,11.02,12.67,60,65.33,0,30,19.21,31.74,2.58,22.99
Magdalena & San Mateo,ABZ,2,2,5,"292104, 292009, 292012",4/1/06 - 08/31/16, ,Y,ABZ Magdalena & San Mateo,36,5.76,8.06,11.1,12.73,60,67.67,0,30,19.78,32.13,2.61,23.2
Magdalena & San Mateo,ABZ,2,2,5,"292104, 292009, 292012",4/1/06 - 08/31/16, ,Y,ABZ Magdalena & San Mateo,37,5.83,8.13,11.18,12.79,60,69.67,0,30,20.36,32.52,2.64,23.42
Magdalena & San Mateo,ABZ,2,2,5,"292104, 292009, 292012",4/1/06 - 08/31/16, ,Y,ABZ Magdalena & San Mateo,38,5.92,8.2,11.27,12.85,60,72.33,0,30,20.89,32.91,2.67,23.62
Magdalena & San Mateo,ABZ,2,2,5,"292104, 292009, 292012",4/1/06 - 08/31/16, ,Y,ABZ Magdalena & San Mateo,39,5.99,8.28,11.36,12.94,60,74.67,0,30,21.43,33.27,2.69,23.85
Magdalena & San Mateo,ABZ,2,2,5,"292104, 292009, 292012",4/1/06 - 08/31/16, ,Y,ABZ Magdalena & San Mateo,40,6.07,8.37,11.45,13.02,60,77.67,0,30,21.96,33.76,2.72,24.03
Magdalena & San Mateo,ABZ,2,2,5,"292104, 292009, 292012",4/1/06 - 08/31/16, ,Y,ABZ Magdalena & San Mateo,41,6.14,8.44,11.55,13.11,60,80.67,0,30,22.36,34.16,2.74,24.24
Magdalena & San Mateo,ABZ,2,2,5,"292104, 292009, 292012",4/1/06 - 08/31/16, ,Y,ABZ Magdalena & San Mateo,42,6.22,8.52,11.65,13.18,60,83.23,0,30,22.78,34.57,2.77,24.4
Magdalena & San Mateo,ABZ,2,2,5,"292104, 292009, 292012",4/1/06 - 08/31/16, ,Y,ABZ Magdalena & San Mateo,43,6.31,8.59,11.75,13.25,60,85,0.01,30,23.27,35,2.8,24.58
Magdalena & San Mateo,ABZ,2,2,5,"292104, 292009, 292012",4/1/06 - 08/31/16, ,Y,ABZ Magdalena & San Mateo,44,6.38,8.66,11.85,13.36,60,87.33,0.01,30,23.83,35.44,2.82,24.78
Magdalena & San Mateo,ABZ,2,2,5,"292104, 292009, 292012",4/1/06 - 08/31/16, ,Y,ABZ Magdalena & San Mateo,45,6.47,8.75,11.95,13.45,60,88.67,0.01,30,24.37,35.86,2.84,25.01
Magdalena & San Mateo,ABZ,2,2,5,"292104, 292009, 292012",4/1/06 - 08/31/16, ,Y,ABZ Magdalena & San Mateo,46,6.53,8.82,12.04,13.57,60,90.33,0.02,30,24.94,36.26,2.86,25.19
Magdalena & San Mateo,ABZ,2,2,5,"292104, 292009, 292012",4/1/06 - 08/31/16, ,Y,ABZ Magdalena & San Mateo,47,6.62,8.9,12.13,13.66,60,92,0.02,30,25.43,36.66,2.9,25.37
Magdalena & San Mateo,ABZ,2,2,5,"292104, 292009, 292012",4/1/06 - 08/31/16, ,Y,ABZ Magdalena & San Mateo,48,6.72,8.97,12.22,13.76,60,94,0.02,30,25.92,37.02,2.92,25.58
Magdalena & San Mateo,ABZ,2,2,5,"292104, 292009, 292012",4/1/06 - 08/31/16, ,Y,ABZ Magdalena & San Mateo,49,6.78,9.05,12.29,13.86,60,96.65,0.03,30,26.39,37.29,2.95,25.82
Magdalena & San Mateo,ABZ,2,2,5,"292104, 292009, 292012",4/1/06 - 08/31/16, ,Y,ABZ Magdalena & San Mateo,50,6.86,9.13,12.39,13.99,60,99.67,0.04,30,26.78,37.65,2.98,26.04
Magdalena & San Mateo,ABZ,2,2,5,"292104, 292009, 292012",4/1/06 - 08/31/16, ,Y,ABZ Magdalena & San Mateo,51,6.94,9.22,12.49,14.08,60,102.67,0.05,30,27.29,38.11,3.01,26.24
Magdalena & San Mateo,ABZ,2,2,5,"292104, 292009, 292012",4/1/06 - 08/31/16, ,Y,ABZ Magdalena & San Mateo,52,7.03,9.32,12.59,14.17,60,106.33,0.06,30,27.76,38.45,3.04,26.45
Magdalena & San Mateo,ABZ,2,2,5,"292104, 292009, 292012",4/1/06 - 08/31/16, ,Y,ABZ Magdalena & San Mateo,53,7.12,9.42,12.69,14.25,60,110,0.07,30,28.19,38.85,3.06,26.63
Magdalena & San Mateo,ABZ,2,2,5,"292104, 292009, 292012",4/1/06 - 08/31/16, ,Y,ABZ Magdalena & San Mateo,54,7.21,9.52,12.78,14.36,60,112.67,0.08,30,28.61,39.2,3.09,26.8
Magdalena & San Mateo,ABZ,2,2,5,"292104, 292009, 292012",4/1/06 - 08/31/16, ,Y,ABZ Magdalena & San Mateo,55,7.29,9.61,12.9,14.44,60,115.67,0.09,30,29.1,39.49,3.12,26.97
Magdalena & San Mateo,ABZ,2,2,5,"292104, 292009, 292012",4/1/06 - 08/31/16, ,Y,ABZ Magdalena & San Mateo,56,7.39,9.71,13,14.53,60,118,0.1,30,29.62,39.81,3.15,27.18
Magdalena & San Mateo,ABZ,2,2,5,"292104, 292009, 292012",4/1/06 - 08/31/16, ,Y,ABZ Magdalena & San Mateo,57,7.48,9.8,13.11,14.62,60,120,0.12,30,30.17,40.15,3.18,27.43
Magdalena & San Mateo,ABZ,2,2,5,"292104, 292009, 292012",4/1/06 - 08/31/16, ,Y,ABZ Magdalena & San Mateo,58,7.58,9.88,13.23,14.73,60,123,0.13,30,30.75,40.62,3.21,27.72
Magdalena & San Mateo,ABZ,2,2,5,"292104, 292009, 292012",4/1/06 - 08/31/16, ,Y,ABZ Magdalena & San Mateo,59,7.67,9.99,13.34,14.83,60,126.33,0.14,30,31.34,41.03,3.24,27.94
Magdalena & San Mateo,ABZ,2,2,5,"292104, 292009, 292012",4/1/06 - 08/31/16, ,Y,ABZ Magdalena & San Mateo,60,7.8,10.09,13.45,14.92,60,130,0.16,30,31.82,41.42,3.28,28.16
Magdalena & San Mateo,ABZ,2,2,5,"292104, 292009, 292012",4/1/06 - 08/31/16, ,Y,ABZ Magdalena & San Mateo,61,7.92,10.2,13.55,15.01,60,132.33,0.17,30,32.38,41.73,3.32,28.36
Magdalena & San Mateo,ABZ,2,2,5,"292104, 292009, 292012",4/1/06 - 08/31/16, ,Y,ABZ Magdalena & San Mateo,62,8.04,10.3,13.66,15.1,60,135.49,0.18,30,32.9,42.12,3.35,28.56
Magdalena & San Mateo,ABZ,2,2,5,"292104, 292009, 292012",4/1/06 - 08/31/16, ,Y,ABZ Magdalena & San Mateo,63,8.14,10.42,13.76,15.2,60.16,138.33,0.2,30.25,33.59,42.45,3.38,28.8
Magdalena & San Mateo,ABZ,2,2,5,"292104, 292009, 292012",4/1/06 - 08/31/16, ,Y,ABZ Magdalena & San Mateo,64,8.27,10.56,13.89,15.3,61.54,140.33,0.22,32.43,34.19,42.77,3.41,29.02
Magdalena & San Mateo,ABZ,2,2,5,"292104, 292009, 292012",4/1/06 - 08/31/16, ,Y,ABZ Magdalena & San Mateo,65,8.39,10.69,14.01,15.41,63,143.67,0.24,34.71,34.89,43.2,3.44,29.24
Magdalena & San Mateo,ABZ,2,2,5,"292104, 292009, 292012",4/1/06 - 08/31/16, ,Y,ABZ Magdalena & San Mateo,66,8.53,10.84,14.12,15.52,64.85,147.33,0.26,37.63,35.55,43.53,3.49,29.49
Magdalena & San Mateo,ABZ,2,2,5,"292104, 292009, 292012",4/1/06 - 08/31/16, ,Y,ABZ Magdalena & San Mateo,67,8.72,10.96,14.24,15.63,66.99,151.33,0.29,40.99,36.22,43.86,3.52,29.73
Magdalena & San Mateo,ABZ,2,2,5,"292104, 292009, 292012",4/1/06 - 08/31/16, ,Y,ABZ Magdalena & San Mateo,68,8.87,11.11,14.37,15.74,68.71,152.67,0.3,43.69,36.81,44.18,3.56,30
Magdalena & San Mateo,ABZ,2,2,5,"292104, 292009, 292012",4/1/06 - 08/31/16, ,Y,ABZ Magdalena & San Mateo,69,9.03,11.29,14.52,15.84,70.81,156.33,0.32,47,37.53,44.56,3.61,30.25
Magdalena & San Mateo,ABZ,2,2,5,"292104, 292009, 292012",4/1/06 - 08/31/16, ,Y,ABZ Magdalena & San Mateo,70,9.2,11.43,14.67,15.92,73.06,160,0.33,50.52,38.24,44.94,3.65,30.49
Magdalena & San Mateo,ABZ,2,2,5,"292104, 292009, 292012",4/1/06 - 08/31/16, ,Y,ABZ Magdalena & San Mateo,71,9.39,11.61,14.8,16.01,75.61,162.33,0.36,54.52,38.82,45.4,3.69,30.77
Magdalena & San Mateo,ABZ,2,2,5,"292104, 292009, 292012",4/1/06 - 08/31/16, ,Y,ABZ Magdalena & San Mateo,72,9.57,11.77,14.95,16.09,79.49,167.33,0.37,60.63,39.44,45.82,3.73,31.02
Magdalena & San Mateo,ABZ,2,2,5,"292104, 292009, 292012",4/1/06 - 08/31/16, ,Y,ABZ Magdalena & San Mateo,73,9.71,11.96,15.09,16.2,82.52,174.31,0.39,65.39,40.04,46.3,3.76,31.31
Magdalena & San Mateo,ABZ,2,2,5,"292104, 292009, 292012",4/1/06 - 08/31/16, ,Y,ABZ Magdalena & San Mateo,74,9.91,12.16,15.23,16.31,86.73,177.67,0.42,72.01,40.85,46.69,3.81,31.67
Magdalena & San Mateo,ABZ,2,2,5,"292104, 292009, 292012",4/1/06 - 08/31/16, ,Y,ABZ Magdalena & San Mateo,75,10.17,12.35,15.41,16.38,91.16,182.33,0.45,78.97,41.66,47.14,3.84,31.93
Magdalena & San Mateo,ABZ,2,2,5,"292104, 292009, 292012",4/1/06 - 08/31/16, ,Y,ABZ Magdalena & San Mateo,76,10.44,12.55,15.57,16.48,96.26,187.33,0.48,86.97,42.47,47.55,3.88,32.18
Magdalena & San Mateo,ABZ,2,2,5,"292104, 292009, 292012",4/1/06 - 08/31/16, ,Y,ABZ Magdalena & San Mateo,77,10.74,12.8,15.74,16.59,100.45,192.33,0.5,93.56,43.26,48.05,3.93,32.45
Magdalena & San Mateo,ABZ,2,2,5,"292104, 292009, 292012",4/1/06 - 08/31/16, ,Y,ABZ Magdalena & San Mateo,78,11.05,13.07,15.89,16.71,104.9,196.33,0.52,100.56,44.1,48.59,3.97,32.87
Magdalena & San Mateo,ABZ,2,2,5,"292104, 292009, 292012",4/1/06 - 08/31/16, ,Y,ABZ Magdalena & San Mateo,79,11.35,13.3,16.06,16.84,109.06,201.67,0.54,107.09,44.82,49.05,4.02,33.17
Magdalena & San Mateo,ABZ,2,2,5,"292104, 292009, 292012",4/1/06 - 08/31/16, ,Y,ABZ Magdalena & San Mateo,80,11.74,13.57,16.21,16.97,113.83,207.67,0.55,114.59,45.56,49.59,4.08,33.54
Magdalena & San Mateo,ABZ,2,2,5,"292104, 292009, 292012",4/1/06 - 08/31/16, ,Y,ABZ Magdalena & San Mateo,81,12.11,13.79,16.37,17.1,117.14,215.08,0.57,119.79,46.41,50.23,4.12,33.93
Magdalena & San Mateo,ABZ,2,2,5,"292104, 292009, 292012",4/1/06 - 08/31/16, ,Y,ABZ Magdalena & San Mateo,82,12.57,14.08,16.61,17.19,121.43,220.33,0.59,126.53,47.37,50.88,4.18,34.35
Magdalena & San Mateo,ABZ,2,2,5,"292104, 292009, 292012",4/1/06 - 08/31/16, ,Y,ABZ Magdalena & San Mateo,83,13.25,14.4,16.79,17.3,126.08,226.67,0.61,133.84,48.49,51.45,4.24,34.77
Magdalena & San Mateo,ABZ,2,2,5,"292104, 292009, 292012",4/1/06 - 08/31/16, ,Y,ABZ Magdalena & San Mateo,84,13.93,14.76,16.99,17.44,129.43,231.33,0.64,139.11,49.67,51.96,4.3,35.18
Magdalena & San Mateo,ABZ,2,2,5,"292104, 292009, 292012",4/1/06 - 08/31/16, ,Y,ABZ Magdalena & San Mateo,85,14.5,15.21,17.21,17.57,133.09,235.13,0.66,144.85,50.61,52.7,4.37,35.53
Magdalena & San Mateo,ABZ,2,2,5,"292104, 292009, 292012",4/1/06 - 08/31/16, ,Y,ABZ Magdalena & San Mateo,86,15.11,15.77,17.42,17.67,136.14,239.67,0.68,149.65,51.89,53.43,4.44,36.06
Magdalena & San Mateo,ABZ,2,2,5,"292104, 292009, 292012",4/1/06 - 08/31/16, ,Y,ABZ Magdalena & San Mateo,87,15.8,16.22,17.67,17.81,139.21,243.33,0.69,154.47,53.29,54.11,4.51,36.48
Magdalena & San Mateo,ABZ,2,2,5,"292104, 292009, 292012",4/1/06 - 08/31/16, ,Y,ABZ Magdalena & San Mateo,88,16.69,16.82,17.9,17.93,141.47,247.67,0.71,158.03,54.8,54.9,4.57,37.01
Magdalena & San Mateo,ABZ,2,2,5,"292104, 292009, 292012",4/1/06 - 08/31/16, ,Y,ABZ Magdalena & San Mateo,89,17.97,17.52,18.18,18.09,145.25,253.19,0.73,163.97,56.14,55.73,4.66,37.49
Magdalena & San Mateo,ABZ,2,2,5,"292104, 292009, 292012",4/1/06 - 08/31/16, ,Y,ABZ Magdalena & San Mateo,90,19.93,18.23,18.46,18.27,148.94,258.33,0.74,169.77,57.62,56.65,4.73,37.98
Magdalena & San Mateo,ABZ,2,2,5,"292104, 292009, 292012",4/1/06 - 08/31/16, ,Y,ABZ Magdalena & San Mateo,91,22.3,19.35,18.79,18.48,152.39,262,0.76,175.19,58.83,57.49,4.84,38.54
Magdalena & San Mateo,ABZ,2,2,5,"292104, 292009, 292012",4/1/06 - 08/31/16, ,Y,ABZ Magdalena & San Mateo,92,24.03,20.31,19.08,18.71,155.57,265.33,0.78,180.17,60.19,58.42,4.92,39.05
Magdalena & San Mateo,ABZ,2,2,5,"292104, 292009, 292012",4/1/06 - 08/31/16, ,Y,ABZ Magdalena & San Mateo,93,24.95,21.31,19.42,19.02,159.39,269.91,0.8,186.19,62.34,59.49,5.03,39.61
Magdalena & San Mateo,ABZ,2,2,5,"292104, 292009, 292012",4/1/06 - 08/31/16, ,Y,ABZ Magdalena & San Mateo,94,26.54,22.13,19.89,19.29,163.2,274.33,0.82,192.16,64.91,60.71,5.17,40.22
Magdalena & San Mateo,ABZ,2,2,5,"292104, 292009, 292012",4/1/06 - 08/31/16, ,Y,ABZ Magdalena & San Mateo,95,32.64,24.11,20.36,19.62,167.8,283,0.84,199.4,67.37,61.56,5.29,40.96
Magdalena & San Mateo,ABZ,2,2,5,"292104, 292009, 292012",4/1/06 - 08/31/16, ,Y,ABZ Magdalena & San Mateo,96,32.64,25.13,20.86,20.07,170.4,295,0.85,203.49,69.68,62.81,5.44,41.8
Magdalena & San Mateo,ABZ,2,2,5,"292104, 292009, 292012",4/1/06 - 08/31/16, ,Y,ABZ Magdalena & San Mateo,97,32.64,25.23,21.6,20.56,173.86,308.67,0.87,208.92,72.32,64.09,5.65,42.93
Magdalena & San Mateo,ABZ,2,2,5,"292104, 292009, 292012",4/1/06 - 08/31/16, ,Y,ABZ Magdalena & San Mateo,98,32.64,25.24,22.37,21.42,179.17,331,0.9,217.26,76.46,65.2,5.96,44.12
Magdalena & San Mateo,ABZ,2,2,5,"292104, 292009, 292012",4/1/06 - 08/31/16, ,Y,ABZ Magdalena & San Mateo,99,32.64,25.24,23.02,22.17,186.4,366.99,0.93,228.62,81.66,67.32,6.36,45.72
Magdalena & San Mateo,ABZ,2,2,5,"292104, 292009, 292012",4/1/06 - 08/31/16, ,Y,ABZ Magdalena & San Mateo,100,32.64,32.31,27.88,29.84,196.21,486,0.98,244.04,97.89,72.67,10.28,58.02
Mogollon Rim,FDZ,4,4,8,"20209, 20291, 20215",1/1/02 - 12/31/16, ,Y,FDZ Mogollon Rim,1,2.64,5.17,7.08,8.28,60,0,0,30,0,1.35,0,0
Mogollon Rim,FDZ,4,4,8,"20209, 20291, 20215",1/1/02 - 12/31/16, ,Y,FDZ Mogollon Rim,2,2.99,5.5,7.42,8.7,60,0,0,30,0,1.84,0,0
Mogollon Rim,FDZ,4,4,8,"20209, 20291, 20215",1/1/02 - 12/31/16, ,Y,FDZ Mogollon Rim,3,3.16,5.75,7.86,9.05,60,0,0,30,0,2.39,0,0
Mogollon Rim,FDZ,4,4,8,"20209, 20291, 20215",1/1/02 - 12/31/16, ,Y,FDZ Mogollon Rim,4,3.33,5.92,8.07,9.37,60,0.67,0,30,0,3.04,0,0
Mogollon Rim,FDZ,4,4,8,"20209, 20291, 20215",1/1/02 - 12/31/16, ,Y,FDZ Mogollon Rim,5,3.5,6.06,8.24,9.7,60,1,0,30,0,3.87,0,0
Mogollon Rim,FDZ,4,4,8,"20209, 20291, 20215",1/1/02 - 12/31/16, ,Y,FDZ Mogollon Rim,6,3.67,6.21,8.42,10.01,60,1.67,0,30,0,4.61,0,0
Mogollon Rim,FDZ,4,4,8,"20209, 20291, 20215",1/1/02 - 12/31/16, ,Y,FDZ Mogollon Rim,7,3.79,6.37,8.62,10.37,60,2.33,0,30,0,5.32,0,0
Mogollon Rim,FDZ,4,4,8,"20209, 20291, 20215",1/1/02 - 12/31/16, ,Y,FDZ Mogollon Rim,8,3.89,6.5,8.84,10.56,60,3,0,30,0,5.92,0,0
Mogollon Rim,FDZ,4,4,8,"20209, 20291, 20215",1/1/02 - 12/31/16, ,Y,FDZ Mogollon Rim,9,4,6.62,9.04,10.78,60,3.67,0,30,0,6.62,0,0
Mogollon Rim,FDZ,4,4,8,"20209, 20291, 20215",1/1/02 - 12/31/16, ,Y,FDZ Mogollon Rim,10,4.09,6.76,9.25,10.96,60,4.33,0,30,0,7.31,0,0
Mogollon Rim,FDZ,4,4,8,"20209, 20291, 20215",1/1/02 - 12/31/16, ,Y,FDZ Mogollon Rim,11,4.2,6.86,9.42,11.14,60,5,0,30,0,7.97,0,0
Mogollon Rim,FDZ,4,4,8,"20209, 20291, 20215",1/1/02 - 12/31/16, ,Y,FDZ Mogollon Rim,12,4.3,6.96,9.59,11.3,60,5.72,0,30,0,8.81,0.21,2.8
Mogollon Rim,FDZ,4,4,8,"20209, 20291, 20215",1/1/02 - 12/31/16, ,Y,FDZ Mogollon Rim,13,4.41,7.12,9.76,11.48,60,7.33,0,30,0.16,9.62,0.44,4.37
Mogollon Rim,FDZ,4,4,8,"20209, 20291, 20215",1/1/02 - 12/31/16, ,Y,FDZ Mogollon Rim,14,4.5,7.22,9.9,11.65,60,9,0,30,0.66,10.65,0.65,5.24
Mogollon Rim,FDZ,4,4,8,"20209, 20291, 20215",1/1/02 - 12/31/16, ,Y,FDZ Mogollon Rim,15,4.6,7.35,10.04,11.82,60,10.67,0,30,1.43,11.75,0.75,6.01
Mogollon Rim,FDZ,4,4,8,"20209, 20291, 20215",1/1/02 - 12/31/16, ,Y,FDZ Mogollon Rim,16,4.7,7.45,10.21,11.97,60,12,0,30,2.18,12.63,0.89,6.62
Mogollon Rim,FDZ,4,4,8,"20209, 20291, 20215",1/1/02 - 12/31/16, ,Y,FDZ Mogollon Rim,17,4.81,7.57,10.38,12.11,60,14.02,0,30,2.98,13.46,1.05,7.46
Mogollon Rim,FDZ,4,4,8,"20209, 20291, 20215",1/1/02 - 12/31/16, ,Y,FDZ Mogollon Rim,18,4.9,7.69,10.54,12.27,60,17.33,0,30,3.73,14.1,1.19,8.67
Mogollon Rim,FDZ,4,4,8,"20209, 20291, 20215",1/1/02 - 12/31/16, ,Y,FDZ Mogollon Rim,19,4.98,7.81,10.71,12.38,60,19.47,0,30,4.42,14.99,1.33,10.55
Mogollon Rim,FDZ,4,4,8,"20209, 20291, 20215",1/1/02 - 12/31/16, ,Y,FDZ Mogollon Rim,20,5.06,7.91,10.85,12.52,60,21,0,30,5.06,15.63,1.44,11.69
Mogollon Rim,FDZ,4,4,8,"20209, 20291, 20215",1/1/02 - 12/31/16, ,Y,FDZ Mogollon Rim,21,5.14,8.02,10.98,12.69,60,23,0,30,5.71,16.32,1.54,12.53
Mogollon Rim,FDZ,4,4,8,"20209, 20291, 20215",1/1/02 - 12/31/16, ,Y,FDZ Mogollon Rim,22,5.22,8.11,11.12,12.81,60,25.67,0,30,6.3,16.95,1.63,13.15
Mogollon Rim,FDZ,4,4,8,"20209, 20291, 20215",1/1/02 - 12/31/16, ,Y,FDZ Mogollon Rim,23,5.32,8.23,11.24,12.94,60,28,0,30,6.99,17.55,1.71,13.76
Mogollon Rim,FDZ,4,4,8,"20209, 20291, 20215",1/1/02 - 12/31/16, ,Y,FDZ Mogollon Rim,24,5.39,8.34,11.35,13.09,60,30,0,30,7.81,18.19,1.77,14.4
Mogollon Rim,FDZ,4,4,8,"20209, 20291, 20215",1/1/02 - 12/31/16, ,Y,FDZ Mogollon Rim,25,5.48,8.45,11.49,13.24,60,32.67,0,30,8.38,18.72,1.84,14.91
Mogollon Rim,FDZ,4,4,8,"20209, 20291, 20215",1/1/02 - 12/31/16, ,Y,FDZ Mogollon Rim,26,5.58,8.55,11.6,13.34,60,36,0,30,8.98,19.37,1.9,15.44
Mogollon Rim,FDZ,4,4,8,"20209, 20291, 20215",1/1/02 - 12/31/16, ,Y,FDZ Mogollon Rim,27,5.65,8.64,11.68,13.44,60,39.33,0,30,9.57,19.91,1.95,15.85
Mogollon Rim,FDZ,4,4,8,"20209, 20291, 20215",1/1/02 - 12/31/16, ,Y,FDZ Mogollon Rim,28,5.72,8.73,11.78,13.57,60,42,0,30,10.43,20.42,2,16.27
Mogollon Rim,FDZ,4,4,8,"20209, 20291, 20215",1/1/02 - 12/31/16, ,Y,FDZ Mogollon Rim,29,5.79,8.81,11.9,13.72,60,46,0,30,11.15,21.01,2.05,16.73
Mogollon Rim,FDZ,4,4,8,"20209, 20291, 20215",1/1/02 - 12/31/16, ,Y,FDZ Mogollon Rim,30,5.87,8.91,12.02,13.84,60,48.8,0,30,11.77,21.57,2.09,17.16
Mogollon Rim,FDZ,4,4,8,"20209, 20291, 20215",1/1/02 - 12/31/16, ,Y,FDZ Mogollon Rim,31,5.96,9,12.13,13.94,60,51,0,30,12.32,22.15,2.12,17.53
Mogollon Rim,FDZ,4,4,8,"20209, 20291, 20215",1/1/02 - 12/31/16, ,Y,FDZ Mogollon Rim,32,6.04,9.08,12.23,14.07,60,53.92,0,30,12.84,22.6,2.16,17.91
Mogollon Rim,FDZ,4,4,8,"20209, 20291, 20215",1/1/02 - 12/31/16, ,Y,FDZ Mogollon Rim,33,6.13,9.16,12.34,14.17,60,57.67,0,30,13.37,23.13,2.2,18.26
Mogollon Rim,FDZ,4,4,8,"20209, 20291, 20215",1/1/02 - 12/31/16, ,Y,FDZ Mogollon Rim,34,6.23,9.25,12.45,14.29,60,61,0,30,14.04,23.66,2.22,18.63
Mogollon Rim,FDZ,4,4,8,"20209, 20291, 20215",1/1/02 - 12/31/16, ,Y,FDZ Mogollon Rim,35,6.31,9.32,12.57,14.39,60,64.33,0,30,14.55,24.28,2.26,18.86
Mogollon Rim,FDZ,4,4,8,"20209, 20291, 20215",1/1/02 - 12/31/16, ,Y,FDZ Mogollon Rim,36,6.4,9.4,12.69,14.48,60,67.67,0,30,15.12,24.85,2.29,19.11
Mogollon Rim,FDZ,4,4,8,"20209, 20291, 20215",1/1/02 - 12/31/16, ,Y,FDZ Mogollon Rim,37,6.49,9.51,12.82,14.57,60,71.33,0,30,15.69,25.31,2.31,19.41
Mogollon Rim,FDZ,4,4,8,"20209, 20291, 20215",1/1/02 - 12/31/16, ,Y,FDZ Mogollon Rim,38,6.58,9.59,12.93,14.67,60,75.33,0,30,16.13,25.73,2.35,19.7
Mogollon Rim,FDZ,4,4,8,"20209, 20291, 20215",1/1/02 - 12/31/16, ,Y,FDZ Mogollon Rim,39,6.66,9.65,13.03,14.77,60,78.67,0.01,30,16.58,26.18,2.38,20.04
Mogollon Rim,FDZ,4,4,8,"20209, 20291, 20215",1/1/02 - 12/31/16, ,Y,FDZ Mogollon Rim,40,6.75,9.76,13.15,14.89,60,82.33,0.01,30,17.06,26.64,2.41,20.29
Mogollon Rim,FDZ,4,4,8,"20209, 20291, 20215",1/1/02 - 12/31/16, ,Y,FDZ Mogollon Rim,41,6.85,9.86,13.27,14.99,60,85.67,0.01,30,17.55,27.06,2.44,20.58
Mogollon Rim,FDZ,4,4,8,"20209, 20291, 20215",1/1/02 - 12/31/16, ,Y,FDZ Mogollon Rim,42,6.94,9.94,13.38,15.11,60,90,0.01,30,18.05,27.43,2.47,20.81
Mogollon Rim,FDZ,4,4,8,"20209, 20291, 20215",1/1/02 - 12/31/16, ,Y,FDZ Mogollon Rim,43,7.05,10.04,13.56,15.22,60,92.67,0.02,30,18.53,27.8,2.5,21.03
Mogollon Rim,FDZ,4,4,8,"20209, 20291, 20215",1/1/02 - 12/31/16, ,Y,FDZ Mogollon Rim,44,7.15,10.13,13.69,15.33,60,95.67,0.02,30,18.99,28.23,2.52,21.24
Mogollon Rim,FDZ,4,4,8,"20209, 20291, 20215",1/1/02 - 12/31/16, ,Y,FDZ Mogollon Rim,45,7.27,10.21,13.83,15.44,60,99.7,0.02,30,19.52,28.69,2.55,21.54
Mogollon Rim,FDZ,4,4,8,"20209, 20291, 20215",1/1/02 - 12/31/16, ,Y,FDZ Mogollon Rim,46,7.39,10.29,13.92,15.55,60,103.43,0.03,30,20.11,29.15,2.57,21.74
Mogollon Rim,FDZ,4,4,8,"20209, 20291, 20215",1/1/02 - 12/31/16, ,Y,FDZ Mogollon Rim,47,7.49,10.4,14.11,15.63,60,106.67,0.03,30,20.69,29.47,2.6,22.03
Mogollon Rim,FDZ,4,4,8,"20209, 20291, 20215",1/1/02 - 12/31/16, ,Y,FDZ Mogollon Rim,48,7.6,10.5,14.24,15.72,60,110.88,0.04,30,21.21,29.92,2.63,22.22
Mogollon Rim,FDZ,4,4,8,"20209, 20291, 20215",1/1/02 - 12/31/16, ,Y,FDZ Mogollon Rim,49,7.74,10.6,14.36,15.83,60,113.33,0.04,30,21.68,30.28,2.66,22.44
Mogollon Rim,FDZ,4,4,8,"20209, 20291, 20215",1/1/02 - 12/31/16, ,Y,FDZ Mogollon Rim,50,7.87,10.72,14.47,15.92,60,117.33,0.05,30,22.14,30.72,2.7,22.63
Mogollon Rim,FDZ,4,4,8,"20209, 20291, 20215",1/1/02 - 12/31/16, ,Y,FDZ Mogollon Rim,51,7.98,10.82,14.6,16.02,60,120.73,0.05,30,22.74,31.1,2.73,22.83
Mogollon Rim,FDZ,4,4,8,"20209, 20291, 20215",1/1/02 - 12/31/16, ,Y,FDZ Mogollon Rim,52,8.1,10.92,14.71,16.12,60,125,0.06,30,23.3,31.49,2.76,23.02
Mogollon Rim,FDZ,4,4,8,"20209, 20291, 20215",1/1/02 - 12/31/16, ,Y,FDZ Mogollon Rim,53,8.2,11.06,14.82,16.23,60,131,0.06,30,23.75,31.82,2.79,23.26
Mogollon Rim,FDZ,4,4,8,"20209, 20291, 20215",1/1/02 - 12/31/16, ,Y,FDZ Mogollon Rim,54,8.33,11.18,15,16.36,60,137.33,0.06,30,24.25,32.19,2.81,23.46
Mogollon Rim,FDZ,4,4,8,"20209, 20291, 20215",1/1/02 - 12/31/16, ,Y,FDZ Mogollon Rim,55,8.46,11.32,15.11,16.47,60,144.67,0.07,30,24.91,32.56,2.85,23.75
Mogollon Rim,FDZ,4,4,8,"20209, 20291, 20215",1/1/02 - 12/31/16, ,Y,FDZ Mogollon Rim,56,8.61,11.44,15.25,16.59,60,151.67,0.08,30,25.42,32.99,2.88,23.98
Mogollon Rim,FDZ,4,4,8,"20209, 20291, 20215",1/1/02 - 12/31/16, ,Y,FDZ Mogollon Rim,57,8.74,11.6,15.36,16.71,60,155.09,0.08,30,25.99,33.35,2.9,24.22
Mogollon Rim,FDZ,4,4,8,"20209, 20291, 20215",1/1/02 - 12/31/16, ,Y,FDZ Mogollon Rim,58,8.9,11.76,15.47,16.82,60,164.48,0.09,30,26.61,33.71,2.94,24.48
Mogollon Rim,FDZ,4,4,8,"20209, 20291, 20215",1/1/02 - 12/31/16, ,Y,FDZ Mogollon Rim,59,9.04,11.9,15.66,16.93,60,169.67,0.1,30,27.11,34.14,2.97,24.66
Mogollon Rim,FDZ,4,4,8,"20209, 20291, 20215",1/1/02 - 12/31/16, ,Y,FDZ Mogollon Rim,60,9.24,12.06,15.77,17.04,60,173.27,0.11,30,27.7,34.53,3,24.89
Mogollon Rim,FDZ,4,4,8,"20209, 20291, 20215",1/1/02 - 12/31/16, ,Y,FDZ Mogollon Rim,61,9.4,12.2,15.91,17.15,60,175.67,0.11,30,28.37,34.95,3.03,25.07
Mogollon Rim,FDZ,4,4,8,"20209, 20291, 20215",1/1/02 - 12/31/16, ,Y,FDZ Mogollon Rim,62,9.59,12.42,16.05,17.22,60,180.72,0.12,30,28.88,35.33,3.06,25.36
Mogollon Rim,FDZ,4,4,8,"20209, 20291, 20215",1/1/02 - 12/31/16, ,Y,FDZ Mogollon Rim,63,9.79,12.61,16.21,17.33,60,183.67,0.13,30,29.64,35.74,3.09,25.61
Mogollon Rim,FDZ,4,4,8,"20209, 20291, 20215",1/1/02 - 12/31/16, ,Y,FDZ Mogollon Rim,64,10.04,12.82,16.34,17.45,60,186.33,0.13,30,30.29,36.14,3.12,25.85
Mogollon Rim,FDZ,4,4,8,"20209, 20291, 20215",1/1/02 - 12/31/16, ,Y,FDZ Mogollon Rim,65,10.29,13.05,16.55,17.55,60,189.33,0.14,30,30.92,36.51,3.17,26.15
Mogollon Rim,FDZ,4,4,8,"20209, 20291, 20215",1/1/02 - 12/31/16, ,Y,FDZ Mogollon Rim,66,10.54,13.32,16.69,17.66,60,192.96,0.15,30,31.47,36.96,3.2,26.37
Mogollon Rim,FDZ,4,4,8,"20209, 20291, 20215",1/1/02 - 12/31/16, ,Y,FDZ Mogollon Rim,67,10.85,13.55,16.84,17.77,60,196.67,0.16,30,32.24,37.38,3.24,26.61
Mogollon Rim,FDZ,4,4,8,"20209, 20291, 20215",1/1/02 - 12/31/16, ,Y,FDZ Mogollon Rim,68,11.19,13.87,16.98,17.87,60,201.33,0.17,30,32.94,37.82,3.27,26.86
Mogollon Rim,FDZ,4,4,8,"20209, 20291, 20215",1/1/02 - 12/31/16, ,Y,FDZ Mogollon Rim,69,11.62,14.13,17.12,17.99,60,206.33,0.19,30,33.66,38.24,3.31,27.06
Mogollon Rim,FDZ,4,4,8,"20209, 20291, 20215",1/1/02 - 12/31/16, ,Y,FDZ Mogollon Rim,70,12.07,14.44,17.27,18.15,60,211.53,0.2,30,34.2,38.71,3.35,27.33
Mogollon Rim,FDZ,4,4,8,"20209, 20291, 20215",1/1/02 - 12/31/16, ,Y,FDZ Mogollon Rim,71,12.71,14.8,17.42,18.28,60,217.93,0.21,30,35.04,39.11,3.39,27.66
Mogollon Rim,FDZ,4,4,8,"20209, 20291, 20215",1/1/02 - 12/31/16, ,Y,FDZ Mogollon Rim,72,13.35,15.2,17.58,18.43,60.96,224.67,0.22,31.51,35.74,39.63,3.44,27.97
Mogollon Rim,FDZ,4,4,8,"20209, 20291, 20215",1/1/02 - 12/31/16, ,Y,FDZ Mogollon Rim,73,14.15,15.54,17.74,18.59,62.14,231.67,0.23,33.37,36.55,40.11,3.48,28.28
Mogollon Rim,FDZ,4,4,8,"20209, 20291, 20215",1/1/02 - 12/31/16, ,Y,FDZ Mogollon Rim,74,14.76,15.83,17.93,18.77,63.85,235.77,0.25,36.04,36.98,40.52,3.52,28.68
Mogollon Rim,FDZ,4,4,8,"20209, 20291, 20215",1/1/02 - 12/31/16, ,Y,FDZ Mogollon Rim,75,15.34,16.1,18.09,18.94,65.73,240.67,0.26,39,37.7,41.1,3.56,29.05
Mogollon Rim,FDZ,4,4,8,"20209, 20291, 20215",1/1/02 - 12/31/16, ,Y,FDZ Mogollon Rim,76,15.69,16.43,18.3,19.06,67.49,244,0.28,41.76,38.53,41.66,3.61,29.39
Mogollon Rim,FDZ,4,4,8,"20209, 20291, 20215",1/1/02 - 12/31/16, ,Y,FDZ Mogollon Rim,77,16.08,16.78,18.5,19.16,69.09,247.33,0.3,44.29,39.38,42.24,3.66,29.73
Mogollon Rim,FDZ,4,4,8,"20209, 20291, 20215",1/1/02 - 12/31/16, ,Y,FDZ Mogollon Rim,78,16.57,17.12,18.68,19.32,72.2,251.67,0.33,49.17,40.25,42.84,3.71,30.13
Mogollon Rim,FDZ,4,4,8,"20209, 20291, 20215",1/1/02 - 12/31/16, ,Y,FDZ Mogollon Rim,79,17.17,17.58,18.86,19.42,75.48,256.33,0.36,54.33,41.24,43.51,3.77,30.45
Mogollon Rim,FDZ,4,4,8,"20209, 20291, 20215",1/1/02 - 12/31/16, ,Y,FDZ Mogollon Rim,80,18.18,18.11,19.12,19.53,80.31,262.8,0.38,61.92,42.27,44.23,3.83,30.85
Mogollon Rim,FDZ,4,4,8,"20209, 20291, 20215",1/1/02 - 12/31/16, ,Y,FDZ Mogollon Rim,81,19.87,18.89,19.32,19.68,84.7,267,0.41,68.82,42.92,44.76,3.91,31.16
Mogollon Rim,FDZ,4,4,8,"20209, 20291, 20215",1/1/02 - 12/31/16, ,Y,FDZ Mogollon Rim,82,22.32,19.81,19.56,19.82,88.23,271.67,0.43,74.36,43.87,45.32,3.96,31.56
Mogollon Rim,FDZ,4,4,8,"20209, 20291, 20215",1/1/02 - 12/31/16, ,Y,FDZ Mogollon Rim,83,23.93,20.42,19.84,19.99,92.46,279,0.46,81.01,44.74,45.93,4.04,32.04
Mogollon Rim,FDZ,4,4,8,"20209, 20291, 20215",1/1/02 - 12/31/16, ,Y,FDZ Mogollon Rim,84,24.41,20.86,20.1,20.12,97.89,286.67,0.48,89.53,45.67,46.61,4.12,32.52
Mogollon Rim,FDZ,4,4,8,"20209, 20291, 20215",1/1/02 - 12/31/16, ,Y,FDZ Mogollon Rim,85,24.78,21.31,20.33,20.27,102.62,292.67,0.5,96.98,46.77,47.34,4.19,33.01
Mogollon Rim,FDZ,4,4,8,"20209, 20291, 20215",1/1/02 - 12/31/16, ,Y,FDZ Mogollon Rim,86,25.45,21.76,20.63,20.39,107.03,300.33,0.53,103.91,47.82,48.12,4.26,33.48
Mogollon Rim,FDZ,4,4,8,"20209, 20291, 20215",1/1/02 - 12/31/16, ,Y,FDZ Mogollon Rim,87,26.44,22.24,20.9,20.5,112.87,308.22,0.57,113.07,49.28,48.85,4.32,34.13
Mogollon Rim,FDZ,4,4,8,"20209, 20291, 20215",1/1/02 - 12/31/16, ,Y,FDZ Mogollon Rim,88,27.75,23.05,21.16,20.67,119.19,314.95,0.6,123.01,50.35,49.69,4.41,34.61
Mogollon Rim,FDZ,4,4,8,"20209, 20291, 20215",1/1/02 - 12/31/16, ,Y,FDZ Mogollon Rim,89,29.48,24.27,21.51,20.84,124.05,323.33,0.62,130.65,51.56,50.42,4.52,35.06
Mogollon Rim,FDZ,4,4,8,"20209, 20291, 20215",1/1/02 - 12/31/16, ,Y,FDZ Mogollon Rim,90,31.73,24.88,21.67,21,128.82,331.13,0.64,138.14,52.93,51.55,4.63,35.63
Mogollon Rim,FDZ,4,4,8,"20209, 20291, 20215",1/1/02 - 12/31/16, ,Y,FDZ Mogollon Rim,91,32.64,25.18,21.93,21.17,133.92,338.13,0.67,146.16,54.53,52.46,4.73,36.18
Mogollon Rim,FDZ,4,4,8,"20209, 20291, 20215",1/1/02 - 12/31/16, ,Y,FDZ Mogollon Rim,92,32.64,25.23,22.18,21.4,138.76,347.67,0.69,153.77,56.27,53.48,4.85,36.96
Mogollon Rim,FDZ,4,4,8,"20209, 20291, 20215",1/1/02 - 12/31/16, ,Y,FDZ Mogollon Rim,93,32.64,25.24,22.39,21.53,142.7,354.67,0.71,159.96,58.04,54.79,4.99,37.58
Mogollon Rim,FDZ,4,4,8,"20209, 20291, 20215",1/1/02 - 12/31/16, ,Y,FDZ Mogollon Rim,94,32.64,25.24,22.65,21.71,147.22,373.61,0.74,167.05,60.2,55.86,5.14,38.46
Mogollon Rim,FDZ,4,4,8,"20209, 20291, 20215",1/1/02 - 12/31/16, ,Y,FDZ Mogollon Rim,95,32.64,25.24,22.82,22,153.31,397.7,0.77,176.62,62.51,57.48,5.3,39.26
Mogollon Rim,FDZ,4,4,8,"20209, 20291, 20215",1/1/02 - 12/31/16, ,Y,FDZ Mogollon Rim,96,32.64,25.24,22.97,22.21,158.93,422.33,0.8,185.46,64.56,59.1,5.48,40.23
Mogollon Rim,FDZ,4,4,8,"20209, 20291, 20215",1/1/02 - 12/31/16, ,Y,FDZ Mogollon Rim,97,32.64,25.24,23.11,22.42,162.61,451.82,0.81,191.24,67.24,60.63,5.76,41.56
Mogollon Rim,FDZ,4,4,8,"20209, 20291, 20215",1/1/02 - 12/31/16, ,Y,FDZ Mogollon Rim,98,32.64,25.24,23.2,22.59,167.02,457.33,0.84,198.16,70.27,62.32,6.08,42.97
Mogollon Rim,FDZ,4,4,8,"20209, 20291, 20215",1/1/02 - 12/31/16, ,Y,FDZ Mogollon Rim,99,32.64,25.24,23.24,22.82,171.51,471.61,0.86,205.23,74.77,64.49,6.67,45.47
Mogollon Rim,FDZ,4,4,8,"20209, 20291, 20215",1/1/02 - 12/31/16, ,Y,FDZ Mogollon Rim,100,32.64,28.97,26.52,23.3,190.03,497.67,0.95,234.33,89.8,68.97,9.44,57.05
Mogollon Rim,WDZ,4,4,8,"20284, 20209, 20291, 20215",1/1/02 - 12/31/16, ,Y,WDZ Mogollon Rim,1,2.61,5.2,7.1,8.21,60,0,0,30,0,1.37,0,0
Mogollon Rim,WDZ,4,4,8,"20284, 20209, 20291, 20215",1/1/02 - 12/31/16, ,Y,WDZ Mogollon Rim,2,2.98,5.55,7.36,8.72,60,0,0,30,0,1.89,0,0
Mogollon Rim,WDZ,4,4,8,"20284, 20209, 20291, 20215",1/1/02 - 12/31/16, ,Y,WDZ Mogollon Rim,3,3.14,5.75,7.76,9.05,60,0.25,0,30,0,2.45,0,0
Mogollon Rim,WDZ,4,4,8,"20284, 20209, 20291, 20215",1/1/02 - 12/31/16, ,Y,WDZ Mogollon Rim,4,3.31,5.95,8.03,9.35,60,1,0,30,0,3.18,0,0
Mogollon Rim,WDZ,4,4,8,"20284, 20209, 20291, 20215",1/1/02 - 12/31/16, ,Y,WDZ Mogollon Rim,5,3.48,6.1,8.18,9.7,60,1.5,0,30,0,4.04,0,0
Mogollon Rim,WDZ,4,4,8,"20284, 20209, 20291, 20215",1/1/02 - 12/31/16, ,Y,WDZ Mogollon Rim,6,3.62,6.24,8.42,9.99,60,2,0,30,0,4.77,0,0
Mogollon Rim,WDZ,4,4,8,"20284, 20209, 20291, 20215",1/1/02 - 12/31/16, ,Y,WDZ Mogollon Rim,7,3.76,6.38,8.6,10.33,60,2.5,0,30,0,5.44,0,0
Mogollon Rim,WDZ,4,4,8,"20284, 20209, 20291, 20215",1/1/02 - 12/31/16, ,Y,WDZ Mogollon Rim,8,3.85,6.48,8.81,10.58,60,3.25,0,30,0,6.32,0,0
Mogollon Rim,WDZ,4,4,8,"20284, 20209, 20291, 20215",1/1/02 - 12/31/16, ,Y,WDZ Mogollon Rim,9,3.95,6.6,9.05,10.75,60,4,0,30,0,7.28,0,0
Mogollon Rim,WDZ,4,4,8,"20284, 20209, 20291, 20215",1/1/02 - 12/31/16, ,Y,WDZ Mogollon Rim,10,4.07,6.73,9.23,10.91,60,4.95,0,30,0,8.05,0.06,1.36
Mogollon Rim,WDZ,4,4,8,"20284, 20209, 20291, 20215",1/1/02 - 12/31/16, ,Y,WDZ Mogollon Rim,11,4.17,6.86,9.43,11.06,60,5.75,0,30,0.02,8.78,0.25,2.68
Mogollon Rim,WDZ,4,4,8,"20284, 20209, 20291, 20215",1/1/02 - 12/31/16, ,Y,WDZ Mogollon Rim,12,4.29,6.99,9.59,11.24,60,6.75,0,30,0.23,9.72,0.46,3.85
Mogollon Rim,WDZ,4,4,8,"20284, 20209, 20291, 20215",1/1/02 - 12/31/16, ,Y,WDZ Mogollon Rim,13,4.39,7.08,9.72,11.43,60,8.5,0,30,0.79,10.53,0.6,4.64
Mogollon Rim,WDZ,4,4,8,"20284, 20209, 20291, 20215",1/1/02 - 12/31/16, ,Y,WDZ Mogollon Rim,14,4.49,7.2,9.91,11.62,60,9.5,0,30,1.42,11.28,0.71,5.42
Mogollon Rim,WDZ,4,4,8,"20284, 20209, 20291, 20215",1/1/02 - 12/31/16, ,Y,WDZ Mogollon Rim,15,4.56,7.33,10.04,11.78,60,11.25,0,30,2.31,12.22,0.85,6.5
Mogollon Rim,WDZ,4,4,8,"20284, 20209, 20291, 20215",1/1/02 - 12/31/16, ,Y,WDZ Mogollon Rim,16,4.68,7.45,10.2,11.94,60,13.5,0,30,3.02,13.14,1.02,7.85
Mogollon Rim,WDZ,4,4,8,"20284, 20209, 20291, 20215",1/1/02 - 12/31/16, ,Y,WDZ Mogollon Rim,17,4.78,7.55,10.34,12.07,60,16,0,30,3.59,14.03,1.15,8.86
Mogollon Rim,WDZ,4,4,8,"20284, 20209, 20291, 20215",1/1/02 - 12/31/16, ,Y,WDZ Mogollon Rim,18,4.88,7.67,10.52,12.22,60,17,0,30,4.19,14.78,1.28,9.81
Mogollon Rim,WDZ,4,4,8,"20284, 20209, 20291, 20215",1/1/02 - 12/31/16, ,Y,WDZ Mogollon Rim,19,4.96,7.77,10.69,12.37,60,18.25,0,30,4.87,15.57,1.42,10.63
Mogollon Rim,WDZ,4,4,8,"20284, 20209, 20291, 20215",1/1/02 - 12/31/16, ,Y,WDZ Mogollon Rim,20,5.03,7.88,10.8,12.49,60,19.75,0,30,5.48,16.3,1.56,11.88
Mogollon Rim,WDZ,4,4,8,"20284, 20209, 20291, 20215",1/1/02 - 12/31/16, ,Y,WDZ Mogollon Rim,21,5.11,8,10.9,12.62,60,21.25,0,30,6.06,16.87,1.67,13.12
Mogollon Rim,WDZ,4,4,8,"20284, 20209, 20291, 20215",1/1/02 - 12/31/16, ,Y,WDZ Mogollon Rim,22,5.19,8.11,11.02,12.78,60,23.24,0,30,6.95,17.51,1.78,13.85
Mogollon Rim,WDZ,4,4,8,"20284, 20209, 20291, 20215",1/1/02 - 12/31/16, ,Y,WDZ Mogollon Rim,23,5.28,8.22,11.14,12.91,60,26,0,30,7.74,18.05,1.86,14.48
Mogollon Rim,WDZ,4,4,8,"20284, 20209, 20291, 20215",1/1/02 - 12/31/16, ,Y,WDZ Mogollon Rim,24,5.37,8.34,11.25,13.06,60,28.75,0,30,8.55,18.77,1.92,15.16
Mogollon Rim,WDZ,4,4,8,"20284, 20209, 20291, 20215",1/1/02 - 12/31/16, ,Y,WDZ Mogollon Rim,25,5.44,8.42,11.38,13.18,60,30.75,0,30,9.21,19.34,1.99,15.75
Mogollon Rim,WDZ,4,4,8,"20284, 20209, 20291, 20215",1/1/02 - 12/31/16, ,Y,WDZ Mogollon Rim,26,5.53,8.53,11.51,13.32,60,32.75,0,30,9.88,19.85,2.05,16.3
Mogollon Rim,WDZ,4,4,8,"20284, 20209, 20291, 20215",1/1/02 - 12/31/16, ,Y,WDZ Mogollon Rim,27,5.6,8.62,11.62,13.44,60,35.75,0,30,10.59,20.39,2.1,16.64
Mogollon Rim,WDZ,4,4,8,"20284, 20209, 20291, 20215",1/1/02 - 12/31/16, ,Y,WDZ Mogollon Rim,28,5.67,8.71,11.73,13.56,60,38.5,0,30,11.23,20.92,2.14,17.02
Mogollon Rim,WDZ,4,4,8,"20284, 20209, 20291, 20215",1/1/02 - 12/31/16, ,Y,WDZ Mogollon Rim,29,5.76,8.8,11.84,13.68,60,40.5,0,30,11.71,21.52,2.18,17.44
Mogollon Rim,WDZ,4,4,8,"20284, 20209, 20291, 20215",1/1/02 - 12/31/16, ,Y,WDZ Mogollon Rim,30,5.84,8.88,11.94,13.8,60,43.5,0,30,12.46,22.12,2.22,17.9
Mogollon Rim,WDZ,4,4,8,"20284, 20209, 20291, 20215",1/1/02 - 12/31/16, ,Y,WDZ Mogollon Rim,31,5.91,8.96,12.04,13.89,60,46.25,0,30,13.05,22.53,2.27,18.28
Mogollon Rim,WDZ,4,4,8,"20284, 20209, 20291, 20215",1/1/02 - 12/31/16, ,Y,WDZ Mogollon Rim,32,5.98,9.02,12.16,14,60,49.75,0,30,13.55,22.99,2.3,18.63
Mogollon Rim,WDZ,4,4,8,"20284, 20209, 20291, 20215",1/1/02 - 12/31/16, ,Y,WDZ Mogollon Rim,33,6.07,9.12,12.27,14.11,60,52.75,0,30,14.19,23.55,2.34,18.94
Mogollon Rim,WDZ,4,4,8,"20284, 20209, 20291, 20215",1/1/02 - 12/31/16, ,Y,WDZ Mogollon Rim,34,6.16,9.22,12.39,14.2,60,56.28,0,30,14.94,24.02,2.37,19.18
Mogollon Rim,WDZ,4,4,8,"20284, 20209, 20291, 20215",1/1/02 - 12/31/16, ,Y,WDZ Mogollon Rim,35,6.24,9.3,12.49,14.29,60,59.5,0,30,15.41,24.51,2.41,19.46
Mogollon Rim,WDZ,4,4,8,"20284, 20209, 20291, 20215",1/1/02 - 12/31/16, ,Y,WDZ Mogollon Rim,36,6.32,9.37,12.62,14.38,60,62.5,0,30,16,25.04,2.44,19.8
Mogollon Rim,WDZ,4,4,8,"20284, 20209, 20291, 20215",1/1/02 - 12/31/16, ,Y,WDZ Mogollon Rim,37,6.41,9.46,12.74,14.49,60,66,0,30,16.61,25.56,2.47,20.14
Mogollon Rim,WDZ,4,4,8,"20284, 20209, 20291, 20215",1/1/02 - 12/31/16, ,Y,WDZ Mogollon Rim,38,6.5,9.54,12.85,14.59,60,69.5,0,30,17.02,25.94,2.5,20.44
Mogollon Rim,WDZ,4,4,8,"20284, 20209, 20291, 20215",1/1/02 - 12/31/16, ,Y,WDZ Mogollon Rim,39,6.6,9.64,13,14.71,60,72.5,0.01,30,17.49,26.45,2.53,20.7
Mogollon Rim,WDZ,4,4,8,"20284, 20209, 20291, 20215",1/1/02 - 12/31/16, ,Y,WDZ Mogollon Rim,40,6.7,9.72,13.12,14.81,60,76,0.01,30,18.06,26.9,2.56,20.93
Mogollon Rim,WDZ,4,4,8,"20284, 20209, 20291, 20215",1/1/02 - 12/31/16, ,Y,WDZ Mogollon Rim,41,6.77,9.84,13.25,14.92,60,79,0.01,30,18.53,27.3,2.59,21.21
Mogollon Rim,WDZ,4,4,8,"20284, 20209, 20291, 20215",1/1/02 - 12/31/16, ,Y,WDZ Mogollon Rim,42,6.85,9.93,13.36,15.05,60,82,0.02,30,18.92,27.75,2.62,21.54
Mogollon Rim,WDZ,4,4,8,"20284, 20209, 20291, 20215",1/1/02 - 12/31/16, ,Y,WDZ Mogollon Rim,43,6.95,10,13.5,15.15,60,84.25,0.02,30,19.47,28.18,2.65,21.78
Mogollon Rim,WDZ,4,4,8,"20284, 20209, 20291, 20215",1/1/02 - 12/31/16, ,Y,WDZ Mogollon Rim,44,7.05,10.07,13.63,15.24,60,87.25,0.02,30,20.01,28.53,2.68,21.99
Mogollon Rim,WDZ,4,4,8,"20284, 20209, 20291, 20215",1/1/02 - 12/31/16, ,Y,WDZ Mogollon Rim,45,7.17,10.17,13.8,15.36,60,90.52,0.02,30,20.59,28.92,2.7,22.19
Mogollon Rim,WDZ,4,4,8,"20284, 20209, 20291, 20215",1/1/02 - 12/31/16, ,Y,WDZ Mogollon Rim,46,7.31,10.25,13.96,15.46,60,93.89,0.03,30,21.27,29.33,2.73,22.43
Mogollon Rim,WDZ,4,4,8,"20284, 20209, 20291, 20215",1/1/02 - 12/31/16, ,Y,WDZ Mogollon Rim,47,7.39,10.35,14.07,15.55,60,98,0.03,30,21.82,29.75,2.76,22.72
Mogollon Rim,WDZ,4,4,8,"20284, 20209, 20291, 20215",1/1/02 - 12/31/16, ,Y,WDZ Mogollon Rim,48,7.49,10.45,14.21,15.69,60,102,0.04,30,22.4,30.19,2.8,22.97
Mogollon Rim,WDZ,4,4,8,"20284, 20209, 20291, 20215",1/1/02 - 12/31/16, ,Y,WDZ Mogollon Rim,49,7.64,10.56,14.32,15.79,60,105.71,0.04,30,22.92,30.65,2.83,23.18
Mogollon Rim,WDZ,4,4,8,"20284, 20209, 20291, 20215",1/1/02 - 12/31/16, ,Y,WDZ Mogollon Rim,50,7.76,10.68,14.45,15.88,60,108.75,0.04,30,23.52,30.98,2.87,23.37
Mogollon Rim,WDZ,4,4,8,"20284, 20209, 20291, 20215",1/1/02 - 12/31/16, ,Y,WDZ Mogollon Rim,51,7.88,10.8,14.57,15.97,60,113.25,0.05,30,24.04,31.3,2.9,23.6
Mogollon Rim,WDZ,4,4,8,"20284, 20209, 20291, 20215",1/1/02 - 12/31/16, ,Y,WDZ Mogollon Rim,52,8,10.92,14.68,16.06,60,118.84,0.05,30,24.57,31.65,2.93,23.8
Mogollon Rim,WDZ,4,4,8,"20284, 20209, 20291, 20215",1/1/02 - 12/31/16, ,Y,WDZ Mogollon Rim,53,8.11,11.03,14.82,16.17,60,125.77,0.06,30,25.16,31.97,2.96,24.02
Mogollon Rim,WDZ,4,4,8,"20284, 20209, 20291, 20215",1/1/02 - 12/31/16, ,Y,WDZ Mogollon Rim,54,8.23,11.17,14.92,16.31,60,131,0.06,30,25.68,32.39,3,24.26
Mogollon Rim,WDZ,4,4,8,"20284, 20209, 20291, 20215",1/1/02 - 12/31/16, ,Y,WDZ Mogollon Rim,55,8.34,11.3,15.06,16.41,60,137.73,0.06,30,26.36,32.8,3.03,24.47
Mogollon Rim,WDZ,4,4,8,"20284, 20209, 20291, 20215",1/1/02 - 12/31/16, ,Y,WDZ Mogollon Rim,56,8.49,11.42,15.19,16.52,60,144.79,0.07,30,26.84,33.18,3.06,24.7
Mogollon Rim,WDZ,4,4,8,"20284, 20209, 20291, 20215",1/1/02 - 12/31/16, ,Y,WDZ Mogollon Rim,57,8.62,11.53,15.32,16.62,60,151.25,0.08,30,27.34,33.51,3.09,24.94
Mogollon Rim,WDZ,4,4,8,"20284, 20209, 20291, 20215",1/1/02 - 12/31/16, ,Y,WDZ Mogollon Rim,58,8.77,11.7,15.44,16.73,60,154.75,0.08,30,27.89,33.9,3.12,25.16
Mogollon Rim,WDZ,4,4,8,"20284, 20209, 20291, 20215",1/1/02 - 12/31/16, ,Y,WDZ Mogollon Rim,59,8.92,11.85,15.55,16.84,60,164.25,0.08,30,28.57,34.42,3.14,25.42
Mogollon Rim,WDZ,4,4,8,"20284, 20209, 20291, 20215",1/1/02 - 12/31/16, ,Y,WDZ Mogollon Rim,60,9.09,12.02,15.68,16.95,60,172.7,0.09,30,29.09,34.84,3.18,25.7
Mogollon Rim,WDZ,4,4,8,"20284, 20209, 20291, 20215",1/1/02 - 12/31/16, ,Y,WDZ Mogollon Rim,61,9.3,12.16,15.81,17.05,60,180,0.1,30,29.71,35.22,3.22,25.91
Mogollon Rim,WDZ,4,4,8,"20284, 20209, 20291, 20215",1/1/02 - 12/31/16, ,Y,WDZ Mogollon Rim,62,9.5,12.37,15.96,17.15,60,184.25,0.1,30,30.36,35.59,3.26,26.13
Mogollon Rim,WDZ,4,4,8,"20284, 20209, 20291, 20215",1/1/02 - 12/31/16, ,Y,WDZ Mogollon Rim,63,9.7,12.56,16.11,17.28,60,189.34,0.11,30,30.91,36.05,3.29,26.37
Mogollon Rim,WDZ,4,4,8,"20284, 20209, 20291, 20215",1/1/02 - 12/31/16, ,Y,WDZ Mogollon Rim,64,9.97,12.76,16.26,17.37,60,192.25,0.12,30,31.57,36.43,3.33,26.61
Mogollon Rim,WDZ,4,4,8,"20284, 20209, 20291, 20215",1/1/02 - 12/31/16, ,Y,WDZ Mogollon Rim,65,10.23,13,16.41,17.47,60,195,0.13,30,32.12,36.86,3.36,26.92
Mogollon Rim,WDZ,4,4,8,"20284, 20209, 20291, 20215",1/1/02 - 12/31/16, ,Y,WDZ Mogollon Rim,66,10.47,13.28,16.56,17.59,60,198,0.14,30,32.76,37.28,3.41,27.18
Mogollon Rim,WDZ,4,4,8,"20284, 20209, 20291, 20215",1/1/02 - 12/31/16, ,Y,WDZ Mogollon Rim,67,10.73,13.51,16.72,17.68,60,201.25,0.15,30,33.5,37.62,3.45,27.45
Mogollon Rim,WDZ,4,4,8,"20284, 20209, 20291, 20215",1/1/02 - 12/31/16, ,Y,WDZ Mogollon Rim,68,11.18,13.8,16.87,17.82,60,203.81,0.16,30,34.25,38.14,3.48,27.67
Mogollon Rim,WDZ,4,4,8,"20284, 20209, 20291, 20215",1/1/02 - 12/31/16, ,Y,WDZ Mogollon Rim,69,11.54,13.97,17,17.93,60,206,0.17,30,35.14,38.51,3.52,27.97
Mogollon Rim,WDZ,4,4,8,"20284, 20209, 20291, 20215",1/1/02 - 12/31/16, ,Y,WDZ Mogollon Rim,70,11.99,14.19,17.14,18.06,60,210.25,0.18,30,35.78,38.99,3.57,28.27
Mogollon Rim,WDZ,4,4,8,"20284, 20209, 20291, 20215",1/1/02 - 12/31/16, ,Y,WDZ Mogollon Rim,71,12.36,14.43,17.27,18.19,60.08,215.39,0.19,30.14,36.34,39.43,3.62,28.59
Mogollon Rim,WDZ,4,4,8,"20284, 20209, 20291, 20215",1/1/02 - 12/31/16, ,Y,WDZ Mogollon Rim,72,12.79,14.7,17.4,18.36,60.98,221.5,0.2,31.55,37.12,39.88,3.65,28.86
Mogollon Rim,WDZ,4,4,8,"20284, 20209, 20291, 20215",1/1/02 - 12/31/16, ,Y,WDZ Mogollon Rim,73,13.24,15.07,17.6,18.54,61.9,227.5,0.21,32.98,37.87,40.39,3.69,29.15
Mogollon Rim,WDZ,4,4,8,"20284, 20209, 20291, 20215",1/1/02 - 12/31/16, ,Y,WDZ Mogollon Rim,74,13.68,15.42,17.78,18.67,63.3,231.75,0.23,35.19,38.7,40.8,3.76,29.51
Mogollon Rim,WDZ,4,4,8,"20284, 20209, 20291, 20215",1/1/02 - 12/31/16, ,Y,WDZ Mogollon Rim,75,14.21,15.76,17.97,18.8,64.72,236.25,0.25,37.41,39.4,41.31,3.81,29.9
Mogollon Rim,WDZ,4,4,8,"20284, 20209, 20291, 20215",1/1/02 - 12/31/16, ,Y,WDZ Mogollon Rim,76,14.81,16.13,18.2,18.91,65.9,241,0.27,39.27,40.02,41.92,3.86,30.27
Mogollon Rim,WDZ,4,4,8,"20284, 20209, 20291, 20215",1/1/02 - 12/31/16, ,Y,WDZ Mogollon Rim,77,15.36,16.63,18.39,19.04,67.47,247,0.29,41.74,40.68,42.56,3.9,30.61
Mogollon Rim,WDZ,4,4,8,"20284, 20209, 20291, 20215",1/1/02 - 12/31/16, ,Y,WDZ Mogollon Rim,78,16.32,17.14,18.58,19.14,69.98,253.26,0.32,45.68,41.65,43.18,3.97,30.93
Mogollon Rim,WDZ,4,4,8,"20284, 20209, 20291, 20215",1/1/02 - 12/31/16, ,Y,WDZ Mogollon Rim,79,17.44,17.68,18.76,19.24,73.68,258.56,0.34,51.5,42.65,43.73,4.02,31.39
Mogollon Rim,WDZ,4,4,8,"20284, 20209, 20291, 20215",1/1/02 - 12/31/16, ,Y,WDZ Mogollon Rim,80,19.28,18.09,19.01,19.36,76.85,265.75,0.37,56.48,43.45,44.27,4.07,31.77
Mogollon Rim,WDZ,4,4,8,"20284, 20209, 20291, 20215",1/1/02 - 12/31/16, ,Y,WDZ Mogollon Rim,81,19.91,18.6,19.25,19.5,80.39,270.75,0.39,62.04,44.32,44.84,4.15,32.23
Mogollon Rim,WDZ,4,4,8,"20284, 20209, 20291, 20215",1/1/02 - 12/31/16, ,Y,WDZ Mogollon Rim,82,20.55,19.12,19.47,19.68,84.6,275.69,0.42,68.66,45.27,45.5,4.22,32.68
Mogollon Rim,WDZ,4,4,8,"20284, 20209, 20291, 20215",1/1/02 - 12/31/16, ,Y,WDZ Mogollon Rim,83,21.41,19.67,19.67,19.83,89.59,280.75,0.45,76.5,46.35,46.12,4.3,33.07
Mogollon Rim,WDZ,4,4,8,"20284, 20209, 20291, 20215",1/1/02 - 12/31/16, ,Y,WDZ Mogollon Rim,84,22.79,20.31,19.89,19.98,94.89,286.5,0.47,84.82,47.29,46.7,4.36,33.55
Mogollon Rim,WDZ,4,4,8,"20284, 20209, 20291, 20215",1/1/02 - 12/31/16, ,Y,WDZ Mogollon Rim,85,24.36,20.92,20.17,20.07,100.2,292.33,0.5,93.17,48.46,47.6,4.45,34.09
Mogollon Rim,WDZ,4,4,8,"20284, 20209, 20291, 20215",1/1/02 - 12/31/16, ,Y,WDZ Mogollon Rim,86,26.03,21.68,20.4,20.22,104.71,299,0.52,100.26,49.56,48.33,4.54,34.6
Mogollon Rim,WDZ,4,4,8,"20284, 20209, 20291, 20215",1/1/02 - 12/31/16, ,Y,WDZ Mogollon Rim,87,26.55,22.18,20.72,20.37,110.33,308.75,0.55,109.09,50.54,49.09,4.62,35.11
Mogollon Rim,WDZ,4,4,8,"20284, 20209, 20291, 20215",1/1/02 - 12/31/16, ,Y,WDZ Mogollon Rim,88,27.09,22.69,20.97,20.56,117.44,319.75,0.59,120.26,51.83,49.92,4.69,35.63
Mogollon Rim,WDZ,4,4,8,"20284, 20209, 20291, 20215",1/1/02 - 12/31/16, ,Y,WDZ Mogollon Rim,89,28.06,23.14,21.23,20.75,123,329,0.62,128.99,53.22,50.6,4.81,36.22
Mogollon Rim,WDZ,4,4,8,"20284, 20209, 20291, 20215",1/1/02 - 12/31/16, ,Y,WDZ Mogollon Rim,90,29.56,24.14,21.52,20.92,127.49,338,0.64,136.06,54.7,51.53,4.93,36.81
Mogollon Rim,WDZ,4,4,8,"20284, 20209, 20291, 20215",1/1/02 - 12/31/16, ,Y,WDZ Mogollon Rim,91,31.68,24.84,21.79,21.13,131.96,345,0.66,143.08,56.14,52.48,5.07,37.42
Mogollon Rim,WDZ,4,4,8,"20284, 20209, 20291, 20215",1/1/02 - 12/31/16, ,Y,WDZ Mogollon Rim,92,32.64,25.17,22.01,21.31,137.13,356.5,0.68,151.21,57.74,53.59,5.2,38.1
Mogollon Rim,WDZ,4,4,8,"20284, 20209, 20291, 20215",1/1/02 - 12/31/16, ,Y,WDZ Mogollon Rim,93,32.64,25.23,22.27,21.44,141.46,362.5,0.71,158.01,59.65,55.12,5.32,38.84
Mogollon Rim,WDZ,4,4,8,"20284, 20209, 20291, 20215",1/1/02 - 12/31/16, ,Y,WDZ Mogollon Rim,94,32.64,25.24,22.5,21.65,144.71,382.23,0.72,163.12,61.95,56.03,5.48,39.87
Mogollon Rim,WDZ,4,4,8,"20284, 20209, 20291, 20215",1/1/02 - 12/31/16, ,Y,WDZ Mogollon Rim,95,32.64,25.24,22.72,21.95,151.93,404.57,0.76,174.46,64.02,57.64,5.66,40.65
Mogollon Rim,WDZ,4,4,8,"20284, 20209, 20291, 20215",1/1/02 - 12/31/16, ,Y,WDZ Mogollon Rim,96,32.64,25.24,22.91,22.19,157.44,430.14,0.79,183.11,65.83,59.07,5.88,41.64
Mogollon Rim,WDZ,4,4,8,"20284, 20209, 20291, 20215",1/1/02 - 12/31/16, ,Y,WDZ Mogollon Rim,97,32.64,25.24,23.07,22.43,161.8,444.23,0.81,189.97,68.76,60.65,6.19,42.93
Mogollon Rim,WDZ,4,4,8,"20284, 20209, 20291, 20215",1/1/02 - 12/31/16, ,Y,WDZ Mogollon Rim,98,32.64,25.24,23.18,22.61,166.43,461.32,0.83,197.25,71.93,62.51,6.54,44.53
Mogollon Rim,WDZ,4,4,8,"20284, 20209, 20291, 20215",1/1/02 - 12/31/16, ,Y,WDZ Mogollon Rim,99,32.64,25.24,23.24,22.85,170.51,483.25,0.86,203.65,75.87,64.86,7.05,47.17
Mogollon Rim,WDZ,4,4,8,"20284, 20209, 20291, 20215",1/1/02 - 12/31/16, ,Y,WDZ Mogollon Rim,100,33.23,28.1,26.14,23.49,189.14,496,0.94,232.93,91.43,68.59,10.18,59.03
Mt Taylor & Zuni,ABZ,1,2,5,"293303, 291302, 291301",4/1/04 - 08/31/16, ,Y,ABZ Mt Taylor & Zuni,1,2.35,4.66,6.89,8.39,60,0,0,30,0,1.04,0,0
Mt Taylor & Zuni,ABZ,1,2,5,"293303, 291302, 291301",4/1/04 - 08/31/16, ,Y,ABZ Mt Taylor & Zuni,2,2.68,4.96,7.22,8.66,60,1,0,30,0,1.58,0,0
Mt Taylor & Zuni,ABZ,1,2,5,"293303, 291302, 291301",4/1/04 - 08/31/16, ,Y,ABZ Mt Taylor & Zuni,3,2.92,5.19,7.47,8.96,60,1.67,0,30,0,2.23,0,0
Mt Taylor & Zuni,ABZ,1,2,5,"293303, 291302, 291301",4/1/04 - 08/31/16, ,Y,ABZ Mt Taylor & Zuni,4,3.08,5.38,7.65,9.18,60,3.67,0,30,0,2.97,0,0
Mt Taylor & Zuni,ABZ,1,2,5,"293303, 291302, 291301",4/1/04 - 08/31/16, ,Y,ABZ Mt Taylor & Zuni,5,3.29,5.56,7.88,9.46,60,5.07,0,30,0,3.73,0,0
Mt Taylor & Zuni,ABZ,1,2,5,"293303, 291302, 291301",4/1/04 - 08/31/16, ,Y,ABZ Mt Taylor & Zuni,6,3.44,5.71,8.08,9.69,60,7.67,0,30,0,4.67,0,0
Mt Taylor & Zuni,ABZ,1,2,5,"293303, 291302, 291301",4/1/04 - 08/31/16, ,Y,ABZ Mt Taylor & Zuni,7,3.6,5.85,8.32,9.96,60,9,0,30,0,5.56,0,0
Mt Taylor & Zuni,ABZ,1,2,5,"293303, 291302, 291301",4/1/04 - 08/31/16, ,Y,ABZ Mt Taylor & Zuni,8,3.71,6,8.54,10.22,60,11.44,0,30,0,6.43,0,0
Mt Taylor & Zuni,ABZ,1,2,5,"293303, 291302, 291301",4/1/04 - 08/31/16, ,Y,ABZ Mt Taylor & Zuni,9,3.83,6.13,8.78,10.45,60,13,0,30,0,7.25,0,0
Mt Taylor & Zuni,ABZ,1,2,5,"293303, 291302, 291301",4/1/04 - 08/31/16, ,Y,ABZ Mt Taylor & Zuni,10,3.96,6.27,8.95,10.66,60,14.47,0,30,0,8.08,0,0
Mt Taylor & Zuni,ABZ,1,2,5,"293303, 291302, 291301",4/1/04 - 08/31/16, ,Y,ABZ Mt Taylor & Zuni,11,4.05,6.37,9.09,10.86,60,17.33,0,30,0,9.08,0,0
Mt Taylor & Zuni,ABZ,1,2,5,"293303, 291302, 291301",4/1/04 - 08/31/16, ,Y,ABZ Mt Taylor & Zuni,12,4.15,6.49,9.23,11.02,60,20.33,0,30,0,10.15,0,0
Mt Taylor & Zuni,ABZ,1,2,5,"293303, 291302, 291301",4/1/04 - 08/31/16, ,Y,ABZ Mt Taylor & Zuni,13,4.26,6.58,9.37,11.17,60,22.33,0,30,0,11.05,0.28,3.85
Mt Taylor & Zuni,ABZ,1,2,5,"293303, 291302, 291301",4/1/04 - 08/31/16, ,Y,ABZ Mt Taylor & Zuni,14,4.35,6.69,9.55,11.31,60,25,0,30,0.18,12.06,0.52,4.89
Mt Taylor & Zuni,ABZ,1,2,5,"293303, 291302, 291301",4/1/04 - 08/31/16, ,Y,ABZ Mt Taylor & Zuni,15,4.44,6.8,9.66,11.44,60,28.33,0,30,0.73,13.04,0.63,5.66
Mt Taylor & Zuni,ABZ,1,2,5,"293303, 291302, 291301",4/1/04 - 08/31/16, ,Y,ABZ Mt Taylor & Zuni,16,4.53,6.9,9.79,11.57,60,30.67,0,30,1.35,13.99,0.76,6.33
Mt Taylor & Zuni,ABZ,1,2,5,"293303, 291302, 291301",4/1/04 - 08/31/16, ,Y,ABZ Mt Taylor & Zuni,17,4.63,7,9.91,11.69,60,32.67,0,30,2.14,14.92,0.86,7.31
Mt Taylor & Zuni,ABZ,1,2,5,"293303, 291302, 291301",4/1/04 - 08/31/16, ,Y,ABZ Mt Taylor & Zuni,18,4.71,7.11,10.01,11.84,60,34.33,0,30,2.74,16.03,1,8.76
Mt Taylor & Zuni,ABZ,1,2,5,"293303, 291302, 291301",4/1/04 - 08/31/16, ,Y,ABZ Mt Taylor & Zuni,19,4.8,7.22,10.11,11.95,60,36.67,0,30,3.52,17.08,1.14,9.98
Mt Taylor & Zuni,ABZ,1,2,5,"293303, 291302, 291301",4/1/04 - 08/31/16, ,Y,ABZ Mt Taylor & Zuni,20,4.88,7.32,10.21,12.05,60,38.33,0,30,4.22,18.23,1.25,11.15
Mt Taylor & Zuni,ABZ,1,2,5,"293303, 291302, 291301",4/1/04 - 08/31/16, ,Y,ABZ Mt Taylor & Zuni,21,4.96,7.4,10.31,12.19,60,40.67,0,30,5,19.07,1.34,12.06
Mt Taylor & Zuni,ABZ,1,2,5,"293303, 291302, 291301",4/1/04 - 08/31/16, ,Y,ABZ Mt Taylor & Zuni,22,5.05,7.49,10.41,12.28,60,42.33,0,30,5.75,20.05,1.44,12.96
Mt Taylor & Zuni,ABZ,1,2,5,"293303, 291302, 291301",4/1/04 - 08/31/16, ,Y,ABZ Mt Taylor & Zuni,23,5.13,7.56,10.5,12.37,60,44.97,0,30,6.44,20.86,1.51,13.65
Mt Taylor & Zuni,ABZ,1,2,5,"293303, 291302, 291301",4/1/04 - 08/31/16, ,Y,ABZ Mt Taylor & Zuni,24,5.21,7.63,10.59,12.46,60,47.67,0,30,7.08,21.7,1.56,14.53
Mt Taylor & Zuni,ABZ,1,2,5,"293303, 291302, 291301",4/1/04 - 08/31/16, ,Y,ABZ Mt Taylor & Zuni,25,5.29,7.7,10.68,12.56,60,51.33,0,30,7.7,22.62,1.62,15.24
Mt Taylor & Zuni,ABZ,1,2,5,"293303, 291302, 291301",4/1/04 - 08/31/16, ,Y,ABZ Mt Taylor & Zuni,26,5.37,7.77,10.76,12.65,60,54.67,0,30,8.25,23.16,1.68,15.8
Mt Taylor & Zuni,ABZ,1,2,5,"293303, 291302, 291301",4/1/04 - 08/31/16, ,Y,ABZ Mt Taylor & Zuni,27,5.47,7.86,10.87,12.73,60,57.33,0,30,8.81,23.73,1.72,16.35
Mt Taylor & Zuni,ABZ,1,2,5,"293303, 291302, 291301",4/1/04 - 08/31/16, ,Y,ABZ Mt Taylor & Zuni,28,5.55,7.93,10.98,12.81,60,60,0,30,9.44,24.53,1.77,16.89
Mt Taylor & Zuni,ABZ,1,2,5,"293303, 291302, 291301",4/1/04 - 08/31/16, ,Y,ABZ Mt Taylor & Zuni,29,5.63,8,11.11,12.9,60,61.72,0,30,10.04,25.14,1.81,17.21
Mt Taylor & Zuni,ABZ,1,2,5,"293303, 291302, 291301",4/1/04 - 08/31/16, ,Y,ABZ Mt Taylor & Zuni,30,5.71,8.08,11.23,12.99,60,65,0,30,10.65,25.74,1.85,17.63
Mt Taylor & Zuni,ABZ,1,2,5,"293303, 291302, 291301",4/1/04 - 08/31/16, ,Y,ABZ Mt Taylor & Zuni,31,5.79,8.15,11.32,13.09,60,66.67,0,30,11.24,26.17,1.88,17.98
Mt Taylor & Zuni,ABZ,1,2,5,"293303, 291302, 291301",4/1/04 - 08/31/16, ,Y,ABZ Mt Taylor & Zuni,32,5.87,8.23,11.43,13.19,60,69.09,0,30,11.78,26.68,1.91,18.29
Mt Taylor & Zuni,ABZ,1,2,5,"293303, 291302, 291301",4/1/04 - 08/31/16, ,Y,ABZ Mt Taylor & Zuni,33,5.94,8.31,11.53,13.27,60,70.33,0,30,12.36,27.16,1.95,18.59
Mt Taylor & Zuni,ABZ,1,2,5,"293303, 291302, 291301",4/1/04 - 08/31/16, ,Y,ABZ Mt Taylor & Zuni,34,6.01,8.38,11.64,13.34,60,72.45,0,30,12.99,27.59,1.98,18.85
Mt Taylor & Zuni,ABZ,1,2,5,"293303, 291302, 291301",4/1/04 - 08/31/16, ,Y,ABZ Mt Taylor & Zuni,35,6.11,8.48,11.73,13.44,60,74.33,0,30,13.55,27.97,2,19.13
Mt Taylor & Zuni,ABZ,1,2,5,"293303, 291302, 291301",4/1/04 - 08/31/16, ,Y,ABZ Mt Taylor & Zuni,36,6.18,8.57,11.83,13.51,60,76,0,30,14.14,28.38,2.03,19.45
Mt Taylor & Zuni,ABZ,1,2,5,"293303, 291302, 291301",4/1/04 - 08/31/16, ,Y,ABZ Mt Taylor & Zuni,37,6.26,8.65,11.92,13.6,60,77.67,0,30,14.72,28.85,2.05,19.72
Mt Taylor & Zuni,ABZ,1,2,5,"293303, 291302, 291301",4/1/04 - 08/31/16, ,Y,ABZ Mt Taylor & Zuni,38,6.35,8.76,12.02,13.67,60,80.33,0.01,30,15.3,29.3,2.08,19.95
Mt Taylor & Zuni,ABZ,1,2,5,"293303, 291302, 291301",4/1/04 - 08/31/16, ,Y,ABZ Mt Taylor & Zuni,39,6.43,8.85,12.1,13.76,60,83.67,0.01,30,15.93,29.74,2.1,20.2
Mt Taylor & Zuni,ABZ,1,2,5,"293303, 291302, 291301",4/1/04 - 08/31/16, ,Y,ABZ Mt Taylor & Zuni,40,6.52,8.94,12.2,13.86,60,86,0.01,30,16.38,30.25,2.13,20.43
Mt Taylor & Zuni,ABZ,1,2,5,"293303, 291302, 291301",4/1/04 - 08/31/16, ,Y,ABZ Mt Taylor & Zuni,41,6.62,9.03,12.29,13.95,60,89,0.01,30,16.89,30.67,2.15,20.66
Mt Taylor & Zuni,ABZ,1,2,5,"293303, 291302, 291301",4/1/04 - 08/31/16, ,Y,ABZ Mt Taylor & Zuni,42,6.71,9.11,12.4,14.04,60,91.67,0.01,30,17.37,31.05,2.17,20.9
Mt Taylor & Zuni,ABZ,1,2,5,"293303, 291302, 291301",4/1/04 - 08/31/16, ,Y,ABZ Mt Taylor & Zuni,43,6.79,9.22,12.5,14.14,60,94.33,0.02,30,17.88,31.38,2.19,21.18
Mt Taylor & Zuni,ABZ,1,2,5,"293303, 291302, 291301",4/1/04 - 08/31/16, ,Y,ABZ Mt Taylor & Zuni,44,6.88,9.3,12.62,14.22,60,97,0.02,30,18.39,31.76,2.22,21.39
Mt Taylor & Zuni,ABZ,1,2,5,"293303, 291302, 291301",4/1/04 - 08/31/16, ,Y,ABZ Mt Taylor & Zuni,45,6.98,9.4,12.73,14.33,60,99,0.02,30,18.97,32.21,2.24,21.6
Mt Taylor & Zuni,ABZ,1,2,5,"293303, 291302, 291301",4/1/04 - 08/31/16, ,Y,ABZ Mt Taylor & Zuni,46,7.11,9.48,12.84,14.43,60,101.33,0.02,30,19.55,32.58,2.26,21.81
Mt Taylor & Zuni,ABZ,1,2,5,"293303, 291302, 291301",4/1/04 - 08/31/16, ,Y,ABZ Mt Taylor & Zuni,47,7.22,9.6,12.96,14.55,60,103.67,0.03,30,20.05,32.99,2.28,21.99
Mt Taylor & Zuni,ABZ,1,2,5,"293303, 291302, 291301",4/1/04 - 08/31/16, ,Y,ABZ Mt Taylor & Zuni,48,7.31,9.71,13.07,14.65,60,106,0.03,30,20.53,33.36,2.3,22.2
Mt Taylor & Zuni,ABZ,1,2,5,"293303, 291302, 291301",4/1/04 - 08/31/16, ,Y,ABZ Mt Taylor & Zuni,49,7.4,9.81,13.19,14.74,60,109,0.04,30,20.98,33.73,2.32,22.39
Mt Taylor & Zuni,ABZ,1,2,5,"293303, 291302, 291301",4/1/04 - 08/31/16, ,Y,ABZ Mt Taylor & Zuni,50,7.51,9.93,13.29,14.83,60,112,0.05,30,21.53,34.2,2.34,22.6
Mt Taylor & Zuni,ABZ,1,2,5,"293303, 291302, 291301",4/1/04 - 08/31/16, ,Y,ABZ Mt Taylor & Zuni,51,7.64,10.03,13.42,14.92,60,115.33,0.05,30,22.05,34.6,2.37,22.79
Mt Taylor & Zuni,ABZ,1,2,5,"293303, 291302, 291301",4/1/04 - 08/31/16, ,Y,ABZ Mt Taylor & Zuni,52,7.74,10.14,13.55,15,60,118.33,0.06,30,22.56,34.94,2.39,22.99
Mt Taylor & Zuni,ABZ,1,2,5,"293303, 291302, 291301",4/1/04 - 08/31/16, ,Y,ABZ Mt Taylor & Zuni,53,7.87,10.24,13.67,15.1,60,119.67,0.07,30,23.13,35.3,2.41,23.18
Mt Taylor & Zuni,ABZ,1,2,5,"293303, 291302, 291301",4/1/04 - 08/31/16, ,Y,ABZ Mt Taylor & Zuni,54,7.99,10.35,13.81,15.2,60,122,0.08,30,23.72,35.81,2.44,23.41
Mt Taylor & Zuni,ABZ,1,2,5,"293303, 291302, 291301",4/1/04 - 08/31/16, ,Y,ABZ Mt Taylor & Zuni,55,8.14,10.46,13.91,15.29,60,123.67,0.09,30,24.17,36.19,2.47,23.58
Mt Taylor & Zuni,ABZ,1,2,5,"293303, 291302, 291301",4/1/04 - 08/31/16, ,Y,ABZ Mt Taylor & Zuni,56,8.27,10.59,14.04,15.39,60,125.67,0.1,30,24.73,36.55,2.49,23.72
Mt Taylor & Zuni,ABZ,1,2,5,"293303, 291302, 291301",4/1/04 - 08/31/16, ,Y,ABZ Mt Taylor & Zuni,57,8.41,10.74,14.15,15.49,60,128,0.11,30,25.17,36.87,2.51,23.91
Mt Taylor & Zuni,ABZ,1,2,5,"293303, 291302, 291301",4/1/04 - 08/31/16, ,Y,ABZ Mt Taylor & Zuni,58,8.54,10.88,14.28,15.58,60,131,0.12,30,25.71,37.23,2.53,24.09
Mt Taylor & Zuni,ABZ,1,2,5,"293303, 291302, 291301",4/1/04 - 08/31/16, ,Y,ABZ Mt Taylor & Zuni,59,8.72,11.02,14.42,15.69,60,134,0.14,30,26.3,37.65,2.56,24.29
Mt Taylor & Zuni,ABZ,1,2,5,"293303, 291302, 291301",4/1/04 - 08/31/16, ,Y,ABZ Mt Taylor & Zuni,60,8.88,11.18,14.57,15.78,60,136.47,0.15,30,26.89,38.1,2.59,24.46
Mt Taylor & Zuni,ABZ,1,2,5,"293303, 291302, 291301",4/1/04 - 08/31/16, ,Y,ABZ Mt Taylor & Zuni,61,9.09,11.35,14.71,15.86,60,139,0.17,30,27.42,38.49,2.61,24.62
Mt Taylor & Zuni,ABZ,1,2,5,"293303, 291302, 291301",4/1/04 - 08/31/16, ,Y,ABZ Mt Taylor & Zuni,62,9.28,11.56,14.9,15.96,60,141.67,0.18,30,28.04,38.79,2.64,24.77
Mt Taylor & Zuni,ABZ,1,2,5,"293303, 291302, 291301",4/1/04 - 08/31/16, ,Y,ABZ Mt Taylor & Zuni,63,9.51,11.74,15.05,16.07,60,144,0.2,30,28.59,39.16,2.67,24.97
Mt Taylor & Zuni,ABZ,1,2,5,"293303, 291302, 291301",4/1/04 - 08/31/16, ,Y,ABZ Mt Taylor & Zuni,64,9.7,11.93,15.18,16.19,60,146.67,0.21,30,29.1,39.57,2.69,25.16
Mt Taylor & Zuni,ABZ,1,2,5,"293303, 291302, 291301",4/1/04 - 08/31/16, ,Y,ABZ Mt Taylor & Zuni,65,9.91,12.13,15.33,16.3,60.92,151,0.23,31.45,29.59,39.94,2.72,25.35
Mt Taylor & Zuni,ABZ,1,2,5,"293303, 291302, 291301",4/1/04 - 08/31/16, ,Y,ABZ Mt Taylor & Zuni,66,10.21,12.34,15.49,16.41,62.49,155.33,0.26,33.91,30.21,40.28,2.75,25.57
Mt Taylor & Zuni,ABZ,1,2,5,"293303, 291302, 291301",4/1/04 - 08/31/16, ,Y,ABZ Mt Taylor & Zuni,67,10.49,12.59,15.66,16.51,64.18,159.33,0.27,36.57,30.75,40.71,2.78,25.79
Mt Taylor & Zuni,ABZ,1,2,5,"293303, 291302, 291301",4/1/04 - 08/31/16, ,Y,ABZ Mt Taylor & Zuni,68,10.83,12.89,15.82,16.64,66.21,163.33,0.3,39.75,31.36,41.07,2.81,25.99
Mt Taylor & Zuni,ABZ,1,2,5,"293303, 291302, 291301",4/1/04 - 08/31/16, ,Y,ABZ Mt Taylor & Zuni,69,11.14,13.12,15.96,16.77,68.18,166.67,0.31,42.85,31.96,41.41,2.84,26.18
Mt Taylor & Zuni,ABZ,1,2,5,"293303, 291302, 291301",4/1/04 - 08/31/16, ,Y,ABZ Mt Taylor & Zuni,70,11.49,13.38,16.1,16.87,70.77,171,0.33,46.93,32.52,41.8,2.87,26.41
Mt Taylor & Zuni,ABZ,1,2,5,"293303, 291302, 291301",4/1/04 - 08/31/16, ,Y,ABZ Mt Taylor & Zuni,71,12.01,13.66,16.29,16.99,73.3,174.33,0.35,50.9,33.33,42.23,2.9,26.63
Mt Taylor & Zuni,ABZ,1,2,5,"293303, 291302, 291301",4/1/04 - 08/31/16, ,Y,ABZ Mt Taylor & Zuni,72,12.51,14,16.48,17.11,76.16,179.33,0.37,55.39,33.97,42.63,2.94,26.86
Mt Taylor & Zuni,ABZ,1,2,5,"293303, 291302, 291301",4/1/04 - 08/31/16, ,Y,ABZ Mt Taylor & Zuni,73,13.3,14.31,16.66,17.29,79.15,183.33,0.39,60.09,34.66,42.97,2.97,27.12
Mt Taylor & Zuni,ABZ,1,2,5,"293303, 291302, 291301",4/1/04 - 08/31/16, ,Y,ABZ Mt Taylor & Zuni,74,14.15,14.71,16.82,17.45,83.23,185.33,0.41,66.5,35.45,43.41,3.01,27.45
Mt Taylor & Zuni,ABZ,1,2,5,"293303, 291302, 291301",4/1/04 - 08/31/16, ,Y,ABZ Mt Taylor & Zuni,75,14.92,15.11,17.02,17.65,87.37,187,0.43,73.01,36.17,43.8,3.04,27.74
Mt Taylor & Zuni,ABZ,1,2,5,"293303, 291302, 291301",4/1/04 - 08/31/16, ,Y,ABZ Mt Taylor & Zuni,76,15.59,15.51,17.29,17.79,91.38,189.33,0.45,79.31,36.76,44.21,3.09,28.02
Mt Taylor & Zuni,ABZ,1,2,5,"293303, 291302, 291301",4/1/04 - 08/31/16, ,Y,ABZ Mt Taylor & Zuni,77,16.1,15.93,17.47,17.94,94.54,190.69,0.47,84.28,37.6,44.62,3.13,28.29
Mt Taylor & Zuni,ABZ,1,2,5,"293303, 291302, 291301",4/1/04 - 08/31/16, ,Y,ABZ Mt Taylor & Zuni,78,16.78,16.43,17.68,18.09,98.11,193.33,0.49,89.9,38.44,45.13,3.17,28.62
Mt Taylor & Zuni,ABZ,1,2,5,"293303, 291302, 291301",4/1/04 - 08/31/16, ,Y,ABZ Mt Taylor & Zuni,79,17.69,16.9,17.97,18.31,101.54,196,0.51,95.28,39.23,45.63,3.21,28.93
Mt Taylor & Zuni,ABZ,1,2,5,"293303, 291302, 291301",4/1/04 - 08/31/16, ,Y,ABZ Mt Taylor & Zuni,80,18.65,17.57,18.2,18.5,105.16,198.67,0.52,100.96,40.16,46.14,3.25,29.22
Mt Taylor & Zuni,ABZ,1,2,5,"293303, 291302, 291301",4/1/04 - 08/31/16, ,Y,ABZ Mt Taylor & Zuni,81,20.28,18.2,18.42,18.69,108.04,201.33,0.53,105.49,41.24,46.55,3.29,29.54
Mt Taylor & Zuni,ABZ,1,2,5,"293303, 291302, 291301",4/1/04 - 08/31/16, ,Y,ABZ Mt Taylor & Zuni,82,22.26,18.84,18.75,18.98,111.07,204.33,0.55,110.25,42.19,47.13,3.33,29.89
Mt Taylor & Zuni,ABZ,1,2,5,"293303, 291302, 291301",4/1/04 - 08/31/16, ,Y,ABZ Mt Taylor & Zuni,83,23.74,19.75,19.1,19.22,114.32,208.77,0.57,115.36,43.16,47.65,3.38,30.31
Mt Taylor & Zuni,ABZ,1,2,5,"293303, 291302, 291301",4/1/04 - 08/31/16, ,Y,ABZ Mt Taylor & Zuni,84,24.36,20.33,19.38,19.39,117.1,215.45,0.58,119.72,44.14,48.29,3.42,30.59
Mt Taylor & Zuni,ABZ,1,2,5,"293303, 291302, 291301",4/1/04 - 08/31/16, ,Y,ABZ Mt Taylor & Zuni,85,24.75,20.88,19.71,19.63,121.21,221.8,0.61,126.19,45.16,49.03,3.47,30.99
Mt Taylor & Zuni,ABZ,1,2,5,"293303, 291302, 291301",4/1/04 - 08/31/16, ,Y,ABZ Mt Taylor & Zuni,86,25.46,21.46,20,19.81,126.17,225.67,0.63,133.98,46.18,49.7,3.52,31.42
Mt Taylor & Zuni,ABZ,1,2,5,"293303, 291302, 291301",4/1/04 - 08/31/16, ,Y,ABZ Mt Taylor & Zuni,87,26.67,21.93,20.35,20,131.33,230.33,0.66,142.09,47.18,50.47,3.59,31.8
Mt Taylor & Zuni,ABZ,1,2,5,"293303, 291302, 291301",4/1/04 - 08/31/16, ,Y,ABZ Mt Taylor & Zuni,88,29,22.93,20.69,20.2,136.65,235.33,0.68,150.44,48.52,51.26,3.64,32.24
Mt Taylor & Zuni,ABZ,1,2,5,"293303, 291302, 291301",4/1/04 - 08/31/16, ,Y,ABZ Mt Taylor & Zuni,89,32.64,24.19,20.97,20.41,140.91,244.67,0.71,157.15,49.84,51.87,3.71,32.75
Mt Taylor & Zuni,ABZ,1,2,5,"293303, 291302, 291301",4/1/04 - 08/31/16, ,Y,ABZ Mt Taylor & Zuni,90,32.64,24.86,21.34,20.73,143.78,253.2,0.72,161.65,51.35,52.76,3.77,33.39
Mt Taylor & Zuni,ABZ,1,2,5,"293303, 291302, 291301",4/1/04 - 08/31/16, ,Y,ABZ Mt Taylor & Zuni,91,32.64,25.17,21.61,20.95,146.7,260.33,0.73,166.24,53.26,53.84,3.84,33.93
Mt Taylor & Zuni,ABZ,1,2,5,"293303, 291302, 291301",4/1/04 - 08/31/16, ,Y,ABZ Mt Taylor & Zuni,92,32.64,25.23,21.88,21.2,150.66,267.45,0.75,172.46,54.95,55.22,3.93,34.51
Mt Taylor & Zuni,ABZ,1,2,5,"293303, 291302, 291301",4/1/04 - 08/31/16, ,Y,ABZ Mt Taylor & Zuni,93,32.64,25.24,22.19,21.46,154.5,279.24,0.77,178.51,56.58,56.71,4.03,35.26
Mt Taylor & Zuni,ABZ,1,2,5,"293303, 291302, 291301",4/1/04 - 08/31/16, ,Y,ABZ Mt Taylor & Zuni,94,32.64,25.24,22.5,21.72,158.33,288.67,0.79,184.52,58.57,57.84,4.13,35.85
Mt Taylor & Zuni,ABZ,1,2,5,"293303, 291302, 291301",4/1/04 - 08/31/16, ,Y,ABZ Mt Taylor & Zuni,95,32.64,25.24,22.81,21.92,162.14,295.67,0.81,190.51,60.94,59.09,4.23,36.47
Mt Taylor & Zuni,ABZ,1,2,5,"293303, 291302, 291301",4/1/04 - 08/31/16, ,Y,ABZ Mt Taylor & Zuni,96,32.64,25.24,23.02,22.18,166.31,304,0.83,197.05,63.69,60.29,4.36,37.11
Mt Taylor & Zuni,ABZ,1,2,5,"293303, 291302, 291301",4/1/04 - 08/31/16, ,Y,ABZ Mt Taylor & Zuni,97,32.64,25.24,23.17,22.45,169.14,316.29,0.85,201.5,66.25,61.45,4.53,37.94
Mt Taylor & Zuni,ABZ,1,2,5,"293303, 291302, 291301",4/1/04 - 08/31/16, ,Y,ABZ Mt Taylor & Zuni,98,32.64,25.24,23.24,22.72,173.36,330.64,0.87,208.13,69.49,62.9,4.75,39.03
Mt Taylor & Zuni,ABZ,1,2,5,"293303, 291302, 291301",4/1/04 - 08/31/16, ,Y,ABZ Mt Taylor & Zuni,99,32.64,25.24,23.25,23.01,182.73,351.65,0.91,222.85,75.07,64.65,5.14,40.65
Mt Taylor & Zuni,ABZ,1,2,5,"293303, 291302, 291301",4/1/04 - 08/31/16, ,Y,ABZ Mt Taylor & Zuni,100,32.64,27.45,28.16,29.88,194.94,410.67,0.97,242.05,89.67,71.2,7.5,49.76
Navajo & Hopi,FDZ,7,2,8,"20226, 20312, 290102",1/1/02 - 12/31/16, ,Y,FDZ Navajo & Hopi,1,2.07,3.86,5.7,6.92,60,13.01,0,30,0,4.17,0,0
Navajo & Hopi,FDZ,7,2,8,"20226, 20312, 290102",1/1/02 - 12/31/16, ,Y,FDZ Navajo & Hopi,2,2.26,4.08,6.01,7.19,60,72.33,0,30,0,6.57,0,0
Navajo & Hopi,FDZ,7,2,8,"20226, 20312, 290102",1/1/02 - 12/31/16, ,Y,FDZ Navajo & Hopi,3,2.45,4.28,6.25,7.46,60,109.67,0,30,0,8.63,0,0
Navajo & Hopi,FDZ,7,2,8,"20226, 20312, 290102",1/1/02 - 12/31/16, ,Y,FDZ Navajo & Hopi,4,2.59,4.44,6.44,7.73,60,116.72,0,30,0,10.2,0.21,3.07
Navajo & Hopi,FDZ,7,2,8,"20226, 20312, 290102",1/1/02 - 12/31/16, ,Y,FDZ Navajo & Hopi,5,2.71,4.56,6.68,7.92,60,134.67,0,30,0.57,11.27,0.5,4.95
Navajo & Hopi,FDZ,7,2,8,"20226, 20312, 290102",1/1/02 - 12/31/16, ,Y,FDZ Navajo & Hopi,6,2.84,4.72,6.86,8.14,60,153.67,0,30,1.44,12.81,0.59,5.74
Navajo & Hopi,FDZ,7,2,8,"20226, 20312, 290102",1/1/02 - 12/31/16, ,Y,FDZ Navajo & Hopi,7,2.95,4.84,7,8.33,60,165.43,0,30,2.37,13.63,0.73,6.54
Navajo & Hopi,FDZ,7,2,8,"20226, 20312, 290102",1/1/02 - 12/31/16, ,Y,FDZ Navajo & Hopi,8,3.07,4.95,7.2,8.56,60,172.33,0,30,2.92,14.9,0.88,7.44
Navajo & Hopi,FDZ,7,2,8,"20226, 20312, 290102",1/1/02 - 12/31/16, ,Y,FDZ Navajo & Hopi,9,3.19,5.06,7.37,8.77,60,178,0,30,3.42,15.92,1.06,8.96
Navajo & Hopi,FDZ,7,2,8,"20226, 20312, 290102",1/1/02 - 12/31/16, ,Y,FDZ Navajo & Hopi,10,3.27,5.15,7.53,8.96,60,185.67,0,30,4.07,16.85,1.2,10.49
Navajo & Hopi,FDZ,7,2,8,"20226, 20312, 290102",1/1/02 - 12/31/16, ,Y,FDZ Navajo & Hopi,11,3.34,5.26,7.7,9.1,60,187.67,0,30,4.67,17.98,1.31,11.48
Navajo & Hopi,FDZ,7,2,8,"20226, 20312, 290102",1/1/02 - 12/31/16, ,Y,FDZ Navajo & Hopi,12,3.41,5.36,7.84,9.27,60,191.33,0,30,5.38,19.06,1.42,12.34
Navajo & Hopi,FDZ,7,2,8,"20226, 20312, 290102",1/1/02 - 12/31/16, ,Y,FDZ Navajo & Hopi,13,3.49,5.49,7.99,9.45,60,195.67,0,30,6.13,19.94,1.53,13.06
Navajo & Hopi,FDZ,7,2,8,"20226, 20312, 290102",1/1/02 - 12/31/16, ,Y,FDZ Navajo & Hopi,14,3.58,5.61,8.14,9.61,60,201.67,0,30,6.92,20.87,1.64,13.76
Navajo & Hopi,FDZ,7,2,8,"20226, 20312, 290102",1/1/02 - 12/31/16, ,Y,FDZ Navajo & Hopi,15,3.66,5.69,8.27,9.78,60,206,0,30,7.62,21.78,1.74,14.5
Navajo & Hopi,FDZ,7,2,8,"20226, 20312, 290102",1/1/02 - 12/31/16, ,Y,FDZ Navajo & Hopi,16,3.73,5.78,8.38,9.9,60,211.67,0,30,8.5,22.82,1.83,15.29
Navajo & Hopi,FDZ,7,2,8,"20226, 20312, 290102",1/1/02 - 12/31/16, ,Y,FDZ Navajo & Hopi,17,3.82,5.87,8.5,10,60,217,0,30,9.31,23.98,1.91,16.18
Navajo & Hopi,FDZ,7,2,8,"20226, 20312, 290102",1/1/02 - 12/31/16, ,Y,FDZ Navajo & Hopi,18,3.9,5.94,8.6,10.13,60,222,0,30,10.11,25.17,1.98,17.16
Navajo & Hopi,FDZ,7,2,8,"20226, 20312, 290102",1/1/02 - 12/31/16, ,Y,FDZ Navajo & Hopi,19,3.99,6.03,8.69,10.25,60,227,0,30,10.81,26.01,2.04,17.91
Navajo & Hopi,FDZ,7,2,8,"20226, 20312, 290102",1/1/02 - 12/31/16, ,Y,FDZ Navajo & Hopi,20,4.07,6.12,8.77,10.35,60,229.67,0,30,11.74,26.82,2.09,18.71
Navajo & Hopi,FDZ,7,2,8,"20226, 20312, 290102",1/1/02 - 12/31/16, ,Y,FDZ Navajo & Hopi,21,4.14,6.22,8.84,10.43,60,233,0,30,12.42,27.77,2.15,19.36
Navajo & Hopi,FDZ,7,2,8,"20226, 20312, 290102",1/1/02 - 12/31/16, ,Y,FDZ Navajo & Hopi,22,4.22,6.31,8.93,10.52,60,237.67,0,30,12.98,28.44,2.2,19.85
Navajo & Hopi,FDZ,7,2,8,"20226, 20312, 290102",1/1/02 - 12/31/16, ,Y,FDZ Navajo & Hopi,23,4.31,6.39,9.05,10.6,60,240.64,0,30,13.64,29.29,2.25,20.46
Navajo & Hopi,FDZ,7,2,8,"20226, 20312, 290102",1/1/02 - 12/31/16, ,Y,FDZ Navajo & Hopi,24,4.38,6.47,9.15,10.67,60,246.33,0,30,14.36,29.99,2.31,20.98
Navajo & Hopi,FDZ,7,2,8,"20226, 20312, 290102",1/1/02 - 12/31/16, ,Y,FDZ Navajo & Hopi,25,4.45,6.56,9.24,10.74,60,251,0,30,15.08,30.74,2.36,21.48
Navajo & Hopi,FDZ,7,2,8,"20226, 20312, 290102",1/1/02 - 12/31/16, ,Y,FDZ Navajo & Hopi,26,4.54,6.67,9.32,10.84,60,256.33,0,30,15.75,31.38,2.4,21.84
Navajo & Hopi,FDZ,7,2,8,"20226, 20312, 290102",1/1/02 - 12/31/16, ,Y,FDZ Navajo & Hopi,27,4.61,6.75,9.41,10.93,60,259.67,0,30,16.45,31.9,2.44,22.21
Navajo & Hopi,FDZ,7,2,8,"20226, 20312, 290102",1/1/02 - 12/31/16, ,Y,FDZ Navajo & Hopi,28,4.67,6.82,9.52,11,60,262.67,0,30,17.12,32.61,2.48,22.73
Navajo & Hopi,FDZ,7,2,8,"20226, 20312, 290102",1/1/02 - 12/31/16, ,Y,FDZ Navajo & Hopi,29,4.73,6.89,9.61,11.09,60,266.33,0,30,17.76,33.08,2.52,23.15
Navajo & Hopi,FDZ,7,2,8,"20226, 20312, 290102",1/1/02 - 12/31/16, ,Y,FDZ Navajo & Hopi,30,4.8,6.98,9.68,11.17,60,271,0,30,18.45,33.69,2.56,23.52
Navajo & Hopi,FDZ,7,2,8,"20226, 20312, 290102",1/1/02 - 12/31/16, ,Y,FDZ Navajo & Hopi,31,4.88,7.06,9.77,11.26,60,277.41,0,30,19.09,34.22,2.6,23.85
Navajo & Hopi,FDZ,7,2,8,"20226, 20312, 290102",1/1/02 - 12/31/16, ,Y,FDZ Navajo & Hopi,32,4.96,7.16,9.86,11.32,60,281.33,0,30,19.88,34.74,2.64,24.13
Navajo & Hopi,FDZ,7,2,8,"20226, 20312, 290102",1/1/02 - 12/31/16, ,Y,FDZ Navajo & Hopi,33,5.03,7.25,9.96,11.41,60,282.77,0,30,20.56,35.17,2.68,24.43
Navajo & Hopi,FDZ,7,2,8,"20226, 20312, 290102",1/1/02 - 12/31/16, ,Y,FDZ Navajo & Hopi,34,5.11,7.33,10.05,11.48,60,285.79,0,30,21.11,35.61,2.72,24.74
Navajo & Hopi,FDZ,7,2,8,"20226, 20312, 290102",1/1/02 - 12/31/16, ,Y,FDZ Navajo & Hopi,35,5.17,7.39,10.16,11.57,60,291.47,0,30,21.76,36.06,2.77,25.01
Navajo & Hopi,FDZ,7,2,8,"20226, 20312, 290102",1/1/02 - 12/31/16, ,Y,FDZ Navajo & Hopi,36,5.25,7.46,10.26,11.66,60,297.67,0,30,22.42,36.61,2.81,25.23
Navajo & Hopi,FDZ,7,2,8,"20226, 20312, 290102",1/1/02 - 12/31/16, ,Y,FDZ Navajo & Hopi,37,5.32,7.52,10.33,11.74,60,304.67,0,30,23.01,37.02,2.86,25.53
Navajo & Hopi,FDZ,7,2,8,"20226, 20312, 290102",1/1/02 - 12/31/16, ,Y,FDZ Navajo & Hopi,38,5.4,7.62,10.41,11.81,60,308.17,0,30,23.61,37.51,2.9,25.81
Navajo & Hopi,FDZ,7,2,8,"20226, 20312, 290102",1/1/02 - 12/31/16, ,Y,FDZ Navajo & Hopi,39,5.47,7.7,10.49,11.9,60,313.52,0.01,30,24.22,37.86,2.94,26.1
Navajo & Hopi,FDZ,7,2,8,"20226, 20312, 290102",1/1/02 - 12/31/16, ,Y,FDZ Navajo & Hopi,40,5.54,7.79,10.56,11.98,60,318,0.01,30,24.88,38.28,2.97,26.34
Navajo & Hopi,FDZ,7,2,8,"20226, 20312, 290102",1/1/02 - 12/31/16, ,Y,FDZ Navajo & Hopi,41,5.61,7.85,10.64,12.06,60,324.67,0.01,30,25.5,38.74,3.02,26.59
Navajo & Hopi,FDZ,7,2,8,"20226, 20312, 290102",1/1/02 - 12/31/16, ,Y,FDZ Navajo & Hopi,42,5.69,7.94,10.73,12.15,60,330,0.01,30,26.12,39.04,3.06,26.83
Navajo & Hopi,FDZ,7,2,8,"20226, 20312, 290102",1/1/02 - 12/31/16, ,Y,FDZ Navajo & Hopi,43,5.76,8.01,10.82,12.22,60,335.24,0.01,30,26.72,39.46,3.1,27.12
Navajo & Hopi,FDZ,7,2,8,"20226, 20312, 290102",1/1/02 - 12/31/16, ,Y,FDZ Navajo & Hopi,44,5.84,8.09,10.9,12.3,60,339,0.02,30,27.33,39.92,3.14,27.3
Navajo & Hopi,FDZ,7,2,8,"20226, 20312, 290102",1/1/02 - 12/31/16, ,Y,FDZ Navajo & Hopi,45,5.93,8.18,10.97,12.38,60,343,0.02,30,28.06,40.41,3.18,27.58
Navajo & Hopi,FDZ,7,2,8,"20226, 20312, 290102",1/1/02 - 12/31/16, ,Y,FDZ Navajo & Hopi,46,6.01,8.26,11.06,12.45,60,346.61,0.03,30,28.65,40.85,3.23,27.9
Navajo & Hopi,FDZ,7,2,8,"20226, 20312, 290102",1/1/02 - 12/31/16, ,Y,FDZ Navajo & Hopi,47,6.1,8.34,11.14,12.52,60,352,0.03,30,29.35,41.25,3.26,28.16
Navajo & Hopi,FDZ,7,2,8,"20226, 20312, 290102",1/1/02 - 12/31/16, ,Y,FDZ Navajo & Hopi,48,6.19,8.42,11.23,12.59,60,355.33,0.03,30,30.06,41.84,3.3,28.42
Navajo & Hopi,FDZ,7,2,8,"20226, 20312, 290102",1/1/02 - 12/31/16, ,Y,FDZ Navajo & Hopi,49,6.28,8.5,11.33,12.67,60,358,0.04,30,30.77,42.23,3.35,28.68
Navajo & Hopi,FDZ,7,2,8,"20226, 20312, 290102",1/1/02 - 12/31/16, ,Y,FDZ Navajo & Hopi,50,6.37,8.57,11.41,12.74,60,361,0.04,30,31.51,42.64,3.39,28.94
Navajo & Hopi,FDZ,7,2,8,"20226, 20312, 290102",1/1/02 - 12/31/16, ,Y,FDZ Navajo & Hopi,51,6.46,8.65,11.51,12.82,60,365.33,0.04,30,32.26,43.08,3.44,29.23
Navajo & Hopi,FDZ,7,2,8,"20226, 20312, 290102",1/1/02 - 12/31/16, ,Y,FDZ Navajo & Hopi,52,6.56,8.74,11.62,12.92,60,369.67,0.05,30,32.97,43.45,3.47,29.47
Navajo & Hopi,FDZ,7,2,8,"20226, 20312, 290102",1/1/02 - 12/31/16, ,Y,FDZ Navajo & Hopi,53,6.64,8.83,11.73,13.02,60,372.67,0.05,30,33.78,43.75,3.51,29.82
Navajo & Hopi,FDZ,7,2,8,"20226, 20312, 290102",1/1/02 - 12/31/16, ,Y,FDZ Navajo & Hopi,54,6.73,8.92,11.83,13.12,60,378.33,0.06,30,34.53,44.12,3.55,30.08
Navajo & Hopi,FDZ,7,2,8,"20226, 20312, 290102",1/1/02 - 12/31/16, ,Y,FDZ Navajo & Hopi,55,6.83,9.03,11.9,13.24,60,382.33,0.06,30,35.1,44.44,3.6,30.36
Navajo & Hopi,FDZ,7,2,8,"20226, 20312, 290102",1/1/02 - 12/31/16, ,Y,FDZ Navajo & Hopi,56,6.91,9.13,12.01,13.33,60,387,0.07,30,35.75,44.76,3.65,30.62
Navajo & Hopi,FDZ,7,2,8,"20226, 20312, 290102",1/1/02 - 12/31/16, ,Y,FDZ Navajo & Hopi,57,7,9.23,12.12,13.43,60,390.43,0.07,30,36.37,45.05,3.69,30.85
Navajo & Hopi,FDZ,7,2,8,"20226, 20312, 290102",1/1/02 - 12/31/16, ,Y,FDZ Navajo & Hopi,58,7.1,9.32,12.24,13.52,60,393.67,0.07,30,37.12,45.35,3.74,31.11
Navajo & Hopi,FDZ,7,2,8,"20226, 20312, 290102",1/1/02 - 12/31/16, ,Y,FDZ Navajo & Hopi,59,7.19,9.43,12.36,13.64,60,396,0.08,30,37.98,45.71,3.79,31.39
Navajo & Hopi,FDZ,7,2,8,"20226, 20312, 290102",1/1/02 - 12/31/16, ,Y,FDZ Navajo & Hopi,60,7.3,9.53,12.49,13.72,60,398.33,0.08,30,38.63,46.05,3.84,31.66
Navajo & Hopi,FDZ,7,2,8,"20226, 20312, 290102",1/1/02 - 12/31/16, ,Y,FDZ Navajo & Hopi,61,7.41,9.66,12.6,13.82,60,401.67,0.09,30,39.27,46.43,3.88,31.98
Navajo & Hopi,FDZ,7,2,8,"20226, 20312, 290102",1/1/02 - 12/31/16, ,Y,FDZ Navajo & Hopi,62,7.52,9.78,12.71,13.91,60,404.67,0.09,30,39.92,46.77,3.93,32.22
Navajo & Hopi,FDZ,7,2,8,"20226, 20312, 290102",1/1/02 - 12/31/16, ,Y,FDZ Navajo & Hopi,63,7.65,9.91,12.83,14.02,60,407.67,0.1,30,40.76,47.16,3.98,32.45
Navajo & Hopi,FDZ,7,2,8,"20226, 20312, 290102",1/1/02 - 12/31/16, ,Y,FDZ Navajo & Hopi,64,7.77,10.04,12.94,14.12,60,410.33,0.1,30,41.51,47.59,4.02,32.81
Navajo & Hopi,FDZ,7,2,8,"20226, 20312, 290102",1/1/02 - 12/31/16, ,Y,FDZ Navajo & Hopi,65,7.89,10.19,13.09,14.24,60,412.87,0.11,30,42.28,47.98,4.08,33.13
Navajo & Hopi,FDZ,7,2,8,"20226, 20312, 290102",1/1/02 - 12/31/16, ,Y,FDZ Navajo & Hopi,66,8,10.32,13.23,14.34,60,415.67,0.11,30,43.13,48.32,4.13,33.44
Navajo & Hopi,FDZ,7,2,8,"20226, 20312, 290102",1/1/02 - 12/31/16, ,Y,FDZ Navajo & Hopi,67,8.16,10.45,13.37,14.46,60,417.89,0.12,30,43.75,48.63,4.18,33.77
Navajo & Hopi,FDZ,7,2,8,"20226, 20312, 290102",1/1/02 - 12/31/16, ,Y,FDZ Navajo & Hopi,68,8.32,10.59,13.51,14.55,60,420.67,0.13,30,44.46,49.06,4.23,34.03
Navajo & Hopi,FDZ,7,2,8,"20226, 20312, 290102",1/1/02 - 12/31/16, ,Y,FDZ Navajo & Hopi,69,8.52,10.76,13.63,14.68,60,423.33,0.13,30,45.47,49.48,4.28,34.35
Navajo & Hopi,FDZ,7,2,8,"20226, 20312, 290102",1/1/02 - 12/31/16, ,Y,FDZ Navajo & Hopi,70,8.72,10.91,13.77,14.83,60,425,0.14,30,46.44,49.85,4.35,34.64
Navajo & Hopi,FDZ,7,2,8,"20226, 20312, 290102",1/1/02 - 12/31/16, ,Y,FDZ Navajo & Hopi,71,8.93,11.1,13.93,14.96,60,427,0.15,30,47.2,50.24,4.4,34.96
Navajo & Hopi,FDZ,7,2,8,"20226, 20312, 290102",1/1/02 - 12/31/16, ,Y,FDZ Navajo & Hopi,72,9.15,11.34,14.08,15.1,60,431.63,0.16,30,47.89,50.69,4.47,35.26
Navajo & Hopi,FDZ,7,2,8,"20226, 20312, 290102",1/1/02 - 12/31/16, ,Y,FDZ Navajo & Hopi,73,9.39,11.55,14.32,15.22,60,434.33,0.16,30,48.58,51.13,4.53,35.6
Navajo & Hopi,FDZ,7,2,8,"20226, 20312, 290102",1/1/02 - 12/31/16, ,Y,FDZ Navajo & Hopi,74,9.62,11.78,14.49,15.36,60.48,437.67,0.17,30.76,49.39,51.52,4.59,35.92
Navajo & Hopi,FDZ,7,2,8,"20226, 20312, 290102",1/1/02 - 12/31/16, ,Y,FDZ Navajo & Hopi,75,9.95,12.04,14.65,15.51,61.24,439.33,0.18,31.95,50.27,51.94,4.65,36.27
Navajo & Hopi,FDZ,7,2,8,"20226, 20312, 290102",1/1/02 - 12/31/16, ,Y,FDZ Navajo & Hopi,76,10.3,12.32,14.86,15.64,61.92,444.33,0.19,33.01,51.26,52.39,4.71,36.63
Navajo & Hopi,FDZ,7,2,8,"20226, 20312, 290102",1/1/02 - 12/31/16, ,Y,FDZ Navajo & Hopi,77,10.86,12.59,15.08,15.82,62.55,449,0.2,34.01,51.96,52.82,4.78,36.97
Navajo & Hopi,FDZ,7,2,8,"20226, 20312, 290102",1/1/02 - 12/31/16, ,Y,FDZ Navajo & Hopi,78,11.46,12.91,15.31,15.96,63.22,453.67,0.21,35.07,53.09,53.19,4.85,37.4
Navajo & Hopi,FDZ,7,2,8,"20226, 20312, 290102",1/1/02 - 12/31/16, ,Y,FDZ Navajo & Hopi,79,12.27,13.35,15.57,16.11,64.03,458.67,0.22,36.34,54.06,53.71,4.93,37.82
Navajo & Hopi,FDZ,7,2,8,"20226, 20312, 290102",1/1/02 - 12/31/16, ,Y,FDZ Navajo & Hopi,80,13.15,13.97,15.84,16.25,64.89,463.4,0.23,37.68,55.14,54.19,5.02,38.21
Navajo & Hopi,FDZ,7,2,8,"20226, 20312, 290102",1/1/02 - 12/31/16, ,Y,FDZ Navajo & Hopi,81,14.32,14.48,16.06,16.44,65.78,469,0.24,39.09,56.11,54.63,5.08,38.72
Navajo & Hopi,FDZ,7,2,8,"20226, 20312, 290102",1/1/02 - 12/31/16, ,Y,FDZ Navajo & Hopi,82,15.22,14.88,16.36,16.65,66.92,474,0.25,40.88,57.34,55.25,5.15,39.21
Navajo & Hopi,FDZ,7,2,8,"20226, 20312, 290102",1/1/02 - 12/31/16, ,Y,FDZ Navajo & Hopi,83,15.74,15.3,16.68,16.89,67.84,485.33,0.25,42.32,58.44,55.84,5.24,39.66
Navajo & Hopi,FDZ,7,2,8,"20226, 20312, 290102",1/1/02 - 12/31/16, ,Y,FDZ Navajo & Hopi,84,16.22,15.64,17.02,17.1,68.9,492.12,0.26,43.98,59.69,56.55,5.31,40.13
Navajo & Hopi,FDZ,7,2,8,"20226, 20312, 290102",1/1/02 - 12/31/16, ,Y,FDZ Navajo & Hopi,85,16.57,15.92,17.28,17.33,70.35,499.8,0.27,46.26,60.93,57.32,5.4,40.66
Navajo & Hopi,FDZ,7,2,8,"20226, 20312, 290102",1/1/02 - 12/31/16, ,Y,FDZ Navajo & Hopi,86,17.04,16.36,17.59,17.63,71.67,506.33,0.28,48.35,61.96,58.16,5.5,41.11
Navajo & Hopi,FDZ,7,2,8,"20226, 20312, 290102",1/1/02 - 12/31/16, ,Y,FDZ Navajo & Hopi,87,17.61,16.81,17.86,17.94,72.66,515.49,0.3,49.89,63.21,58.99,5.61,41.67
Navajo & Hopi,FDZ,7,2,8,"20226, 20312, 290102",1/1/02 - 12/31/16, ,Y,FDZ Navajo & Hopi,88,18.34,17.39,18.13,18.21,73.9,523.33,0.31,51.84,64.45,59.88,5.73,42.14
Navajo & Hopi,FDZ,7,2,8,"20226, 20312, 290102",1/1/02 - 12/31/16, ,Y,FDZ Navajo & Hopi,89,19.52,17.88,18.4,18.46,75.23,527.19,0.32,53.93,65.77,60.79,5.83,42.74
Navajo & Hopi,FDZ,7,2,8,"20226, 20312, 290102",1/1/02 - 12/31/16, ,Y,FDZ Navajo & Hopi,90,20.99,18.58,18.66,18.7,76.93,535,0.33,56.6,67.46,61.68,5.94,43.27
Navajo & Hopi,FDZ,7,2,8,"20226, 20312, 290102",1/1/02 - 12/31/16, ,Y,FDZ Navajo & Hopi,91,23.36,19.59,18.97,18.93,78.66,545,0.35,59.32,68.7,62.67,6.08,43.88
Navajo & Hopi,FDZ,7,2,8,"20226, 20312, 290102",1/1/02 - 12/31/16, ,Y,FDZ Navajo & Hopi,92,24.4,20.27,19.26,19.12,80.74,551.67,0.37,62.6,70.3,63.59,6.24,44.54
Navajo & Hopi,FDZ,7,2,8,"20226, 20312, 290102",1/1/02 - 12/31/16, ,Y,FDZ Navajo & Hopi,93,24.85,20.81,19.7,19.38,83.02,560.67,0.39,66.17,72.14,64.6,6.42,45.34
Navajo & Hopi,FDZ,7,2,8,"20226, 20312, 290102",1/1/02 - 12/31/16, ,Y,FDZ Navajo & Hopi,94,25.3,21.21,20.06,19.66,85.95,566.25,0.41,70.78,73.86,65.66,6.63,46.15
Navajo & Hopi,FDZ,7,2,8,"20226, 20312, 290102",1/1/02 - 12/31/16, ,Y,FDZ Navajo & Hopi,95,25.91,21.87,20.47,19.97,89.69,570.6,0.43,76.66,76.04,66.89,6.85,47.2
Navajo & Hopi,FDZ,7,2,8,"20226, 20312, 290102",1/1/02 - 12/31/16, ,Y,FDZ Navajo & Hopi,96,27.93,22.74,20.96,20.25,93.26,577,0.45,82.26,77.89,67.95,7.13,48.36
Navajo & Hopi,FDZ,7,2,8,"20226, 20312, 290102",1/1/02 - 12/31/16, ,Y,FDZ Navajo & Hopi,97,32.64,24.85,21.47,20.57,97.96,590,0.48,89.65,80.43,69.6,7.55,49.6
Navajo & Hopi,FDZ,7,2,8,"20226, 20312, 290102",1/1/02 - 12/31/16, ,Y,FDZ Navajo & Hopi,98,32.64,25.24,22.03,20.99,105.62,611.33,0.51,101.69,82.94,70.97,8.11,51.27
Navajo & Hopi,FDZ,7,2,8,"20226, 20312, 290102",1/1/02 - 12/31/16, ,Y,FDZ Navajo & Hopi,99,32.64,25.24,22.66,21.57,113.38,621.65,0.56,113.88,87.14,72.76,8.9,54.28
Navajo & Hopi,FDZ,7,2,8,"20226, 20312, 290102",1/1/02 - 12/31/16, ,Y,FDZ Navajo & Hopi,100,32.64,25.96,28.12,29.89,142.98,658,0.71,160.4,98.23,77.62,12.32,64.67
North Kaibab & North Rim,WDZ,3,2,8,"20216, 20220, 20211, 20212",1/1/02 - 12/31/16, ,Y,WDZ North Kaibab & North Rim,1,2.7,4.74,6.69,8,60,0,0,30,0,0.76,0,0
North Kaibab & North Rim,WDZ,3,2,8,"20216, 20220, 20211, 20212",1/1/02 - 12/31/16, ,Y,WDZ North Kaibab & North Rim,2,3.03,5.04,7.07,8.4,60,0.5,0,30,0,0.77,0,0
North Kaibab & North Rim,WDZ,3,2,8,"20216, 20220, 20211, 20212",1/1/02 - 12/31/16, ,Y,WDZ North Kaibab & North Rim,3,3.22,5.24,7.3,8.64,60,1,0,30,0,0.8,0,0
North Kaibab & North Rim,WDZ,3,2,8,"20216, 20220, 20211, 20212",1/1/02 - 12/31/16, ,Y,WDZ North Kaibab & North Rim,4,3.4,5.42,7.56,8.88,60,1.25,0,30,0,0.86,0,0
North Kaibab & North Rim,WDZ,3,2,8,"20216, 20220, 20211, 20212",1/1/02 - 12/31/16, ,Y,WDZ North Kaibab & North Rim,5,3.56,5.57,7.77,9.11,60,2,0,30,0,0.94,0,0
North Kaibab & North Rim,WDZ,3,2,8,"20216, 20220, 20211, 20212",1/1/02 - 12/31/16, ,Y,WDZ North Kaibab & North Rim,6,3.74,5.74,8,9.37,60,4,0,30,0,1.08,0,0
North Kaibab & North Rim,WDZ,3,2,8,"20216, 20220, 20211, 20212",1/1/02 - 12/31/16, ,Y,WDZ North Kaibab & North Rim,7,3.88,5.87,8.19,9.6,60,5.5,0,30,0,1.3,0,0
North Kaibab & North Rim,WDZ,3,2,8,"20216, 20220, 20211, 20212",1/1/02 - 12/31/16, ,Y,WDZ North Kaibab & North Rim,8,4,5.99,8.35,9.82,60,7.5,0,30,0,1.56,0,0
North Kaibab & North Rim,WDZ,3,2,8,"20216, 20220, 20211, 20212",1/1/02 - 12/31/16, ,Y,WDZ North Kaibab & North Rim,9,4.12,6.09,8.56,10.08,60,10,0,30,0,1.88,0,0
North Kaibab & North Rim,WDZ,3,2,8,"20216, 20220, 20211, 20212",1/1/02 - 12/31/16, ,Y,WDZ North Kaibab & North Rim,10,4.24,6.2,8.78,10.32,60,12.1,0,30,0,2.31,0,0
North Kaibab & North Rim,WDZ,3,2,8,"20216, 20220, 20211, 20212",1/1/02 - 12/31/16, ,Y,WDZ North Kaibab & North Rim,11,4.34,6.32,8.94,10.57,60,14.25,0,30,0,2.82,0,0
North Kaibab & North Rim,WDZ,3,2,8,"20216, 20220, 20211, 20212",1/1/02 - 12/31/16, ,Y,WDZ North Kaibab & North Rim,12,4.46,6.43,9.12,10.76,60,15.5,0,30,0,3.46,0,0
North Kaibab & North Rim,WDZ,3,2,8,"20216, 20220, 20211, 20212",1/1/02 - 12/31/16, ,Y,WDZ North Kaibab & North Rim,13,4.57,6.54,9.27,10.94,60,17.5,0,30,0,4.08,0,0
North Kaibab & North Rim,WDZ,3,2,8,"20216, 20220, 20211, 20212",1/1/02 - 12/31/16, ,Y,WDZ North Kaibab & North Rim,14,4.67,6.66,9.38,11.12,60,18.25,0,30,0,4.63,0,0
North Kaibab & North Rim,WDZ,3,2,8,"20216, 20220, 20211, 20212",1/1/02 - 12/31/16, ,Y,WDZ North Kaibab & North Rim,15,4.76,6.77,9.57,11.31,60,20,0,30,0,5.19,0,0
North Kaibab & North Rim,WDZ,3,2,8,"20216, 20220, 20211, 20212",1/1/02 - 12/31/16, ,Y,WDZ North Kaibab & North Rim,16,4.86,6.89,9.7,11.48,60,21.5,0,30,0,5.73,0,0
North Kaibab & North Rim,WDZ,3,2,8,"20216, 20220, 20211, 20212",1/1/02 - 12/31/16, ,Y,WDZ North Kaibab & North Rim,17,4.96,7,9.83,11.63,60,23.25,0,30,0,6.31,0,0
North Kaibab & North Rim,WDZ,3,2,8,"20216, 20220, 20211, 20212",1/1/02 - 12/31/16, ,Y,WDZ North Kaibab & North Rim,18,5.05,7.1,9.98,11.78,60,24.5,0,30,0,6.91,0,0
North Kaibab & North Rim,WDZ,3,2,8,"20216, 20220, 20211, 20212",1/1/02 - 12/31/16, ,Y,WDZ North Kaibab & North Rim,19,5.17,7.21,10.12,11.93,60,26.25,0,30,0,7.63,0,0
North Kaibab & North Rim,WDZ,3,2,8,"20216, 20220, 20211, 20212",1/1/02 - 12/31/16, ,Y,WDZ North Kaibab & North Rim,20,5.26,7.3,10.24,12.06,60,28.25,0,30,0,8.6,0.1,1.61
North Kaibab & North Rim,WDZ,3,2,8,"20216, 20220, 20211, 20212",1/1/02 - 12/31/16, ,Y,WDZ North Kaibab & North Rim,21,5.36,7.39,10.33,12.16,60,30.46,0,30,0.06,9.52,0.28,3.2
North Kaibab & North Rim,WDZ,3,2,8,"20216, 20220, 20211, 20212",1/1/02 - 12/31/16, ,Y,WDZ North Kaibab & North Rim,22,5.45,7.51,10.46,12.28,60,33.22,0,30,0.44,10.25,0.43,3.74
North Kaibab & North Rim,WDZ,3,2,8,"20216, 20220, 20211, 20212",1/1/02 - 12/31/16, ,Y,WDZ North Kaibab & North Rim,23,5.54,7.6,10.56,12.4,60,35.25,0,30,1,11.25,0.5,4.29
North Kaibab & North Rim,WDZ,3,2,8,"20216, 20220, 20211, 20212",1/1/02 - 12/31/16, ,Y,WDZ North Kaibab & North Rim,24,5.63,7.71,10.66,12.5,60,36.75,0,30,1.53,12.01,0.57,4.86
North Kaibab & North Rim,WDZ,3,2,8,"20216, 20220, 20211, 20212",1/1/02 - 12/31/16, ,Y,WDZ North Kaibab & North Rim,25,5.72,7.8,10.76,12.63,60,38.5,0,30,2.07,12.93,0.67,5.98
North Kaibab & North Rim,WDZ,3,2,8,"20216, 20220, 20211, 20212",1/1/02 - 12/31/16, ,Y,WDZ North Kaibab & North Rim,26,5.8,7.89,10.86,12.73,60,40.75,0,30,2.67,13.88,0.78,7.42
North Kaibab & North Rim,WDZ,3,2,8,"20216, 20220, 20211, 20212",1/1/02 - 12/31/16, ,Y,WDZ North Kaibab & North Rim,27,5.89,7.96,10.97,12.83,60,42.52,0,30,3.39,14.72,0.9,8.22
North Kaibab & North Rim,WDZ,3,2,8,"20216, 20220, 20211, 20212",1/1/02 - 12/31/16, ,Y,WDZ North Kaibab & North Rim,28,6,8.05,11.05,12.93,60,44,0,30,4.04,15.75,1,8.99
North Kaibab & North Rim,WDZ,3,2,8,"20216, 20220, 20211, 20212",1/1/02 - 12/31/16, ,Y,WDZ North Kaibab & North Rim,29,6.09,8.14,11.16,13.01,60,46.25,0,30,4.62,16.78,1.1,9.74
North Kaibab & North Rim,WDZ,3,2,8,"20216, 20220, 20211, 20212",1/1/02 - 12/31/16, ,Y,WDZ North Kaibab & North Rim,30,6.19,8.23,11.28,13.12,60,48.25,0,30,5.19,17.82,1.17,10.59
North Kaibab & North Rim,WDZ,3,2,8,"20216, 20220, 20211, 20212",1/1/02 - 12/31/16, ,Y,WDZ North Kaibab & North Rim,31,6.28,8.32,11.41,13.22,60,50.56,0,30,5.91,18.8,1.25,11.33
North Kaibab & North Rim,WDZ,3,2,8,"20216, 20220, 20211, 20212",1/1/02 - 12/31/16, ,Y,WDZ North Kaibab & North Rim,32,6.37,8.39,11.52,13.32,60,54,0,30,6.48,19.7,1.31,12.2
North Kaibab & North Rim,WDZ,3,2,8,"20216, 20220, 20211, 20212",1/1/02 - 12/31/16, ,Y,WDZ North Kaibab & North Rim,33,6.45,8.49,11.64,13.44,60,56.5,0,30,7.05,20.83,1.36,13
North Kaibab & North Rim,WDZ,3,2,8,"20216, 20220, 20211, 20212",1/1/02 - 12/31/16, ,Y,WDZ North Kaibab & North Rim,34,6.54,8.59,11.78,13.55,60,59.59,0,30,7.64,21.69,1.42,13.72
North Kaibab & North Rim,WDZ,3,2,8,"20216, 20220, 20211, 20212",1/1/02 - 12/31/16, ,Y,WDZ North Kaibab & North Rim,35,6.64,8.69,11.88,13.65,60,63.1,0,30,8.34,22.55,1.46,14.55
North Kaibab & North Rim,WDZ,3,2,8,"20216, 20220, 20211, 20212",1/1/02 - 12/31/16, ,Y,WDZ North Kaibab & North Rim,36,6.73,8.78,12.01,13.73,60,67.25,0,30,8.98,23.34,1.5,15.18
North Kaibab & North Rim,WDZ,3,2,8,"20216, 20220, 20211, 20212",1/1/02 - 12/31/16, ,Y,WDZ North Kaibab & North Rim,37,6.84,8.87,12.12,13.81,60,71.25,0,30,9.61,24.17,1.55,15.65
North Kaibab & North Rim,WDZ,3,2,8,"20216, 20220, 20211, 20212",1/1/02 - 12/31/16, ,Y,WDZ North Kaibab & North Rim,38,6.96,8.98,12.23,13.92,60,74.75,0,30,10.1,24.91,1.58,16.18
North Kaibab & North Rim,WDZ,3,2,8,"20216, 20220, 20211, 20212",1/1/02 - 12/31/16, ,Y,WDZ North Kaibab & North Rim,39,7.06,9.08,12.36,14,60,77.89,0.01,30,10.79,25.4,1.62,16.63
North Kaibab & North Rim,WDZ,3,2,8,"20216, 20220, 20211, 20212",1/1/02 - 12/31/16, ,Y,WDZ North Kaibab & North Rim,40,7.17,9.2,12.48,14.09,60,81.5,0.01,30,11.49,26.03,1.65,16.98
North Kaibab & North Rim,WDZ,3,2,8,"20216, 20220, 20211, 20212",1/1/02 - 12/31/16, ,Y,WDZ North Kaibab & North Rim,41,7.28,9.3,12.61,14.2,60,84.75,0.01,30,11.98,26.67,1.68,17.32
North Kaibab & North Rim,WDZ,3,2,8,"20216, 20220, 20211, 20212",1/1/02 - 12/31/16, ,Y,WDZ North Kaibab & North Rim,42,7.41,9.46,12.73,14.33,60,88.17,0.01,30,12.54,27.36,1.7,17.62
North Kaibab & North Rim,WDZ,3,2,8,"20216, 20220, 20211, 20212",1/1/02 - 12/31/16, ,Y,WDZ North Kaibab & North Rim,43,7.52,9.59,12.88,14.45,60,92.25,0.02,30,13.08,28.02,1.73,17.94
North Kaibab & North Rim,WDZ,3,2,8,"20216, 20220, 20211, 20212",1/1/02 - 12/31/16, ,Y,WDZ North Kaibab & North Rim,44,7.7,9.75,13,14.55,60,94.75,0.02,30,13.53,28.7,1.76,18.29
North Kaibab & North Rim,WDZ,3,2,8,"20216, 20220, 20211, 20212",1/1/02 - 12/31/16, ,Y,WDZ North Kaibab & North Rim,45,7.87,9.87,13.16,14.66,60,97.75,0.03,30,13.98,29.28,1.78,18.57
North Kaibab & North Rim,WDZ,3,2,8,"20216, 20220, 20211, 20212",1/1/02 - 12/31/16, ,Y,WDZ North Kaibab & North Rim,46,8.01,9.98,13.29,14.77,60,99.75,0.03,30,14.54,29.77,1.81,18.84
North Kaibab & North Rim,WDZ,3,2,8,"20216, 20220, 20211, 20212",1/1/02 - 12/31/16, ,Y,WDZ North Kaibab & North Rim,47,8.14,10.14,13.43,14.93,60,102,0.04,30,15.12,30.26,1.84,19.11
North Kaibab & North Rim,WDZ,3,2,8,"20216, 20220, 20211, 20212",1/1/02 - 12/31/16, ,Y,WDZ North Kaibab & North Rim,48,8.32,10.3,13.59,15.05,60,104.75,0.04,30,15.69,30.75,1.86,19.37
North Kaibab & North Rim,WDZ,3,2,8,"20216, 20220, 20211, 20212",1/1/02 - 12/31/16, ,Y,WDZ North Kaibab & North Rim,49,8.48,10.46,13.71,15.18,60,108.25,0.05,30,16.18,31.33,1.89,19.65
North Kaibab & North Rim,WDZ,3,2,8,"20216, 20220, 20211, 20212",1/1/02 - 12/31/16, ,Y,WDZ North Kaibab & North Rim,50,8.7,10.62,13.85,15.33,60,111.5,0.06,30,16.74,31.88,1.92,19.95
North Kaibab & North Rim,WDZ,3,2,8,"20216, 20220, 20211, 20212",1/1/02 - 12/31/16, ,Y,WDZ North Kaibab & North Rim,51,8.92,10.81,13.96,15.46,60,114.5,0.06,30,17.3,32.63,1.94,20.19
North Kaibab & North Rim,WDZ,3,2,8,"20216, 20220, 20211, 20212",1/1/02 - 12/31/16, ,Y,WDZ North Kaibab & North Rim,52,9.1,11.02,14.16,15.59,60,118,0.07,30,17.72,33.12,1.96,20.41
North Kaibab & North Rim,WDZ,3,2,8,"20216, 20220, 20211, 20212",1/1/02 - 12/31/16, ,Y,WDZ North Kaibab & North Rim,53,9.31,11.23,14.31,15.72,60,120,0.08,30,18.34,33.6,1.98,20.63
North Kaibab & North Rim,WDZ,3,2,8,"20216, 20220, 20211, 20212",1/1/02 - 12/31/16, ,Y,WDZ North Kaibab & North Rim,54,9.57,11.46,14.49,15.86,60,123,0.08,30,18.94,34.14,2.01,20.87
North Kaibab & North Rim,WDZ,3,2,8,"20216, 20220, 20211, 20212",1/1/02 - 12/31/16, ,Y,WDZ North Kaibab & North Rim,55,9.84,11.65,14.67,15.96,60,127.05,0.09,30,19.59,34.68,2.03,21.14
North Kaibab & North Rim,WDZ,3,2,8,"20216, 20220, 20211, 20212",1/1/02 - 12/31/16, ,Y,WDZ North Kaibab & North Rim,56,10.1,11.93,14.89,16.11,60,129.5,0.1,30,20.03,35.11,2.06,21.37
North Kaibab & North Rim,WDZ,3,2,8,"20216, 20220, 20211, 20212",1/1/02 - 12/31/16, ,Y,WDZ North Kaibab & North Rim,57,10.44,12.19,15.11,16.26,60,132.75,0.11,30,20.54,35.67,2.08,21.61
North Kaibab & North Rim,WDZ,3,2,8,"20216, 20220, 20211, 20212",1/1/02 - 12/31/16, ,Y,WDZ North Kaibab & North Rim,58,10.81,12.45,15.31,16.38,60,137,0.12,30,21.12,36.11,2.1,21.87
North Kaibab & North Rim,WDZ,3,2,8,"20216, 20220, 20211, 20212",1/1/02 - 12/31/16, ,Y,WDZ North Kaibab & North Rim,59,11.19,12.74,15.5,16.55,60,140.75,0.13,30,21.73,36.45,2.12,22.08
North Kaibab & North Rim,WDZ,3,2,8,"20216, 20220, 20211, 20212",1/1/02 - 12/31/16, ,Y,WDZ North Kaibab & North Rim,60,11.65,13.12,15.73,16.73,60,145.25,0.14,30,22.33,36.91,2.14,22.25
North Kaibab & North Rim,WDZ,3,2,8,"20216, 20220, 20211, 20212",1/1/02 - 12/31/16, ,Y,WDZ North Kaibab & North Rim,61,12.08,13.43,16.01,16.84,60,151.11,0.15,30,22.84,37.4,2.16,22.49
North Kaibab & North Rim,WDZ,3,2,8,"20216, 20220, 20211, 20212",1/1/02 - 12/31/16, ,Y,WDZ North Kaibab & North Rim,62,12.55,13.77,16.22,17.03,60,156.87,0.16,30,23.38,37.79,2.18,22.68
North Kaibab & North Rim,WDZ,3,2,8,"20216, 20220, 20211, 20212",1/1/02 - 12/31/16, ,Y,WDZ North Kaibab & North Rim,63,13.12,14.09,16.45,17.2,60,161,0.16,30,23.88,38.21,2.2,22.85
North Kaibab & North Rim,WDZ,3,2,8,"20216, 20220, 20211, 20212",1/1/02 - 12/31/16, ,Y,WDZ North Kaibab & North Rim,64,13.76,14.56,16.7,17.35,60,165.14,0.17,30,24.32,38.58,2.22,23.04
North Kaibab & North Rim,WDZ,3,2,8,"20216, 20220, 20211, 20212",1/1/02 - 12/31/16, ,Y,WDZ North Kaibab & North Rim,65,14.47,15.1,16.93,17.49,60.56,169.15,0.18,30.88,24.84,39.13,2.25,23.27
North Kaibab & North Rim,WDZ,3,2,8,"20216, 20220, 20211, 20212",1/1/02 - 12/31/16, ,Y,WDZ North Kaibab & North Rim,66,15.4,15.66,17.17,17.67,61.37,173.5,0.2,32.15,25.42,39.53,2.28,23.47
North Kaibab & North Rim,WDZ,3,2,8,"20216, 20220, 20211, 20212",1/1/02 - 12/31/16, ,Y,WDZ North Kaibab & North Rim,67,16.45,16.24,17.48,17.83,62.18,178.75,0.21,33.42,25.92,39.95,2.3,23.7
North Kaibab & North Rim,WDZ,3,2,8,"20216, 20220, 20211, 20212",1/1/02 - 12/31/16, ,Y,WDZ North Kaibab & North Rim,68,18.19,16.59,17.76,18.04,62.98,183.75,0.22,34.68,26.57,40.42,2.33,23.89
North Kaibab & North Rim,WDZ,3,2,8,"20216, 20220, 20211, 20212",1/1/02 - 12/31/16, ,Y,WDZ North Kaibab & North Rim,69,19.14,16.98,18.04,18.24,63.91,188.5,0.23,36.15,27.21,40.78,2.35,24.14
North Kaibab & North Rim,WDZ,3,2,8,"20216, 20220, 20211, 20212",1/1/02 - 12/31/16, ,Y,WDZ North Kaibab & North Rim,70,19.52,17.43,18.29,18.47,64.93,193.45,0.24,37.74,27.83,41.24,2.38,24.38
North Kaibab & North Rim,WDZ,3,2,8,"20216, 20220, 20211, 20212",1/1/02 - 12/31/16, ,Y,WDZ North Kaibab & North Rim,71,19.98,17.93,18.6,18.7,65.88,197.5,0.26,39.24,28.38,41.77,2.4,24.56
North Kaibab & North Rim,WDZ,3,2,8,"20216, 20220, 20211, 20212",1/1/02 - 12/31/16, ,Y,WDZ North Kaibab & North Rim,72,20.66,18.45,18.89,18.89,67.13,203,0.27,41.21,29.14,42.22,2.43,24.75
North Kaibab & North Rim,WDZ,3,2,8,"20216, 20220, 20211, 20212",1/1/02 - 12/31/16, ,Y,WDZ North Kaibab & North Rim,73,21.47,19.01,19.15,19.16,68.55,208.5,0.28,43.44,29.74,42.59,2.46,24.98
North Kaibab & North Rim,WDZ,3,2,8,"20216, 20220, 20211, 20212",1/1/02 - 12/31/16, ,Y,WDZ North Kaibab & North Rim,74,22.66,19.73,19.48,19.42,70.24,214.5,0.3,46.1,30.36,43.12,2.48,25.14
North Kaibab & North Rim,WDZ,3,2,8,"20216, 20220, 20211, 20212",1/1/02 - 12/31/16, ,Y,WDZ North Kaibab & North Rim,75,24.66,20.58,19.76,19.67,72.22,220,0.31,49.2,31.02,43.62,2.51,25.4
North Kaibab & North Rim,WDZ,3,2,8,"20216, 20220, 20211, 20212",1/1/02 - 12/31/16, ,Y,WDZ North Kaibab & North Rim,76,26,21.33,20.02,19.9,74.6,227.01,0.33,52.94,31.72,44.09,2.54,25.63
North Kaibab & North Rim,WDZ,3,2,8,"20216, 20220, 20211, 20212",1/1/02 - 12/31/16, ,Y,WDZ North Kaibab & North Rim,77,26.37,21.76,20.37,20.09,76.62,236.25,0.34,56.12,32.46,44.55,2.58,25.91
North Kaibab & North Rim,WDZ,3,2,8,"20216, 20220, 20211, 20212",1/1/02 - 12/31/16, ,Y,WDZ North Kaibab & North Rim,78,26.82,22.24,20.6,20.27,78.55,243.25,0.36,59.15,33.11,44.95,2.61,26.14
North Kaibab & North Rim,WDZ,3,2,8,"20216, 20220, 20211, 20212",1/1/02 - 12/31/16, ,Y,WDZ North Kaibab & North Rim,79,27.5,22.68,20.84,20.53,81.25,247.79,0.37,63.4,33.98,45.47,2.64,26.4
North Kaibab & North Rim,WDZ,3,2,8,"20216, 20220, 20211, 20212",1/1/02 - 12/31/16, ,Y,WDZ North Kaibab & North Rim,80,29.14,23.43,21.15,20.75,84.98,255.5,0.39,69.25,34.76,46.16,2.67,26.67
North Kaibab & North Rim,WDZ,3,2,8,"20216, 20220, 20211, 20212",1/1/02 - 12/31/16, ,Y,WDZ North Kaibab & North Rim,81,32.07,24.25,21.37,20.91,88.58,263.5,0.41,74.9,35.52,46.62,2.7,27
North Kaibab & North Rim,WDZ,3,2,8,"20216, 20220, 20211, 20212",1/1/02 - 12/31/16, ,Y,WDZ North Kaibab & North Rim,82,32.64,24.93,21.58,21.09,92.56,272.75,0.43,81.16,36.29,47.16,2.74,27.35
North Kaibab & North Rim,WDZ,3,2,8,"20216, 20220, 20211, 20212",1/1/02 - 12/31/16, ,Y,WDZ North Kaibab & North Rim,83,32.64,25.18,21.83,21.26,96.69,282.75,0.46,87.66,37.17,47.84,2.77,27.68
North Kaibab & North Rim,WDZ,3,2,8,"20216, 20220, 20211, 20212",1/1/02 - 12/31/16, ,Y,WDZ North Kaibab & North Rim,84,32.64,25.23,22.11,21.44,101.38,291.09,0.5,95.02,38.29,48.52,2.8,28.11
North Kaibab & North Rim,WDZ,3,2,8,"20216, 20220, 20211, 20212",1/1/02 - 12/31/16, ,Y,WDZ North Kaibab & North Rim,85,32.64,25.24,22.33,21.61,107.25,300.1,0.52,104.25,39.28,49.32,2.85,28.43
North Kaibab & North Rim,WDZ,3,2,8,"20216, 20220, 20211, 20212",1/1/02 - 12/31/16, ,Y,WDZ North Kaibab & North Rim,86,32.64,25.24,22.56,21.78,112.19,311.72,0.55,112.02,40.31,50.08,2.89,28.79
North Kaibab & North Rim,WDZ,3,2,8,"20216, 20220, 20211, 20212",1/1/02 - 12/31/16, ,Y,WDZ North Kaibab & North Rim,87,32.64,25.24,22.76,22,115.94,322.62,0.57,117.91,41.28,51.09,2.93,29.17
North Kaibab & North Rim,WDZ,3,2,8,"20216, 20220, 20211, 20212",1/1/02 - 12/31/16, ,Y,WDZ North Kaibab & North Rim,88,32.64,25.24,22.92,22.19,120.7,334,0.59,125.38,42.49,52.11,2.97,29.53
North Kaibab & North Rim,WDZ,3,2,8,"20216, 20220, 20211, 20212",1/1/02 - 12/31/16, ,Y,WDZ North Kaibab & North Rim,89,32.64,25.24,23.04,22.34,124.89,346.25,0.62,131.98,43.62,53.18,3.03,29.93
North Kaibab & North Rim,WDZ,3,2,8,"20216, 20220, 20211, 20212",1/1/02 - 12/31/16, ,Y,WDZ North Kaibab & North Rim,90,32.64,25.24,23.13,22.47,129.26,353.25,0.64,138.84,44.58,54.04,3.08,30.4
North Kaibab & North Rim,WDZ,3,2,8,"20216, 20220, 20211, 20212",1/1/02 - 12/31/16, ,Y,WDZ North Kaibab & North Rim,91,32.64,25.24,23.2,22.6,133.99,366.07,0.66,146.27,45.92,55.19,3.14,30.9
North Kaibab & North Rim,WDZ,3,2,8,"20216, 20220, 20211, 20212",1/1/02 - 12/31/16, ,Y,WDZ North Kaibab & North Rim,92,32.64,25.24,23.23,22.71,139.57,382.5,0.69,155.04,47.39,56.41,3.19,31.52
North Kaibab & North Rim,WDZ,3,2,8,"20216, 20220, 20211, 20212",1/1/02 - 12/31/16, ,Y,WDZ North Kaibab & North Rim,93,32.64,25.24,23.24,22.83,144.3,394.86,0.72,162.47,49.37,57.45,3.24,32.07
North Kaibab & North Rim,WDZ,3,2,8,"20216, 20220, 20211, 20212",1/1/02 - 12/31/16, ,Y,WDZ North Kaibab & North Rim,94,32.64,25.24,23.25,22.92,148.42,409.5,0.74,168.95,50.97,58.74,3.31,32.58
North Kaibab & North Rim,WDZ,3,2,8,"20216, 20220, 20211, 20212",1/1/02 - 12/31/16, ,Y,WDZ North Kaibab & North Rim,95,32.64,25.24,23.25,23,154.14,425.7,0.77,177.93,52.88,59.9,3.39,33.29
North Kaibab & North Rim,WDZ,3,2,8,"20216, 20220, 20211, 20212",1/1/02 - 12/31/16, ,Y,WDZ North Kaibab & North Rim,96,32.64,25.24,23.25,23.05,160.11,444.92,0.8,187.31,54.7,61.04,3.5,33.81
North Kaibab & North Rim,WDZ,3,2,8,"20216, 20220, 20211, 20212",1/1/02 - 12/31/16, ,Y,WDZ North Kaibab & North Rim,97,32.64,25.24,23.25,23.09,166.4,470.44,0.83,197.2,56.94,62.28,3.64,34.56
North Kaibab & North Rim,WDZ,3,2,8,"20216, 20220, 20211, 20212",1/1/02 - 12/31/16, ,Y,WDZ North Kaibab & North Rim,98,32.64,25.24,23.25,23.1,170.13,516.11,0.85,203.06,60.19,63.64,3.82,35.52
North Kaibab & North Rim,WDZ,3,2,8,"20216, 20220, 20211, 20212",1/1/02 - 12/31/16, ,Y,WDZ North Kaibab & North Rim,99,32.64,25.24,23.25,23.11,176.6,547.24,0.88,213.23,64.51,65.82,4.17,37.17
North Kaibab & North Rim,WDZ,3,2,8,"20216, 20220, 20211, 20212",1/1/02 - 12/31/16, ,Y,WDZ North Kaibab & North Rim,100,32.64,26.9,28.9,29.96,198.1,578.5,0.99,247.01,88.62,75.6,15.5,43.19
PJ Transition,GLZ,2,1,10,"293301, 293305, 290603",4/1/02 - 9/30/16, ,Y,GLZ PJ Transition,1,2.08,4.24,6.36,7.65,60,8.69,0,30,0,1.48,0,0
PJ Transition,GLZ,2,1,10,"293301, 293305, 290603",4/1/02 - 9/30/16, ,Y,GLZ PJ Transition,2,2.38,4.57,6.69,8.07,60,36.33,0,30,0,2.73,0,0
PJ Transition,GLZ,2,1,10,"293301, 293305, 290603",4/1/02 - 9/30/16, ,Y,GLZ PJ Transition,3,2.56,4.81,6.92,8.41,60,47,0,30,0,4.39,0,0
PJ Transition,GLZ,2,1,10,"293301, 293305, 290603",4/1/02 - 9/30/16, ,Y,GLZ PJ Transition,4,2.74,5,7.08,8.66,60,56.05,0,30,0,6.07,0,0
PJ Transition,GLZ,2,1,10,"293301, 293305, 290603",4/1/02 - 9/30/16, ,Y,GLZ PJ Transition,5,2.89,5.13,7.31,8.91,60,69.47,0,30,0,7.24,0,0
PJ Transition,GLZ,2,1,10,"293301, 293305, 290603",4/1/02 - 9/30/16, ,Y,GLZ PJ Transition,6,3.05,5.27,7.51,9.2,60,78.67,0,30,0,8.51,0,0
PJ Transition,GLZ,2,1,10,"293301, 293305, 290603",4/1/02 - 9/30/16, ,Y,GLZ PJ Transition,7,3.17,5.41,7.76,9.48,60,81.67,0,30,0,9.88,0,0
PJ Transition,GLZ,2,1,10,"293301, 293305, 290603",4/1/02 - 9/30/16, ,Y,GLZ PJ Transition,8,3.29,5.53,8,9.72,60,87.67,0,30,0,11,0,0
PJ Transition,GLZ,2,1,10,"293301, 293305, 290603",4/1/02 - 9/30/16, ,Y,GLZ PJ Transition,9,3.37,5.67,8.18,9.93,60,92.33,0,30,0,12.2,0.21,2.81
PJ Transition,GLZ,2,1,10,"293301, 293305, 290603",4/1/02 - 9/30/16, ,Y,GLZ PJ Transition,10,3.48,5.8,8.39,10.12,60,98,0,30,0.05,13.67,0.53,5.18
PJ Transition,GLZ,2,1,10,"293301, 293305, 290603",4/1/02 - 9/30/16, ,Y,GLZ PJ Transition,11,3.6,5.94,8.57,10.3,60,104.67,0,30,0.58,14.99,0.73,6.28
PJ Transition,GLZ,2,1,10,"293301, 293305, 290603",4/1/02 - 9/30/16, ,Y,GLZ PJ Transition,12,3.69,6.07,8.72,10.5,60,111,0,30,1.69,16.2,0.87,7.74
PJ Transition,GLZ,2,1,10,"293301, 293305, 290603",4/1/02 - 9/30/16, ,Y,GLZ PJ Transition,13,3.77,6.19,8.88,10.67,60,120.67,0,30,2.81,17.5,1.18,9.78
PJ Transition,GLZ,2,1,10,"293301, 293305, 290603",4/1/02 - 9/30/16, ,Y,GLZ PJ Transition,14,3.85,6.3,9.01,10.81,60,126.52,0,30,3.94,18.36,1.43,11.58
PJ Transition,GLZ,2,1,10,"293301, 293305, 290603",4/1/02 - 9/30/16, ,Y,GLZ PJ Transition,15,3.93,6.43,9.16,10.95,60,132.2,0,30,4.85,19.19,1.66,13.52
PJ Transition,GLZ,2,1,10,"293301, 293305, 290603",4/1/02 - 9/30/16, ,Y,GLZ PJ Transition,16,3.99,6.5,9.29,11.09,60,139,0,30,6.04,20.18,1.84,15.11
PJ Transition,GLZ,2,1,10,"293301, 293305, 290603",4/1/02 - 9/30/16, ,Y,GLZ PJ Transition,17,4.07,6.62,9.42,11.21,60,144.56,0,30,6.82,20.88,1.96,16.24
PJ Transition,GLZ,2,1,10,"293301, 293305, 290603",4/1/02 - 9/30/16, ,Y,GLZ PJ Transition,18,4.15,6.72,9.53,11.31,60,149,0,30,7.88,21.56,2.07,17.13
PJ Transition,GLZ,2,1,10,"293301, 293305, 290603",4/1/02 - 9/30/16, ,Y,GLZ PJ Transition,19,4.23,6.82,9.64,11.44,60,153.33,0,30,8.78,22.4,2.16,17.96
PJ Transition,GLZ,2,1,10,"293301, 293305, 290603",4/1/02 - 9/30/16, ,Y,GLZ PJ Transition,20,4.29,6.9,9.76,11.55,60,158,0,30,9.92,22.93,2.24,18.61
PJ Transition,GLZ,2,1,10,"293301, 293305, 290603",4/1/02 - 9/30/16, ,Y,GLZ PJ Transition,21,4.38,6.98,9.87,11.67,60,164.28,0,30,11.06,23.61,2.31,19.16
PJ Transition,GLZ,2,1,10,"293301, 293305, 290603",4/1/02 - 9/30/16, ,Y,GLZ PJ Transition,22,4.47,7.07,9.98,11.78,60,169.33,0,30,12.2,24.17,2.37,19.56
PJ Transition,GLZ,2,1,10,"293301, 293305, 290603",4/1/02 - 9/30/16, ,Y,GLZ PJ Transition,23,4.54,7.17,10.06,11.91,60,171.67,0,30,12.97,24.71,2.43,19.97
PJ Transition,GLZ,2,1,10,"293301, 293305, 290603",4/1/02 - 9/30/16, ,Y,GLZ PJ Transition,24,4.61,7.25,10.15,12.02,60,175.67,0,30,13.87,25.19,2.48,20.54
PJ Transition,GLZ,2,1,10,"293301, 293305, 290603",4/1/02 - 9/30/16, ,Y,GLZ PJ Transition,25,4.68,7.33,10.28,12.15,60,179.33,0,30,14.59,25.68,2.54,20.98
PJ Transition,GLZ,2,1,10,"293301, 293305, 290603",4/1/02 - 9/30/16, ,Y,GLZ PJ Transition,26,4.74,7.39,10.38,12.26,60,181,0,30,15.35,26.15,2.59,21.32
PJ Transition,GLZ,2,1,10,"293301, 293305, 290603",4/1/02 - 9/30/16, ,Y,GLZ PJ Transition,27,4.81,7.47,10.48,12.38,60,185,0,30,15.96,26.72,2.64,21.78
PJ Transition,GLZ,2,1,10,"293301, 293305, 290603",4/1/02 - 9/30/16, ,Y,GLZ PJ Transition,28,4.87,7.56,10.59,12.49,60,189,0,30,16.8,27.14,2.7,22.16
PJ Transition,GLZ,2,1,10,"293301, 293305, 290603",4/1/02 - 9/30/16, ,Y,GLZ PJ Transition,29,4.94,7.64,10.69,12.59,60,193,0,30,17.6,27.49,2.75,22.52
PJ Transition,GLZ,2,1,10,"293301, 293305, 290603",4/1/02 - 9/30/16, ,Y,GLZ PJ Transition,30,5.02,7.71,10.78,12.7,60,196.73,0,30,18.39,27.95,2.8,22.86
PJ Transition,GLZ,2,1,10,"293301, 293305, 290603",4/1/02 - 9/30/16, ,Y,GLZ PJ Transition,31,5.09,7.79,10.89,12.79,60,198.33,0,30,19.08,28.32,2.84,23.2
PJ Transition,GLZ,2,1,10,"293301, 293305, 290603",4/1/02 - 9/30/16, ,Y,GLZ PJ Transition,32,5.16,7.87,11.02,12.88,60,200.67,0,30,19.75,28.75,2.89,23.43
PJ Transition,GLZ,2,1,10,"293301, 293305, 290603",4/1/02 - 9/30/16, ,Y,GLZ PJ Transition,33,5.24,7.95,11.09,12.97,60,203.67,0,30,20.29,29.19,2.94,23.66
PJ Transition,GLZ,2,1,10,"293301, 293305, 290603",4/1/02 - 9/30/16, ,Y,GLZ PJ Transition,34,5.3,8.04,11.19,13.07,60,206.45,0,30,20.91,29.63,2.99,23.93
PJ Transition,GLZ,2,1,10,"293301, 293305, 290603",4/1/02 - 9/30/16, ,Y,GLZ PJ Transition,35,5.37,8.13,11.28,13.16,60,211,0,30,21.61,30.1,3.03,24.2
PJ Transition,GLZ,2,1,10,"293301, 293305, 290603",4/1/02 - 9/30/16, ,Y,GLZ PJ Transition,36,5.46,8.23,11.4,13.24,60,215,0,30,22.29,30.54,3.07,24.47
PJ Transition,GLZ,2,1,10,"293301, 293305, 290603",4/1/02 - 9/30/16, ,Y,GLZ PJ Transition,37,5.53,8.3,11.5,13.35,60,218.67,0,30,23.02,30.91,3.11,24.69
PJ Transition,GLZ,2,1,10,"293301, 293305, 290603",4/1/02 - 9/30/16, ,Y,GLZ PJ Transition,38,5.6,8.39,11.6,13.44,60,221.67,0,30,23.76,31.33,3.16,24.96
PJ Transition,GLZ,2,1,10,"293301, 293305, 290603",4/1/02 - 9/30/16, ,Y,GLZ PJ Transition,39,5.68,8.47,11.72,13.52,60,225.33,0,30,24.41,31.76,3.2,25.26
PJ Transition,GLZ,2,1,10,"293301, 293305, 290603",4/1/02 - 9/30/16, ,Y,GLZ PJ Transition,40,5.74,8.55,11.82,13.6,60,228.33,0,30,25.11,32.18,3.25,25.51
PJ Transition,GLZ,2,1,10,"293301, 293305, 290603",4/1/02 - 9/30/16, ,Y,GLZ PJ Transition,41,5.81,8.64,11.92,13.69,60,232.33,0,30,25.89,32.68,3.29,25.78
PJ Transition,GLZ,2,1,10,"293301, 293305, 290603",4/1/02 - 9/30/16, ,Y,GLZ PJ Transition,42,5.88,8.72,12.04,13.77,60,236,0,30,26.62,33.08,3.33,26.05
PJ Transition,GLZ,2,1,10,"293301, 293305, 290603",4/1/02 - 9/30/16, ,Y,GLZ PJ Transition,43,5.96,8.79,12.15,13.85,60,239.33,0,30,27.37,33.41,3.37,26.32
PJ Transition,GLZ,2,1,10,"293301, 293305, 290603",4/1/02 - 9/30/16, ,Y,GLZ PJ Transition,44,6.03,8.87,12.26,13.95,60,242.67,0,30,28.01,33.74,3.42,26.59
PJ Transition,GLZ,2,1,10,"293301, 293305, 290603",4/1/02 - 9/30/16, ,Y,GLZ PJ Transition,45,6.12,8.96,12.36,14.05,60,244.6,0.01,30,28.59,34.14,3.45,26.87
PJ Transition,GLZ,2,1,10,"293301, 293305, 290603",4/1/02 - 9/30/16, ,Y,GLZ PJ Transition,46,6.19,9.06,12.48,14.15,60,246.67,0.01,30,29.11,34.57,3.49,27.16
PJ Transition,GLZ,2,1,10,"293301, 293305, 290603",4/1/02 - 9/30/16, ,Y,GLZ PJ Transition,47,6.27,9.15,12.58,14.23,60,249.33,0.01,30,29.89,34.94,3.54,27.42
PJ Transition,GLZ,2,1,10,"293301, 293305, 290603",4/1/02 - 9/30/16, ,Y,GLZ PJ Transition,48,6.35,9.24,12.71,14.34,60,252,0.01,30,30.43,35.27,3.59,27.74
PJ Transition,GLZ,2,1,10,"293301, 293305, 290603",4/1/02 - 9/30/16, ,Y,GLZ PJ Transition,49,6.42,9.34,12.83,14.44,60,255,0.01,30,31.02,35.65,3.63,27.98
PJ Transition,GLZ,2,1,10,"293301, 293305, 290603",4/1/02 - 9/30/16, ,Y,GLZ PJ Transition,50,6.5,9.46,12.95,14.52,60,258.67,0.01,30,31.79,36.01,3.67,28.2
PJ Transition,GLZ,2,1,10,"293301, 293305, 290603",4/1/02 - 9/30/16, ,Y,GLZ PJ Transition,51,6.59,9.55,13.05,14.6,60,263,0.02,30,32.26,36.33,3.72,28.46
PJ Transition,GLZ,2,1,10,"293301, 293305, 290603",4/1/02 - 9/30/16, ,Y,GLZ PJ Transition,52,6.68,9.64,13.17,14.71,60,267.33,0.02,30,32.96,36.69,3.76,28.71
PJ Transition,GLZ,2,1,10,"293301, 293305, 290603",4/1/02 - 9/30/16, ,Y,GLZ PJ Transition,53,6.76,9.73,13.28,14.8,60,271.33,0.02,30,33.7,37.1,3.82,28.95
PJ Transition,GLZ,2,1,10,"293301, 293305, 290603",4/1/02 - 9/30/16, ,Y,GLZ PJ Transition,54,6.87,9.82,13.41,14.89,60,275,0.03,30,34.34,37.52,3.86,29.15
PJ Transition,GLZ,2,1,10,"293301, 293305, 290603",4/1/02 - 9/30/16, ,Y,GLZ PJ Transition,55,6.96,9.91,13.55,14.98,60,278.33,0.03,30,34.95,38,3.9,29.42
PJ Transition,GLZ,2,1,10,"293301, 293305, 290603",4/1/02 - 9/30/16, ,Y,GLZ PJ Transition,56,7.05,10,13.68,15.07,60,283,0.04,30,35.65,38.38,3.95,29.7
PJ Transition,GLZ,2,1,10,"293301, 293305, 290603",4/1/02 - 9/30/16, ,Y,GLZ PJ Transition,57,7.15,10.1,13.81,15.18,60,287,0.04,30,36.21,38.79,4,30.04
PJ Transition,GLZ,2,1,10,"293301, 293305, 290603",4/1/02 - 9/30/16, ,Y,GLZ PJ Transition,58,7.24,10.21,13.92,15.28,60,291.33,0.05,30,36.76,39.09,4.05,30.29
PJ Transition,GLZ,2,1,10,"293301, 293305, 290603",4/1/02 - 9/30/16, ,Y,GLZ PJ Transition,59,7.35,10.31,14.05,15.39,60,295,0.05,30,37.5,39.46,4.11,30.62
PJ Transition,GLZ,2,1,10,"293301, 293305, 290603",4/1/02 - 9/30/16, ,Y,GLZ PJ Transition,60,7.5,10.42,14.17,15.48,60,298,0.06,30,38.38,39.9,4.18,30.88
PJ Transition,GLZ,2,1,10,"293301, 293305, 290603",4/1/02 - 9/30/16, ,Y,GLZ PJ Transition,61,7.6,10.54,14.29,15.57,60,302,0.07,30,39.04,40.26,4.22,31.16
PJ Transition,GLZ,2,1,10,"293301, 293305, 290603",4/1/02 - 9/30/16, ,Y,GLZ PJ Transition,62,7.74,10.66,14.43,15.67,60,305.33,0.08,30,39.73,40.55,4.28,31.38
PJ Transition,GLZ,2,1,10,"293301, 293305, 290603",4/1/02 - 9/30/16, ,Y,GLZ PJ Transition,63,7.87,10.8,14.54,15.78,60,311.33,0.08,30,40.51,40.95,4.33,31.7
PJ Transition,GLZ,2,1,10,"293301, 293305, 290603",4/1/02 - 9/30/16, ,Y,GLZ PJ Transition,64,8.01,10.92,14.7,15.88,60,316.33,0.09,30,41.24,41.44,4.38,31.98
PJ Transition,GLZ,2,1,10,"293301, 293305, 290603",4/1/02 - 9/30/16, ,Y,GLZ PJ Transition,65,8.16,11.05,14.85,15.97,60,320,0.1,30,41.96,41.81,4.43,32.25
PJ Transition,GLZ,2,1,10,"293301, 293305, 290603",4/1/02 - 9/30/16, ,Y,GLZ PJ Transition,66,8.28,11.21,14.98,16.08,60,322.67,0.11,30,42.72,42.2,4.48,32.59
PJ Transition,GLZ,2,1,10,"293301, 293305, 290603",4/1/02 - 9/30/16, ,Y,GLZ PJ Transition,67,8.45,11.36,15.08,16.21,60,327.33,0.12,30,43.42,42.54,4.53,32.9
PJ Transition,GLZ,2,1,10,"293301, 293305, 290603",4/1/02 - 9/30/16, ,Y,GLZ PJ Transition,68,8.59,11.48,15.2,16.32,60,332,0.12,30,44.21,42.92,4.58,33.28
PJ Transition,GLZ,2,1,10,"293301, 293305, 290603",4/1/02 - 9/30/16, ,Y,GLZ PJ Transition,69,8.76,11.63,15.33,16.43,60,336.33,0.14,30,45.03,43.35,4.64,33.61
PJ Transition,GLZ,2,1,10,"293301, 293305, 290603",4/1/02 - 9/30/16, ,Y,GLZ PJ Transition,70,8.95,11.79,15.47,16.53,60,339.33,0.15,30,45.87,43.84,4.7,33.95
PJ Transition,GLZ,2,1,10,"293301, 293305, 290603",4/1/02 - 9/30/16, ,Y,GLZ PJ Transition,71,9.11,12.01,15.61,16.64,60,343.67,0.16,30,46.77,44.26,4.77,34.29
PJ Transition,GLZ,2,1,10,"293301, 293305, 290603",4/1/02 - 9/30/16, ,Y,GLZ PJ Transition,72,9.3,12.21,15.74,16.77,60,348,0.17,30,47.6,44.68,4.84,34.65
PJ Transition,GLZ,2,1,10,"293301, 293305, 290603",4/1/02 - 9/30/16, ,Y,GLZ PJ Transition,73,9.53,12.44,15.9,16.87,60,350,0.19,30,48.33,45.14,4.91,35.03
PJ Transition,GLZ,2,1,10,"293301, 293305, 290603",4/1/02 - 9/30/16, ,Y,GLZ PJ Transition,74,9.76,12.64,16.07,16.97,60,352.67,0.2,30,49.07,45.62,4.98,35.42
PJ Transition,GLZ,2,1,10,"293301, 293305, 290603",4/1/02 - 9/30/16, ,Y,GLZ PJ Transition,75,10.01,12.85,16.22,17.06,60.93,355.33,0.22,31.46,49.91,46.04,5.06,35.79
PJ Transition,GLZ,2,1,10,"293301, 293305, 290603",4/1/02 - 9/30/16, ,Y,GLZ PJ Transition,76,10.37,13.06,16.36,17.16,62.29,359.33,0.24,33.6,50.82,46.49,5.14,36.18
PJ Transition,GLZ,2,1,10,"293301, 293305, 290603",4/1/02 - 9/30/16, ,Y,GLZ PJ Transition,77,10.67,13.32,16.55,17.27,63.74,363.36,0.25,35.87,51.75,46.94,5.23,36.65
PJ Transition,GLZ,2,1,10,"293301, 293305, 290603",4/1/02 - 9/30/16, ,Y,GLZ PJ Transition,78,11.14,13.62,16.74,17.39,65.71,367.33,0.27,38.97,52.64,47.44,5.3,37.09
PJ Transition,GLZ,2,1,10,"293301, 293305, 290603",4/1/02 - 9/30/16, ,Y,GLZ PJ Transition,79,11.81,13.93,16.91,17.52,67.55,371,0.28,41.87,53.43,47.97,5.39,37.52
PJ Transition,GLZ,2,1,10,"293301, 293305, 290603",4/1/02 - 9/30/16, ,Y,GLZ PJ Transition,80,12.43,14.24,17.07,17.67,69.56,374.67,0.3,45.02,54.42,48.59,5.47,37.99
PJ Transition,GLZ,2,1,10,"293301, 293305, 290603",4/1/02 - 9/30/16, ,Y,GLZ PJ Transition,81,13.26,14.64,17.25,17.79,71.71,376.67,0.31,48.4,55.49,49.11,5.55,38.44
PJ Transition,GLZ,2,1,10,"293301, 293305, 290603",4/1/02 - 9/30/16, ,Y,GLZ PJ Transition,82,14.34,15.2,17.43,17.93,74.35,379.67,0.33,52.55,56.47,49.73,5.65,38.9
PJ Transition,GLZ,2,1,10,"293301, 293305, 290603",4/1/02 - 9/30/16, ,Y,GLZ PJ Transition,83,15.6,15.9,17.64,18.04,77.03,383.67,0.35,56.77,57.77,50.44,5.74,39.37
PJ Transition,GLZ,2,1,10,"293301, 293305, 290603",4/1/02 - 9/30/16, ,Y,GLZ PJ Transition,84,16.55,16.54,17.9,18.18,79.94,389,0.37,61.34,58.71,51.07,5.86,39.87
PJ Transition,GLZ,2,1,10,"293301, 293305, 290603",4/1/02 - 9/30/16, ,Y,GLZ PJ Transition,85,17.74,17.3,18.14,18.31,82.44,394.67,0.39,65.26,59.87,51.72,5.97,40.43
PJ Transition,GLZ,2,1,10,"293301, 293305, 290603",4/1/02 - 9/30/16, ,Y,GLZ PJ Transition,86,19.68,17.99,18.44,18.45,85.36,399.67,0.4,69.85,60.99,52.46,6.07,41.01
PJ Transition,GLZ,2,1,10,"293301, 293305, 290603",4/1/02 - 9/30/16, ,Y,GLZ PJ Transition,87,22.64,18.9,18.69,18.61,87.15,402.67,0.42,72.67,62.21,53.17,6.18,41.73
PJ Transition,GLZ,2,1,10,"293301, 293305, 290603",4/1/02 - 9/30/16, ,Y,GLZ PJ Transition,88,24.13,19.96,19.05,18.78,89.65,406.33,0.43,76.59,63.47,53.94,6.31,42.37
PJ Transition,GLZ,2,1,10,"293301, 293305, 290603",4/1/02 - 9/30/16, ,Y,GLZ PJ Transition,89,24.76,20.8,19.39,19.03,92.77,411.85,0.45,81.5,64.78,54.85,6.47,43.18
PJ Transition,GLZ,2,1,10,"293301, 293305, 290603",4/1/02 - 9/30/16, ,Y,GLZ PJ Transition,90,25.61,21.6,19.66,19.35,95.08,417,0.47,85.13,66.35,55.77,6.61,44.06
PJ Transition,GLZ,2,1,10,"293301, 293305, 290603",4/1/02 - 9/30/16, ,Y,GLZ PJ Transition,91,27.34,22.43,19.97,19.56,97.77,422,0.48,89.36,67.95,56.82,6.77,44.81
PJ Transition,GLZ,2,1,10,"293301, 293305, 290603",4/1/02 - 9/30/16, ,Y,GLZ PJ Transition,92,31.16,24.01,20.37,19.71,101.62,424.67,0.5,95.4,69.51,58.12,6.95,45.53
PJ Transition,GLZ,2,1,10,"293301, 293305, 290603",4/1/02 - 9/30/16, ,Y,GLZ PJ Transition,93,32.64,24.83,20.76,20.01,105.59,436.67,0.52,101.64,71.45,59.56,7.2,46.47
PJ Transition,GLZ,2,1,10,"293301, 293305, 290603",4/1/02 - 9/30/16, ,Y,GLZ PJ Transition,94,32.64,25.17,21.19,20.34,109.58,443.67,0.55,107.91,73.33,60.72,7.4,47.17
PJ Transition,GLZ,2,1,10,"293301, 293305, 290603",4/1/02 - 9/30/16, ,Y,GLZ PJ Transition,95,32.64,25.24,21.69,20.7,113.46,453.33,0.57,114,75.23,62.12,7.65,48.19
PJ Transition,GLZ,2,1,10,"293301, 293305, 290603",4/1/02 - 9/30/16, ,Y,GLZ PJ Transition,96,32.64,25.24,22.23,21.18,119.84,462.67,0.6,124.04,77.65,63.45,8.02,49.3
PJ Transition,GLZ,2,1,10,"293301, 293305, 290603",4/1/02 - 9/30/16, ,Y,GLZ PJ Transition,97,32.64,25.24,22.7,21.78,126.59,470.67,0.63,134.64,80.09,64.77,8.44,50.85
PJ Transition,GLZ,2,1,10,"293301, 293305, 290603",4/1/02 - 9/30/16, ,Y,GLZ PJ Transition,98,32.64,25.24,23.1,22.24,134.33,476.67,0.67,146.81,83.23,66.45,8.98,52.63
PJ Transition,GLZ,2,1,10,"293301, 293305, 290603",4/1/02 - 9/30/16, ,Y,GLZ PJ Transition,99,32.64,25.24,23.24,22.73,147.92,495.33,0.74,168.16,87.67,68.5,10.29,55.88
PJ Transition,GLZ,2,1,10,"293301, 293305, 290603",4/1/02 - 9/30/16, ,Y,GLZ PJ Transition,100,32.64,29.69,28.08,29.87,179.5,534.67,0.9,217.78,98.75,75.88,15.44,75.18
San Juan Basin,TDZ,5,2,5,"290205, 290201, 290203",4/1/07 - 08/31/16,Y,Y,TDZ San Juan Basin,1,2.53,4.84,7.18,8.63,60,0.67,0,30,0,0.8,0,0
San Juan Basin,TDZ,5,2,5,"290205, 290201, 290203",4/1/07 - 08/31/16,Y,Y,TDZ San Juan Basin,2,2.78,5.14,7.5,8.98,60,2.36,0,30,0,0.91,0,0
San Juan Basin,TDZ,5,2,5,"290205, 290201, 290203",4/1/07 - 08/31/16,Y,Y,TDZ San Juan Basin,3,3,5.34,7.74,9.23,60,5,0,30,0,1.09,0,0
San Juan Basin,TDZ,5,2,5,"290205, 290201, 290203",4/1/07 - 08/31/16,Y,Y,TDZ San Juan Basin,4,3.18,5.5,7.96,9.57,60,8.05,0,30,0,1.32,0,0
San Juan Basin,TDZ,5,2,5,"290205, 290201, 290203",4/1/07 - 08/31/16,Y,Y,TDZ San Juan Basin,5,3.32,5.65,8.23,9.85,60,11.4,0,30,0,1.62,0,0
San Juan Basin,TDZ,5,2,5,"290205, 290201, 290203",4/1/07 - 08/31/16,Y,Y,TDZ San Juan Basin,6,3.46,5.81,8.46,10.14,60,14.67,0,30,0,2,0,0
San Juan Basin,TDZ,5,2,5,"290205, 290201, 290203",4/1/07 - 08/31/16,Y,Y,TDZ San Juan Basin,7,3.6,6,8.67,10.43,60,17.33,0,30,0,2.48,0,0
San Juan Basin,TDZ,5,2,5,"290205, 290201, 290203",4/1/07 - 08/31/16,Y,Y,TDZ San Juan Basin,8,3.71,6.13,8.89,10.71,60,19,0,30,0,3.07,0,0
San Juan Basin,TDZ,5,2,5,"290205, 290201, 290203",4/1/07 - 08/31/16,Y,Y,TDZ San Juan Basin,9,3.83,6.24,9.07,10.91,60,20.67,0,30,0,3.85,0,0
San Juan Basin,TDZ,5,2,5,"290205, 290201, 290203",4/1/07 - 08/31/16,Y,Y,TDZ San Juan Basin,10,3.92,6.36,9.26,11.11,60,23,0,30,0,4.55,0,0
San Juan Basin,TDZ,5,2,5,"290205, 290201, 290203",4/1/07 - 08/31/16,Y,Y,TDZ San Juan Basin,11,4.02,6.47,9.44,11.29,60,25.67,0,30,0,5.29,0,0
San Juan Basin,TDZ,5,2,5,"290205, 290201, 290203",4/1/07 - 08/31/16,Y,Y,TDZ San Juan Basin,12,4.11,6.58,9.6,11.45,60,27.33,0,30,0,6.23,0,0
San Juan Basin,TDZ,5,2,5,"290205, 290201, 290203",4/1/07 - 08/31/16,Y,Y,TDZ San Juan Basin,13,4.22,6.72,9.74,11.57,60,28.33,0,30,0,7.22,0,0
San Juan Basin,TDZ,5,2,5,"290205, 290201, 290203",4/1/07 - 08/31/16,Y,Y,TDZ San Juan Basin,14,4.29,6.81,9.85,11.67,60,29.85,0,30,0,8.56,0,0
San Juan Basin,TDZ,5,2,5,"290205, 290201, 290203",4/1/07 - 08/31/16,Y,Y,TDZ San Juan Basin,15,4.38,6.91,9.94,11.79,60,31.67,0,30,0,9.78,0.04,0.95
San Juan Basin,TDZ,5,2,5,"290205, 290201, 290203",4/1/07 - 08/31/16,Y,Y,TDZ San Juan Basin,16,4.47,7.01,10.05,11.91,60,33.67,0,30,0.03,10.83,0.32,3.87
San Juan Basin,TDZ,5,2,5,"290205, 290201, 290203",4/1/07 - 08/31/16,Y,Y,TDZ San Juan Basin,17,4.54,7.11,10.19,12,60,35.33,0,30,0.45,12.23,0.53,4.71
San Juan Basin,TDZ,5,2,5,"290205, 290201, 290203",4/1/07 - 08/31/16,Y,Y,TDZ San Juan Basin,18,4.62,7.22,10.31,12.11,60,36.67,0,30,1.2,13.36,0.62,5.44
San Juan Basin,TDZ,5,2,5,"290205, 290201, 290203",4/1/07 - 08/31/16,Y,Y,TDZ San Juan Basin,19,4.7,7.31,10.43,12.23,60,38.67,0,30,2.19,14.63,0.72,6.41
San Juan Basin,TDZ,5,2,5,"290205, 290201, 290203",4/1/07 - 08/31/16,Y,Y,TDZ San Juan Basin,20,4.78,7.39,10.53,12.35,60,40,0,30,2.87,15.63,0.86,7.86
San Juan Basin,TDZ,5,2,5,"290205, 290201, 290203",4/1/07 - 08/31/16,Y,Y,TDZ San Juan Basin,21,4.84,7.48,10.65,12.44,60,43,0,30,3.61,16.71,1.05,9.69
San Juan Basin,TDZ,5,2,5,"290205, 290201, 290203",4/1/07 - 08/31/16,Y,Y,TDZ San Juan Basin,22,4.91,7.55,10.76,12.54,60,44.67,0,30,4.24,17.94,1.21,11.05
San Juan Basin,TDZ,5,2,5,"290205, 290201, 290203",4/1/07 - 08/31/16,Y,Y,TDZ San Juan Basin,23,4.98,7.64,10.88,12.64,60,46.33,0,30,4.9,19.14,1.34,12.14
San Juan Basin,TDZ,5,2,5,"290205, 290201, 290203",4/1/07 - 08/31/16,Y,Y,TDZ San Juan Basin,24,5.07,7.73,10.96,12.75,60,48.32,0,30,5.65,20.19,1.45,13.11
San Juan Basin,TDZ,5,2,5,"290205, 290201, 290203",4/1/07 - 08/31/16,Y,Y,TDZ San Juan Basin,25,5.15,7.82,11.04,12.85,60,50.67,0,30,6.38,21.34,1.53,14.09
San Juan Basin,TDZ,5,2,5,"290205, 290201, 290203",4/1/07 - 08/31/16,Y,Y,TDZ San Juan Basin,26,5.23,7.91,11.13,12.93,60,54,0,30,7.16,22.06,1.63,14.84
San Juan Basin,TDZ,5,2,5,"290205, 290201, 290203",4/1/07 - 08/31/16,Y,Y,TDZ San Juan Basin,27,5.31,8,11.21,13,60,57.67,0,30,7.93,22.77,1.7,15.84
San Juan Basin,TDZ,5,2,5,"290205, 290201, 290203",4/1/07 - 08/31/16,Y,Y,TDZ San Juan Basin,28,5.39,8.08,11.3,13.1,60,61.67,0,30,8.6,23.37,1.76,16.41
San Juan Basin,TDZ,5,2,5,"290205, 290201, 290203",4/1/07 - 08/31/16,Y,Y,TDZ San Juan Basin,29,5.47,8.15,11.39,13.17,60,65.67,0,30,9.39,24.26,1.83,17.08
San Juan Basin,TDZ,5,2,5,"290205, 290201, 290203",4/1/07 - 08/31/16,Y,Y,TDZ San Juan Basin,30,5.54,8.22,11.49,13.28,60,69,0,30,10.17,24.85,1.89,17.64
San Juan Basin,TDZ,5,2,5,"290205, 290201, 290203",4/1/07 - 08/31/16,Y,Y,TDZ San Juan Basin,31,5.61,8.3,11.58,13.39,60,73,0,30,10.74,25.42,1.94,18.17
San Juan Basin,TDZ,5,2,5,"290205, 290201, 290203",4/1/07 - 08/31/16,Y,Y,TDZ San Juan Basin,32,5.68,8.37,11.69,13.49,60,78,0,30,11.53,26.05,1.99,18.52
San Juan Basin,TDZ,5,2,5,"290205, 290201, 290203",4/1/07 - 08/31/16,Y,Y,TDZ San Juan Basin,33,5.76,8.46,11.79,13.57,60,85,0,30,12.21,26.66,2.03,18.94
San Juan Basin,TDZ,5,2,5,"290205, 290201, 290203",4/1/07 - 08/31/16,Y,Y,TDZ San Juan Basin,34,5.85,8.56,11.89,13.66,60,89.67,0,30,12.88,27.15,2.07,19.28
San Juan Basin,TDZ,5,2,5,"290205, 290201, 290203",4/1/07 - 08/31/16,Y,Y,TDZ San Juan Basin,35,5.92,8.65,11.98,13.75,60,93,0,30,13.59,27.65,2.11,19.59
San Juan Basin,TDZ,5,2,5,"290205, 290201, 290203",4/1/07 - 08/31/16,Y,Y,TDZ San Juan Basin,36,6.02,8.73,12.09,13.83,60,96,0,30,14.25,28.18,2.14,19.86
San Juan Basin,TDZ,5,2,5,"290205, 290201, 290203",4/1/07 - 08/31/16,Y,Y,TDZ San Juan Basin,37,6.12,8.82,12.18,13.9,60,100.33,0,30,15.01,28.62,2.18,20.2
San Juan Basin,TDZ,5,2,5,"290205, 290201, 290203",4/1/07 - 08/31/16,Y,Y,TDZ San Juan Basin,38,6.21,8.9,12.27,13.97,60,104.67,0.01,30,15.63,29.07,2.22,20.48
San Juan Basin,TDZ,5,2,5,"290205, 290201, 290203",4/1/07 - 08/31/16,Y,Y,TDZ San Juan Basin,39,6.29,8.99,12.38,14.04,60,110.67,0.01,30,16.41,29.53,2.25,20.77
San Juan Basin,TDZ,5,2,5,"290205, 290201, 290203",4/1/07 - 08/31/16,Y,Y,TDZ San Juan Basin,40,6.37,9.09,12.47,14.13,60,116.53,0.01,30,16.98,29.91,2.28,21.04
San Juan Basin,TDZ,5,2,5,"290205, 290201, 290203",4/1/07 - 08/31/16,Y,Y,TDZ San Juan Basin,41,6.47,9.19,12.58,14.23,60,122,0.02,30,17.6,30.35,2.32,21.3
San Juan Basin,TDZ,5,2,5,"290205, 290201, 290203",4/1/07 - 08/31/16,Y,Y,TDZ San Juan Basin,42,6.56,9.3,12.71,14.31,60,125.67,0.02,30,18.28,30.77,2.35,21.55
San Juan Basin,TDZ,5,2,5,"290205, 290201, 290203",4/1/07 - 08/31/16,Y,Y,TDZ San Juan Basin,43,6.65,9.38,12.8,14.4,60,130.67,0.03,30,18.88,31.13,2.39,21.83
San Juan Basin,TDZ,5,2,5,"290205, 290201, 290203",4/1/07 - 08/31/16,Y,Y,TDZ San Juan Basin,44,6.72,9.48,12.93,14.48,60,135.67,0.03,30,19.56,31.51,2.42,22.06
San Juan Basin,TDZ,5,2,5,"290205, 290201, 290203",4/1/07 - 08/31/16,Y,Y,TDZ San Juan Basin,45,6.85,9.56,13.03,14.57,60,140,0.03,30,20.17,31.94,2.45,22.27
San Juan Basin,TDZ,5,2,5,"290205, 290201, 290203",4/1/07 - 08/31/16,Y,Y,TDZ San Juan Basin,46,6.94,9.67,13.14,14.65,60,141.33,0.04,30,20.8,32.26,2.48,22.46
San Juan Basin,TDZ,5,2,5,"290205, 290201, 290203",4/1/07 - 08/31/16,Y,Y,TDZ San Juan Basin,47,7.04,9.77,13.27,14.75,60,143.33,0.05,30,21.29,32.58,2.51,22.67
San Juan Basin,TDZ,5,2,5,"290205, 290201, 290203",4/1/07 - 08/31/16,Y,Y,TDZ San Juan Basin,48,7.13,9.86,13.37,14.84,60,147,0.05,30,21.84,32.98,2.53,22.9
San Juan Basin,TDZ,5,2,5,"290205, 290201, 290203",4/1/07 - 08/31/16,Y,Y,TDZ San Juan Basin,49,7.25,9.97,13.47,14.93,60,149.67,0.06,30,22.48,33.41,2.56,23.1
San Juan Basin,TDZ,5,2,5,"290205, 290201, 290203",4/1/07 - 08/31/16,Y,Y,TDZ San Juan Basin,50,7.33,10.06,13.61,15.02,60,152.67,0.06,30,23.02,33.73,2.59,23.28
San Juan Basin,TDZ,5,2,5,"290205, 290201, 290203",4/1/07 - 08/31/16,Y,Y,TDZ San Juan Basin,51,7.44,10.19,13.71,15.1,60,154.67,0.07,30,23.63,34.14,2.62,23.49
San Juan Basin,TDZ,5,2,5,"290205, 290201, 290203",4/1/07 - 08/31/16,Y,Y,TDZ San Juan Basin,52,7.53,10.3,13.83,15.19,60,157.36,0.08,30,24.23,34.5,2.66,23.72
San Juan Basin,TDZ,5,2,5,"290205, 290201, 290203",4/1/07 - 08/31/16,Y,Y,TDZ San Juan Basin,53,7.66,10.39,13.94,15.3,60,160.33,0.09,30,24.84,34.84,2.69,23.93
San Juan Basin,TDZ,5,2,5,"290205, 290201, 290203",4/1/07 - 08/31/16,Y,Y,TDZ San Juan Basin,54,7.78,10.49,14.05,15.4,60,163.67,0.1,30,25.43,35.17,2.71,24.14
San Juan Basin,TDZ,5,2,5,"290205, 290201, 290203",4/1/07 - 08/31/16,Y,Y,TDZ San Juan Basin,55,7.92,10.62,14.19,15.51,60,167,0.11,30,26.12,35.48,2.74,24.35
San Juan Basin,TDZ,5,2,5,"290205, 290201, 290203",4/1/07 - 08/31/16,Y,Y,TDZ San Juan Basin,56,8.07,10.74,14.31,15.58,60,171.33,0.11,30,26.84,35.86,2.77,24.55
San Juan Basin,TDZ,5,2,5,"290205, 290201, 290203",4/1/07 - 08/31/16,Y,Y,TDZ San Juan Basin,57,8.18,10.88,14.45,15.67,60,176.43,0.12,30,27.39,36.22,2.8,24.76
San Juan Basin,TDZ,5,2,5,"290205, 290201, 290203",4/1/07 - 08/31/16,Y,Y,TDZ San Juan Basin,58,8.34,11.03,14.58,15.76,60,178.67,0.13,30,28.18,36.55,2.84,24.97
San Juan Basin,TDZ,5,2,5,"290205, 290201, 290203",4/1/07 - 08/31/16,Y,Y,TDZ San Juan Basin,59,8.51,11.21,14.7,15.87,60,181,0.14,30,28.95,36.93,2.87,25.17
San Juan Basin,TDZ,5,2,5,"290205, 290201, 290203",4/1/07 - 08/31/16,Y,Y,TDZ San Juan Basin,60,8.69,11.35,14.83,15.96,60,183.33,0.15,30,29.59,37.29,2.9,25.37
San Juan Basin,TDZ,5,2,5,"290205, 290201, 290203",4/1/07 - 08/31/16,Y,Y,TDZ San Juan Basin,61,8.89,11.5,14.98,16.05,60,187,0.16,30,30.17,37.69,2.92,25.59
San Juan Basin,TDZ,5,2,5,"290205, 290201, 290203",4/1/07 - 08/31/16,Y,Y,TDZ San Juan Basin,62,9.12,11.71,15.16,16.14,60,191.67,0.17,30,30.95,38.07,2.96,25.8
San Juan Basin,TDZ,5,2,5,"290205, 290201, 290203",4/1/07 - 08/31/16,Y,Y,TDZ San Juan Basin,63,9.3,11.88,15.29,16.22,60,193.84,0.18,30,31.6,38.4,2.99,26.05
San Juan Basin,TDZ,5,2,5,"290205, 290201, 290203",4/1/07 - 08/31/16,Y,Y,TDZ San Juan Basin,64,9.52,12.1,15.42,16.32,60,196.85,0.19,30,32.26,38.8,3.02,26.31
San Juan Basin,TDZ,5,2,5,"290205, 290201, 290203",4/1/07 - 08/31/16,Y,Y,TDZ San Juan Basin,65,9.77,12.31,15.54,16.4,60.48,199.33,0.2,30.76,32.8,39.09,3.05,26.55
San Juan Basin,TDZ,5,2,5,"290205, 290201, 290203",4/1/07 - 08/31/16,Y,Y,TDZ San Juan Basin,66,10.05,12.55,15.71,16.5,61.49,201.55,0.21,32.34,33.58,39.56,3.08,26.78
San Juan Basin,TDZ,5,2,5,"290205, 290201, 290203",4/1/07 - 08/31/16,Y,Y,TDZ San Juan Basin,67,10.35,12.89,15.85,16.61,62.56,204.67,0.22,34.02,34.24,39.92,3.12,27.04
San Juan Basin,TDZ,5,2,5,"290205, 290201, 290203",4/1/07 - 08/31/16,Y,Y,TDZ San Juan Basin,68,10.76,13.2,15.99,16.72,63.7,208.33,0.23,35.81,34.95,40.28,3.15,27.26
San Juan Basin,TDZ,5,2,5,"290205, 290201, 290203",4/1/07 - 08/31/16,Y,Y,TDZ San Juan Basin,69,11.24,13.54,16.19,16.85,64.62,211.67,0.24,37.26,35.71,40.66,3.18,27.51
San Juan Basin,TDZ,5,2,5,"290205, 290201, 290203",4/1/07 - 08/31/16,Y,Y,TDZ San Juan Basin,70,11.74,13.89,16.38,16.98,65.44,215,0.25,38.56,36.36,41.1,3.22,27.76
San Juan Basin,TDZ,5,2,5,"290205, 290201, 290203",4/1/07 - 08/31/16,Y,Y,TDZ San Juan Basin,71,12.36,14.28,16.54,17.13,66.3,219.33,0.26,39.9,37.01,41.52,3.27,28.03
San Juan Basin,TDZ,5,2,5,"290205, 290201, 290203",4/1/07 - 08/31/16,Y,Y,TDZ San Juan Basin,72,13.29,14.72,16.75,17.26,67.03,225.59,0.27,41.05,37.66,41.82,3.3,28.24
San Juan Basin,TDZ,5,2,5,"290205, 290201, 290203",4/1/07 - 08/31/16,Y,Y,TDZ San Juan Basin,73,14.44,15.16,16.99,17.41,68,230.67,0.28,42.57,38.45,42.21,3.33,28.52
San Juan Basin,TDZ,5,2,5,"290205, 290201, 290203",4/1/07 - 08/31/16,Y,Y,TDZ San Juan Basin,74,15.19,15.63,17.21,17.57,69.24,236.32,0.29,44.52,39.23,42.65,3.37,28.79
San Juan Basin,TDZ,5,2,5,"290205, 290201, 290203",4/1/07 - 08/31/16,Y,Y,TDZ San Juan Basin,75,15.74,16.17,17.41,17.78,70.31,240.33,0.3,46.21,40.06,43.03,3.41,29.05
San Juan Basin,TDZ,5,2,5,"290205, 290201, 290203",4/1/07 - 08/31/16,Y,Y,TDZ San Juan Basin,76,16.47,16.71,17.76,17.96,71.36,245.33,0.31,47.85,40.89,43.43,3.45,29.34
San Juan Basin,TDZ,5,2,5,"290205, 290201, 290203",4/1/07 - 08/31/16,Y,Y,TDZ San Juan Basin,77,17.12,17.36,18.07,18.18,72.38,250.67,0.32,49.45,41.65,43.85,3.48,29.61
San Juan Basin,TDZ,5,2,5,"290205, 290201, 290203",4/1/07 - 08/31/16,Y,Y,TDZ San Juan Basin,78,18.04,18,18.35,18.41,73.61,255.33,0.33,51.39,42.47,44.4,3.52,29.88
San Juan Basin,TDZ,5,2,5,"290205, 290201, 290203",4/1/07 - 08/31/16,Y,Y,TDZ San Juan Basin,79,19.71,18.7,18.6,18.66,74.78,261.33,0.34,53.22,43.22,44.82,3.56,30.2
San Juan Basin,TDZ,5,2,5,"290205, 290201, 290203",4/1/07 - 08/31/16,Y,Y,TDZ San Juan Basin,80,22.25,19.58,18.97,18.97,76.02,267,0.35,55.17,43.96,45.28,3.61,30.51
San Juan Basin,TDZ,5,2,5,"290205, 290201, 290203",4/1/07 - 08/31/16,Y,Y,TDZ San Juan Basin,81,24.19,20.45,19.38,19.28,77.17,273,0.36,56.98,44.84,45.73,3.65,30.8
San Juan Basin,TDZ,5,2,5,"290205, 290201, 290203",4/1/07 - 08/31/16,Y,Y,TDZ San Juan Basin,82,24.74,21.08,19.76,19.6,78.88,280.33,0.37,59.68,45.71,46.2,3.7,31.2
San Juan Basin,TDZ,5,2,5,"290205, 290201, 290203",4/1/07 - 08/31/16,Y,Y,TDZ San Juan Basin,83,25.24,21.74,20.14,19.92,80.48,288,0.38,62.18,46.65,46.68,3.75,31.46
San Juan Basin,TDZ,5,2,5,"290205, 290201, 290203",4/1/07 - 08/31/16,Y,Y,TDZ San Juan Basin,84,26.39,22.35,20.55,20.28,82.61,295.33,0.4,65.52,47.59,47.18,3.8,31.82
San Juan Basin,TDZ,5,2,5,"290205, 290201, 290203",4/1/07 - 08/31/16,Y,Y,TDZ San Juan Basin,85,28.71,23.28,20.96,20.53,85.2,305.67,0.41,69.6,48.48,47.7,3.85,32.24
San Juan Basin,TDZ,5,2,5,"290205, 290201, 290203",4/1/07 - 08/31/16,Y,Y,TDZ San Juan Basin,86,32.58,24.63,21.33,20.74,88.16,312.33,0.43,74.25,49.61,48.34,3.91,32.63
San Juan Basin,TDZ,5,2,5,"290205, 290201, 290203",4/1/07 - 08/31/16,Y,Y,TDZ San Juan Basin,87,32.64,25.08,21.68,21.02,90.75,320,0.45,78.32,50.74,48.9,3.98,32.97
San Juan Basin,TDZ,5,2,5,"290205, 290201, 290203",4/1/07 - 08/31/16,Y,Y,TDZ San Juan Basin,88,32.64,25.22,21.95,21.26,93.35,330,0.46,82.41,52.12,49.44,4.05,33.48
San Juan Basin,TDZ,5,2,5,"290205, 290201, 290203",4/1/07 - 08/31/16,Y,Y,TDZ San Juan Basin,89,32.64,25.24,22.21,21.48,95.59,337.33,0.48,85.92,53.22,50.16,4.11,34.01
San Juan Basin,TDZ,5,2,5,"290205, 290201, 290203",4/1/07 - 08/31/16,Y,Y,TDZ San Juan Basin,90,32.64,25.24,22.53,21.72,98.35,343.67,0.49,90.26,54.69,51.18,4.18,34.59
San Juan Basin,TDZ,5,2,5,"290205, 290201, 290203",4/1/07 - 08/31/16,Y,Y,TDZ San Juan Basin,91,32.64,25.24,22.81,21.99,101.51,349.88,0.51,95.23,56.17,52.28,4.25,35.08
San Juan Basin,TDZ,5,2,5,"290205, 290201, 290203",4/1/07 - 08/31/16,Y,Y,TDZ San Juan Basin,92,32.64,25.24,23.01,22.23,104.32,355.89,0.52,99.63,57.73,53.35,4.34,35.6
San Juan Basin,TDZ,5,2,5,"290205, 290201, 290203",4/1/07 - 08/31/16,Y,Y,TDZ San Juan Basin,93,32.64,25.24,23.16,22.38,107.74,362.33,0.54,105.02,59.51,54.45,4.44,36.22
San Juan Basin,TDZ,5,2,5,"290205, 290201, 290203",4/1/07 - 08/31/16,Y,Y,TDZ San Juan Basin,94,32.64,25.24,23.22,22.56,111.55,368.67,0.56,111,61.41,55.81,4.54,36.96
San Juan Basin,TDZ,5,2,5,"290205, 290201, 290203",4/1/07 - 08/31/16,Y,Y,TDZ San Juan Basin,95,32.64,25.24,23.24,22.67,117.58,374.93,0.59,120.48,63.49,57.25,4.65,37.69
San Juan Basin,TDZ,5,2,5,"290205, 290201, 290203",4/1/07 - 08/31/16,Y,Y,TDZ San Juan Basin,96,32.64,25.24,23.24,22.8,122.07,381.28,0.61,127.54,65.65,58.84,4.8,38.54
San Juan Basin,TDZ,5,2,5,"290205, 290201, 290203",4/1/07 - 08/31/16,Y,Y,TDZ San Juan Basin,97,32.64,25.24,23.25,22.92,128.18,389,0.64,137.15,69.14,59.92,4.97,39.46
San Juan Basin,TDZ,5,2,5,"290205, 290201, 290203",4/1/07 - 08/31/16,Y,Y,TDZ San Juan Basin,98,32.64,25.24,23.25,23.02,133.65,416.61,0.67,145.73,72.8,61.41,5.19,40.72
San Juan Basin,TDZ,5,2,5,"290205, 290201, 290203",4/1/07 - 08/31/16,Y,Y,TDZ San Juan Basin,99,32.64,25.24,23.25,23.09,143.01,445,0.72,160.45,77.01,63.06,5.62,42.36
San Juan Basin,TDZ,5,2,5,"290205, 290201, 290203",4/1/07 - 08/31/16,Y,Y,TDZ San Juan Basin,100,32.64,29.28,28.35,29.91,162.28,478,0.81,190.73,92.52,69.31,7.87,50.71
Sandia & Manzano,ABZ,3,2,15,"291402, 291501",4/1/02 - 8/31/16, ,Y,ABZ Sandia & Manzano,1,2.24,4.3,7.1,8.69,60,1.5,0,30,0,5.42,0,0
Sandia & Manzano,ABZ,3,2,15,"291402, 291501",4/1/02 - 8/31/16, ,Y,ABZ Sandia & Manzano,2,2.55,4.63,7.46,9.09,60,5,0,30,0,8.04,0,0
Sandia & Manzano,ABZ,3,2,15,"291402, 291501",4/1/02 - 8/31/16, ,Y,ABZ Sandia & Manzano,3,2.77,4.88,7.79,9.55,60,10.06,0,30,0,9.75,0,0
Sandia & Manzano,ABZ,3,2,15,"291402, 291501",4/1/02 - 8/31/16, ,Y,ABZ Sandia & Manzano,4,2.92,5.07,8.03,9.79,60,16.5,0,30,0,11.45,0,0
Sandia & Manzano,ABZ,3,2,15,"291402, 291501",4/1/02 - 8/31/16, ,Y,ABZ Sandia & Manzano,5,3.1,5.22,8.22,9.97,60,19,0,30,0,12.84,0,0
Sandia & Manzano,ABZ,3,2,15,"291402, 291501",4/1/02 - 8/31/16, ,Y,ABZ Sandia & Manzano,6,3.23,5.4,8.37,10.15,60,22.5,0,30,0,13.94,0.19,3.53
Sandia & Manzano,ABZ,3,2,15,"291402, 291501",4/1/02 - 8/31/16, ,Y,ABZ Sandia & Manzano,7,3.39,5.52,8.54,10.3,60,29,0,30,0.28,15.21,0.68,7.4
Sandia & Manzano,ABZ,3,2,15,"291402, 291501",4/1/02 - 8/31/16, ,Y,ABZ Sandia & Manzano,8,3.53,5.67,8.74,10.42,60,38.16,0,30,0.9,16.47,0.99,8.95
Sandia & Manzano,ABZ,3,2,15,"291402, 291501",4/1/02 - 8/31/16, ,Y,ABZ Sandia & Manzano,9,3.62,5.84,8.87,10.52,60,47.18,0,30,1.73,17.55,1.18,10.28
Sandia & Manzano,ABZ,3,2,15,"291402, 291501",4/1/02 - 8/31/16, ,Y,ABZ Sandia & Manzano,10,3.75,5.98,9,10.64,60,50.7,0,30,2.88,18.4,1.32,11.24
Sandia & Manzano,ABZ,3,2,15,"291402, 291501",4/1/02 - 8/31/16, ,Y,ABZ Sandia & Manzano,11,3.84,6.08,9.11,10.76,60,59.5,0,30,3.84,19.2,1.46,12.2
Sandia & Manzano,ABZ,3,2,15,"291402, 291501",4/1/02 - 8/31/16, ,Y,ABZ Sandia & Manzano,12,3.94,6.18,9.23,10.9,60,73.5,0,30,4.73,20,1.56,12.98
Sandia & Manzano,ABZ,3,2,15,"291402, 291501",4/1/02 - 8/31/16, ,Y,ABZ Sandia & Manzano,13,4.05,6.29,9.32,11.01,60,81.5,0,30,5.56,20.68,1.69,14.19
Sandia & Manzano,ABZ,3,2,15,"291402, 291501",4/1/02 - 8/31/16, ,Y,ABZ Sandia & Manzano,14,4.14,6.39,9.45,11.13,60,86.5,0,30,6.42,21.43,1.78,15.14
Sandia & Manzano,ABZ,3,2,15,"291402, 291501",4/1/02 - 8/31/16, ,Y,ABZ Sandia & Manzano,15,4.21,6.5,9.56,11.23,60,90,0,30,7.25,22.09,1.88,16.01
Sandia & Manzano,ABZ,3,2,15,"291402, 291501",4/1/02 - 8/31/16, ,Y,ABZ Sandia & Manzano,16,4.29,6.61,9.66,11.33,60,95.5,0,30,7.86,22.92,1.95,16.83
Sandia & Manzano,ABZ,3,2,15,"291402, 291501",4/1/02 - 8/31/16, ,Y,ABZ Sandia & Manzano,17,4.37,6.71,9.74,11.45,60,100.5,0,30,8.71,23.53,2,17.34
Sandia & Manzano,ABZ,3,2,15,"291402, 291501",4/1/02 - 8/31/16, ,Y,ABZ Sandia & Manzano,18,4.47,6.8,9.82,11.55,60,105,0,30,9.38,24.08,2.07,17.89
Sandia & Manzano,ABZ,3,2,15,"291402, 291501",4/1/02 - 8/31/16, ,Y,ABZ Sandia & Manzano,19,4.54,6.9,9.91,11.64,60,111,0,30,9.92,24.64,2.12,18.42
Sandia & Manzano,ABZ,3,2,15,"291402, 291501",4/1/02 - 8/31/16, ,Y,ABZ Sandia & Manzano,20,4.64,6.98,10.02,11.71,60,116.5,0,30,10.55,25.19,2.16,18.82
Sandia & Manzano,ABZ,3,2,15,"291402, 291501",4/1/02 - 8/31/16, ,Y,ABZ Sandia & Manzano,21,4.72,7.06,10.14,11.82,60,122,0,30,11.21,25.68,2.22,19.2
Sandia & Manzano,ABZ,3,2,15,"291402, 291501",4/1/02 - 8/31/16, ,Y,ABZ Sandia & Manzano,22,4.8,7.14,10.22,11.93,60,130,0,30,11.91,26.12,2.25,19.56
Sandia & Manzano,ABZ,3,2,15,"291402, 291501",4/1/02 - 8/31/16, ,Y,ABZ Sandia & Manzano,23,4.88,7.2,10.3,12.04,60,136,0,30,12.66,26.62,2.29,19.94
Sandia & Manzano,ABZ,3,2,15,"291402, 291501",4/1/02 - 8/31/16, ,Y,ABZ Sandia & Manzano,24,4.95,7.29,10.39,12.12,60,141,0,30,13.23,27.1,2.33,20.25
Sandia & Manzano,ABZ,3,2,15,"291402, 291501",4/1/02 - 8/31/16, ,Y,ABZ Sandia & Manzano,25,5.04,7.36,10.46,12.22,60,145,0,30,13.82,27.52,2.36,20.49
Sandia & Manzano,ABZ,3,2,15,"291402, 291501",4/1/02 - 8/31/16, ,Y,ABZ Sandia & Manzano,26,5.11,7.44,10.54,12.3,60,149.5,0,30,14.49,27.95,2.39,20.76
Sandia & Manzano,ABZ,3,2,15,"291402, 291501",4/1/02 - 8/31/16, ,Y,ABZ Sandia & Manzano,27,5.18,7.52,10.62,12.42,60,154.54,0,30,15.17,28.34,2.42,21.06
Sandia & Manzano,ABZ,3,2,15,"291402, 291501",4/1/02 - 8/31/16, ,Y,ABZ Sandia & Manzano,28,5.24,7.62,10.7,12.52,60,160.5,0,30,15.74,28.76,2.45,21.34
Sandia & Manzano,ABZ,3,2,15,"291402, 291501",4/1/02 - 8/31/16, ,Y,ABZ Sandia & Manzano,29,5.34,7.7,10.8,12.62,60,163.5,0,30,16.42,29.14,2.49,21.56
Sandia & Manzano,ABZ,3,2,15,"291402, 291501",4/1/02 - 8/31/16, ,Y,ABZ Sandia & Manzano,30,5.4,7.78,10.9,12.7,60,168.5,0,30,17.02,29.51,2.52,21.8
Sandia & Manzano,ABZ,3,2,15,"291402, 291501",4/1/02 - 8/31/16, ,Y,ABZ Sandia & Manzano,31,5.5,7.85,10.98,12.78,60,171.5,0,30,17.6,29.82,2.54,22.04
Sandia & Manzano,ABZ,3,2,15,"291402, 291501",4/1/02 - 8/31/16, ,Y,ABZ Sandia & Manzano,32,5.56,7.92,11.05,12.86,60,172.5,0,30,18.08,30.2,2.58,22.27
Sandia & Manzano,ABZ,3,2,15,"291402, 291501",4/1/02 - 8/31/16, ,Y,ABZ Sandia & Manzano,33,5.63,8,11.13,12.94,60,175,0,30,18.59,30.6,2.6,22.55
Sandia & Manzano,ABZ,3,2,15,"291402, 291501",4/1/02 - 8/31/16, ,Y,ABZ Sandia & Manzano,34,5.71,8.06,11.23,13,60,178,0,30,19.16,30.98,2.62,22.76
Sandia & Manzano,ABZ,3,2,15,"291402, 291501",4/1/02 - 8/31/16, ,Y,ABZ Sandia & Manzano,35,5.78,8.14,11.3,13.09,60,181,0,30,19.73,31.32,2.66,22.98
Sandia & Manzano,ABZ,3,2,15,"291402, 291501",4/1/02 - 8/31/16, ,Y,ABZ Sandia & Manzano,36,5.85,8.19,11.39,13.16,60,183.5,0,30,20.23,31.6,2.68,23.19
Sandia & Manzano,ABZ,3,2,15,"291402, 291501",4/1/02 - 8/31/16, ,Y,ABZ Sandia & Manzano,37,5.93,8.28,11.48,13.23,60,186.5,0,30,20.71,32.04,2.7,23.42
Sandia & Manzano,ABZ,3,2,15,"291402, 291501",4/1/02 - 8/31/16, ,Y,ABZ Sandia & Manzano,38,5.99,8.37,11.58,13.32,60,188.5,0,30,21.17,32.4,2.72,23.64
Sandia & Manzano,ABZ,3,2,15,"291402, 291501",4/1/02 - 8/31/16, ,Y,ABZ Sandia & Manzano,39,6.07,8.44,11.68,13.38,60,190.5,0.01,30,21.6,32.78,2.76,23.82
Sandia & Manzano,ABZ,3,2,15,"291402, 291501",4/1/02 - 8/31/16, ,Y,ABZ Sandia & Manzano,40,6.14,8.51,11.76,13.46,60,194,0.01,30,22.04,33.1,2.78,24.04
Sandia & Manzano,ABZ,3,2,15,"291402, 291501",4/1/02 - 8/31/16, ,Y,ABZ Sandia & Manzano,41,6.22,8.57,11.85,13.52,60,197,0.02,30,22.61,33.42,2.8,24.24
Sandia & Manzano,ABZ,3,2,15,"291402, 291501",4/1/02 - 8/31/16, ,Y,ABZ Sandia & Manzano,42,6.29,8.62,11.94,13.59,60,200.84,0.02,30,23.18,33.75,2.82,24.46
Sandia & Manzano,ABZ,3,2,15,"291402, 291501",4/1/02 - 8/31/16, ,Y,ABZ Sandia & Manzano,43,6.36,8.68,12.02,13.68,60,205,0.02,30,23.67,34.17,2.84,24.66
Sandia & Manzano,ABZ,3,2,15,"291402, 291501",4/1/02 - 8/31/16, ,Y,ABZ Sandia & Manzano,44,6.42,8.76,12.1,13.76,60,208.5,0.03,30,24.12,34.54,2.87,24.82
Sandia & Manzano,ABZ,3,2,15,"291402, 291501",4/1/02 - 8/31/16, ,Y,ABZ Sandia & Manzano,45,6.49,8.84,12.19,13.83,60,212.5,0.04,30,24.58,34.89,2.9,25.05
Sandia & Manzano,ABZ,3,2,15,"291402, 291501",4/1/02 - 8/31/16, ,Y,ABZ Sandia & Manzano,46,6.56,8.91,12.3,13.92,60,215.5,0.04,30,25.1,35.21,2.92,25.23
Sandia & Manzano,ABZ,3,2,15,"291402, 291501",4/1/02 - 8/31/16, ,Y,ABZ Sandia & Manzano,47,6.64,8.99,12.4,14,60,218.44,0.04,30,25.67,35.59,2.94,25.44
Sandia & Manzano,ABZ,3,2,15,"291402, 291501",4/1/02 - 8/31/16, ,Y,ABZ Sandia & Manzano,48,6.72,9.08,12.48,14.08,60,221.5,0.05,30,26.18,35.92,2.97,25.66
Sandia & Manzano,ABZ,3,2,15,"291402, 291501",4/1/02 - 8/31/16, ,Y,ABZ Sandia & Manzano,49,6.8,9.15,12.58,14.18,60,225,0.06,30,26.83,36.28,3,25.86
Sandia & Manzano,ABZ,3,2,15,"291402, 291501",4/1/02 - 8/31/16, ,Y,ABZ Sandia & Manzano,50,6.89,9.24,12.68,14.28,60,227.5,0.07,30,27.27,36.7,3.02,26.06
Sandia & Manzano,ABZ,3,2,15,"291402, 291501",4/1/02 - 8/31/16, ,Y,ABZ Sandia & Manzano,51,6.96,9.32,12.79,14.38,60,230,0.08,30,27.82,37.03,3.06,26.24
Sandia & Manzano,ABZ,3,2,15,"291402, 291501",4/1/02 - 8/31/16, ,Y,ABZ Sandia & Manzano,52,7.05,9.39,12.88,14.46,60,233.5,0.08,30,28.36,37.32,3.08,26.42
Sandia & Manzano,ABZ,3,2,15,"291402, 291501",4/1/02 - 8/31/16, ,Y,ABZ Sandia & Manzano,53,7.12,9.48,12.98,14.54,60,237.56,0.1,30,28.9,37.64,3.11,26.58
Sandia & Manzano,ABZ,3,2,15,"291402, 291501",4/1/02 - 8/31/16, ,Y,ABZ Sandia & Manzano,54,7.21,9.56,13.08,14.64,60,243,0.1,30,29.37,38.09,3.14,26.75
Sandia & Manzano,ABZ,3,2,15,"291402, 291501",4/1/02 - 8/31/16, ,Y,ABZ Sandia & Manzano,55,7.3,9.66,13.17,14.74,60,249,0.12,30,29.83,38.44,3.16,26.93
Sandia & Manzano,ABZ,3,2,15,"291402, 291501",4/1/02 - 8/31/16, ,Y,ABZ Sandia & Manzano,56,7.39,9.74,13.29,14.83,60,253.5,0.12,30,30.39,38.8,3.18,27.1
Sandia & Manzano,ABZ,3,2,15,"291402, 291501",4/1/02 - 8/31/16, ,Y,ABZ Sandia & Manzano,57,7.48,9.82,13.4,14.9,60,258,0.13,30,30.87,39.17,3.22,27.3
Sandia & Manzano,ABZ,3,2,15,"291402, 291501",4/1/02 - 8/31/16, ,Y,ABZ Sandia & Manzano,58,7.58,9.9,13.52,14.98,60,264,0.14,30,31.4,39.55,3.24,27.48
Sandia & Manzano,ABZ,3,2,15,"291402, 291501",4/1/02 - 8/31/16, ,Y,ABZ Sandia & Manzano,59,7.67,9.98,13.64,15.06,60,271,0.16,30,31.87,39.97,3.28,27.67
Sandia & Manzano,ABZ,3,2,15,"291402, 291501",4/1/02 - 8/31/16, ,Y,ABZ Sandia & Manzano,60,7.76,10.07,13.74,15.12,60,278,0.16,30,32.45,40.26,3.3,27.88
Sandia & Manzano,ABZ,3,2,15,"291402, 291501",4/1/02 - 8/31/16, ,Y,ABZ Sandia & Manzano,61,7.85,10.16,13.84,15.2,60,284,0.18,30,33.05,40.58,3.34,28.06
Sandia & Manzano,ABZ,3,2,15,"291402, 291501",4/1/02 - 8/31/16, ,Y,ABZ Sandia & Manzano,62,7.95,10.26,13.96,15.28,60,287,0.19,30,33.59,40.85,3.36,28.25
Sandia & Manzano,ABZ,3,2,15,"291402, 291501",4/1/02 - 8/31/16, ,Y,ABZ Sandia & Manzano,63,8.06,10.36,14.06,15.36,60,293,0.2,30,34.2,41.21,3.4,28.44
Sandia & Manzano,ABZ,3,2,15,"291402, 291501",4/1/02 - 8/31/16, ,Y,ABZ Sandia & Manzano,64,8.17,10.48,14.18,15.46,60,298,0.22,30,34.79,41.49,3.43,28.66
Sandia & Manzano,ABZ,3,2,15,"291402, 291501",4/1/02 - 8/31/16, ,Y,ABZ Sandia & Manzano,65,8.28,10.6,14.31,15.54,61.48,302,0.22,32.32,35.38,41.8,3.46,28.86
Sandia & Manzano,ABZ,3,2,15,"291402, 291501",4/1/02 - 8/31/16, ,Y,ABZ Sandia & Manzano,66,8.4,10.74,14.42,15.64,63.06,304.5,0.24,34.8,36.09,42.05,3.5,29.09
Sandia & Manzano,ABZ,3,2,15,"291402, 291501",4/1/02 - 8/31/16, ,Y,ABZ Sandia & Manzano,67,8.54,10.9,14.55,15.74,64.66,308,0.24,37.33,36.83,42.4,3.54,29.31
Sandia & Manzano,ABZ,3,2,15,"291402, 291501",4/1/02 - 8/31/16, ,Y,ABZ Sandia & Manzano,68,8.67,11.06,14.68,15.82,66.01,311.5,0.26,39.45,37.36,42.72,3.58,29.54
Sandia & Manzano,ABZ,3,2,15,"291402, 291501",4/1/02 - 8/31/16, ,Y,ABZ Sandia & Manzano,69,8.83,11.2,14.82,15.92,67.5,316,0.27,41.79,37.99,43.08,3.6,29.78
Sandia & Manzano,ABZ,3,2,15,"291402, 291501",4/1/02 - 8/31/16, ,Y,ABZ Sandia & Manzano,70,8.96,11.35,14.93,16,68.82,320,0.28,43.87,38.66,43.45,3.64,30.01
Sandia & Manzano,ABZ,3,2,15,"291402, 291501",4/1/02 - 8/31/16, ,Y,ABZ Sandia & Manzano,71,9.13,11.52,15.07,16.1,70.3,320.92,0.3,46.19,39.3,43.8,3.67,30.17
Sandia & Manzano,ABZ,3,2,15,"291402, 291501",4/1/02 - 8/31/16, ,Y,ABZ Sandia & Manzano,72,9.3,11.64,15.22,16.19,71.72,322.5,0.3,48.42,40.14,44.24,3.7,30.46
Sandia & Manzano,ABZ,3,2,15,"291402, 291501",4/1/02 - 8/31/16, ,Y,ABZ Sandia & Manzano,73,9.49,11.82,15.34,16.29,73.69,325,0.32,51.51,40.93,44.56,3.74,30.68
Sandia & Manzano,ABZ,3,2,15,"291402, 291501",4/1/02 - 8/31/16, ,Y,ABZ Sandia & Manzano,74,9.72,11.98,15.48,16.4,75.49,327.5,0.32,54.34,41.71,44.97,3.78,30.93
Sandia & Manzano,ABZ,3,2,15,"291402, 291501",4/1/02 - 8/31/16, ,Y,ABZ Sandia & Manzano,75,9.96,12.14,15.62,16.5,77.07,329.5,0.34,56.82,42.42,45.49,3.83,31.18
Sandia & Manzano,ABZ,3,2,15,"291402, 291501",4/1/02 - 8/31/16, ,Y,ABZ Sandia & Manzano,76,10.27,12.3,15.76,16.6,78.35,333,0.35,58.84,43.16,45.88,3.88,31.47
Sandia & Manzano,ABZ,3,2,15,"291402, 291501",4/1/02 - 8/31/16, ,Y,ABZ Sandia & Manzano,77,10.51,12.52,15.93,16.72,79.84,337.5,0.36,61.18,43.94,46.28,3.92,31.75
Sandia & Manzano,ABZ,3,2,15,"291402, 291501",4/1/02 - 8/31/16, ,Y,ABZ Sandia & Manzano,78,10.74,12.75,16.08,16.82,81.97,343,0.38,64.52,44.88,46.62,3.97,32.09
Sandia & Manzano,ABZ,3,2,15,"291402, 291501",4/1/02 - 8/31/16, ,Y,ABZ Sandia & Manzano,79,11.13,12.98,16.22,16.9,83.89,346.5,0.38,67.54,45.72,47.02,4.03,32.37
Sandia & Manzano,ABZ,3,2,15,"291402, 291501",4/1/02 - 8/31/16, ,Y,ABZ Sandia & Manzano,80,11.48,13.28,16.37,16.98,85.77,348,0.4,70.49,46.62,47.47,4.08,32.66
Sandia & Manzano,ABZ,3,2,15,"291402, 291501",4/1/02 - 8/31/16, ,Y,ABZ Sandia & Manzano,81,11.9,13.63,16.54,17.08,87.92,352.5,0.41,73.86,47.4,47.94,4.12,33.01
Sandia & Manzano,ABZ,3,2,15,"291402, 291501",4/1/02 - 8/31/16, ,Y,ABZ Sandia & Manzano,82,12.6,13.92,16.7,17.17,89.9,355.5,0.42,76.98,48.34,48.45,4.18,33.31
Sandia & Manzano,ABZ,3,2,15,"291402, 291501",4/1/02 - 8/31/16, ,Y,ABZ Sandia & Manzano,83,13.21,14.33,16.86,17.27,92.17,358.5,0.44,80.55,49.5,48.97,4.24,33.65
Sandia & Manzano,ABZ,3,2,15,"291402, 291501",4/1/02 - 8/31/16, ,Y,ABZ Sandia & Manzano,84,13.95,14.78,17.06,17.36,94.25,363,0.44,83.82,50.47,49.46,4.3,33.97
Sandia & Manzano,ABZ,3,2,15,"291402, 291501",4/1/02 - 8/31/16, ,Y,ABZ Sandia & Manzano,85,14.96,15.51,17.26,17.45,96.61,369.2,0.46,87.54,51.64,50.02,4.38,34.39
Sandia & Manzano,ABZ,3,2,15,"291402, 291501",4/1/02 - 8/31/16, ,Y,ABZ Sandia & Manzano,86,16.38,16.37,17.44,17.57,98.92,376.5,0.48,91.17,52.75,50.55,4.44,34.87
Sandia & Manzano,ABZ,3,2,15,"291402, 291501",4/1/02 - 8/31/16, ,Y,ABZ Sandia & Manzano,87,18.29,17.26,17.62,17.74,101.3,385.24,0.49,94.9,54.21,51.13,4.52,35.25
Sandia & Manzano,ABZ,3,2,15,"291402, 291501",4/1/02 - 8/31/16, ,Y,ABZ Sandia & Manzano,88,19.52,17.76,17.8,17.93,104.1,393.5,0.51,99.29,55.41,51.72,4.61,35.69
Sandia & Manzano,ABZ,3,2,15,"291402, 291501",4/1/02 - 8/31/16, ,Y,ABZ Sandia & Manzano,89,20.07,18.16,18.01,18.12,108.05,402.5,0.53,105.5,56.87,52.32,4.7,36.18
Sandia & Manzano,ABZ,3,2,15,"291402, 291501",4/1/02 - 8/31/16, ,Y,ABZ Sandia & Manzano,90,20.64,18.63,18.24,18.36,111.39,413,0.55,110.76,58.09,53.04,4.79,36.64
Sandia & Manzano,ABZ,3,2,15,"291402, 291501",4/1/02 - 8/31/16, ,Y,ABZ Sandia & Manzano,91,21.33,19.23,18.55,18.58,114.21,424.32,0.57,115.19,59.62,53.61,4.9,37.21
Sandia & Manzano,ABZ,3,2,15,"291402, 291501",4/1/02 - 8/31/16, ,Y,ABZ Sandia & Manzano,92,22.18,19.72,18.86,18.78,117.27,430,0.58,119.99,61.49,54.28,5,37.83
Sandia & Manzano,ABZ,3,2,15,"291402, 291501",4/1/02 - 8/31/16, ,Y,ABZ Sandia & Manzano,93,23.94,20.44,19.29,18.98,119.93,437,0.6,124.18,63.47,55.05,5.12,38.43
Sandia & Manzano,ABZ,3,2,15,"291402, 291501",4/1/02 - 8/31/16, ,Y,ABZ Sandia & Manzano,94,26.27,21.68,19.67,19.22,124.12,440.5,0.62,130.76,65.1,55.84,5.3,39.08
Sandia & Manzano,ABZ,3,2,15,"291402, 291501",4/1/02 - 8/31/16, ,Y,ABZ Sandia & Manzano,95,29.8,23.93,20.07,19.48,130.22,451.3,0.65,140.35,66.96,56.79,5.46,39.89
Sandia & Manzano,ABZ,3,2,15,"291402, 291501",4/1/02 - 8/31/16, ,Y,ABZ Sandia & Manzano,96,32.64,24.7,20.58,19.74,136.03,461,0.68,149.49,69.91,57.82,5.64,40.73
Sandia & Manzano,ABZ,3,2,15,"291402, 291501",4/1/02 - 8/31/16, ,Y,ABZ Sandia & Manzano,97,32.64,25.18,21.19,20.17,142.27,471.5,0.71,159.29,72.92,59.15,5.96,41.79
Sandia & Manzano,ABZ,3,2,15,"291402, 291501",4/1/02 - 8/31/16, ,Y,ABZ Sandia & Manzano,98,32.64,25.24,21.76,20.69,150.26,495.42,0.75,171.84,76.18,60.63,6.32,43.53
Sandia & Manzano,ABZ,3,2,15,"291402, 291501",4/1/02 - 8/31/16, ,Y,ABZ Sandia & Manzano,99,32.64,25.24,22.65,21.38,157.8,543.48,0.79,183.69,81.11,62.76,6.87,45.53
Sandia & Manzano,ABZ,3,2,15,"291402, 291501",4/1/02 - 8/31/16, ,Y,ABZ Sandia & Manzano,100,32.64,31.73,27.24,29.76,187.66,559.5,0.94,230.61,94.9,72.08,9.95,59.31
Transition,WAZ,4,2,100,"20508, 20507, 20509, 20510",1/1/06 - 12/31/17, ,Y,WAZ Transition,1,1.83,3.18,4.86,5.74,60,7.76,0,30,0.73,14.33,0.99,8.82
Transition,WAZ,4,2,100,"20508, 20507, 20509, 20510",1/1/06 - 12/31/17, ,Y,WAZ Transition,2,2.11,3.41,5.16,5.97,60,19.02,0,30,2.25,17.91,1.54,12.45
Transition,WAZ,4,2,100,"20508, 20507, 20509, 20510",1/1/06 - 12/31/17, ,Y,WAZ Transition,3,2.27,3.55,5.38,6.14,60,28.75,0,30,4.11,19.99,1.9,15.81
Transition,WAZ,4,2,100,"20508, 20507, 20509, 20510",1/1/06 - 12/31/17, ,Y,WAZ Transition,4,2.4,3.69,5.53,6.3,60,37,0,30,5.71,21.63,2.16,17.41
Transition,WAZ,4,2,100,"20508, 20507, 20509, 20510",1/1/06 - 12/31/17, ,Y,WAZ Transition,5,2.52,3.81,5.67,6.49,60,46.75,0,30,7.49,22.78,2.36,18.87
Transition,WAZ,4,2,100,"20508, 20507, 20509, 20510",1/1/06 - 12/31/17, ,Y,WAZ Transition,6,2.62,3.9,5.77,6.62,60,54.75,0,30,8.97,24.25,2.53,20.24
Transition,WAZ,4,2,100,"20508, 20507, 20509, 20510",1/1/06 - 12/31/17, ,Y,WAZ Transition,7,2.72,4.01,5.89,6.79,60,62.57,0,30,10.36,25.34,2.68,21.11
Transition,WAZ,4,2,100,"20508, 20507, 20509, 20510",1/1/06 - 12/31/17, ,Y,WAZ Transition,8,2.8,4.11,6,6.95,60,70.33,0,30,11.8,26.73,2.81,22.08
Transition,WAZ,4,2,100,"20508, 20507, 20509, 20510",1/1/06 - 12/31/17, ,Y,WAZ Transition,9,2.86,4.19,6.17,7.12,60,79.75,0,30,13.05,27.72,2.91,22.88
Transition,WAZ,4,2,100,"20508, 20507, 20509, 20510",1/1/06 - 12/31/17, ,Y,WAZ Transition,10,2.93,4.28,6.31,7.29,60,88.2,0,30,14.32,28.78,3,23.65
Transition,WAZ,4,2,100,"20508, 20507, 20509, 20510",1/1/06 - 12/31/17, ,Y,WAZ Transition,11,3.01,4.38,6.42,7.44,60,100.36,0,30,15.58,29.65,3.1,24.26
Transition,WAZ,4,2,100,"20508, 20507, 20509, 20510",1/1/06 - 12/31/17, ,Y,WAZ Transition,12,3.07,4.46,6.54,7.58,60,114,0,30,16.8,30.57,3.2,24.87
Transition,WAZ,4,2,100,"20508, 20507, 20509, 20510",1/1/06 - 12/31/17, ,Y,WAZ Transition,13,3.14,4.53,6.67,7.73,60,124.25,0,30,17.82,31.39,3.27,25.38
Transition,WAZ,4,2,100,"20508, 20507, 20509, 20510",1/1/06 - 12/31/17, ,Y,WAZ Transition,14,3.22,4.59,6.78,7.85,60,139.89,0,30,18.93,32.12,3.32,25.97
Transition,WAZ,4,2,100,"20508, 20507, 20509, 20510",1/1/06 - 12/31/17, ,Y,WAZ Transition,15,3.28,4.68,6.88,7.97,60,155.2,0,30,19.97,32.85,3.39,26.52
Transition,WAZ,4,2,100,"20508, 20507, 20509, 20510",1/1/06 - 12/31/17, ,Y,WAZ Transition,16,3.35,4.76,6.98,8.1,60,168.41,0,30,20.89,33.57,3.46,27.12
Transition,WAZ,4,2,100,"20508, 20507, 20509, 20510",1/1/06 - 12/31/17, ,Y,WAZ Transition,17,3.4,4.87,7.08,8.22,60,176.67,0,30,21.79,34.38,3.52,27.58
Transition,WAZ,4,2,100,"20508, 20507, 20509, 20510",1/1/06 - 12/31/17, ,Y,WAZ Transition,18,3.47,4.95,7.2,8.31,60,185.68,0,30,22.73,34.92,3.57,28.02
Transition,WAZ,4,2,100,"20508, 20507, 20509, 20510",1/1/06 - 12/31/17, ,Y,WAZ Transition,19,3.53,5.01,7.28,8.42,60,194.19,0,30,23.61,35.59,3.63,28.43
Transition,WAZ,4,2,100,"20508, 20507, 20509, 20510",1/1/06 - 12/31/17, ,Y,WAZ Transition,20,3.59,5.1,7.36,8.5,60,200.2,0,30,24.54,36.19,3.68,28.87
Transition,WAZ,4,2,100,"20508, 20507, 20509, 20510",1/1/06 - 12/31/17, ,Y,WAZ Transition,21,3.65,5.17,7.44,8.59,60,208.25,0,30,25.49,36.92,3.74,29.29
Transition,WAZ,4,2,100,"20508, 20507, 20509, 20510",1/1/06 - 12/31/17, ,Y,WAZ Transition,22,3.7,5.23,7.52,8.68,60,214.75,0,30,26.25,37.54,3.8,29.71
Transition,WAZ,4,2,100,"20508, 20507, 20509, 20510",1/1/06 - 12/31/17, ,Y,WAZ Transition,23,3.75,5.3,7.6,8.78,60,220.5,0,30,27.07,38.08,3.86,30.13
Transition,WAZ,4,2,100,"20508, 20507, 20509, 20510",1/1/06 - 12/31/17, ,Y,WAZ Transition,24,3.81,5.35,7.68,8.85,60,228,0,30,27.74,38.68,3.9,30.47
Transition,WAZ,4,2,100,"20508, 20507, 20509, 20510",1/1/06 - 12/31/17, ,Y,WAZ Transition,25,3.86,5.42,7.75,8.91,60,236,0,30,28.47,39.33,3.96,30.79
Transition,WAZ,4,2,100,"20508, 20507, 20509, 20510",1/1/06 - 12/31/17, ,Y,WAZ Transition,26,3.92,5.5,7.83,8.99,60,248.75,0,30,29.17,39.85,4.01,31.1
Transition,WAZ,4,2,100,"20508, 20507, 20509, 20510",1/1/06 - 12/31/17, ,Y,WAZ Transition,27,3.98,5.56,7.91,9.07,60,257.77,0,30,29.88,40.55,4.05,31.43
Transition,WAZ,4,2,100,"20508, 20507, 20509, 20510",1/1/06 - 12/31/17, ,Y,WAZ Transition,28,4.03,5.62,7.98,9.14,60,268.03,0,30,30.53,41.15,4.11,31.82
Transition,WAZ,4,2,100,"20508, 20507, 20509, 20510",1/1/06 - 12/31/17, ,Y,WAZ Transition,29,4.09,5.68,8.06,9.22,60,279.04,0,30,31.24,41.7,4.16,32.14
Transition,WAZ,4,2,100,"20508, 20507, 20509, 20510",1/1/06 - 12/31/17, ,Y,WAZ Transition,30,4.14,5.73,8.13,9.28,60,288.05,0,30,31.97,42.2,4.2,32.48
Transition,WAZ,4,2,100,"20508, 20507, 20509, 20510",1/1/06 - 12/31/17, ,Y,WAZ Transition,31,4.19,5.8,8.18,9.34,60,299.06,0,30,32.77,42.73,4.24,32.82
Transition,WAZ,4,2,100,"20508, 20507, 20509, 20510",1/1/06 - 12/31/17, ,Y,WAZ Transition,32,4.24,5.86,8.24,9.4,60,308.07,0,30,33.44,43.2,4.29,33.12
Transition,WAZ,4,2,100,"20508, 20507, 20509, 20510",1/1/06 - 12/31/17, ,Y,WAZ Transition,33,4.3,5.93,8.31,9.45,60,314.33,0,30,34.37,43.68,4.34,33.43
Transition,WAZ,4,2,100,"20508, 20507, 20509, 20510",1/1/06 - 12/31/17, ,Y,WAZ Transition,34,4.34,5.98,8.38,9.53,60,320,0,30,34.99,44.25,4.39,33.74
Transition,WAZ,4,2,100,"20508, 20507, 20509, 20510",1/1/06 - 12/31/17, ,Y,WAZ Transition,35,4.39,6.04,8.43,9.61,60,326.5,0,30,35.64,44.76,4.44,34.09
Transition,WAZ,4,2,100,"20508, 20507, 20509, 20510",1/1/06 - 12/31/17, ,Y,WAZ Transition,36,4.44,6.1,8.5,9.69,60,333.25,0,30,36.23,45.25,4.49,34.41
Transition,WAZ,4,2,100,"20508, 20507, 20509, 20510",1/1/06 - 12/31/17, ,Y,WAZ Transition,37,4.48,6.15,8.56,9.78,60,337.75,0,30,36.86,45.77,4.54,34.74
Transition,WAZ,4,2,100,"20508, 20507, 20509, 20510",1/1/06 - 12/31/17, ,Y,WAZ Transition,38,4.53,6.2,8.63,9.84,60,342.5,0,30,37.55,46.32,4.58,35.03
Transition,WAZ,4,2,100,"20508, 20507, 20509, 20510",1/1/06 - 12/31/17, ,Y,WAZ Transition,39,4.58,6.26,8.71,9.89,60,348.75,0,30,38.28,46.8,4.63,35.32
Transition,WAZ,4,2,100,"20508, 20507, 20509, 20510",1/1/06 - 12/31/17, ,Y,WAZ Transition,40,4.62,6.32,8.78,9.96,60,357,0,30,38.98,47.19,4.68,35.64
Transition,WAZ,4,2,100,"20508, 20507, 20509, 20510",1/1/06 - 12/31/17, ,Y,WAZ Transition,41,4.68,6.38,8.86,10.04,60,365.5,0,30,39.75,47.57,4.72,35.91
Transition,WAZ,4,2,100,"20508, 20507, 20509, 20510",1/1/06 - 12/31/17, ,Y,WAZ Transition,42,4.74,6.45,8.91,10.11,60,372.75,0,30,40.49,48.01,4.77,36.2
Transition,WAZ,4,2,100,"20508, 20507, 20509, 20510",1/1/06 - 12/31/17, ,Y,WAZ Transition,43,4.8,6.52,8.98,10.18,60,380.5,0.01,30,41.07,48.41,4.81,36.42
Transition,WAZ,4,2,100,"20508, 20507, 20509, 20510",1/1/06 - 12/31/17, ,Y,WAZ Transition,44,4.86,6.58,9.06,10.26,60,386.44,0.01,30,41.67,48.85,4.86,36.66
Transition,WAZ,4,2,100,"20508, 20507, 20509, 20510",1/1/06 - 12/31/17, ,Y,WAZ Transition,45,4.91,6.64,9.13,10.33,60,391.75,0.01,30,42.25,49.26,4.91,36.98
Transition,WAZ,4,2,100,"20508, 20507, 20509, 20510",1/1/06 - 12/31/17, ,Y,WAZ Transition,46,4.96,6.7,9.19,10.41,60,397.25,0.02,30,42.96,49.65,4.96,37.23
Transition,WAZ,4,2,100,"20508, 20507, 20509, 20510",1/1/06 - 12/31/17, ,Y,WAZ Transition,47,5.02,6.78,9.26,10.49,60,403,0.02,30,43.72,50.12,5,37.51
Transition,WAZ,4,2,100,"20508, 20507, 20509, 20510",1/1/06 - 12/31/17, ,Y,WAZ Transition,48,5.08,6.83,9.33,10.57,60,410,0.02,30,44.4,50.62,5.05,37.84
Transition,WAZ,4,2,100,"20508, 20507, 20509, 20510",1/1/06 - 12/31/17, ,Y,WAZ Transition,49,5.15,6.89,9.41,10.65,60,414.25,0.02,30,45.09,51.02,5.1,38.08
Transition,WAZ,4,2,100,"20508, 20507, 20509, 20510",1/1/06 - 12/31/17, ,Y,WAZ Transition,50,5.21,6.95,9.49,10.75,60,420.25,0.02,30,45.82,51.54,5.14,38.36
Transition,WAZ,4,2,100,"20508, 20507, 20509, 20510",1/1/06 - 12/31/17, ,Y,WAZ Transition,51,5.26,7.02,9.56,10.86,60,426,0.03,30,46.54,51.94,5.19,38.6
Transition,WAZ,4,2,100,"20508, 20507, 20509, 20510",1/1/06 - 12/31/17, ,Y,WAZ Transition,52,5.32,7.1,9.64,10.96,60,432.25,0.03,30,47.2,52.39,5.24,38.88
Transition,WAZ,4,2,100,"20508, 20507, 20509, 20510",1/1/06 - 12/31/17, ,Y,WAZ Transition,53,5.39,7.15,9.72,11.04,60,438.53,0.04,30,47.89,52.74,5.3,39.17
Transition,WAZ,4,2,100,"20508, 20507, 20509, 20510",1/1/06 - 12/31/17, ,Y,WAZ Transition,54,5.46,7.23,9.82,11.14,60,443.75,0.04,30,48.44,53.06,5.34,39.43
Transition,WAZ,4,2,100,"20508, 20507, 20509, 20510",1/1/06 - 12/31/17, ,Y,WAZ Transition,55,5.53,7.31,9.9,11.23,60,449.75,0.04,30,49.01,53.46,5.38,39.69
Transition,WAZ,4,2,100,"20508, 20507, 20509, 20510",1/1/06 - 12/31/17, ,Y,WAZ Transition,56,5.6,7.39,9.97,11.32,60,455.56,0.05,30,49.58,53.83,5.44,39.94
Transition,WAZ,4,2,100,"20508, 20507, 20509, 20510",1/1/06 - 12/31/17, ,Y,WAZ Transition,57,5.66,7.47,10.05,11.44,60,461.5,0.05,30,50.31,54.21,5.49,40.21
Transition,WAZ,4,2,100,"20508, 20507, 20509, 20510",1/1/06 - 12/31/17, ,Y,WAZ Transition,58,5.73,7.55,10.14,11.52,60,466.75,0.06,30,50.95,54.5,5.54,40.47
Transition,WAZ,4,2,100,"20508, 20507, 20509, 20510",1/1/06 - 12/31/17, ,Y,WAZ Transition,59,5.79,7.63,10.25,11.6,60,471.75,0.06,30,51.55,54.87,5.59,40.76
Transition,WAZ,4,2,100,"20508, 20507, 20509, 20510",1/1/06 - 12/31/17, ,Y,WAZ Transition,60,5.88,7.72,10.35,11.67,60,474.75,0.07,30,52.13,55.24,5.65,41.08
Transition,WAZ,4,2,100,"20508, 20507, 20509, 20510",1/1/06 - 12/31/17, ,Y,WAZ Transition,61,5.94,7.8,10.46,11.76,60,478.5,0.07,30,52.71,55.65,5.69,41.35
Transition,WAZ,4,2,100,"20508, 20507, 20509, 20510",1/1/06 - 12/31/17, ,Y,WAZ Transition,62,6.02,7.88,10.57,11.86,60,481.75,0.08,30,53.45,55.97,5.75,41.62
Transition,WAZ,4,2,100,"20508, 20507, 20509, 20510",1/1/06 - 12/31/17, ,Y,WAZ Transition,63,6.1,7.95,10.69,11.98,60,486.13,0.08,30,54.26,56.33,5.8,41.94
Transition,WAZ,4,2,100,"20508, 20507, 20509, 20510",1/1/06 - 12/31/17, ,Y,WAZ Transition,64,6.2,8.03,10.81,12.07,60,490,0.09,30,54.82,56.66,5.85,42.24
Transition,WAZ,4,2,100,"20508, 20507, 20509, 20510",1/1/06 - 12/31/17, ,Y,WAZ Transition,65,6.28,8.11,10.95,12.18,60,493.65,0.1,30,55.48,57.04,5.9,42.51
Transition,WAZ,4,2,100,"20508, 20507, 20509, 20510",1/1/06 - 12/31/17, ,Y,WAZ Transition,66,6.38,8.21,11.08,12.29,60,498.75,0.1,30,56.14,57.42,5.96,42.82
Transition,WAZ,4,2,100,"20508, 20507, 20509, 20510",1/1/06 - 12/31/17, ,Y,WAZ Transition,67,6.47,8.3,11.19,12.4,60,504.25,0.11,30,56.78,57.77,6.01,43.12
Transition,WAZ,4,2,100,"20508, 20507, 20509, 20510",1/1/06 - 12/31/17, ,Y,WAZ Transition,68,6.56,8.38,11.3,12.52,60,508.43,0.11,30,57.57,58.11,6.08,43.45
Transition,WAZ,4,2,100,"20508, 20507, 20509, 20510",1/1/06 - 12/31/17, ,Y,WAZ Transition,69,6.65,8.47,11.43,12.64,60,513.25,0.12,30,58.36,58.42,6.13,43.79
Transition,WAZ,4,2,100,"20508, 20507, 20509, 20510",1/1/06 - 12/31/17, ,Y,WAZ Transition,70,6.74,8.57,11.59,12.77,60,518,0.13,30,59.15,58.77,6.21,44.09
Transition,WAZ,4,2,100,"20508, 20507, 20509, 20510",1/1/06 - 12/31/17, ,Y,WAZ Transition,71,6.82,8.69,11.74,12.92,60,522,0.14,30,59.69,59.2,6.26,44.49
Transition,WAZ,4,2,100,"20508, 20507, 20509, 20510",1/1/06 - 12/31/17, ,Y,WAZ Transition,72,6.93,8.78,11.88,13.08,60,525.75,0.14,30,60.44,59.51,6.32,44.8
Transition,WAZ,4,2,100,"20508, 20507, 20509, 20510",1/1/06 - 12/31/17, ,Y,WAZ Transition,73,7.02,8.88,12.03,13.22,60,528.75,0.15,30,61.1,59.93,6.38,45.06
Transition,WAZ,4,2,100,"20508, 20507, 20509, 20510",1/1/06 - 12/31/17, ,Y,WAZ Transition,74,7.15,8.99,12.19,13.38,60.32,531.75,0.15,30.51,61.73,60.27,6.45,45.44
Transition,WAZ,4,2,100,"20508, 20507, 20509, 20510",1/1/06 - 12/31/17, ,Y,WAZ Transition,75,7.28,9.12,12.33,13.51,60.96,535,0.16,31.5,62.72,60.74,6.53,45.73
Transition,WAZ,4,2,100,"20508, 20507, 20509, 20510",1/1/06 - 12/31/17, ,Y,WAZ Transition,76,7.39,9.25,12.5,13.65,61.69,538.5,0.17,32.66,63.34,61.12,6.62,46.07
Transition,WAZ,4,2,100,"20508, 20507, 20509, 20510",1/1/06 - 12/31/17, ,Y,WAZ Transition,77,7.53,9.38,12.67,13.8,62.35,542,0.18,33.69,64.13,61.52,6.68,46.49
Transition,WAZ,4,2,100,"20508, 20507, 20509, 20510",1/1/06 - 12/31/17, ,Y,WAZ Transition,78,7.65,9.48,12.84,13.94,63.06,546.5,0.19,34.81,64.94,62.03,6.76,46.86
Transition,WAZ,4,2,100,"20508, 20507, 20509, 20510",1/1/06 - 12/31/17, ,Y,WAZ Transition,79,7.78,9.61,13.02,14.09,64.01,551,0.2,36.3,65.85,62.47,6.84,47.23
Transition,WAZ,4,2,100,"20508, 20507, 20509, 20510",1/1/06 - 12/31/17, ,Y,WAZ Transition,80,7.95,9.75,13.19,14.24,64.79,555.25,0.2,37.52,66.76,62.94,6.92,47.54
Transition,WAZ,4,2,100,"20508, 20507, 20509, 20510",1/1/06 - 12/31/17, ,Y,WAZ Transition,81,8.09,9.92,13.37,14.41,65.65,557.75,0.22,38.88,67.58,63.43,7,47.89
Transition,WAZ,4,2,100,"20508, 20507, 20509, 20510",1/1/06 - 12/31/17, ,Y,WAZ Transition,82,8.26,10.08,13.57,14.55,66.5,563.75,0.22,40.21,68.48,64.05,7.09,48.33
Transition,WAZ,4,2,100,"20508, 20507, 20509, 20510",1/1/06 - 12/31/17, ,Y,WAZ Transition,83,8.44,10.26,13.76,14.72,67.72,569,0.24,42.12,69.51,64.65,7.21,48.72
Transition,WAZ,4,2,100,"20508, 20507, 20509, 20510",1/1/06 - 12/31/17, ,Y,WAZ Transition,84,8.65,10.5,13.93,14.91,68.75,574.34,0.26,43.75,70.51,65.26,7.32,49.05
Transition,WAZ,4,2,100,"20508, 20507, 20509, 20510",1/1/06 - 12/31/17, ,Y,WAZ Transition,85,8.87,10.73,14.13,15.1,70.09,578.5,0.27,45.85,71.52,65.91,7.43,49.58
Transition,WAZ,4,2,100,"20508, 20507, 20509, 20510",1/1/06 - 12/31/17, ,Y,WAZ Transition,86,9.08,10.94,14.36,15.26,71.35,584.5,0.28,47.84,72.58,66.73,7.55,50.1
Transition,WAZ,4,2,100,"20508, 20507, 20509, 20510",1/1/06 - 12/31/17, ,Y,WAZ Transition,87,9.4,11.21,14.69,15.46,72.72,590.12,0.3,49.98,73.72,67.49,7.67,50.61
Transition,WAZ,4,2,100,"20508, 20507, 20509, 20510",1/1/06 - 12/31/17, ,Y,WAZ Transition,88,9.74,11.53,14.96,15.66,74.09,595.25,0.33,52.14,74.84,68.25,7.79,51.21
Transition,WAZ,4,2,100,"20508, 20507, 20509, 20510",1/1/06 - 12/31/17, ,Y,WAZ Transition,89,10.05,11.85,15.22,15.95,75.72,601,0.34,54.7,75.92,69.06,7.97,51.69
Transition,WAZ,4,2,100,"20508, 20507, 20509, 20510",1/1/06 - 12/31/17, ,Y,WAZ Transition,90,10.46,12.25,15.53,16.15,77.4,606.9,0.36,57.34,76.96,70.07,8.12,52.29
Transition,WAZ,4,2,100,"20508, 20507, 20509, 20510",1/1/06 - 12/31/17, ,Y,WAZ Transition,91,10.92,12.66,15.92,16.42,79.38,612.25,0.37,60.46,78.06,70.79,8.26,52.93
Transition,WAZ,4,2,100,"20508, 20507, 20509, 20510",1/1/06 - 12/31/17, ,Y,WAZ Transition,92,11.58,13.23,16.32,16.68,82.34,617.5,0.38,65.1,79.36,71.63,8.5,53.62
Transition,WAZ,4,2,100,"20508, 20507, 20509, 20510",1/1/06 - 12/31/17, ,Y,WAZ Transition,93,12.15,13.82,16.7,17.05,86.12,623.68,0.41,71.05,80.5,72.55,8.7,54.42
Transition,WAZ,4,2,100,"20508, 20507, 20509, 20510",1/1/06 - 12/31/17, ,Y,WAZ Transition,94,12.97,14.54,17.16,17.35,89.55,631.75,0.43,76.45,81.82,73.49,8.95,55.25
Transition,WAZ,4,2,100,"20508, 20507, 20509, 20510",1/1/06 - 12/31/17, ,Y,WAZ Transition,95,13.86,15.32,17.76,17.59,93.67,641.7,0.45,82.91,83.29,74.37,9.22,56.19
Transition,WAZ,4,2,100,"20508, 20507, 20509, 20510",1/1/06 - 12/31/17, ,Y,WAZ Transition,96,14.9,16.41,18.37,17.94,99.63,650.75,0.48,92.28,85.15,75.14,9.6,57.32
Transition,WAZ,4,2,100,"20508, 20507, 20509, 20510",1/1/06 - 12/31/17, ,Y,WAZ Transition,97,16.58,18.01,19.11,18.38,107.41,657.25,0.53,104.51,87.26,76.37,9.99,58.65
Transition,WAZ,4,2,100,"20508, 20507, 20509, 20510",1/1/06 - 12/31/17, ,Y,WAZ Transition,98,19.08,19.51,20.08,18.9,117.17,667.46,0.58,119.84,90.23,77.61,10.46,60.15
Transition,WAZ,4,2,100,"20508, 20507, 20509, 20510",1/1/06 - 12/31/17, ,Y,WAZ Transition,99,22.01,22.59,21.43,19.72,132.3,678.25,0.66,143.61,94.71,78.97,11.39,62.84
Transition,WAZ,4,2,100,"20508, 20507, 20509, 20510",1/1/06 - 12/31/17, ,Y,WAZ Transition,100,32.64,30.19,27.12,29.78,172.99,699.75,0.86,207.56,100,85.01,17.89,76.7
Tusayan & South Rim,FDZ,2,2,8,"20209, 20207, 20284",1/1/02 - 12/31/16, ,Y,FDZ Tusayan & South Rim,1,2.42,5,6.84,7.97,60,0,0,30,0,1.09,0,0
Tusayan & South Rim,FDZ,2,2,8,"20209, 20207, 20284",1/1/02 - 12/31/16, ,Y,FDZ Tusayan & South Rim,2,2.74,5.31,7.25,8.56,60,0,0,30,0,1.8,0,0
Tusayan & South Rim,FDZ,2,2,8,"20209, 20207, 20284",1/1/02 - 12/31/16, ,Y,FDZ Tusayan & South Rim,3,2.95,5.54,7.54,8.9,60,0.33,0,30,0,2.56,0,0
Tusayan & South Rim,FDZ,2,2,8,"20209, 20207, 20284",1/1/02 - 12/31/16, ,Y,FDZ Tusayan & South Rim,4,3.1,5.78,7.76,9.24,60,1,0,30,0,3.41,0,0
Tusayan & South Rim,FDZ,2,2,8,"20209, 20207, 20284",1/1/02 - 12/31/16, ,Y,FDZ Tusayan & South Rim,5,3.26,5.92,7.95,9.56,60,2,0,30,0,4.46,0,0
Tusayan & South Rim,FDZ,2,2,8,"20209, 20207, 20284",1/1/02 - 12/31/16, ,Y,FDZ Tusayan & South Rim,6,3.4,6.06,8.17,9.82,60,2.67,0,30,0,5.36,0,0
Tusayan & South Rim,FDZ,2,2,8,"20209, 20207, 20284",1/1/02 - 12/31/16, ,Y,FDZ Tusayan & South Rim,7,3.51,6.18,8.46,10.07,60,3.33,0,30,0,6.29,0,0
Tusayan & South Rim,FDZ,2,2,8,"20209, 20207, 20284",1/1/02 - 12/31/16, ,Y,FDZ Tusayan & South Rim,8,3.65,6.31,8.66,10.28,60,4.67,0,30,0,7.09,0,0
Tusayan & South Rim,FDZ,2,2,8,"20209, 20207, 20284",1/1/02 - 12/31/16, ,Y,FDZ Tusayan & South Rim,9,3.76,6.41,8.92,10.54,60,6.45,0,30,0,7.85,0,0
Tusayan & South Rim,FDZ,2,2,8,"20209, 20207, 20284",1/1/02 - 12/31/16, ,Y,FDZ Tusayan & South Rim,10,3.87,6.55,9.11,10.74,60,8.33,0,30,0,8.78,0.13,2.32
Tusayan & South Rim,FDZ,2,2,8,"20209, 20207, 20284",1/1/02 - 12/31/16, ,Y,FDZ Tusayan & South Rim,11,3.96,6.67,9.28,10.91,60,9.67,0,30,0.09,9.57,0.39,3.94
Tusayan & South Rim,FDZ,2,2,8,"20209, 20207, 20284",1/1/02 - 12/31/16, ,Y,FDZ Tusayan & South Rim,12,4.09,6.79,9.45,11.09,60,11,0,30,0.48,10.73,0.49,4.62
Tusayan & South Rim,FDZ,2,2,8,"20209, 20207, 20284",1/1/02 - 12/31/16, ,Y,FDZ Tusayan & South Rim,13,4.19,6.9,9.6,11.25,60,13.84,0,30,1.07,12.08,0.55,5.08
Tusayan & South Rim,FDZ,2,2,8,"20209, 20207, 20284",1/1/02 - 12/31/16, ,Y,FDZ Tusayan & South Rim,14,4.27,7.03,9.76,11.41,60,16.33,0,30,1.82,13.2,0.62,5.64
Tusayan & South Rim,FDZ,2,2,8,"20209, 20207, 20284",1/1/02 - 12/31/16, ,Y,FDZ Tusayan & South Rim,15,4.37,7.15,9.88,11.58,60,18.33,0,30,2.58,14.23,0.69,6.44
Tusayan & South Rim,FDZ,2,2,8,"20209, 20207, 20284",1/1/02 - 12/31/16, ,Y,FDZ Tusayan & South Rim,16,4.48,7.27,10.03,11.72,60,21.33,0,30,3.37,15.37,0.86,8.16
Tusayan & South Rim,FDZ,2,2,8,"20209, 20207, 20284",1/1/02 - 12/31/16, ,Y,FDZ Tusayan & South Rim,17,4.56,7.4,10.14,11.87,60,24.33,0,30,4.03,16.52,1.14,9.87
Tusayan & South Rim,FDZ,2,2,8,"20209, 20207, 20284",1/1/02 - 12/31/16, ,Y,FDZ Tusayan & South Rim,18,4.64,7.51,10.27,11.97,60,26.67,0,30,4.64,17.44,1.31,11.03
Tusayan & South Rim,FDZ,2,2,8,"20209, 20207, 20284",1/1/02 - 12/31/16, ,Y,FDZ Tusayan & South Rim,19,4.73,7.62,10.39,12.09,60,29.33,0,30,5.49,18.2,1.43,12.29
Tusayan & South Rim,FDZ,2,2,8,"20209, 20207, 20284",1/1/02 - 12/31/16, ,Y,FDZ Tusayan & South Rim,20,4.82,7.73,10.51,12.21,60,31.33,0,30,6.14,18.94,1.54,13.08
Tusayan & South Rim,FDZ,2,2,8,"20209, 20207, 20284",1/1/02 - 12/31/16, ,Y,FDZ Tusayan & South Rim,21,4.9,7.84,10.59,12.35,60,34.61,0,30,6.78,19.49,1.64,13.88
Tusayan & South Rim,FDZ,2,2,8,"20209, 20207, 20284",1/1/02 - 12/31/16, ,Y,FDZ Tusayan & South Rim,22,4.96,7.95,10.69,12.51,60,37.63,0,30,7.43,20.27,1.72,14.78
Tusayan & South Rim,FDZ,2,2,8,"20209, 20207, 20284",1/1/02 - 12/31/16, ,Y,FDZ Tusayan & South Rim,23,5.04,8.07,10.79,12.63,60,41.31,0,30,8.22,20.81,1.81,15.55
Tusayan & South Rim,FDZ,2,2,8,"20209, 20207, 20284",1/1/02 - 12/31/16, ,Y,FDZ Tusayan & South Rim,24,5.12,8.16,10.9,12.77,60,44.67,0,30,9.14,21.51,1.89,16.14
Tusayan & South Rim,FDZ,2,2,8,"20209, 20207, 20284",1/1/02 - 12/31/16, ,Y,FDZ Tusayan & South Rim,25,5.19,8.24,11,12.86,60,47.33,0,30,9.94,22.17,1.95,16.67
Tusayan & South Rim,FDZ,2,2,8,"20209, 20207, 20284",1/1/02 - 12/31/16, ,Y,FDZ Tusayan & South Rim,26,5.28,8.33,11.13,12.97,60,50.67,0,30,10.59,22.7,2.01,17.15
Tusayan & South Rim,FDZ,2,2,8,"20209, 20207, 20284",1/1/02 - 12/31/16, ,Y,FDZ Tusayan & South Rim,27,5.36,8.41,11.26,13.06,60,54,0,30,11.23,23.26,2.05,17.61
Tusayan & South Rim,FDZ,2,2,8,"20209, 20207, 20284",1/1/02 - 12/31/16, ,Y,FDZ Tusayan & South Rim,28,5.43,8.5,11.37,13.16,60,57.67,0,30,11.94,23.76,2.11,17.95
Tusayan & South Rim,FDZ,2,2,8,"20209, 20207, 20284",1/1/02 - 12/31/16, ,Y,FDZ Tusayan & South Rim,29,5.48,8.57,11.46,13.25,60,59.67,0,30,12.64,24.21,2.15,18.34
Tusayan & South Rim,FDZ,2,2,8,"20209, 20207, 20284",1/1/02 - 12/31/16, ,Y,FDZ Tusayan & South Rim,30,5.56,8.65,11.56,13.36,60,63,0,30,13.28,24.69,2.19,18.68
Tusayan & South Rim,FDZ,2,2,8,"20209, 20207, 20284",1/1/02 - 12/31/16, ,Y,FDZ Tusayan & South Rim,31,5.62,8.72,11.66,13.46,60,66,0,30,13.95,25.07,2.22,19
Tusayan & South Rim,FDZ,2,2,8,"20209, 20207, 20284",1/1/02 - 12/31/16, ,Y,FDZ Tusayan & South Rim,32,5.69,8.8,11.77,13.54,60,69.67,0,30,14.54,25.49,2.26,19.3
Tusayan & South Rim,FDZ,2,2,8,"20209, 20207, 20284",1/1/02 - 12/31/16, ,Y,FDZ Tusayan & South Rim,33,5.75,8.87,11.89,13.63,60,73.11,0,30,15.22,25.93,2.28,19.59
Tusayan & South Rim,FDZ,2,2,8,"20209, 20207, 20284",1/1/02 - 12/31/16, ,Y,FDZ Tusayan & South Rim,34,5.84,8.95,12.03,13.72,60,76,0,30,15.77,26.41,2.32,19.86
Tusayan & South Rim,FDZ,2,2,8,"20209, 20207, 20284",1/1/02 - 12/31/16, ,Y,FDZ Tusayan & South Rim,35,5.91,9.02,12.15,13.8,60,77.67,0,30,16.3,26.87,2.35,20.22
Tusayan & South Rim,FDZ,2,2,8,"20209, 20207, 20284",1/1/02 - 12/31/16, ,Y,FDZ Tusayan & South Rim,36,6,9.08,12.25,13.9,60,79.67,0,30,17.01,27.31,2.38,20.5
Tusayan & South Rim,FDZ,2,2,8,"20209, 20207, 20284",1/1/02 - 12/31/16, ,Y,FDZ Tusayan & South Rim,37,6.09,9.15,12.36,14,60,82,0,30,17.57,27.76,2.4,20.82
Tusayan & South Rim,FDZ,2,2,8,"20209, 20207, 20284",1/1/02 - 12/31/16, ,Y,FDZ Tusayan & South Rim,38,6.18,9.24,12.44,14.1,60,84.67,0,30,18.14,28.14,2.44,21.1
Tusayan & South Rim,FDZ,2,2,8,"20209, 20207, 20284",1/1/02 - 12/31/16, ,Y,FDZ Tusayan & South Rim,39,6.26,9.33,12.56,14.21,60,87.33,0,30,18.73,28.5,2.47,21.32
Tusayan & South Rim,FDZ,2,2,8,"20209, 20207, 20284",1/1/02 - 12/31/16, ,Y,FDZ Tusayan & South Rim,40,6.34,9.4,12.65,14.31,60,89.33,0,30,19.32,28.87,2.49,21.54
Tusayan & South Rim,FDZ,2,2,8,"20209, 20207, 20284",1/1/02 - 12/31/16, ,Y,FDZ Tusayan & South Rim,41,6.41,9.49,12.76,14.42,60,92,0,30,19.82,29.27,2.52,21.75
Tusayan & South Rim,FDZ,2,2,8,"20209, 20207, 20284",1/1/02 - 12/31/16, ,Y,FDZ Tusayan & South Rim,42,6.5,9.57,12.87,14.52,60,94.33,0.01,30,20.43,29.67,2.55,21.96
Tusayan & South Rim,FDZ,2,2,8,"20209, 20207, 20284",1/1/02 - 12/31/16, ,Y,FDZ Tusayan & South Rim,43,6.58,9.66,12.98,14.62,60,97,0.01,30,20.95,30.17,2.57,22.18
Tusayan & South Rim,FDZ,2,2,8,"20209, 20207, 20284",1/1/02 - 12/31/16, ,Y,FDZ Tusayan & South Rim,44,6.66,9.73,13.13,14.72,60,100.67,0.01,30,21.43,30.56,2.6,22.37
Tusayan & South Rim,FDZ,2,2,8,"20209, 20207, 20284",1/1/02 - 12/31/16, ,Y,FDZ Tusayan & South Rim,45,6.73,9.84,13.24,14.83,60,105.33,0.01,30,21.87,30.9,2.63,22.61
Tusayan & South Rim,FDZ,2,2,8,"20209, 20207, 20284",1/1/02 - 12/31/16, ,Y,FDZ Tusayan & South Rim,46,6.81,9.93,13.36,14.91,60,107,0.02,30,22.4,31.28,2.65,22.83
Tusayan & South Rim,FDZ,2,2,8,"20209, 20207, 20284",1/1/02 - 12/31/16, ,Y,FDZ Tusayan & South Rim,47,6.9,10.02,13.48,15.01,60,111.33,0.02,30,23.04,31.69,2.67,23.03
Tusayan & South Rim,FDZ,2,2,8,"20209, 20207, 20284",1/1/02 - 12/31/16, ,Y,FDZ Tusayan & South Rim,48,7.01,10.13,13.6,15.1,60,116,0.02,30,23.59,32.11,2.7,23.28
Tusayan & South Rim,FDZ,2,2,8,"20209, 20207, 20284",1/1/02 - 12/31/16, ,Y,FDZ Tusayan & South Rim,49,7.09,10.22,13.71,15.19,60,120.33,0.03,30,24.13,32.54,2.72,23.51
Tusayan & South Rim,FDZ,2,2,8,"20209, 20207, 20284",1/1/02 - 12/31/16, ,Y,FDZ Tusayan & South Rim,50,7.19,10.32,13.83,15.28,60,125.67,0.03,30,24.77,32.99,2.75,23.72
Tusayan & South Rim,FDZ,2,2,8,"20209, 20207, 20284",1/1/02 - 12/31/16, ,Y,FDZ Tusayan & South Rim,51,7.29,10.4,13.95,15.38,60,129.67,0.04,30,25.34,33.41,2.78,23.92
Tusayan & South Rim,FDZ,2,2,8,"20209, 20207, 20284",1/1/02 - 12/31/16, ,Y,FDZ Tusayan & South Rim,52,7.4,10.49,14.08,15.49,60,133.36,0.04,30,25.92,33.83,2.82,24.14
Tusayan & South Rim,FDZ,2,2,8,"20209, 20207, 20284",1/1/02 - 12/31/16, ,Y,FDZ Tusayan & South Rim,53,7.49,10.6,14.18,15.59,60,138.67,0.04,30,26.4,34.1,2.84,24.32
Tusayan & South Rim,FDZ,2,2,8,"20209, 20207, 20284",1/1/02 - 12/31/16, ,Y,FDZ Tusayan & South Rim,54,7.6,10.7,14.29,15.7,60,142.67,0.05,30,26.94,34.47,2.87,24.54
Tusayan & South Rim,FDZ,2,2,8,"20209, 20207, 20284",1/1/02 - 12/31/16, ,Y,FDZ Tusayan & South Rim,55,7.7,10.83,14.41,15.82,60,145.4,0.05,30,27.53,34.84,2.9,24.7
Tusayan & South Rim,FDZ,2,2,8,"20209, 20207, 20284",1/1/02 - 12/31/16, ,Y,FDZ Tusayan & South Rim,56,7.82,10.92,14.51,15.94,60,149.33,0.05,30,27.98,35.23,2.92,24.91
Tusayan & South Rim,FDZ,2,2,8,"20209, 20207, 20284",1/1/02 - 12/31/16, ,Y,FDZ Tusayan & South Rim,57,7.96,11.03,14.66,16.05,60,152,0.06,30,28.57,35.58,2.96,25.14
Tusayan & South Rim,FDZ,2,2,8,"20209, 20207, 20284",1/1/02 - 12/31/16, ,Y,FDZ Tusayan & South Rim,58,8.08,11.15,14.79,16.14,60,154.67,0.06,30,29.16,35.86,2.99,25.35
Tusayan & South Rim,FDZ,2,2,8,"20209, 20207, 20284",1/1/02 - 12/31/16, ,Y,FDZ Tusayan & South Rim,59,8.21,11.26,14.92,16.27,60,158.67,0.07,30,29.69,36.25,3.02,25.56
Tusayan & South Rim,FDZ,2,2,8,"20209, 20207, 20284",1/1/02 - 12/31/16, ,Y,FDZ Tusayan & South Rim,60,8.34,11.38,15.05,16.39,60,163.67,0.07,30,30.34,36.67,3.05,25.83
Tusayan & South Rim,FDZ,2,2,8,"20209, 20207, 20284",1/1/02 - 12/31/16, ,Y,FDZ Tusayan & South Rim,61,8.5,11.5,15.21,16.51,60,168.33,0.08,30,30.94,37.12,3.08,26.02
Tusayan & South Rim,FDZ,2,2,8,"20209, 20207, 20284",1/1/02 - 12/31/16, ,Y,FDZ Tusayan & South Rim,62,8.67,11.63,15.34,16.61,60,174,0.08,30,31.48,37.42,3.11,26.25
Tusayan & South Rim,FDZ,2,2,8,"20209, 20207, 20284",1/1/02 - 12/31/16, ,Y,FDZ Tusayan & South Rim,63,8.82,11.78,15.46,16.72,60,178.33,0.09,30,32.06,37.82,3.14,26.47
Tusayan & South Rim,FDZ,2,2,8,"20209, 20207, 20284",1/1/02 - 12/31/16, ,Y,FDZ Tusayan & South Rim,64,8.96,11.95,15.59,16.84,60,183.67,0.1,30,32.8,38.2,3.17,26.69
Tusayan & South Rim,FDZ,2,2,8,"20209, 20207, 20284",1/1/02 - 12/31/16, ,Y,FDZ Tusayan & South Rim,65,9.19,12.15,15.74,16.91,60,190,0.1,30,33.41,38.66,3.2,26.85
Tusayan & South Rim,FDZ,2,2,8,"20209, 20207, 20284",1/1/02 - 12/31/16, ,Y,FDZ Tusayan & South Rim,66,9.38,12.3,15.88,17.01,60,196,0.11,30,34.05,39.04,3.24,27.04
Tusayan & South Rim,FDZ,2,2,8,"20209, 20207, 20284",1/1/02 - 12/31/16, ,Y,FDZ Tusayan & South Rim,67,9.61,12.54,15.99,17.1,60,201.23,0.12,30,34.66,39.41,3.27,27.26
Tusayan & South Rim,FDZ,2,2,8,"20209, 20207, 20284",1/1/02 - 12/31/16, ,Y,FDZ Tusayan & South Rim,68,9.82,12.76,16.14,17.18,60,207,0.13,30,35.26,39.93,3.3,27.52
Tusayan & South Rim,FDZ,2,2,8,"20209, 20207, 20284",1/1/02 - 12/31/16, ,Y,FDZ Tusayan & South Rim,69,10.08,12.95,16.31,17.28,60,212,0.14,30,35.86,40.25,3.34,27.75
Tusayan & South Rim,FDZ,2,2,8,"20209, 20207, 20284",1/1/02 - 12/31/16, ,Y,FDZ Tusayan & South Rim,70,10.38,13.18,16.45,17.4,60,218.67,0.15,30,36.49,40.68,3.38,28.03
Tusayan & South Rim,FDZ,2,2,8,"20209, 20207, 20284",1/1/02 - 12/31/16, ,Y,FDZ Tusayan & South Rim,71,10.73,13.46,16.57,17.53,60,222.67,0.16,30,37.07,41.04,3.42,28.27
Tusayan & South Rim,FDZ,2,2,8,"20209, 20207, 20284",1/1/02 - 12/31/16, ,Y,FDZ Tusayan & South Rim,72,11.1,13.76,16.72,17.67,60,227,0.17,30,37.85,41.49,3.46,28.55
Tusayan & South Rim,FDZ,2,2,8,"20209, 20207, 20284",1/1/02 - 12/31/16, ,Y,FDZ Tusayan & South Rim,73,11.52,14.01,16.87,17.81,60,230.67,0.18,30,38.47,41.86,3.51,28.84
Tusayan & South Rim,FDZ,2,2,8,"20209, 20207, 20284",1/1/02 - 12/31/16, ,Y,FDZ Tusayan & South Rim,74,12.01,14.41,17.07,17.95,60,236.33,0.19,30,39.03,42.26,3.55,29.12
Tusayan & South Rim,FDZ,2,2,8,"20209, 20207, 20284",1/1/02 - 12/31/16, ,Y,FDZ Tusayan & South Rim,75,12.68,14.85,17.26,18.07,60,239.67,0.21,30,39.79,42.69,3.6,29.4
Tusayan & South Rim,FDZ,2,2,8,"20209, 20207, 20284",1/1/02 - 12/31/16, ,Y,FDZ Tusayan & South Rim,76,13.53,15.21,17.44,18.18,60.89,243.67,0.23,31.41,40.58,43.22,3.65,29.72
Tusayan & South Rim,FDZ,2,2,8,"20209, 20207, 20284",1/1/02 - 12/31/16, ,Y,FDZ Tusayan & South Rim,77,14.46,15.65,17.62,18.29,62.4,248.67,0.25,33.78,41.53,43.72,3.69,29.99
Tusayan & South Rim,FDZ,2,2,8,"20209, 20207, 20284",1/1/02 - 12/31/16, ,Y,FDZ Tusayan & South Rim,78,15.32,16.11,17.81,18.39,64.44,253.37,0.27,36.97,42.57,44.2,3.73,30.4
Tusayan & South Rim,FDZ,2,2,8,"20209, 20207, 20284",1/1/02 - 12/31/16, ,Y,FDZ Tusayan & South Rim,79,15.89,16.55,18.01,18.52,66.58,258.33,0.29,40.34,43.57,44.72,3.78,30.73
Tusayan & South Rim,FDZ,2,2,8,"20209, 20207, 20284",1/1/02 - 12/31/16, ,Y,FDZ Tusayan & South Rim,80,16.53,17.02,18.22,18.67,69.79,263.73,0.31,45.39,44.44,45.19,3.83,31.08
Tusayan & South Rim,FDZ,2,2,8,"20209, 20207, 20284",1/1/02 - 12/31/16, ,Y,FDZ Tusayan & South Rim,81,17.25,17.55,18.42,18.79,72.7,268.67,0.34,49.95,45.34,45.78,3.91,31.42
Tusayan & South Rim,FDZ,2,2,8,"20209, 20207, 20284",1/1/02 - 12/31/16, ,Y,FDZ Tusayan & South Rim,82,18.2,18.2,18.69,18.94,76.08,273.33,0.36,55.27,46.07,46.41,3.97,31.81
Tusayan & South Rim,FDZ,2,2,8,"20209, 20207, 20284",1/1/02 - 12/31/16, ,Y,FDZ Tusayan & South Rim,83,20.18,19.07,19.01,19.08,79.18,279,0.38,60.13,47.15,46.91,4.03,32.24
Tusayan & South Rim,FDZ,2,2,8,"20209, 20207, 20284",1/1/02 - 12/31/16, ,Y,FDZ Tusayan & South Rim,84,22.33,19.99,19.32,19.27,83.08,287,0.39,66.27,48.23,47.65,4.09,32.66
Tusayan & South Rim,FDZ,2,2,8,"20209, 20207, 20284",1/1/02 - 12/31/16, ,Y,FDZ Tusayan & South Rim,85,24,20.55,19.67,19.46,87.03,295.13,0.42,72.48,49.28,48.35,4.15,33.07
Tusayan & South Rim,FDZ,2,2,8,"20209, 20207, 20284",1/1/02 - 12/31/16, ,Y,FDZ Tusayan & South Rim,86,24.45,20.92,20.03,19.68,91.76,304.33,0.45,79.91,50.33,49.13,4.21,33.61
Tusayan & South Rim,FDZ,2,2,8,"20209, 20207, 20284",1/1/02 - 12/31/16, ,Y,FDZ Tusayan & South Rim,87,24.86,21.33,20.32,19.9,96.04,317,0.47,86.64,51.45,49.83,4.3,34.14
Tusayan & South Rim,FDZ,2,2,8,"20209, 20207, 20284",1/1/02 - 12/31/16, ,Y,FDZ Tusayan & South Rim,88,25.39,21.78,20.64,20.1,100.17,327.51,0.5,93.13,52.8,50.83,4.39,34.66
Tusayan & South Rim,FDZ,2,2,8,"20209, 20207, 20284",1/1/02 - 12/31/16, ,Y,FDZ Tusayan & South Rim,89,26.37,22.27,20.9,20.34,104.83,343.85,0.52,100.45,54.01,51.72,4.47,35.24
Tusayan & South Rim,FDZ,2,2,8,"20209, 20207, 20284",1/1/02 - 12/31/16, ,Y,FDZ Tusayan & South Rim,90,28.27,23.05,21.22,20.59,108.76,358.53,0.54,106.62,55.73,52.66,4.57,35.74
Tusayan & South Rim,FDZ,2,2,8,"20209, 20207, 20284",1/1/02 - 12/31/16, ,Y,FDZ Tusayan & South Rim,91,31.01,24.47,21.48,20.9,113.04,368.43,0.56,113.34,57.05,53.63,4.68,36.34
Tusayan & South Rim,FDZ,2,2,8,"20209, 20207, 20284",1/1/02 - 12/31/16, ,Y,FDZ Tusayan & South Rim,92,32.64,25.08,21.79,21.13,117.43,376.33,0.59,120.25,58.95,54.77,4.77,37.06
Tusayan & South Rim,FDZ,2,2,8,"20209, 20207, 20284",1/1/02 - 12/31/16, ,Y,FDZ Tusayan & South Rim,93,32.64,25.22,22.03,21.4,122.33,392,0.61,127.95,60.68,55.92,4.89,37.84
Tusayan & South Rim,FDZ,2,2,8,"20209, 20207, 20284",1/1/02 - 12/31/16, ,Y,FDZ Tusayan & South Rim,94,32.64,25.24,22.32,21.66,126.94,405.67,0.63,135.19,62.69,57.1,5.02,38.49
Tusayan & South Rim,FDZ,2,2,8,"20209, 20207, 20284",1/1/02 - 12/31/16, ,Y,FDZ Tusayan & South Rim,95,32.64,25.24,22.59,21.95,131.31,414.33,0.66,142.06,65.02,58.53,5.17,39.17
Tusayan & South Rim,FDZ,2,2,8,"20209, 20207, 20284",1/1/02 - 12/31/16, ,Y,FDZ Tusayan & South Rim,96,32.64,25.24,22.88,22.2,136.74,426.33,0.68,150.6,66.97,60,5.35,40.2
Tusayan & South Rim,FDZ,2,2,8,"20209, 20207, 20284",1/1/02 - 12/31/16, ,Y,FDZ Tusayan & South Rim,97,32.64,25.24,23.11,22.43,142.05,451.33,0.71,158.94,69.59,61.73,5.56,41.32
Tusayan & South Rim,FDZ,2,2,8,"20209, 20207, 20284",1/1/02 - 12/31/16, ,Y,FDZ Tusayan & South Rim,98,32.64,25.24,23.23,22.67,148.68,515.59,0.74,169.35,72.51,63.37,5.85,42.83
Tusayan & South Rim,FDZ,2,2,8,"20209, 20207, 20284",1/1/02 - 12/31/16, ,Y,FDZ Tusayan & South Rim,99,32.64,25.24,23.25,22.99,155.78,573.32,0.78,180.51,77.36,65.87,6.37,44.95
Tusayan & South Rim,FDZ,2,2,8,"20209, 20207, 20284",1/1/02 - 12/31/16, ,Y,FDZ Tusayan & South Rim,100,32.99,30.32,28.94,29.95,184.01,578.33,0.92,224.87,96.62,74.93,9.49,57.8
Tusayan & South Rim,WDZ,2,2,8,"20209, 20207, 20284",1/1/02 - 12/31/16, ,Y,WDZ Tusayan & South Rim,1,2.42,5,6.84,7.97,60,0,0,30,0,1.09,0,0
Tusayan & South Rim,WDZ,2,2,8,"20209, 20207, 20284",1/1/02 - 12/31/16, ,Y,WDZ Tusayan & South Rim,2,2.74,5.31,7.25,8.56,60,0,0,30,0,1.8,0,0
Tusayan & South Rim,WDZ,2,2,8,"20209, 20207, 20284",1/1/02 - 12/31/16, ,Y,WDZ Tusayan & South Rim,3,2.95,5.54,7.54,8.9,60,0.33,0,30,0,2.56,0,0
Tusayan & South Rim,WDZ,2,2,8,"20209, 20207, 20284",1/1/02 - 12/31/16, ,Y,WDZ Tusayan & South Rim,4,3.1,5.78,7.76,9.24,60,1,0,30,0,3.41,0,0
Tusayan & South Rim,WDZ,2,2,8,"20209, 20207, 20284",1/1/02 - 12/31/16, ,Y,WDZ Tusayan & South Rim,5,3.26,5.92,7.95,9.56,60,2,0,30,0,4.46,0,0
Tusayan & South Rim,WDZ,2,2,8,"20209, 20207, 20284",1/1/02 - 12/31/16, ,Y,WDZ Tusayan & South Rim,6,3.4,6.06,8.17,9.82,60,2.67,0,30,0,5.36,0,0
Tusayan & South Rim,WDZ,2,2,8,"20209, 20207, 20284",1/1/02 - 12/31/16, ,Y,WDZ Tusayan & South Rim,7,3.51,6.18,8.46,10.07,60,3.33,0,30,0,6.29,0,0
Tusayan & South Rim,WDZ,2,2,8,"20209, 20207, 20284",1/1/02 - 12/31/16, ,Y,WDZ Tusayan & South Rim,8,3.65,6.31,8.66,10.28,60,4.67,0,30,0,7.09,0,0
Tusayan & South Rim,WDZ,2,2,8,"20209, 20207, 20284",1/1/02 - 12/31/16, ,Y,WDZ Tusayan & South Rim,9,3.76,6.41,8.92,10.54,60,6.45,0,30,0,7.85,0,0
Tusayan & South Rim,WDZ,2,2,8,"20209, 20207, 20284",1/1/02 - 12/31/16, ,Y,WDZ Tusayan & South Rim,10,3.87,6.55,9.11,10.74,60,8.33,0,30,0,8.78,0.13,2.32
Tusayan & South Rim,WDZ,2,2,8,"20209, 20207, 20284",1/1/02 - 12/31/16, ,Y,WDZ Tusayan & South Rim,11,3.96,6.67,9.28,10.91,60,9.67,0,30,0.09,9.57,0.39,3.94
Tusayan & South Rim,WDZ,2,2,8,"20209, 20207, 20284",1/1/02 - 12/31/16, ,Y,WDZ Tusayan & South Rim,12,4.09,6.79,9.45,11.09,60,11,0,30,0.48,10.73,0.49,4.62
Tusayan & South Rim,WDZ,2,2,8,"20209, 20207, 20284",1/1/02 - 12/31/16, ,Y,WDZ Tusayan & South Rim,13,4.19,6.9,9.6,11.25,60,13.84,0,30,1.07,12.08,0.55,5.08
Tusayan & South Rim,WDZ,2,2,8,"20209, 20207, 20284",1/1/02 - 12/31/16, ,Y,WDZ Tusayan & South Rim,14,4.27,7.03,9.76,11.41,60,16.33,0,30,1.82,13.2,0.62,5.64
Tusayan & South Rim,WDZ,2,2,8,"20209, 20207, 20284",1/1/02 - 12/31/16, ,Y,WDZ Tusayan & South Rim,15,4.37,7.15,9.88,11.58,60,18.33,0,30,2.58,14.23,0.69,6.44
Tusayan & South Rim,WDZ,2,2,8,"20209, 20207, 20284",1/1/02 - 12/31/16, ,Y,WDZ Tusayan & South Rim,16,4.48,7.27,10.03,11.72,60,21.33,0,30,3.37,15.37,0.86,8.16
Tusayan & South Rim,WDZ,2,2,8,"20209, 20207, 20284",1/1/02 - 12/31/16, ,Y,WDZ Tusayan & South Rim,17,4.56,7.4,10.14,11.87,60,24.33,0,30,4.03,16.52,1.14,9.87
Tusayan & South Rim,WDZ,2,2,8,"20209, 20207, 20284",1/1/02 - 12/31/16, ,Y,WDZ Tusayan & South Rim,18,4.64,7.51,10.27,11.97,60,26.67,0,30,4.64,17.44,1.31,11.03
Tusayan & South Rim,WDZ,2,2,8,"20209, 20207, 20284",1/1/02 - 12/31/16, ,Y,WDZ Tusayan & South Rim,19,4.73,7.62,10.39,12.09,60,29.33,0,30,5.49,18.2,1.43,12.29
Tusayan & South Rim,WDZ,2,2,8,"20209, 20207, 20284",1/1/02 - 12/31/16, ,Y,WDZ Tusayan & South Rim,20,4.82,7.73,10.51,12.21,60,31.33,0,30,6.14,18.94,1.54,13.08
Tusayan & South Rim,WDZ,2,2,8,"20209, 20207, 20284",1/1/02 - 12/31/16, ,Y,WDZ Tusayan & South Rim,21,4.9,7.84,10.59,12.35,60,34.61,0,30,6.78,19.49,1.64,13.88
Tusayan & South Rim,WDZ,2,2,8,"20209, 20207, 20284",1/1/02 - 12/31/16, ,Y,WDZ Tusayan & South Rim,22,4.96,7.95,10.69,12.51,60,37.63,0,30,7.43,20.27,1.72,14.78
Tusayan & South Rim,WDZ,2,2,8,"20209, 20207, 20284",1/1/02 - 12/31/16, ,Y,WDZ Tusayan & South Rim,23,5.04,8.07,10.79,12.63,60,41.31,0,30,8.22,20.81,1.81,15.55
Tusayan & South Rim,WDZ,2,2,8,"20209, 20207, 20284",1/1/02 - 12/31/16, ,Y,WDZ Tusayan & South Rim,24,5.12,8.16,10.9,12.77,60,44.67,0,30,9.14,21.51,1.89,16.14
Tusayan & South Rim,WDZ,2,2,8,"20209, 20207, 20284",1/1/02 - 12/31/16, ,Y,WDZ Tusayan & South Rim,25,5.19,8.24,11,12.86,60,47.33,0,30,9.94,22.17,1.95,16.67
Tusayan & South Rim,WDZ,2,2,8,"20209, 20207, 20284",1/1/02 - 12/31/16, ,Y,WDZ Tusayan & South Rim,26,5.28,8.33,11.13,12.97,60,50.67,0,30,10.59,22.7,2.01,17.15
Tusayan & South Rim,WDZ,2,2,8,"20209, 20207, 20284",1/1/02 - 12/31/16, ,Y,WDZ Tusayan & South Rim,27,5.36,8.41,11.26,13.06,60,54,0,30,11.23,23.26,2.05,17.61
Tusayan & South Rim,WDZ,2,2,8,"20209, 20207, 20284",1/1/02 - 12/31/16, ,Y,WDZ Tusayan & South Rim,28,5.43,8.5,11.37,13.16,60,57.67,0,30,11.94,23.76,2.11,17.95
Tusayan & South Rim,WDZ,2,2,8,"20209, 20207, 20284",1/1/02 - 12/31/16, ,Y,WDZ Tusayan & South Rim,29,5.48,8.57,11.46,13.25,60,59.67,0,30,12.64,24.21,2.15,18.34
Tusayan & South Rim,WDZ,2,2,8,"20209, 20207, 20284",1/1/02 - 12/31/16, ,Y,WDZ Tusayan & South Rim,30,5.56,8.65,11.56,13.36,60,63,0,30,13.28,24.69,2.19,18.68
Tusayan & South Rim,WDZ,2,2,8,"20209, 20207, 20284",1/1/02 - 12/31/16, ,Y,WDZ Tusayan & South Rim,31,5.62,8.72,11.66,13.46,60,66,0,30,13.95,25.07,2.22,19
Tusayan & South Rim,WDZ,2,2,8,"20209, 20207, 20284",1/1/02 - 12/31/16, ,Y,WDZ Tusayan & South Rim,32,5.69,8.8,11.77,13.54,60,69.67,0,30,14.54,25.49,2.26,19.3
Tusayan & South Rim,WDZ,2,2,8,"20209, 20207, 20284",1/1/02 - 12/31/16, ,Y,WDZ Tusayan & South Rim,33,5.75,8.87,11.89,13.63,60,73.11,0,30,15.22,25.93,2.28,19.59
Tusayan & South Rim,WDZ,2,2,8,"20209, 20207, 20284",1/1/02 - 12/31/16, ,Y,WDZ Tusayan & South Rim,34,5.84,8.95,12.03,13.72,60,76,0,30,15.77,26.41,2.32,19.86
Tusayan & South Rim,WDZ,2,2,8,"20209, 20207, 20284",1/1/02 - 12/31/16, ,Y,WDZ Tusayan & South Rim,35,5.91,9.02,12.15,13.8,60,77.67,0,30,16.3,26.87,2.35,20.22
Tusayan & South Rim,WDZ,2,2,8,"20209, 20207, 20284",1/1/02 - 12/31/16, ,Y,WDZ Tusayan & South Rim,36,6,9.08,12.25,13.9,60,79.67,0,30,17.01,27.31,2.38,20.5
Tusayan & South Rim,WDZ,2,2,8,"20209, 20207, 20284",1/1/02 - 12/31/16, ,Y,WDZ Tusayan & South Rim,37,6.09,9.15,12.36,14,60,82,0,30,17.57,27.76,2.4,20.82
Tusayan & South Rim,WDZ,2,2,8,"20209, 20207, 20284",1/1/02 - 12/31/16, ,Y,WDZ Tusayan & South Rim,38,6.18,9.24,12.44,14.1,60,84.67,0,30,18.14,28.14,2.44,21.1
Tusayan & South Rim,WDZ,2,2,8,"20209, 20207, 20284",1/1/02 - 12/31/16, ,Y,WDZ Tusayan & South Rim,39,6.26,9.33,12.56,14.21,60,87.33,0,30,18.73,28.5,2.47,21.32
Tusayan & South Rim,WDZ,2,2,8,"20209, 20207, 20284",1/1/02 - 12/31/16, ,Y,WDZ Tusayan & South Rim,40,6.34,9.4,12.65,14.31,60,89.33,0,30,19.32,28.87,2.49,21.54
Tusayan & South Rim,WDZ,2,2,8,"20209, 20207, 20284",1/1/02 - 12/31/16, ,Y,WDZ Tusayan & South Rim,41,6.41,9.49,12.76,14.42,60,92,0,30,19.82,29.27,2.52,21.75
Tusayan & South Rim,WDZ,2,2,8,"20209, 20207, 20284",1/1/02 - 12/31/16, ,Y,WDZ Tusayan & South Rim,42,6.5,9.57,12.87,14.52,60,94.33,0.01,30,20.43,29.67,2.55,21.96
Tusayan & South Rim,WDZ,2,2,8,"20209, 20207, 20284",1/1/02 - 12/31/16, ,Y,WDZ Tusayan & South Rim,43,6.58,9.66,12.98,14.62,60,97,0.01,30,20.95,30.17,2.57,22.18
Tusayan & South Rim,WDZ,2,2,8,"20209, 20207, 20284",1/1/02 - 12/31/16, ,Y,WDZ Tusayan & South Rim,44,6.66,9.73,13.13,14.72,60,100.67,0.01,30,21.43,30.56,2.6,22.37
Tusayan & South Rim,WDZ,2,2,8,"20209, 20207, 20284",1/1/02 - 12/31/16, ,Y,WDZ Tusayan & South Rim,45,6.73,9.84,13.24,14.83,60,105.33,0.01,30,21.87,30.9,2.63,22.61
Tusayan & South Rim,WDZ,2,2,8,"20209, 20207, 20284",1/1/02 - 12/31/16, ,Y,WDZ Tusayan & South Rim,46,6.81,9.93,13.36,14.91,60,107,0.02,30,22.4,31.28,2.65,22.83
Tusayan & South Rim,WDZ,2,2,8,"20209, 20207, 20284",1/1/02 - 12/31/16, ,Y,WDZ Tusayan & South Rim,47,6.9,10.02,13.48,15.01,60,111.33,0.02,30,23.04,31.69,2.67,23.03
Tusayan & South Rim,WDZ,2,2,8,"20209, 20207, 20284",1/1/02 - 12/31/16, ,Y,WDZ Tusayan & South Rim,48,7.01,10.13,13.6,15.1,60,116,0.02,30,23.59,32.11,2.7,23.28
Tusayan & South Rim,WDZ,2,2,8,"20209, 20207, 20284",1/1/02 - 12/31/16, ,Y,WDZ Tusayan & South Rim,49,7.09,10.22,13.71,15.19,60,120.33,0.03,30,24.13,32.54,2.72,23.51
Tusayan & South Rim,WDZ,2,2,8,"20209, 20207, 20284",1/1/02 - 12/31/16, ,Y,WDZ Tusayan & South Rim,50,7.19,10.32,13.83,15.28,60,125.67,0.03,30,24.77,32.99,2.75,23.72
Tusayan & South Rim,WDZ,2,2,8,"20209, 20207, 20284",1/1/02 - 12/31/16, ,Y,WDZ Tusayan & South Rim,51,7.29,10.4,13.95,15.38,60,129.67,0.04,30,25.34,33.41,2.78,23.92
Tusayan & South Rim,WDZ,2,2,8,"20209, 20207, 20284",1/1/02 - 12/31/16, ,Y,WDZ Tusayan & South Rim,52,7.4,10.49,14.08,15.49,60,133.36,0.04,30,25.92,33.83,2.82,24.14
Tusayan & South Rim,WDZ,2,2,8,"20209, 20207, 20284",1/1/02 - 12/31/16, ,Y,WDZ Tusayan & South Rim,53,7.49,10.6,14.18,15.59,60,138.67,0.04,30,26.4,34.1,2.84,24.32
Tusayan & South Rim,WDZ,2,2,8,"20209, 20207, 20284",1/1/02 - 12/31/16, ,Y,WDZ Tusayan & South Rim,54,7.6,10.7,14.29,15.7,60,142.67,0.05,30,26.94,34.47,2.87,24.54
Tusayan & South Rim,WDZ,2,2,8,"20209, 20207, 20284",1/1/02 - 12/31/16, ,Y,WDZ Tusayan & South Rim,55,7.7,10.83,14.41,15.82,60,145.4,0.05,30,27.53,34.84,2.9,24.7
Tusayan & South Rim,WDZ,2,2,8,"20209, 20207, 20284",1/1/02 - 12/31/16, ,Y,WDZ Tusayan & South Rim,56,7.82,10.92,14.51,15.94,60,149.33,0.05,30,27.98,35.23,2.92,24.91
Tusayan & South Rim,WDZ,2,2,8,"20209, 20207, 20284",1/1/02 - 12/31/16, ,Y,WDZ Tusayan & South Rim,57,7.96,11.03,14.66,16.05,60,152,0.06,30,28.57,35.58,2.96,25.14
Tusayan & South Rim,WDZ,2,2,8,"20209, 20207, 20284",1/1/02 - 12/31/16, ,Y,WDZ Tusayan & South Rim,58,8.08,11.15,14.79,16.14,60,154.67,0.06,30,29.16,35.86,2.99,25.35
Tusayan & South Rim,WDZ,2,2,8,"20209, 20207, 20284",1/1/02 - 12/31/16, ,Y,WDZ Tusayan & South Rim,59,8.21,11.26,14.92,16.27,60,158.67,0.07,30,29.69,36.25,3.02,25.56
Tusayan & South Rim,WDZ,2,2,8,"20209, 20207, 20284",1/1/02 - 12/31/16, ,Y,WDZ Tusayan & South Rim,60,8.34,11.38,15.05,16.39,60,163.67,0.07,30,30.34,36.67,3.05,25.83
Tusayan & South Rim,WDZ,2,2,8,"20209, 20207, 20284",1/1/02 - 12/31/16, ,Y,WDZ Tusayan & South Rim,61,8.5,11.5,15.21,16.51,60,168.33,0.08,30,30.94,37.12,3.08,26.02
Tusayan & South Rim,WDZ,2,2,8,"20209, 20207, 20284",1/1/02 - 12/31/16, ,Y,WDZ Tusayan & South Rim,62,8.67,11.63,15.34,16.61,60,174,0.08,30,31.48,37.42,3.11,26.25
Tusayan & South Rim,WDZ,2,2,8,"20209, 20207, 20284",1/1/02 - 12/31/16, ,Y,WDZ Tusayan & South Rim,63,8.82,11.78,15.46,16.72,60,178.33,0.09,30,32.06,37.82,3.14,26.47
Tusayan & South Rim,WDZ,2,2,8,"20209, 20207, 20284",1/1/02 - 12/31/16, ,Y,WDZ Tusayan & South Rim,64,8.96,11.95,15.59,16.84,60,183.67,0.1,30,32.8,38.2,3.17,26.69
Tusayan & South Rim,WDZ,2,2,8,"20209, 20207, 20284",1/1/02 - 12/31/16, ,Y,WDZ Tusayan & South Rim,65,9.19,12.15,15.74,16.91,60,190,0.1,30,33.41,38.66,3.2,26.85
Tusayan & South Rim,WDZ,2,2,8,"20209, 20207, 20284",1/1/02 - 12/31/16, ,Y,WDZ Tusayan & South Rim,66,9.38,12.3,15.88,17.01,60,196,0.11,30,34.05,39.04,3.24,27.04
Tusayan & South Rim,WDZ,2,2,8,"20209, 20207, 20284",1/1/02 - 12/31/16, ,Y,WDZ Tusayan & South Rim,67,9.61,12.54,15.99,17.1,60,201.23,0.12,30,34.66,39.41,3.27,27.26
Tusayan & South Rim,WDZ,2,2,8,"20209, 20207, 20284",1/1/02 - 12/31/16, ,Y,WDZ Tusayan & South Rim,68,9.82,12.76,16.14,17.18,60,207,0.13,30,35.26,39.93,3.3,27.52
Tusayan & South Rim,WDZ,2,2,8,"20209, 20207, 20284",1/1/02 - 12/31/16, ,Y,WDZ Tusayan & South Rim,69,10.08,12.95,16.31,17.28,60,212,0.14,30,35.86,40.25,3.34,27.75
Tusayan & South Rim,WDZ,2,2,8,"20209, 20207, 20284",1/1/02 - 12/31/16, ,Y,WDZ Tusayan & South Rim,70,10.38,13.18,16.45,17.4,60,218.67,0.15,30,36.49,40.68,3.38,28.03
Tusayan & South Rim,WDZ,2,2,8,"20209, 20207, 20284",1/1/02 - 12/31/16, ,Y,WDZ Tusayan & South Rim,71,10.73,13.46,16.57,17.53,60,222.67,0.16,30,37.07,41.04,3.42,28.27
Tusayan & South Rim,WDZ,2,2,8,"20209, 20207, 20284",1/1/02 - 12/31/16, ,Y,WDZ Tusayan & South Rim,72,11.1,13.76,16.72,17.67,60,227,0.17,30,37.85,41.49,3.46,28.55
Tusayan & South Rim,WDZ,2,2,8,"20209, 20207, 20284",1/1/02 - 12/31/16, ,Y,WDZ Tusayan & South Rim,73,11.52,14.01,16.87,17.81,60,230.67,0.18,30,38.47,41.86,3.51,28.84
Tusayan & South Rim,WDZ,2,2,8,"20209, 20207, 20284",1/1/02 - 12/31/16, ,Y,WDZ Tusayan & South Rim,74,12.01,14.41,17.07,17.95,60,236.33,0.19,30,39.03,42.26,3.55,29.12
Tusayan & South Rim,WDZ,2,2,8,"20209, 20207, 20284",1/1/02 - 12/31/16, ,Y,WDZ Tusayan & South Rim,75,12.68,14.85,17.26,18.07,60,239.67,0.21,30,39.79,42.69,3.6,29.4
Tusayan & South Rim,WDZ,2,2,8,"20209, 20207, 20284",1/1/02 - 12/31/16, ,Y,WDZ Tusayan & South Rim,76,13.53,15.21,17.44,18.18,60.89,243.67,0.23,31.41,40.58,43.22,3.65,29.72
Tusayan & South Rim,WDZ,2,2,8,"20209, 20207, 20284",1/1/02 - 12/31/16, ,Y,WDZ Tusayan & South Rim,77,14.46,15.65,17.62,18.29,62.4,248.67,0.25,33.78,41.53,43.72,3.69,29.99
Tusayan & South Rim,WDZ,2,2,8,"20209, 20207, 20284",1/1/02 - 12/31/16, ,Y,WDZ Tusayan & South Rim,78,15.32,16.11,17.81,18.39,64.44,253.37,0.27,36.97,42.57,44.2,3.73,30.4
Tusayan & South Rim,WDZ,2,2,8,"20209, 20207, 20284",1/1/02 - 12/31/16, ,Y,WDZ Tusayan & South Rim,79,15.89,16.55,18.01,18.52,66.58,258.33,0.29,40.34,43.57,44.72,3.78,30.73
Tusayan & South Rim,WDZ,2,2,8,"20209, 20207, 20284",1/1/02 - 12/31/16, ,Y,WDZ Tusayan & South Rim,80,16.53,17.02,18.22,18.67,69.79,263.73,0.31,45.39,44.44,45.19,3.83,31.08
Tusayan & South Rim,WDZ,2,2,8,"20209, 20207, 20284",1/1/02 - 12/31/16, ,Y,WDZ Tusayan & South Rim,81,17.25,17.55,18.42,18.79,72.7,268.67,0.34,49.95,45.34,45.78,3.91,31.42
Tusayan & South Rim,WDZ,2,2,8,"20209, 20207, 20284",1/1/02 - 12/31/16, ,Y,WDZ Tusayan & South Rim,82,18.2,18.2,18.69,18.94,76.08,273.33,0.36,55.27,46.07,46.41,3.97,31.81
Tusayan & South Rim,WDZ,2,2,8,"20209, 20207, 20284",1/1/02 - 12/31/16, ,Y,WDZ Tusayan & South Rim,83,20.18,19.07,19.01,19.08,79.18,279,0.38,60.13,47.15,46.91,4.03,32.24
Tusayan & South Rim,WDZ,2,2,8,"20209, 20207, 20284",1/1/02 - 12/31/16, ,Y,WDZ Tusayan & South Rim,84,22.33,19.99,19.32,19.27,83.08,287,0.39,66.27,48.23,47.65,4.09,32.66
Tusayan & South Rim,WDZ,2,2,8,"20209, 20207, 20284",1/1/02 - 12/31/16, ,Y,WDZ Tusayan & South Rim,85,24,20.55,19.67,19.46,87.03,295.13,0.42,72.48,49.28,48.35,4.15,33.07
Tusayan & South Rim,WDZ,2,2,8,"20209, 20207, 20284",1/1/02 - 12/31/16, ,Y,WDZ Tusayan & South Rim,86,24.45,20.92,20.03,19.68,91.76,304.33,0.45,79.91,50.33,49.13,4.21,33.61
Tusayan & South Rim,WDZ,2,2,8,"20209, 20207, 20284",1/1/02 - 12/31/16, ,Y,WDZ Tusayan & South Rim,87,24.86,21.33,20.32,19.9,96.04,317,0.47,86.64,51.45,49.83,4.3,34.14
Tusayan & South Rim,WDZ,2,2,8,"20209, 20207, 20284",1/1/02 - 12/31/16, ,Y,WDZ Tusayan & South Rim,88,25.39,21.78,20.64,20.1,100.17,327.51,0.5,93.13,52.8,50.83,4.39,34.66
Tusayan & South Rim,WDZ,2,2,8,"20209, 20207, 20284",1/1/02 - 12/31/16, ,Y,WDZ Tusayan & South Rim,89,26.37,22.27,20.9,20.34,104.83,343.85,0.52,100.45,54.01,51.72,4.47,35.24
Tusayan & South Rim,WDZ,2,2,8,"20209, 20207, 20284",1/1/02 - 12/31/16, ,Y,WDZ Tusayan & South Rim,90,28.27,23.05,21.22,20.59,108.76,358.53,0.54,106.62,55.73,52.66,4.57,35.74
Tusayan & South Rim,WDZ,2,2,8,"20209, 20207, 20284",1/1/02 - 12/31/16, ,Y,WDZ Tusayan & South Rim,91,31.01,24.47,21.48,20.9,113.04,368.43,0.56,113.34,57.05,53.63,4.68,36.34
Tusayan & South Rim,WDZ,2,2,8,"20209, 20207, 20284",1/1/02 - 12/31/16, ,Y,WDZ Tusayan & South Rim,92,32.64,25.08,21.79,21.13,117.43,376.33,0.59,120.25,58.95,54.77,4.77,37.06
Tusayan & South Rim,WDZ,2,2,8,"20209, 20207, 20284",1/1/02 - 12/31/16, ,Y,WDZ Tusayan & South Rim,93,32.64,25.22,22.03,21.4,122.33,392,0.61,127.95,60.68,55.92,4.89,37.84
Tusayan & South Rim,WDZ,2,2,8,"20209, 20207, 20284",1/1/02 - 12/31/16, ,Y,WDZ Tusayan & South Rim,94,32.64,25.24,22.32,21.66,126.94,405.67,0.63,135.19,62.69,57.1,5.02,38.49
Tusayan & South Rim,WDZ,2,2,8,"20209, 20207, 20284",1/1/02 - 12/31/16, ,Y,WDZ Tusayan & South Rim,95,32.64,25.24,22.59,21.95,131.31,414.33,0.66,142.06,65.02,58.53,5.17,39.17
Tusayan & South Rim,WDZ,2,2,8,"20209, 20207, 20284",1/1/02 - 12/31/16, ,Y,WDZ Tusayan & South Rim,96,32.64,25.24,22.88,22.2,136.74,426.33,0.68,150.6,66.97,60,5.35,40.2
Tusayan & South Rim,WDZ,2,2,8,"20209, 20207, 20284",1/1/02 - 12/31/16, ,Y,WDZ Tusayan & South Rim,97,32.64,25.24,23.11,22.43,142.05,451.33,0.71,158.94,69.59,61.73,5.56,41.32
Tusayan & South Rim,WDZ,2,2,8,"20209, 20207, 20284",1/1/02 - 12/31/16, ,Y,WDZ Tusayan & South Rim,98,32.64,25.24,23.23,22.67,148.68,515.59,0.74,169.35,72.51,63.37,5.85,42.83
Tusayan & South Rim,WDZ,2,2,8,"20209, 20207, 20284",1/1/02 - 12/31/16, ,Y,WDZ Tusayan & South Rim,99,32.64,25.24,23.25,22.99,155.78,573.32,0.78,180.51,77.36,65.87,6.37,44.95
Tusayan & South Rim,WDZ,2,2,8,"20209, 20207, 20284",1/1/02 - 12/31/16, ,Y,WDZ Tusayan & South Rim,100,32.99,30.32,28.94,29.95,184.01,578.33,0.92,224.87,96.62,74.93,9.49,57.8
Western Grasslands & Woodland,WDZ,1,2,8,"20120, 20213, 20119",1/1/05 - 12/31/16, ,Y,WDZ Western Grasslands & Woodland,1,1.93,3.59,5.33,6.36,60,0.33,0,30,0,7.67,0,0
Western Grasslands & Woodland,WDZ,1,2,8,"20120, 20213, 20119",1/1/05 - 12/31/16, ,Y,WDZ Western Grasslands & Woodland,2,2.19,3.81,5.63,6.72,60,1.67,0,30,0,10.91,0,0
Western Grasslands & Woodland,WDZ,1,2,8,"20120, 20213, 20119",1/1/05 - 12/31/16, ,Y,WDZ Western Grasslands & Woodland,3,2.39,3.99,5.88,6.9,60,4.33,0,30,0,13.25,0.31,3.04
Western Grasslands & Woodland,WDZ,1,2,8,"20120, 20213, 20119",1/1/05 - 12/31/16, ,Y,WDZ Western Grasslands & Woodland,4,2.56,4.12,6.04,7.09,60,6.67,0,30,0.47,14.86,0.68,6.08
Western Grasslands & Woodland,WDZ,1,2,8,"20120, 20213, 20119",1/1/05 - 12/31/16, ,Y,WDZ Western Grasslands & Woodland,5,2.69,4.25,6.23,7.28,60,10.67,0,30,1.32,16.01,0.98,9.08
Western Grasslands & Woodland,WDZ,1,2,8,"20120, 20213, 20119",1/1/05 - 12/31/16, ,Y,WDZ Western Grasslands & Woodland,6,2.83,4.35,6.42,7.43,60,15.08,0,30,2.21,17.26,1.27,11.19
Western Grasslands & Woodland,WDZ,1,2,8,"20120, 20213, 20119",1/1/05 - 12/31/16, ,Y,WDZ Western Grasslands & Woodland,7,2.94,4.47,6.53,7.61,60,18.67,0,30,3.55,18.65,1.48,12.78
Western Grasslands & Woodland,WDZ,1,2,8,"20120, 20213, 20119",1/1/05 - 12/31/16, ,Y,WDZ Western Grasslands & Woodland,8,3.03,4.56,6.67,7.8,60,21.33,0,30,4.87,19.69,1.63,13.8
Western Grasslands & Woodland,WDZ,1,2,8,"20120, 20213, 20119",1/1/05 - 12/31/16, ,Y,WDZ Western Grasslands & Woodland,9,3.14,4.67,6.8,7.97,60,24.33,0,30,5.75,20.73,1.77,14.76
Western Grasslands & Woodland,WDZ,1,2,8,"20120, 20213, 20119",1/1/05 - 12/31/16, ,Y,WDZ Western Grasslands & Woodland,10,3.22,4.75,6.96,8.13,60,28.47,0,30,6.79,21.59,1.88,15.75
Western Grasslands & Woodland,WDZ,1,2,8,"20120, 20213, 20119",1/1/05 - 12/31/16, ,Y,WDZ Western Grasslands & Woodland,11,3.31,4.86,7.09,8.28,60,33.67,0,30,7.8,22.61,1.98,16.62
Western Grasslands & Woodland,WDZ,1,2,8,"20120, 20213, 20119",1/1/05 - 12/31/16, ,Y,WDZ Western Grasslands & Woodland,12,3.39,4.94,7.24,8.43,60,36.67,0,30,8.81,23.73,2.08,17.45
Western Grasslands & Woodland,WDZ,1,2,8,"20120, 20213, 20119",1/1/05 - 12/31/16, ,Y,WDZ Western Grasslands & Woodland,13,3.5,5.03,7.36,8.56,60,41.51,0,30,9.68,24.98,2.17,18.09
Western Grasslands & Woodland,WDZ,1,2,8,"20120, 20213, 20119",1/1/05 - 12/31/16, ,Y,WDZ Western Grasslands & Woodland,14,3.57,5.11,7.48,8.67,60,47.33,0,30,10.57,25.92,2.25,18.99
Western Grasslands & Woodland,WDZ,1,2,8,"20120, 20213, 20119",1/1/05 - 12/31/16, ,Y,WDZ Western Grasslands & Woodland,15,3.64,5.22,7.58,8.78,60,52.67,0,30,11.27,26.78,2.31,19.74
Western Grasslands & Woodland,WDZ,1,2,8,"20120, 20213, 20119",1/1/05 - 12/31/16, ,Y,WDZ Western Grasslands & Woodland,16,3.7,5.32,7.67,8.9,60,59.33,0,30,12.28,27.67,2.39,20.4
Western Grasslands & Woodland,WDZ,1,2,8,"20120, 20213, 20119",1/1/05 - 12/31/16, ,Y,WDZ Western Grasslands & Woodland,17,3.77,5.4,7.77,9.03,60,65.67,0,30,12.91,28.58,2.45,20.92
Western Grasslands & Woodland,WDZ,1,2,8,"20120, 20213, 20119",1/1/05 - 12/31/16, ,Y,WDZ Western Grasslands & Woodland,18,3.85,5.49,7.87,9.11,60,69.24,0,30,13.55,29.27,2.5,21.43
Western Grasslands & Woodland,WDZ,1,2,8,"20120, 20213, 20119",1/1/05 - 12/31/16, ,Y,WDZ Western Grasslands & Woodland,19,3.93,5.59,7.97,9.19,60,76.25,0,30,14.55,30.02,2.55,22.12
Western Grasslands & Woodland,WDZ,1,2,8,"20120, 20213, 20119",1/1/05 - 12/31/16, ,Y,WDZ Western Grasslands & Woodland,20,4,5.66,8.07,9.32,60,82.33,0,30,15.23,30.84,2.6,22.66
Western Grasslands & Woodland,WDZ,1,2,8,"20120, 20213, 20119",1/1/05 - 12/31/16, ,Y,WDZ Western Grasslands & Woodland,21,4.08,5.75,8.16,9.42,60,86.33,0,30,15.95,31.53,2.65,23.06
Western Grasslands & Woodland,WDZ,1,2,8,"20120, 20213, 20119",1/1/05 - 12/31/16, ,Y,WDZ Western Grasslands & Woodland,22,4.13,5.83,8.27,9.54,60,90.67,0,30,16.76,32.19,2.7,23.53
Western Grasslands & Woodland,WDZ,1,2,8,"20120, 20213, 20119",1/1/05 - 12/31/16, ,Y,WDZ Western Grasslands & Woodland,23,4.19,5.9,8.38,9.65,60,94.67,0,30,17.41,32.9,2.74,23.9
Western Grasslands & Woodland,WDZ,1,2,8,"20120, 20213, 20119",1/1/05 - 12/31/16, ,Y,WDZ Western Grasslands & Woodland,24,4.26,5.99,8.47,9.78,60,101,0,30,18.24,33.58,2.78,24.26
Western Grasslands & Woodland,WDZ,1,2,8,"20120, 20213, 20119",1/1/05 - 12/31/16, ,Y,WDZ Western Grasslands & Woodland,25,4.35,6.05,8.55,9.89,60,107.33,0,30,19.04,34.11,2.82,24.53
Western Grasslands & Woodland,WDZ,1,2,8,"20120, 20213, 20119",1/1/05 - 12/31/16, ,Y,WDZ Western Grasslands & Woodland,26,4.4,6.15,8.63,9.98,60,113.67,0,30,19.73,34.67,2.86,24.95
Western Grasslands & Woodland,WDZ,1,2,8,"20120, 20213, 20119",1/1/05 - 12/31/16, ,Y,WDZ Western Grasslands & Woodland,27,4.47,6.25,8.72,10.07,60,117.33,0,30,20.45,35.22,2.89,25.25
Western Grasslands & Woodland,WDZ,1,2,8,"20120, 20213, 20119",1/1/05 - 12/31/16, ,Y,WDZ Western Grasslands & Woodland,28,4.53,6.33,8.81,10.18,60,121.33,0,30,21.23,35.77,2.93,25.63
Western Grasslands & Woodland,WDZ,1,2,8,"20120, 20213, 20119",1/1/05 - 12/31/16, ,Y,WDZ Western Grasslands & Woodland,29,4.6,6.4,8.87,10.27,60,125,0,30,21.95,36.31,2.96,25.99
Western Grasslands & Woodland,WDZ,1,2,8,"20120, 20213, 20119",1/1/05 - 12/31/16, ,Y,WDZ Western Grasslands & Woodland,30,4.66,6.48,8.95,10.36,60,129.73,0,30,22.62,36.82,3,26.3
Western Grasslands & Woodland,WDZ,1,2,8,"20120, 20213, 20119",1/1/05 - 12/31/16, ,Y,WDZ Western Grasslands & Woodland,31,4.72,6.55,9.03,10.42,60,138.33,0,30,23.34,37.4,3.04,26.56
Western Grasslands & Woodland,WDZ,1,2,8,"20120, 20213, 20119",1/1/05 - 12/31/16, ,Y,WDZ Western Grasslands & Woodland,32,4.8,6.61,9.1,10.49,60,143.33,0,30,23.99,37.87,3.07,26.9
Western Grasslands & Woodland,WDZ,1,2,8,"20120, 20213, 20119",1/1/05 - 12/31/16, ,Y,WDZ Western Grasslands & Woodland,33,4.85,6.67,9.18,10.56,60,148.33,0,30,24.6,38.41,3.11,27.17
Western Grasslands & Woodland,WDZ,1,2,8,"20120, 20213, 20119",1/1/05 - 12/31/16, ,Y,WDZ Western Grasslands & Woodland,34,4.92,6.74,9.24,10.65,60,153.12,0,30,25.19,38.91,3.15,27.41
Western Grasslands & Woodland,WDZ,1,2,8,"20120, 20213, 20119",1/1/05 - 12/31/16, ,Y,WDZ Western Grasslands & Woodland,35,4.97,6.81,9.33,10.72,60,159.67,0,30,25.84,39.51,3.19,27.7
Western Grasslands & Woodland,WDZ,1,2,8,"20120, 20213, 20119",1/1/05 - 12/31/16, ,Y,WDZ Western Grasslands & Woodland,36,5.03,6.89,9.41,10.81,60,165.33,0,30,26.47,39.92,3.22,27.95
Western Grasslands & Woodland,WDZ,1,2,8,"20120, 20213, 20119",1/1/05 - 12/31/16, ,Y,WDZ Western Grasslands & Woodland,37,5.09,6.97,9.49,10.88,60,172,0,30,27.07,40.42,3.25,28.22
Western Grasslands & Woodland,WDZ,1,2,8,"20120, 20213, 20119",1/1/05 - 12/31/16, ,Y,WDZ Western Grasslands & Woodland,38,5.16,7.03,9.57,10.95,60,178.33,0,30,27.67,40.91,3.29,28.47
Western Grasslands & Woodland,WDZ,1,2,8,"20120, 20213, 20119",1/1/05 - 12/31/16, ,Y,WDZ Western Grasslands & Woodland,39,5.22,7.1,9.63,11.03,60,183.67,0,30,28.2,41.26,3.32,28.75
Western Grasslands & Woodland,WDZ,1,2,8,"20120, 20213, 20119",1/1/05 - 12/31/16, ,Y,WDZ Western Grasslands & Woodland,40,5.29,7.17,9.69,11.1,60,189,0,30,28.82,41.68,3.36,29.05
Western Grasslands & Woodland,WDZ,1,2,8,"20120, 20213, 20119",1/1/05 - 12/31/16, ,Y,WDZ Western Grasslands & Woodland,41,5.36,7.24,9.76,11.18,60,193.67,0,30,29.37,42.2,3.39,29.3
Western Grasslands & Woodland,WDZ,1,2,8,"20120, 20213, 20119",1/1/05 - 12/31/16, ,Y,WDZ Western Grasslands & Woodland,42,5.42,7.31,9.84,11.26,60,197.67,0,30,29.91,42.65,3.42,29.54
Western Grasslands & Woodland,WDZ,1,2,8,"20120, 20213, 20119",1/1/05 - 12/31/16, ,Y,WDZ Western Grasslands & Woodland,43,5.49,7.39,9.93,11.34,60,203.33,0.01,30,30.38,43.06,3.45,29.81
Western Grasslands & Woodland,WDZ,1,2,8,"20120, 20213, 20119",1/1/05 - 12/31/16, ,Y,WDZ Western Grasslands & Woodland,44,5.54,7.46,9.99,11.42,60,209,0.01,30,31.04,43.47,3.48,30.04
Western Grasslands & Woodland,WDZ,1,2,8,"20120, 20213, 20119",1/1/05 - 12/31/16, ,Y,WDZ Western Grasslands & Woodland,45,5.61,7.53,10.08,11.48,60,216,0.01,30,31.66,43.89,3.52,30.25
Western Grasslands & Woodland,WDZ,1,2,8,"20120, 20213, 20119",1/1/05 - 12/31/16, ,Y,WDZ Western Grasslands & Woodland,46,5.69,7.6,10.16,11.59,60,220.33,0.02,30,32.29,44.37,3.55,30.47
Western Grasslands & Woodland,WDZ,1,2,8,"20120, 20213, 20119",1/1/05 - 12/31/16, ,Y,WDZ Western Grasslands & Woodland,47,5.77,7.66,10.25,11.65,60,225.33,0.02,30,32.88,44.85,3.59,30.7
Western Grasslands & Woodland,WDZ,1,2,8,"20120, 20213, 20119",1/1/05 - 12/31/16, ,Y,WDZ Western Grasslands & Woodland,48,5.85,7.71,10.34,11.74,60,231,0.03,30,33.47,45.21,3.62,31
Western Grasslands & Woodland,WDZ,1,2,8,"20120, 20213, 20119",1/1/05 - 12/31/16, ,Y,WDZ Western Grasslands & Woodland,49,5.92,7.79,10.43,11.84,60,235.65,0.04,30,34.12,45.63,3.66,31.24
Western Grasslands & Woodland,WDZ,1,2,8,"20120, 20213, 20119",1/1/05 - 12/31/16, ,Y,WDZ Western Grasslands & Woodland,50,5.98,7.85,10.49,11.94,60,240,0.04,30,34.71,46.02,3.69,31.49
Western Grasslands & Woodland,WDZ,1,2,8,"20120, 20213, 20119",1/1/05 - 12/31/16, ,Y,WDZ Western Grasslands & Woodland,51,6.06,7.9,10.57,12.04,60,243.68,0.05,30,35.43,46.43,3.72,31.73
Western Grasslands & Woodland,WDZ,1,2,8,"20120, 20213, 20119",1/1/05 - 12/31/16, ,Y,WDZ Western Grasslands & Woodland,52,6.14,7.98,10.65,12.13,60,248.67,0.05,30,36.14,46.85,3.76,31.95
Western Grasslands & Woodland,WDZ,1,2,8,"20120, 20213, 20119",1/1/05 - 12/31/16, ,Y,WDZ Western Grasslands & Woodland,53,6.21,8.08,10.74,12.22,60,253.33,0.06,30,36.7,47.14,3.8,32.17
Western Grasslands & Woodland,WDZ,1,2,8,"20120, 20213, 20119",1/1/05 - 12/31/16, ,Y,WDZ Western Grasslands & Woodland,54,6.27,8.17,10.83,12.32,60,258.72,0.07,30,37.36,47.5,3.84,32.43
Western Grasslands & Woodland,WDZ,1,2,8,"20120, 20213, 20119",1/1/05 - 12/31/16, ,Y,WDZ Western Grasslands & Woodland,55,6.35,8.25,10.92,12.42,60,263.67,0.08,30,37.97,47.9,3.88,32.64
Western Grasslands & Woodland,WDZ,1,2,8,"20120, 20213, 20119",1/1/05 - 12/31/16, ,Y,WDZ Western Grasslands & Woodland,56,6.44,8.35,11.02,12.51,60,268.67,0.08,30,38.71,48.22,3.93,32.93
Western Grasslands & Woodland,WDZ,1,2,8,"20120, 20213, 20119",1/1/05 - 12/31/16, ,Y,WDZ Western Grasslands & Woodland,57,6.55,8.43,11.1,12.58,60,273,0.09,30,39.43,48.61,3.97,33.21
Western Grasslands & Woodland,WDZ,1,2,8,"20120, 20213, 20119",1/1/05 - 12/31/16, ,Y,WDZ Western Grasslands & Woodland,58,6.63,8.51,11.2,12.66,60,277,0.1,30,40.03,48.98,4.01,33.49
Western Grasslands & Woodland,WDZ,1,2,8,"20120, 20213, 20119",1/1/05 - 12/31/16, ,Y,WDZ Western Grasslands & Woodland,59,6.74,8.61,11.32,12.73,60,280.79,0.11,30,40.65,49.33,4.05,33.77
Western Grasslands & Woodland,WDZ,1,2,8,"20120, 20213, 20119",1/1/05 - 12/31/16, ,Y,WDZ Western Grasslands & Woodland,60,6.82,8.72,11.46,12.81,60,285,0.12,30,41.39,49.74,4.09,33.96
Western Grasslands & Woodland,WDZ,1,2,8,"20120, 20213, 20119",1/1/05 - 12/31/16, ,Y,WDZ Western Grasslands & Woodland,61,6.92,8.82,11.58,12.89,60,287.33,0.12,30,41.98,50.08,4.13,34.2
Western Grasslands & Woodland,WDZ,1,2,8,"20120, 20213, 20119",1/1/05 - 12/31/16, ,Y,WDZ Western Grasslands & Woodland,62,7.03,8.91,11.69,12.99,60,290,0.13,30,42.86,50.43,4.16,34.47
Western Grasslands & Woodland,WDZ,1,2,8,"20120, 20213, 20119",1/1/05 - 12/31/16, ,Y,WDZ Western Grasslands & Woodland,63,7.13,9.02,11.86,13.09,60,293.17,0.14,30,43.62,50.93,4.21,34.71
Western Grasslands & Woodland,WDZ,1,2,8,"20120, 20213, 20119",1/1/05 - 12/31/16, ,Y,WDZ Western Grasslands & Woodland,64,7.25,9.14,12,13.21,60,296,0.15,30,44.3,51.33,4.25,34.96
Western Grasslands & Woodland,WDZ,1,2,8,"20120, 20213, 20119",1/1/05 - 12/31/16, ,Y,WDZ Western Grasslands & Woodland,65,7.37,9.24,12.13,13.33,60,299.67,0.16,30,44.98,51.7,4.29,35.23
Western Grasslands & Woodland,WDZ,1,2,8,"20120, 20213, 20119",1/1/05 - 12/31/16, ,Y,WDZ Western Grasslands & Woodland,66,7.49,9.37,12.27,13.44,60,302.33,0.17,30,45.79,52.12,4.33,35.54
Western Grasslands & Woodland,WDZ,1,2,8,"20120, 20213, 20119",1/1/05 - 12/31/16, ,Y,WDZ Western Grasslands & Woodland,67,7.62,9.48,12.41,13.56,61.02,306.33,0.18,31.6,46.48,52.47,4.37,35.84
Western Grasslands & Woodland,WDZ,1,2,8,"20120, 20213, 20119",1/1/05 - 12/31/16, ,Y,WDZ Western Grasslands & Woodland,68,7.73,9.61,12.56,13.66,62.01,310.67,0.19,33.16,47.16,52.82,4.42,36.09
Western Grasslands & Woodland,WDZ,1,2,8,"20120, 20213, 20119",1/1/05 - 12/31/16, ,Y,WDZ Western Grasslands & Woodland,69,7.87,9.72,12.7,13.79,63.18,315,0.2,35,47.78,53.21,4.47,36.38
Western Grasslands & Woodland,WDZ,1,2,8,"20120, 20213, 20119",1/1/05 - 12/31/16, ,Y,WDZ Western Grasslands & Woodland,70,8,9.84,12.85,13.89,64.1,317.67,0.21,36.44,48.57,53.7,4.51,36.68
Western Grasslands & Woodland,WDZ,1,2,8,"20120, 20213, 20119",1/1/05 - 12/31/16, ,Y,WDZ Western Grasslands & Woodland,71,8.13,9.99,12.98,14.02,65.25,322,0.22,38.26,49.44,54.11,4.56,36.96
Western Grasslands & Woodland,WDZ,1,2,8,"20120, 20213, 20119",1/1/05 - 12/31/16, ,Y,WDZ Western Grasslands & Woodland,72,8.28,10.16,13.14,14.17,66.19,324.33,0.23,39.72,50.31,54.61,4.6,37.29
Western Grasslands & Woodland,WDZ,1,2,8,"20120, 20213, 20119",1/1/05 - 12/31/16, ,Y,WDZ Western Grasslands & Woodland,73,8.45,10.32,13.31,14.3,67.15,331.31,0.24,41.24,51.31,55.03,4.65,37.68
Western Grasslands & Woodland,WDZ,1,2,8,"20120, 20213, 20119",1/1/05 - 12/31/16, ,Y,WDZ Western Grasslands & Woodland,74,8.67,10.45,13.51,14.43,68.22,337.32,0.25,42.92,52.14,55.6,4.7,37.94
Western Grasslands & Woodland,WDZ,1,2,8,"20120, 20213, 20119",1/1/05 - 12/31/16, ,Y,WDZ Western Grasslands & Woodland,75,8.9,10.61,13.69,14.56,69.27,344.67,0.26,44.57,52.96,56.04,4.75,38.27
Western Grasslands & Woodland,WDZ,1,2,8,"20120, 20213, 20119",1/1/05 - 12/31/16, ,Y,WDZ Western Grasslands & Woodland,76,9.07,10.85,13.87,14.72,70.73,351,0.27,46.86,53.82,56.53,4.8,38.53
Western Grasslands & Woodland,WDZ,1,2,8,"20120, 20213, 20119",1/1/05 - 12/31/16, ,Y,WDZ Western Grasslands & Woodland,77,9.3,11.06,14.1,14.89,72.08,357.36,0.27,48.98,54.71,57.17,4.87,38.9
Western Grasslands & Woodland,WDZ,1,2,8,"20120, 20213, 20119",1/1/05 - 12/31/16, ,Y,WDZ Western Grasslands & Woodland,78,9.55,11.29,14.29,15.03,72.95,361,0.28,50.35,55.5,57.79,4.93,39.32
Western Grasslands & Woodland,WDZ,1,2,8,"20120, 20213, 20119",1/1/05 - 12/31/16, ,Y,WDZ Western Grasslands & Woodland,79,9.79,11.59,14.5,15.17,74.01,365.33,0.3,52.01,56.35,58.26,4.98,39.6
Western Grasslands & Woodland,WDZ,1,2,8,"20120, 20213, 20119",1/1/05 - 12/31/16, ,Y,WDZ Western Grasslands & Woodland,80,10.08,11.87,14.75,15.32,75.28,370.67,0.31,54,57.43,58.7,5.04,39.97
Western Grasslands & Woodland,WDZ,1,2,8,"20120, 20213, 20119",1/1/05 - 12/31/16, ,Y,WDZ Western Grasslands & Woodland,81,10.46,12.23,14.97,15.51,76.61,375.08,0.32,56.11,58.4,59.23,5.1,40.39
Western Grasslands & Woodland,WDZ,1,2,8,"20120, 20213, 20119",1/1/05 - 12/31/16, ,Y,WDZ Western Grasslands & Woodland,82,10.83,12.66,15.25,15.68,77.77,379.43,0.34,57.92,59.45,59.71,5.17,40.81
Western Grasslands & Woodland,WDZ,1,2,8,"20120, 20213, 20119",1/1/05 - 12/31/16, ,Y,WDZ Western Grasslands & Woodland,83,11.38,12.99,15.5,15.87,79.38,383,0.35,60.45,60.45,60.41,5.23,41.2
Western Grasslands & Woodland,WDZ,1,2,8,"20120, 20213, 20119",1/1/05 - 12/31/16, ,Y,WDZ Western Grasslands & Woodland,84,11.98,13.38,15.72,16.09,80.92,386.67,0.37,62.87,61.57,61.1,5.31,41.55
Western Grasslands & Woodland,WDZ,1,2,8,"20120, 20213, 20119",1/1/05 - 12/31/16, ,Y,WDZ Western Grasslands & Woodland,85,12.68,13.93,15.98,16.37,83.03,394.67,0.38,66.19,62.83,61.78,5.37,41.98
Western Grasslands & Woodland,WDZ,1,2,8,"20120, 20213, 20119",1/1/05 - 12/31/16, ,Y,WDZ Western Grasslands & Woodland,86,13.51,14.37,16.3,16.61,84.57,404.15,0.39,68.61,63.88,62.41,5.44,42.41
Western Grasslands & Woodland,WDZ,1,2,8,"20120, 20213, 20119",1/1/05 - 12/31/16, ,Y,WDZ Western Grasslands & Woodland,87,14.58,14.89,16.59,16.85,86.66,413.16,0.41,71.89,65.3,63,5.53,42.84
Western Grasslands & Woodland,WDZ,1,2,8,"20120, 20213, 20119",1/1/05 - 12/31/16, ,Y,WDZ Western Grasslands & Woodland,88,15.35,15.31,16.94,17.03,88.39,424.35,0.42,74.62,66.48,63.59,5.63,43.23
Western Grasslands & Woodland,WDZ,1,2,8,"20120, 20213, 20119",1/1/05 - 12/31/16, ,Y,WDZ Western Grasslands & Woodland,89,15.79,15.78,17.26,17.32,90.52,435.67,0.44,77.96,67.67,64.34,5.74,43.82
Western Grasslands & Woodland,WDZ,1,2,8,"20120, 20213, 20119",1/1/05 - 12/31/16, ,Y,WDZ Western Grasslands & Woodland,90,16.32,16.22,17.57,17.61,93.16,446.2,0.46,82.1,69.01,65.28,5.84,44.36
Western Grasslands & Woodland,WDZ,1,2,8,"20120, 20213, 20119",1/1/05 - 12/31/16, ,Y,WDZ Western Grasslands & Woodland,91,16.89,16.62,17.86,17.86,96.29,459.88,0.47,87.03,70.55,66.38,5.95,44.87
Western Grasslands & Woodland,WDZ,1,2,8,"20120, 20213, 20119",1/1/05 - 12/31/16, ,Y,WDZ Western Grasslands & Woodland,92,17.55,17.09,18.17,18.11,98.83,469,0.49,91.02,71.94,67.23,6.12,45.48
Western Grasslands & Woodland,WDZ,1,2,8,"20120, 20213, 20119",1/1/05 - 12/31/16, ,Y,WDZ Western Grasslands & Woodland,93,18.48,17.94,18.51,18.37,101.53,474.57,0.5,95.26,73.78,68.03,6.27,46.12
Western Grasslands & Woodland,WDZ,1,2,8,"20120, 20213, 20119",1/1/05 - 12/31/16, ,Y,WDZ Western Grasslands & Woodland,94,19.8,18.91,18.9,18.63,104.51,481.33,0.52,99.95,75.69,68.79,6.43,46.86
Western Grasslands & Woodland,WDZ,1,2,8,"20120, 20213, 20119",1/1/05 - 12/31/16, ,Y,WDZ Western Grasslands & Woodland,95,22.29,20.25,19.33,18.89,107.63,495.27,0.54,104.85,77.51,69.86,6.64,47.65
Western Grasslands & Woodland,WDZ,1,2,8,"20120, 20213, 20119",1/1/05 - 12/31/16, ,Y,WDZ Western Grasslands & Woodland,96,24.62,21.5,19.88,19.22,112.09,520.28,0.56,111.85,80.05,70.9,6.84,48.59
Western Grasslands & Woodland,WDZ,1,2,8,"20120, 20213, 20119",1/1/05 - 12/31/16, ,Y,WDZ Western Grasslands & Woodland,97,26.72,23.23,20.46,19.58,117.43,560.59,0.59,120.25,82.72,72.08,7.25,49.67
Western Grasslands & Woodland,WDZ,1,2,8,"20120, 20213, 20119",1/1/05 - 12/31/16, ,Y,WDZ Western Grasslands & Woodland,98,32.64,24.98,21.28,19.99,123.46,588.67,0.62,129.72,85.89,73.45,7.64,51.48
Western Grasslands & Woodland,WDZ,1,2,8,"20120, 20213, 20119",1/1/05 - 12/31/16, ,Y,WDZ Western Grasslands & Woodland,99,32.64,25.24,22.1,20.59,141.44,619.33,0.71,157.98,89.77,75.33,8.28,54.11
Western Grasslands & Woodland,WDZ,1,2,8,"20120, 20213, 20119",1/1/05 - 12/31/16, ,Y,WDZ Western Grasslands & Woodland,100,32.64,29.82,28.32,29.92,164.69,621.67,0.82,194.51,100,83.11,11.24,65.11
